"id;""pesid"";""data_inversa"";""dia_semana"";""horario"";""uf"";""br"";""km"";""municipio"";""causa_principal"";""causa_acidente"";""ordem_tipo_acidente"";""tipo_acidente"";""classificacao_acidente"";""fase_dia"";""sentido_via"";""condicao_metereologica"";""tipo_pista"";""tracado_via"";""uso_solo"";""id_veiculo"";""tipo_veiculo"";""marca"";""ano_fabricacao_veiculo"";""tipo_envolvido"";""estado_fisico"";""idade"";""sexo"";""ilesos"";""feridos_leves"";""feridos_graves"";""mortos"";""latitude"";""longitude"";""regional"";""delegacia"";""uop""",,,
"182210;402103;2019-01-01;""terça-feira"";""01:30:00"";""SP"";116;218;""GUARULHOS"";""Sim"";""Falta de Atenção à Condução"";1;""Colisão com objeto estático"";""Com Vítimas Feridas"";""Plena Noite"";""Crescente"";""Céu Claro"";""Múltipla"";""Curva"";""Sim"";324888;""Automóvel"";""PEUGEOT/206 SW 16PRESENC"";2005;""Passageiro"";""Lesões Leves"";34;""Masculino"";0;1;0;0;-23",46052014;-46,"48772478;""SR-SP"";""DEL6/1"";""UOP01/SP""",
"182210;402106;2019-01-01;""terça-feira"";""01:30:00"";""SP"";116;218;""GUARULHOS"";""Sim"";""Falta de Atenção à Condução"";1;""Colisão com objeto estático"";""Com Vítimas Feridas"";""Plena Noite"";""Crescente"";""Céu Claro"";""Múltipla"";""Curva"";""Sim"";324888;""Automóvel"";""PEUGEOT/206 SW 16PRESENC"";2005;""Passageiro"";""Lesões Leves"";18;""Masculino"";0;1;0;0;-23",46052014;-46,"48772478;""SR-SP"";""DEL6/1"";""UOP01/SP""",
"182210;402104;2019-01-01;""terça-feira"";""01:30:00"";""SP"";116;218;""GUARULHOS"";""Sim"";""Falta de Atenção à Condução"";1;""Colisão com objeto estático"";""Com Vítimas Feridas"";""Plena Noite"";""Crescente"";""Céu Claro"";""Múltipla"";""Curva"";""Sim"";324888;""Automóvel"";""PEUGEOT/206 SW 16PRESENC"";2005;""Passageiro"";""Lesões Leves"";34;""Feminino"";0;1;0;0;-23",46052014;-46,"48772478;""SR-SP"";""DEL6/1"";""UOP01/SP""",
"182210;402102;2019-01-01;""terça-feira"";""01:30:00"";""SP"";116;218;""GUARULHOS"";""Sim"";""Falta de Atenção à Condução"";1;""Colisão com objeto estático"";""Com Vítimas Feridas"";""Plena Noite"";""Crescente"";""Céu Claro"";""Múltipla"";""Curva"";""Sim"";324888;""Automóvel"";""PEUGEOT/206 SW 16PRESENC"";2005;""Condutor"";""Lesões Leves"";27;""Masculino"";0;1;0;0;-23",46052014;-46,"48772478;""SR-SP"";""DEL6/1"";""UOP01/SP""",
"182211;402126;2019-01-01;""terça-feira"";""01:30:00"";""PR"";373;177","3;""PONTA GROSSA"";""Sim"";""Falta de Atenção à Condução"";1;""Colisão traseira"";""Com Vítimas Feridas"";""Plena Noite"";""Crescente"";""Nublado"";""Dupla"";""Reta"";""Sim"";324868;""Motoneta"";""HONDA/C100 BIZ ES"";2004;""Condutor"";""Lesões Leves"";42;""Masculino"";0;1;0;0;-25",05533957;-50,"22776753;""SR-PR"";""DEL7/3"";""UOP01/PR"""
"182212;402092;2019-01-01;""terça-feira"";""00:45:00"";""SC"";101;16;""GARUVA"";""Sim"";""Animais na Pista"";1;""Colisão com objeto estático"";""Com Vítimas Feridas"";""Plena Noite"";""Decrescente"";""Céu Claro"";""Dupla"";""Reta"";""Sim"";324863;""Automóvel"";""RENAULT/SANDERO EXP1016V"";2009;""Condutor"";""Lesões Leves"";47;""Feminino"";0;1;0;0;-26",1216;-48,"8826;""SR-SC"";""DEL8/3"";""UOP01/SC""",
"182214;402095;2019-01-01;""terça-feira"";""00:00:00"";""CE"";20;429","5;""FORTALEZA"";""Sim"";""Ingestão de Substâncias Psicoativas"";1;""Colisão com objeto estático"";""Com Vítimas Feridas"";""Plena Noite"";""Decrescente"";""Nublado"";""Dupla"";""Viaduto"";""Sim"";324878;""Automóvel"";""TOYOTA/ETIOS HB XS"";2013;""Condutor"";""Lesões Graves"";NA;""Feminino"";0;0;1;0;-3",76999;-38,"670063;""SR-CE"";""DEL16/1"";""UOP02/CE"""
"182215;403852;2019-01-01;""terça-feira"";""01:00:00"";""MG"";381;327;""NOVA ERA"";""Sim"";""Falta de Atenção à Condução"";1;""Colisão transversal"";""Com Vítimas Feridas"";""Plena Noite"";""Decrescente"";""Nublado"";""Simples"";""Interseção de vias"";""Não"";326009;""Bicicleta"";"""";NA;""Condutor"";""Lesões Graves"";34;""Masculino"";0;0;1;0;-19",7609;-43,"0306;""SR-MG"";""DEL4/3"";""UOP01/MG""",
"182215;403851;2019-01-01;""terça-feira"";""01:00:00"";""MG"";381;327;""NOVA ERA"";""Sim"";""Falta de Atenção à Condução"";1;""Colisão transversal"";""Com Vítimas Feridas"";""Plena Noite"";""Decrescente"";""Nublado"";""Simples"";""Interseção de vias"";""Não"";324928;""Automóvel"";""GM/ASTRA SEDAN ADVANTAGE"";2009;""Condutor"";""Ileso"";45;""Masculino"";1;0;0;0;-19",7609;-43,"0306;""SR-MG"";""DEL4/3"";""UOP01/MG""",
"182216;403879;2019-01-01;""terça-feira"";""01:50:00"";""SC"";470;42","6;""GASPAR"";""Sim"";""Ingestão de Substâncias Psicoativas"";1;""Saída de leito carroçável"";""Com Vítimas Feridas"";""Plena Noite"";""Decrescente"";""Céu Claro"";""Simples"";""Reta"";""Sim"";324875;""Automóvel"";""I/CHEVROLET AGILE LT"";2011;""Condutor"";""Lesões Leves"";26;""Masculino"";0;1;0;0;-26",875719;-49,"003746;""SR-SC"";""DEL8/4"";""UOP01/SC"""
"182217;403901;2019-01-01;""terça-feira"";""01:30:00"";""MS"";163;721","5;""COXIM"";""Sim"";""Animais na Pista"";2;""Saída de leito carroçável"";""Sem Vítimas"";""Plena Noite"";""Crescente"";""Céu Claro"";""Simples"";""Reta"";""Não"";324893;""Automóvel"";""GM/CELTA 4P SPIRIT"";2008;""Condutor"";""Não Informado"";NA;""Não Informado"";0;0;0;0;-18",575739;-54,"76353;""SR-MS"";""DEL3/6"";""UOP01/MS"""
"182217;403901;2019-01-01;""terça-feira"";""01:30:00"";""MS"";163;721","5;""COXIM"";""Não"";""Ingestão de Álcool"";2;""Saída de leito carroçável"";""Sem Vítimas"";""Plena Noite"";""Crescente"";""Céu Claro"";""Simples"";""Reta"";""Não"";324893;""Automóvel"";""GM/CELTA 4P SPIRIT"";2008;""Condutor"";""Não Informado"";NA;""Não Informado"";0;0;0;0;-18",575739;-54,"76353;""SR-MS"";""DEL3/6"";""UOP01/MS"""
"182217;403901;2019-01-01;""terça-feira"";""01:30:00"";""MS"";163;721","5;""COXIM"";""Sim"";""Animais na Pista"";1;""Atropelamento de Animal"";""Sem Vítimas"";""Plena Noite"";""Crescente"";""Céu Claro"";""Simples"";""Reta"";""Não"";324893;""Automóvel"";""GM/CELTA 4P SPIRIT"";2008;""Condutor"";""Não Informado"";NA;""Não Informado"";0;0;0;0;-18",575739;-54,"76353;""SR-MS"";""DEL3/6"";""UOP01/MS"""
"182217;403901;2019-01-01;""terça-feira"";""01:30:00"";""MS"";163;721","5;""COXIM"";""Não"";""Ingestão de Álcool"";1;""Atropelamento de Animal"";""Sem Vítimas"";""Plena Noite"";""Crescente"";""Céu Claro"";""Simples"";""Reta"";""Não"";324893;""Automóvel"";""GM/CELTA 4P SPIRIT"";2008;""Condutor"";""Não Informado"";NA;""Não Informado"";0;0;0;0;-18",575739;-54,"76353;""SR-MS"";""DEL3/6"";""UOP01/MS"""
"182219;402100;2019-01-01;""terça-feira"";""00:50:00"";""GO"";50;280","3;""CATALAO"";""Sim"";""Desobediência às normas de trânsito pelo condutor"";1;""Colisão transversal"";""Com Vítimas Feridas"";""Plena Noite"";""Decrescente"";""Céu Claro"";""Dupla"";""Reta"";""Sim"";324883;""Motoneta"";""HONDA/BIZ 125 MAIS"";2008;""Condutor"";""Lesões Leves"";26;""Feminino"";0;1;0;0;-18",1784;-47,"9362;""SR-GO"";""DEL1/6"";""UOP01/GO"""
"182219;402101;2019-01-01;""terça-feira"";""00:50:00"";""GO"";50;280","3;""CATALAO"";""Sim"";""Desobediência às normas de trânsito pelo condutor"";1;""Colisão transversal"";""Com Vítimas Feridas"";""Plena Noite"";""Decrescente"";""Céu Claro"";""Dupla"";""Reta"";""Sim"";324883;""Motoneta"";""HONDA/BIZ 125 MAIS"";2008;""Passageiro"";""Ileso"";17;""Feminino"";1;0;0;0;-18",1784;-47,"9362;""SR-GO"";""DEL1/6"";""UOP01/GO"""
"182219;402099;2019-01-01;""terça-feira"";""00:50:00"";""GO"";50;280","3;""CATALAO"";""Sim"";""Desobediência às normas de trânsito pelo condutor"";1;""Colisão transversal"";""Com Vítimas Feridas"";""Plena Noite"";""Decrescente"";""Céu Claro"";""Dupla"";""Reta"";""Sim"";324882;""Automóvel"";""VW/GOL 1.0"";2012;""Condutor"";""Ileso"";44;""Masculino"";1;0;0;0;-18",1784;-47,"9362;""SR-GO"";""DEL1/6"";""UOP01/GO"""
"182220;405028;2019-01-01;""terça-feira"";""02:25:00"";""GO"";60;172;""GOIANIA"";""Sim"";""Desobediência às normas de trânsito pelo pedestre"";1;""Atropelamento de Pedestre"";""Com Vítimas Fatais"";""Plena Noite"";""Decrescente"";""Chuva"";""Dupla"";""Reta"";""Não"";324886;""Automóvel"";"""";NA;""Condutor"";""Não Informado"";NA;""Não Informado"";0;0;0;0;-16",738;-49,"4076;""SR-GO"";""DEL1/1"";""UOP02/GO""",
"182220;405027;2019-01-01;""terça-feira"";""02:25:00"";""GO"";60;172;""GOIANIA"";""Sim"";""Desobediência às normas de trânsito pelo pedestre"";1;""Atropelamento de Pedestre"";""Com Vítimas Fatais"";""Plena Noite"";""Decrescente"";""Chuva"";""Dupla"";""Reta"";""Não"";324886;""Automóvel"";"""";NA;""Testemunha"";""Não Informado"";NA;""Não Informado"";0;0;0;0;-16",738;-49,"4076;""SR-GO"";""DEL1/1"";""UOP02/GO""",
"182220;402087;2019-01-01;""terça-feira"";""02:25:00"";""GO"";60;172;""GOIANIA"";""Sim"";""Desobediência às normas de trânsito pelo pedestre"";1;""Atropelamento de Pedestre"";""Com Vítimas Fatais"";""Plena Noite"";""Decrescente"";""Chuva"";""Dupla"";""Reta"";""Não"";324886;""Automóvel"";"""";NA;""Pedestre"";""Óbito"";18;""Masculino"";0;0;0;1;-16",738;-49,"4076;""SR-GO"";""DEL1/1"";""UOP02/GO""",
"182223;402132;2019-01-01;""terça-feira"";""02:15:00"";""RS"";386;73","7;""BOA VISTA DAS MISSOES"";""Sim"";""Ingestão de Álcool"";1;""Colisão frontal"";""Com Vítimas Feridas"";""Plena Noite"";""Decrescente"";""Nublado"";""Simples"";""Curva"";""Sim"";324872;""Automóvel"";""FORD/FIESTA FLEX"";2011;""Passageiro"";""Lesões Leves"";36;""Feminino"";0;1;0;0;-27",693541;-53,"300945;""SR-RS"";""DEL08"";""UOP02/RS"""
"182223;402132;2019-01-01;""terça-feira"";""02:15:00"";""RS"";386;73","7;""BOA VISTA DAS MISSOES"";""Não"";""Falta de Atenção à Condução"";1;""Colisão frontal"";""Com Vítimas Feridas"";""Plena Noite"";""Decrescente"";""Nublado"";""Simples"";""Curva"";""Sim"";324872;""Automóvel"";""FORD/FIESTA FLEX"";2011;""Passageiro"";""Lesões Leves"";36;""Feminino"";0;1;0;0;-27",693541;-53,"300945;""SR-RS"";""DEL08"";""UOP02/RS"""
"182223;402127;2019-01-01;""terça-feira"";""02:15:00"";""RS"";386;73","7;""BOA VISTA DAS MISSOES"";""Sim"";""Ingestão de Álcool"";1;""Colisão frontal"";""Com Vítimas Feridas"";""Plena Noite"";""Decrescente"";""Nublado"";""Simples"";""Curva"";""Sim"";324871;""Automóvel"";""GM/CORSA SUPER"";2000;""Passageiro"";""Lesões Graves"";36;""Feminino"";0;0;1;0;-27",693541;-53,"300945;""SR-RS"";""DEL08"";""UOP02/RS"""
"182223;402127;2019-01-01;""terça-feira"";""02:15:00"";""RS"";386;73","7;""BOA VISTA DAS MISSOES"";""Não"";""Falta de Atenção à Condução"";1;""Colisão frontal"";""Com Vítimas Feridas"";""Plena Noite"";""Decrescente"";""Nublado"";""Simples"";""Curva"";""Sim"";324871;""Automóvel"";""GM/CORSA SUPER"";2000;""Passageiro"";""Lesões Graves"";36;""Feminino"";0;0;1;0;-27",693541;-53,"300945;""SR-RS"";""DEL08"";""UOP02/RS"""
"182223;402124;2019-01-01;""terça-feira"";""02:15:00"";""RS"";386;73","7;""BOA VISTA DAS MISSOES"";""Sim"";""Ingestão de Álcool"";1;""Colisão frontal"";""Com Vítimas Feridas"";""Plena Noite"";""Decrescente"";""Nublado"";""Simples"";""Curva"";""Sim"";324871;""Automóvel"";""GM/CORSA SUPER"";2000;""Condutor"";""Lesões Graves"";52;""Masculino"";0;0;1;0;-27",693541;-53,"300945;""SR-RS"";""DEL08"";""UOP02/RS"""
"182223;402124;2019-01-01;""terça-feira"";""02:15:00"";""RS"";386;73","7;""BOA VISTA DAS MISSOES"";""Não"";""Falta de Atenção à Condução"";1;""Colisão frontal"";""Com Vítimas Feridas"";""Plena Noite"";""Decrescente"";""Nublado"";""Simples"";""Curva"";""Sim"";324871;""Automóvel"";""GM/CORSA SUPER"";2000;""Condutor"";""Lesões Graves"";52;""Masculino"";0;0;1;0;-27",693541;-53,"300945;""SR-RS"";""DEL08"";""UOP02/RS"""
"182223;402130;2019-01-01;""terça-feira"";""02:15:00"";""RS"";386;73","7;""BOA VISTA DAS MISSOES"";""Sim"";""Ingestão de Álcool"";1;""Colisão frontal"";""Com Vítimas Feridas"";""Plena Noite"";""Decrescente"";""Nublado"";""Simples"";""Curva"";""Sim"";324872;""Automóvel"";""FORD/FIESTA FLEX"";2011;""Condutor"";""Lesões Leves"";40;""Masculino"";0;1;0;0;-27",693541;-53,"300945;""SR-RS"";""DEL08"";""UOP02/RS"""
"182223;402130;2019-01-01;""terça-feira"";""02:15:00"";""RS"";386;73","7;""BOA VISTA DAS MISSOES"";""Não"";""Falta de Atenção à Condução"";1;""Colisão frontal"";""Com Vítimas Feridas"";""Plena Noite"";""Decrescente"";""Nublado"";""Simples"";""Curva"";""Sim"";324872;""Automóvel"";""FORD/FIESTA FLEX"";2011;""Condutor"";""Lesões Leves"";40;""Masculino"";0;1;0;0;-27",693541;-53,"300945;""SR-RS"";""DEL08"";""UOP02/RS"""
"182225;403871;2019-01-01;""terça-feira"";""02:00:00"";""MG"";50;77","3;""UBERLANDIA"";""Sim"";""Desobediência às normas de trânsito pelo condutor"";2;""Queda de ocupante de veículo"";""Com Vítimas Feridas"";""Plena Noite"";""Crescente"";""Chuva"";""Dupla"";""Interseção de vias"";""Não"";324901;""Motoneta"";""HONDA/C100 BIZ"";2001;""Passageiro"";""Lesões Graves"";36;""Feminino"";0;0;1;0;-18",9444;-48,"2185;""SR-MG"";""DEL4/15"";""UOP01/MG"""
"182225;403871;2019-01-01;""terça-feira"";""02:00:00"";""MG"";50;77","3;""UBERLANDIA"";""Sim"";""Desobediência às normas de trânsito pelo condutor"";1;""Colisão frontal"";""Com Vítimas Feridas"";""Plena Noite"";""Crescente"";""Chuva"";""Dupla"";""Interseção de vias"";""Não"";324901;""Motoneta"";""HONDA/C100 BIZ"";2001;""Passageiro"";""Lesões Graves"";36;""Feminino"";0;0;1;0;-18",9444;-48,"2185;""SR-MG"";""DEL4/15"";""UOP01/MG"""
"182225;402140;2019-01-01;""terça-feira"";""02:00:00"";""MG"";50;77","3;""UBERLANDIA"";""Sim"";""Desobediência às normas de trânsito pelo condutor"";2;""Queda de ocupante de veículo"";""Com Vítimas Feridas"";""Plena Noite"";""Crescente"";""Chuva"";""Dupla"";""Interseção de vias"";""Não"";324901;""Motoneta"";""HONDA/C100 BIZ"";2001;""Condutor"";""Lesões Graves"";45;""Masculino"";0;0;1;0;-18",9444;-48,"2185;""SR-MG"";""DEL4/15"";""UOP01/MG"""
"182225;402140;2019-01-01;""terça-feira"";""02:00:00"";""MG"";50;77","3;""UBERLANDIA"";""Sim"";""Desobediência às normas de trânsito pelo condutor"";1;""Colisão frontal"";""Com Vítimas Feridas"";""Plena Noite"";""Crescente"";""Chuva"";""Dupla"";""Interseção de vias"";""Não"";324901;""Motoneta"";""HONDA/C100 BIZ"";2001;""Condutor"";""Lesões Graves"";45;""Masculino"";0;0;1;0;-18",9444;-48,"2185;""SR-MG"";""DEL4/15"";""UOP01/MG"""
"182225;402123;2019-01-01;""terça-feira"";""02:00:00"";""MG"";50;77","3;""UBERLANDIA"";""Sim"";""Desobediência às normas de trânsito pelo condutor"";2;""Queda de ocupante de veículo"";""Com Vítimas Feridas"";""Plena Noite"";""Crescente"";""Chuva"";""Dupla"";""Interseção de vias"";""Não"";324902;""Caminhonete"";""FIAT/STRADA FIRE FLEX"";2011;""Condutor"";""Ileso"";54;""Masculino"";1;0;0;0;-18",9444;-48,"2185;""SR-MG"";""DEL4/15"";""UOP01/MG"""
"182225;402123;2019-01-01;""terça-feira"";""02:00:00"";""MG"";50;77","3;""UBERLANDIA"";""Sim"";""Desobediência às normas de trânsito pelo condutor"";1;""Colisão frontal"";""Com Vítimas Feridas"";""Plena Noite"";""Crescente"";""Chuva"";""Dupla"";""Interseção de vias"";""Não"";324902;""Caminhonete"";""FIAT/STRADA FIRE FLEX"";2011;""Condutor"";""Ileso"";54;""Masculino"";1;0;0;0;-18",9444;-48,"2185;""SR-MG"";""DEL4/15"";""UOP01/MG"""
"182226;402887;2019-01-01;""terça-feira"";""02:10:00"";""SP"";101;39","5;""UBATUBA"";""Não"";""Velocidade Incompatível"";1;""Colisão frontal"";""Com Vítimas Feridas"";""Plena Noite"";""Decrescente"";""Céu Claro"";""Simples"";""Reta"";""Sim"";324889;""Automóvel"";""CITROEN/C3 AIRC TENDANCE"";2014;""Condutor"";""Lesões Leves"";38;""Masculino"";0;1;0;0;-23",41331965;-45,"03313065;""SR-SP"";""DEL6"";""UOP03/SP"""
"182226;402887;2019-01-01;""terça-feira"";""02:10:00"";""SP"";101;39","5;""UBATUBA"";""Sim"";""Ingestão de Álcool"";1;""Colisão frontal"";""Com Vítimas Feridas"";""Plena Noite"";""Decrescente"";""Céu Claro"";""Simples"";""Reta"";""Sim"";324889;""Automóvel"";""CITROEN/C3 AIRC TENDANCE"";2014;""Condutor"";""Lesões Leves"";38;""Masculino"";0;1;0;0;-23",41331965;-45,"03313065;""SR-SP"";""DEL6"";""UOP03/SP"""
"182226;402919;2019-01-01;""terça-feira"";""02:10:00"";""SP"";101;39","5;""UBATUBA"";""Não"";""Velocidade Incompatível"";1;""Colisão frontal"";""Com Vítimas Feridas"";""Plena Noite"";""Decrescente"";""Céu Claro"";""Simples"";""Reta"";""Sim"";324890;""Caminhonete"";""FIAT/STRADA ADVENTURE CD"";2012;""Passageiro"";""Lesões Leves"";23;""Feminino"";0;1;0;0;-23",41331965;-45,"03313065;""SR-SP"";""DEL6"";""UOP03/SP"""
"182226;402919;2019-01-01;""terça-feira"";""02:10:00"";""SP"";101;39","5;""UBATUBA"";""Sim"";""Ingestão de Álcool"";1;""Colisão frontal"";""Com Vítimas Feridas"";""Plena Noite"";""Decrescente"";""Céu Claro"";""Simples"";""Reta"";""Sim"";324890;""Caminhonete"";""FIAT/STRADA ADVENTURE CD"";2012;""Passageiro"";""Lesões Leves"";23;""Feminino"";0;1;0;0;-23",41331965;-45,"03313065;""SR-SP"";""DEL6"";""UOP03/SP"""
"182226;402917;2019-01-01;""terça-feira"";""02:10:00"";""SP"";101;39","5;""UBATUBA"";""Não"";""Velocidade Incompatível"";1;""Colisão frontal"";""Com Vítimas Feridas"";""Plena Noite"";""Decrescente"";""Céu Claro"";""Simples"";""Reta"";""Sim"";324890;""Caminhonete"";""FIAT/STRADA ADVENTURE CD"";2012;""Condutor"";""Lesões Leves"";34;""Masculino"";0;1;0;0;-23",41331965;-45,"03313065;""SR-SP"";""DEL6"";""UOP03/SP"""
"182226;402917;2019-01-01;""terça-feira"";""02:10:00"";""SP"";101;39","5;""UBATUBA"";""Sim"";""Ingestão de Álcool"";1;""Colisão frontal"";""Com Vítimas Feridas"";""Plena Noite"";""Decrescente"";""Céu Claro"";""Simples"";""Reta"";""Sim"";324890;""Caminhonete"";""FIAT/STRADA ADVENTURE CD"";2012;""Condutor"";""Lesões Leves"";34;""Masculino"";0;1;0;0;-23",41331965;-45,"03313065;""SR-SP"";""DEL6"";""UOP03/SP"""
"182226;402915;2019-01-01;""terça-feira"";""02:10:00"";""SP"";101;39","5;""UBATUBA"";""Não"";""Velocidade Incompatível"";1;""Colisão frontal"";""Com Vítimas Feridas"";""Plena Noite"";""Decrescente"";""Céu Claro"";""Simples"";""Reta"";""Sim"";324889;""Automóvel"";""CITROEN/C3 AIRC TENDANCE"";2014;""Passageiro"";""Lesões Leves"";24;""Feminino"";0;1;0;0;-23",41331965;-45,"03313065;""SR-SP"";""DEL6"";""UOP03/SP"""
"182226;402915;2019-01-01;""terça-feira"";""02:10:00"";""SP"";101;39","5;""UBATUBA"";""Sim"";""Ingestão de Álcool"";1;""Colisão frontal"";""Com Vítimas Feridas"";""Plena Noite"";""Decrescente"";""Céu Claro"";""Simples"";""Reta"";""Sim"";324889;""Automóvel"";""CITROEN/C3 AIRC TENDANCE"";2014;""Passageiro"";""Lesões Leves"";24;""Feminino"";0;1;0;0;-23",41331965;-45,"03313065;""SR-SP"";""DEL6"";""UOP03/SP"""
"182227;402138;2019-01-01;""terça-feira"";""02:30:00"";""PR"";376;7","5;""MARINGA"";""Sim"";""Ingestão de Álcool"";1;""Colisão com objeto estático"";""Com Vítimas Feridas"";""Plena Noite"";""Decrescente"";""Céu Claro"";""Dupla"";""Curva"";""Não"";324894;""Automóvel"";""TOYOTA/ETIOS SD XLS"";2013;""Passageiro"";""Ileso"";NA;""Masculino"";1;0;0;0;-23",37199185;-51,"92399383;""SR-PR"";""DEL7/7"";""UOP04/PR"""
"182227;402116;2019-01-01;""terça-feira"";""02:30:00"";""PR"";376;7","5;""MARINGA"";""Sim"";""Ingestão de Álcool"";1;""Colisão com objeto estático"";""Com Vítimas Feridas"";""Plena Noite"";""Decrescente"";""Céu Claro"";""Dupla"";""Curva"";""Não"";324894;""Automóvel"";""TOYOTA/ETIOS SD XLS"";2013;""Condutor"";""Lesões Leves"";27;""Masculino"";0;1;0;0;-23",37199185;-51,"92399383;""SR-PR"";""DEL7/7"";""UOP04/PR"""
"182228;403997;2019-01-01;""terça-feira"";""03:05:00"";""MG"";381;487","6;""BETIM"";""Sim"";""Velocidade Incompatível"";1;""Colisão com objeto estático"";""Com Vítimas Feridas"";""Plena Noite"";""Crescente"";""Nublado"";""Dupla"";""Não Informado"";""Sim"";324881;""Automóvel"";""GM/CORSA HATCH MAXX"";2006;""Condutor"";""Lesões Leves"";22;""Masculino"";0;1;0;0;-19",9572;-44,"1243;""SR-MG"";""DEL4/1"";""UOP03/MG"""
"182230;403909;2019-01-01;""terça-feira"";""03:50:00"";""RJ"";40;97;""DUQUE DE CAXIAS"";""Sim"";""Velocidade Incompatível"";2;""Capotamento"";""Com Vítimas Feridas"";""Plena Noite"";""Decrescente"";""Garoa/Chuvisco"";""Simples"";""Curva"";""Não"";324892;""Camioneta"";""RENAULT/DUSTER DYN16 SCE"";2018;""Passageiro"";""Lesões Leves"";72;""Feminino"";0;1;0;0;-22",5853;-43,"271;""SR-RJ"";""DEL5/6"";""UOP03/RJ""",
"182230;403909;2019-01-01;""terça-feira"";""03:50:00"";""RJ"";40;97;""DUQUE DE CAXIAS"";""Sim"";""Velocidade Incompatível"";1;""Colisão com objeto estático"";""Com Vítimas Feridas"";""Plena Noite"";""Decrescente"";""Garoa/Chuvisco"";""Simples"";""Curva"";""Não"";324892;""Camioneta"";""RENAULT/DUSTER DYN16 SCE"";2018;""Passageiro"";""Lesões Leves"";72;""Feminino"";0;1;0;0;-22",5853;-43,"271;""SR-RJ"";""DEL5/6"";""UOP03/RJ""",
"182230;403908;2019-01-01;""terça-feira"";""03:50:00"";""RJ"";40;97;""DUQUE DE CAXIAS"";""Sim"";""Velocidade Incompatível"";2;""Capotamento"";""Com Vítimas Feridas"";""Plena Noite"";""Decrescente"";""Garoa/Chuvisco"";""Simples"";""Curva"";""Não"";324892;""Camioneta"";""RENAULT/DUSTER DYN16 SCE"";2018;""Condutor"";""Lesões Leves"";44;""Masculino"";0;1;0;0;-22",5853;-43,"271;""SR-RJ"";""DEL5/6"";""UOP03/RJ""",
"182230;403908;2019-01-01;""terça-feira"";""03:50:00"";""RJ"";40;97;""DUQUE DE CAXIAS"";""Sim"";""Velocidade Incompatível"";1;""Colisão com objeto estático"";""Com Vítimas Feridas"";""Plena Noite"";""Decrescente"";""Garoa/Chuvisco"";""Simples"";""Curva"";""Não"";324892;""Camioneta"";""RENAULT/DUSTER DYN16 SCE"";2018;""Condutor"";""Lesões Leves"";44;""Masculino"";0;1;0;0;-22",5853;-43,"271;""SR-RJ"";""DEL5/6"";""UOP03/RJ""",
"182231;402094;2019-01-01;""terça-feira"";""02:40:00"";""SC"";282;599","3;""CUNHA PORA"";""Sim"";""Ingestão de álcool e/ou substâncias psicoativas pelo pedestre"";1;""Colisão com objeto estático"";""Com Vítimas Feridas"";""Plena Noite"";""Decrescente"";""Céu Claro"";""Simples"";""Não Informado"";""Não"";324887;""Automóvel"";""FORD/FIESTA FLEX"";2012;""Passageiro"";""Lesões Graves"";30;""Feminino"";0;0;1;0;-26",820206;-53,"155052;""SR-SC"";""DEL7"";""UOP02/SC"""
"182231;402093;2019-01-01;""terça-feira"";""02:40:00"";""SC"";282;599","3;""CUNHA PORA"";""Sim"";""Ingestão de álcool e/ou substâncias psicoativas pelo pedestre"";1;""Colisão com objeto estático"";""Com Vítimas Feridas"";""Plena Noite"";""Decrescente"";""Céu Claro"";""Simples"";""Não Informado"";""Não"";324887;""Automóvel"";""FORD/FIESTA FLEX"";2012;""Condutor"";""Lesões Graves"";37;""Masculino"";0;0;1;0;-26",820206;-53,"155052;""SR-SC"";""DEL7"";""UOP02/SC"""
"182232;402143;2019-01-01;""terça-feira"";""03:00:00"";""PB"";230;501","3;""CAJAZEIRAS"";""Sim"";""Falta de Atenção à Condução"";3;""Tombamento"";""Com Vítimas Fatais"";""Plena Noite"";""Crescente"";""Nublado"";""Simples"";""Reta"";""Sim"";324918;""Motocicleta"";""HONDA/NXR150 BROS KS"";2010;""Condutor"";""Óbito"";42;""Masculino"";0;0;0;1;-6",899;-38,"5159;""SR-PB"";""DEL14/3"";""UOP03/PB"""
"182232;402143;2019-01-01;""terça-feira"";""03:00:00"";""PB"";230;501","3;""CAJAZEIRAS"";""Sim"";""Falta de Atenção à Condução"";2;""Queda de ocupante de veículo"";""Com Vítimas Fatais"";""Plena Noite"";""Crescente"";""Nublado"";""Simples"";""Reta"";""Sim"";324918;""Motocicleta"";""HONDA/NXR150 BROS KS"";2010;""Condutor"";""Óbito"";42;""Masculino"";0;0;0;1;-6",899;-38,"5159;""SR-PB"";""DEL14/3"";""UOP03/PB"""
"182232;402143;2019-01-01;""terça-feira"";""03:00:00"";""PB"";230;501","3;""CAJAZEIRAS"";""Sim"";""Falta de Atenção à Condução"";1;""Colisão frontal"";""Com Vítimas Fatais"";""Plena Noite"";""Crescente"";""Nublado"";""Simples"";""Reta"";""Sim"";324918;""Motocicleta"";""HONDA/NXR150 BROS KS"";2010;""Condutor"";""Óbito"";42;""Masculino"";0;0;0;1;-6",899;-38,"5159;""SR-PB"";""DEL14/3"";""UOP03/PB"""