"id;""pesid"";""data_inversa"";""dia_semana"";""horario"";""uf"";""br"";""km"";""municipio"";""causa_principal"";""causa_acidente"";""ordem_tipo_acidente"";""tipo_acidente"";""classificacao_acidente"";""fase_dia"";""sentido_via"";""condicao_metereologica"";""tipo_pista"";""tracado_via"";""uso_solo"";""id_veiculo"";""tipo_veiculo"";""marca"";""ano_fabricacao_veiculo"";""tipo_envolvido"";""estado_fisico"";""idade"";""sexo"";""ilesos"";""feridos_leves"";""feridos_graves"";""mortos"";""latitude"";""longitude"";""regional"";""delegacia"";""uop""",,,
"182250;402149;2019-01-01;""terça-feira"";""07:00:00"";""RJ"";101;293;""ITABORAI"";""Sim"";""Falta de Atenção à Condução"";2;""Tombamento"";""Com Vítimas Feridas"";""Pleno dia"";""Crescente"";""Céu Claro"";""Dupla"";""Curva"";""Sim"";324917;""Micro-ônibus"";""I/KIA BESTA 12P GS"";1997;""Passageiro"";""Lesões Leves"";37;""Feminino"";0;1;0;0;-22",756203;-42,"887241;""SR-RJ"";""DEL5/2"";""UOP04/RJ""",
"182250;402149;2019-01-01;""terça-feira"";""07:00:00"";""RJ"";101;293;""ITABORAI"";""Sim"";""Falta de Atenção à Condução"";1;""Colisão com objeto estático"";""Com Vítimas Feridas"";""Pleno dia"";""Crescente"";""Céu Claro"";""Dupla"";""Curva"";""Sim"";324917;""Micro-ônibus"";""I/KIA BESTA 12P GS"";1997;""Passageiro"";""Lesões Leves"";37;""Feminino"";0;1;0;0;-22",756203;-42,"887241;""SR-RJ"";""DEL5/2"";""UOP04/RJ""",
"182250;402144;2019-01-01;""terça-feira"";""07:00:00"";""RJ"";101;293;""ITABORAI"";""Sim"";""Falta de Atenção à Condução"";2;""Tombamento"";""Com Vítimas Feridas"";""Pleno dia"";""Crescente"";""Céu Claro"";""Dupla"";""Curva"";""Sim"";324917;""Micro-ônibus"";""I/KIA BESTA 12P GS"";1997;""Condutor"";""Ileso"";71;""Masculino"";1;0;0;0;-22",756203;-42,"887241;""SR-RJ"";""DEL5/2"";""UOP04/RJ""",
"182250;402144;2019-01-01;""terça-feira"";""07:00:00"";""RJ"";101;293;""ITABORAI"";""Sim"";""Falta de Atenção à Condução"";1;""Colisão com objeto estático"";""Com Vítimas Feridas"";""Pleno dia"";""Crescente"";""Céu Claro"";""Dupla"";""Curva"";""Sim"";324917;""Micro-ônibus"";""I/KIA BESTA 12P GS"";1997;""Condutor"";""Ileso"";71;""Masculino"";1;0;0;0;-22",756203;-42,"887241;""SR-RJ"";""DEL5/2"";""UOP04/RJ""",
"182251;402260;2019-01-01;""terça-feira"";""08:05:00"";""SC"";470;64","8;""INDAIAL"";""Sim"";""Defeito Mecânico no Veículo"";2;""Tombamento"";""Com Vítimas Feridas"";""Pleno dia"";""Crescente"";""Céu Claro"";""Simples"";""Reta"";""Sim"";324931;""Camioneta"";""GM/D20"";1973;""Condutor"";""Lesões Leves"";41;""Masculino"";0;1;0;0;-26",869867;-49,"201859;""SR-SC"";""DEL8/4"";""UOP01/SC"""
"182251;402260;2019-01-01;""terça-feira"";""08:05:00"";""SC"";470;64","8;""INDAIAL"";""Sim"";""Defeito Mecânico no Veículo"";1;""Saída de leito carroçável"";""Com Vítimas Feridas"";""Pleno dia"";""Crescente"";""Céu Claro"";""Simples"";""Reta"";""Sim"";324931;""Camioneta"";""GM/D20"";1973;""Condutor"";""Lesões Leves"";41;""Masculino"";0;1;0;0;-26",869867;-49,"201859;""SR-SC"";""DEL8/4"";""UOP01/SC"""
"182251;402259;2019-01-01;""terça-feira"";""08:05:00"";""SC"";470;64","8;""INDAIAL"";""Sim"";""Defeito Mecânico no Veículo"";2;""Tombamento"";""Com Vítimas Feridas"";""Pleno dia"";""Crescente"";""Céu Claro"";""Simples"";""Reta"";""Sim"";324931;""Camioneta"";""GM/D20"";1973;""Passageiro"";""Lesões Leves"";44;""Feminino"";0;1;0;0;-26",869867;-49,"201859;""SR-SC"";""DEL8/4"";""UOP01/SC"""
"182251;402259;2019-01-01;""terça-feira"";""08:05:00"";""SC"";470;64","8;""INDAIAL"";""Sim"";""Defeito Mecânico no Veículo"";1;""Saída de leito carroçável"";""Com Vítimas Feridas"";""Pleno dia"";""Crescente"";""Céu Claro"";""Simples"";""Reta"";""Sim"";324931;""Camioneta"";""GM/D20"";1973;""Passageiro"";""Lesões Leves"";44;""Feminino"";0;1;0;0;-26",869867;-49,"201859;""SR-SC"";""DEL8/4"";""UOP01/SC"""
"182252;406073;2019-01-01;""terça-feira"";""00:20:00"";""PR"";376;430","9;""TIBAGI"";""Sim"";""Sinalização da via insuficiente ou inadequada"";1;""Colisão transversal"";""Com Vítimas Feridas"";""Plena Noite"";""Decrescente"";""Céu Claro"";""Múltipla"";""Interseção de vias"";""Sim"";324922;""Automóvel"";""VW/GOL 1.0"";2007;""Condutor"";""Lesões Leves"";27;""Masculino"";0;1;0;0;-24",7476321;-50,"5366876;""SR-PR"";""DEL7/3"";""UOP05/PR"""
"182252;406074;2019-01-01;""terça-feira"";""00:20:00"";""PR"";376;430","9;""TIBAGI"";""Sim"";""Sinalização da via insuficiente ou inadequada"";1;""Colisão transversal"";""Com Vítimas Feridas"";""Plena Noite"";""Decrescente"";""Céu Claro"";""Múltipla"";""Interseção de vias"";""Sim"";324922;""Automóvel"";""VW/GOL 1.0"";2007;""Passageiro"";""Lesões Leves"";22;""Feminino"";0;1;0;0;-24",7476321;-50,"5366876;""SR-PR"";""DEL7/3"";""UOP05/PR"""
"182252;406068;2019-01-01;""terça-feira"";""00:20:00"";""PR"";376;430","9;""TIBAGI"";""Sim"";""Sinalização da via insuficiente ou inadequada"";1;""Colisão transversal"";""Com Vítimas Feridas"";""Plena Noite"";""Decrescente"";""Céu Claro"";""Múltipla"";""Interseção de vias"";""Sim"";324921;""Automóvel"";""FIAT/STILO FLEX"";2009;""Condutor"";""Lesões Leves"";47;""Masculino"";0;1;0;0;-24",7476321;-50,"5366876;""SR-PR"";""DEL7/3"";""UOP05/PR"""
"182253;402722;2019-01-01;""terça-feira"";""03:50:00"";""RS"";470;238","4;""CARLOS BARBOSA"";""Sim"";""Ingestão de Álcool"";2;""Colisão com objeto estático"";""Sem Vítimas"";""Plena Noite"";""Decrescente"";""Céu Claro"";""Simples"";""Curva"";""Não"";324920;""Caminhonete"";""FIAT/STRADA ADVENTURE CD"";2013;""Condutor"";""Ileso"";34;""Masculino"";1;0;0;0;-29",33808874;-51,"50475475;""SR-RS"";""DEL9/6"";""UOP01/RS"""
"182253;402722;2019-01-01;""terça-feira"";""03:50:00"";""RS"";470;238","4;""CARLOS BARBOSA"";""Sim"";""Ingestão de Álcool"";1;""Saída de leito carroçável"";""Sem Vítimas"";""Plena Noite"";""Decrescente"";""Céu Claro"";""Simples"";""Curva"";""Não"";324920;""Caminhonete"";""FIAT/STRADA ADVENTURE CD"";2013;""Condutor"";""Ileso"";34;""Masculino"";1;0;0;0;-29",33808874;-51,"50475475;""SR-RS"";""DEL9/6"";""UOP01/RS"""
"182254;403878;2019-01-01;""terça-feira"";""08:20:00"";""DF"";70;16;""BRASILIA"";""Sim"";""Falta de Atenção à Condução"";1;""Queda de ocupante de veículo"";""Com Vítimas Feridas"";""Pleno dia"";""Decrescente"";""Céu Claro"";""Dupla"";""Rotatória"";""Não"";324930;""Motocicleta"";""HONDA/CG 150 TITAN KS"";2006;""Passageiro"";""Lesões Graves"";36;""Feminino"";0;0;1;0;-15",796144;-48,"194225;""SR-DF"";""UOP06/DF"";""""",
"182254;403875;2019-01-01;""terça-feira"";""08:20:00"";""DF"";70;16;""BRASILIA"";""Sim"";""Falta de Atenção à Condução"";1;""Queda de ocupante de veículo"";""Com Vítimas Feridas"";""Pleno dia"";""Decrescente"";""Céu Claro"";""Dupla"";""Rotatória"";""Não"";324930;""Motocicleta"";""HONDA/CG 150 TITAN KS"";2006;""Condutor"";""Lesões Leves"";31;""Masculino"";0;1;0;0;-15",796144;-48,"194225;""SR-DF"";""UOP06/DF"";""""",
"182256;403856;2019-01-01;""terça-feira"";""04:00:00"";""CE"";116;136","9;""RUSSAS"";""Sim"";""Animais na Pista"";1;""Atropelamento de Animal"";""Sem Vítimas"";""Amanhecer"";""Decrescente"";""Vento"";""Simples"";""Curva"";""Não"";324937;""Caminhão"";""I/MB 15SPRINT RONTAN AMB"";2012;""Condutor"";""Ileso"";35;""Masculino"";1;0;0;0;-4",766018;-38,"056034;""SR-CE"";""DEL16/3"";""UOP01/CE"""
"182257;405552;2019-01-01;""terça-feira"";""07:45:00"";""TO"";153;678","5;""GURUPI"";""Sim"";""Ingestão de Álcool"";1;""Saída de leito carroçável"";""Sem Vítimas"";""Pleno dia"";""Decrescente"";""Céu Claro"";""Simples"";""Reta"";""Não"";326340;""Automóvel"";""VW/GOL SELECAO MB"";2014;""Passageiro"";""Ileso"";27;""Masculino"";1;0;0;0;-11",774606;-49,"107452;""SR-TO"";""UOP01/TO"";"""""
"182257;405475;2019-01-01;""terça-feira"";""07:45:00"";""TO"";153;678","5;""GURUPI"";""Sim"";""Ingestão de Álcool"";1;""Saída de leito carroçável"";""Sem Vítimas"";""Pleno dia"";""Decrescente"";""Céu Claro"";""Simples"";""Reta"";""Não"";326340;""Automóvel"";""VW/GOL SELECAO MB"";2014;""Condutor"";""Ileso"";24;""Masculino"";1;0;0;0;-11",774606;-49,"107452;""SR-TO"";""UOP01/TO"";"""""
"182258;402177;2019-01-01;""terça-feira"";""07:20:00"";""SC"";101;378","1;""ICARA"";""Sim"";""Condutor Dormindo"";3;""Capotamento"";""Com Vítimas Feridas"";""Pleno dia"";""Crescente"";""Céu Claro"";""Dupla"";""Reta"";""Sim"";324929;""Automóvel"";""VW/GOL CLI"";1996;""Condutor"";""Lesões Leves"";23;""Masculino"";0;1;0;0;-28",75016849;-49,"26949069;""SR-SC"";""DEL8/2"";""UOP01/SC"""
"182258;402177;2019-01-01;""terça-feira"";""07:20:00"";""SC"";101;378","1;""ICARA"";""Sim"";""Condutor Dormindo"";2;""Colisão com objeto estático"";""Com Vítimas Feridas"";""Pleno dia"";""Crescente"";""Céu Claro"";""Dupla"";""Reta"";""Sim"";324929;""Automóvel"";""VW/GOL CLI"";1996;""Condutor"";""Lesões Leves"";23;""Masculino"";0;1;0;0;-28",75016849;-49,"26949069;""SR-SC"";""DEL8/2"";""UOP01/SC"""
"182258;402177;2019-01-01;""terça-feira"";""07:20:00"";""SC"";101;378","1;""ICARA"";""Sim"";""Condutor Dormindo"";1;""Saída de leito carroçável"";""Com Vítimas Feridas"";""Pleno dia"";""Crescente"";""Céu Claro"";""Dupla"";""Reta"";""Sim"";324929;""Automóvel"";""VW/GOL CLI"";1996;""Condutor"";""Lesões Leves"";23;""Masculino"";0;1;0;0;-28",75016849;-49,"26949069;""SR-SC"";""DEL8/2"";""UOP01/SC"""
"182259;402311;2019-01-01;""terça-feira"";""06:00:00"";""MG"";262;411","2;""IGARATINGA"";""Sim"";""Condutor Dormindo"";2;""Capotamento"";""Com Vítimas Feridas"";""Amanhecer"";""Decrescente"";""Nublado"";""Dupla"";""Curva"";""Não"";324968;""Automóvel"";""FIAT/UNO MILLE FIRE"";2002;""Passageiro"";""Ileso"";19;""Feminino"";1;0;0;0;-19",90069043;-44,"69476461;""SR-MG"";""DEL4/8"";""UOP03/MG"""
"182259;402311;2019-01-01;""terça-feira"";""06:00:00"";""MG"";262;411","2;""IGARATINGA"";""Sim"";""Condutor Dormindo"";1;""Saída de leito carroçável"";""Com Vítimas Feridas"";""Amanhecer"";""Decrescente"";""Nublado"";""Dupla"";""Curva"";""Não"";324968;""Automóvel"";""FIAT/UNO MILLE FIRE"";2002;""Passageiro"";""Ileso"";19;""Feminino"";1;0;0;0;-19",90069043;-44,"69476461;""SR-MG"";""DEL4/8"";""UOP03/MG"""
"182259;402290;2019-01-01;""terça-feira"";""06:00:00"";""MG"";262;411","2;""IGARATINGA"";""Sim"";""Condutor Dormindo"";2;""Capotamento"";""Com Vítimas Feridas"";""Amanhecer"";""Decrescente"";""Nublado"";""Dupla"";""Curva"";""Não"";324968;""Automóvel"";""FIAT/UNO MILLE FIRE"";2002;""Condutor"";""Lesões Leves"";23;""Masculino"";0;1;0;0;-19",90069043;-44,"69476461;""SR-MG"";""DEL4/8"";""UOP03/MG"""
"182259;402290;2019-01-01;""terça-feira"";""06:00:00"";""MG"";262;411","2;""IGARATINGA"";""Sim"";""Condutor Dormindo"";1;""Saída de leito carroçável"";""Com Vítimas Feridas"";""Amanhecer"";""Decrescente"";""Nublado"";""Dupla"";""Curva"";""Não"";324968;""Automóvel"";""FIAT/UNO MILLE FIRE"";2002;""Condutor"";""Lesões Leves"";23;""Masculino"";0;1;0;0;-19",90069043;-44,"69476461;""SR-MG"";""DEL4/8"";""UOP03/MG"""
"182260;403788;2019-01-01;""terça-feira"";""06:15:00"";""GO"";60;433;""RIO VERDE"";""Sim"";""Falta de Atenção à Condução"";2;""Colisão com objeto estático"";""Com Vítimas Feridas"";""Amanhecer"";""Decrescente"";""Céu Claro"";""Dupla"";""Reta"";""Não"";324933;""Automóvel"";""I/NISSAN SENTRA 20SL CVT"";2013;""Condutor"";""Lesões Graves"";31;""Masculino"";0;0;1;0;-17",8291;-51,"3566;""SR-GO"";""DEL1/4"";""UOP01/GO""",
"182260;403788;2019-01-01;""terça-feira"";""06:15:00"";""GO"";60;433;""RIO VERDE"";""Sim"";""Falta de Atenção à Condução"";1;""Saída de leito carroçável"";""Com Vítimas Feridas"";""Amanhecer"";""Decrescente"";""Céu Claro"";""Dupla"";""Reta"";""Não"";324933;""Automóvel"";""I/NISSAN SENTRA 20SL CVT"";2013;""Condutor"";""Lesões Graves"";31;""Masculino"";0;0;1;0;-17",8291;-51,"3566;""SR-GO"";""DEL1/4"";""UOP01/GO""",
"182261;403291;2019-01-01;""terça-feira"";""08:50:00"";""RS"";290;477","2;""ROSARIO DO SUL"";""Sim"";""Ingestão de Álcool"";1;""Colisão traseira"";""Com Vítimas Feridas"";""Pleno dia"";""Crescente"";""Nublado"";""Simples"";""Reta"";""Não"";324934;""Caminhonete"";""VW/SAVEIRO GL 1.8"";1995;""Condutor"";""Ileso"";30;""Masculino"";1;0;0;0;-30",240948;-54,"888885;""SR-RS"";""DEL9/11"";""UOP02/RS"""
"182261;403291;2019-01-01;""terça-feira"";""08:50:00"";""RS"";290;477","2;""ROSARIO DO SUL"";""Não"";""Defeito na Via"";1;""Colisão traseira"";""Com Vítimas Feridas"";""Pleno dia"";""Crescente"";""Nublado"";""Simples"";""Reta"";""Não"";324934;""Caminhonete"";""VW/SAVEIRO GL 1.8"";1995;""Condutor"";""Ileso"";30;""Masculino"";1;0;0;0;-30",240948;-54,"888885;""SR-RS"";""DEL9/11"";""UOP02/RS"""
"182261;403291;2019-01-01;""terça-feira"";""08:50:00"";""RS"";290;477","2;""ROSARIO DO SUL"";""Não"";""Não guardar distância de segurança"";1;""Colisão traseira"";""Com Vítimas Feridas"";""Pleno dia"";""Crescente"";""Nublado"";""Simples"";""Reta"";""Não"";324934;""Caminhonete"";""VW/SAVEIRO GL 1.8"";1995;""Condutor"";""Ileso"";30;""Masculino"";1;0;0;0;-30",240948;-54,"888885;""SR-RS"";""DEL9/11"";""UOP02/RS"""
"182261;403293;2019-01-01;""terça-feira"";""08:50:00"";""RS"";290;477","2;""ROSARIO DO SUL"";""Sim"";""Ingestão de Álcool"";1;""Colisão traseira"";""Com Vítimas Feridas"";""Pleno dia"";""Crescente"";""Nublado"";""Simples"";""Reta"";""Não"";324935;""Automóvel"";""GM/MONZA SL"";1988;""Condutor"";""Ileso"";61;""Masculino"";1;0;0;0;-30",240948;-54,"888885;""SR-RS"";""DEL9/11"";""UOP02/RS"""
"182261;403293;2019-01-01;""terça-feira"";""08:50:00"";""RS"";290;477","2;""ROSARIO DO SUL"";""Não"";""Defeito na Via"";1;""Colisão traseira"";""Com Vítimas Feridas"";""Pleno dia"";""Crescente"";""Nublado"";""Simples"";""Reta"";""Não"";324935;""Automóvel"";""GM/MONZA SL"";1988;""Condutor"";""Ileso"";61;""Masculino"";1;0;0;0;-30",240948;-54,"888885;""SR-RS"";""DEL9/11"";""UOP02/RS"""
"182261;403293;2019-01-01;""terça-feira"";""08:50:00"";""RS"";290;477","2;""ROSARIO DO SUL"";""Não"";""Não guardar distância de segurança"";1;""Colisão traseira"";""Com Vítimas Feridas"";""Pleno dia"";""Crescente"";""Nublado"";""Simples"";""Reta"";""Não"";324935;""Automóvel"";""GM/MONZA SL"";1988;""Condutor"";""Ileso"";61;""Masculino"";1;0;0;0;-30",240948;-54,"888885;""SR-RS"";""DEL9/11"";""UOP02/RS"""
"182261;403292;2019-01-01;""terça-feira"";""08:50:00"";""RS"";290;477","2;""ROSARIO DO SUL"";""Sim"";""Ingestão de Álcool"";1;""Colisão traseira"";""Com Vítimas Feridas"";""Pleno dia"";""Crescente"";""Nublado"";""Simples"";""Reta"";""Não"";324934;""Caminhonete"";""VW/SAVEIRO GL 1.8"";1995;""Passageiro"";""Lesões Leves"";25;""Masculino"";0;1;0;0;-30",240948;-54,"888885;""SR-RS"";""DEL9/11"";""UOP02/RS"""
"182261;403292;2019-01-01;""terça-feira"";""08:50:00"";""RS"";290;477","2;""ROSARIO DO SUL"";""Não"";""Defeito na Via"";1;""Colisão traseira"";""Com Vítimas Feridas"";""Pleno dia"";""Crescente"";""Nublado"";""Simples"";""Reta"";""Não"";324934;""Caminhonete"";""VW/SAVEIRO GL 1.8"";1995;""Passageiro"";""Lesões Leves"";25;""Masculino"";0;1;0;0;-30",240948;-54,"888885;""SR-RS"";""DEL9/11"";""UOP02/RS"""
"182261;403292;2019-01-01;""terça-feira"";""08:50:00"";""RS"";290;477","2;""ROSARIO DO SUL"";""Não"";""Não guardar distância de segurança"";1;""Colisão traseira"";""Com Vítimas Feridas"";""Pleno dia"";""Crescente"";""Nublado"";""Simples"";""Reta"";""Não"";324934;""Caminhonete"";""VW/SAVEIRO GL 1.8"";1995;""Passageiro"";""Lesões Leves"";25;""Masculino"";0;1;0;0;-30",240948;-54,"888885;""SR-RS"";""DEL9/11"";""UOP02/RS"""
"182262;402222;2019-01-01;""terça-feira"";""09:40:00"";""PR"";277;531","3;""CAMPO BONITO"";""Sim"";""Desobediência às normas de trânsito pelo condutor"";1;""Colisão transversal"";""Com Vítimas Feridas"";""Pleno dia"";""Decrescente"";""Sol"";""Simples"";""Interseção de vias"";""Não"";324952;""Motocicleta"";""I/CHACOMER KENTON GL200"";NA;""Condutor"";""Lesões Leves"";43;""Masculino"";0;1;0;0;-25",09843276;-52,"97170125;""SR-PR"";""DEL7/4"";""UOP02/PR"""
"182262;402218;2019-01-01;""terça-feira"";""09:40:00"";""PR"";277;531","3;""CAMPO BONITO"";""Sim"";""Desobediência às normas de trânsito pelo condutor"";1;""Colisão transversal"";""Com Vítimas Feridas"";""Pleno dia"";""Decrescente"";""Sol"";""Simples"";""Interseção de vias"";""Não"";324951;""Automóvel"";""CHEVROLET/CRUZE LT NB"";2012;""Condutor"";""Ileso"";43;""Masculino"";1;0;0;0;-25",09843276;-52,"97170125;""SR-PR"";""DEL7/4"";""UOP02/PR"""
"182263;402859;2019-01-01;""terça-feira"";""05:00:00"";""MT"";158;599","5;""AGUA BOA"";""Sim"";""Defeito Mecânico no Veículo"";1;""Incêndio"";""Sem Vítimas"";""Amanhecer"";""Decrescente"";""Garoa/Chuvisco"";""Simples"";""Reta"";""Não"";324940;""Caminhão"";""FORD/CARGO 815 N"";2011;""Condutor"";""Ileso"";30;""Masculino"";1;0;0;0;-14",319;-52,"169;""SR-MT"";""DEL2/8"";""UOP02/MT"""
"182264;402238;2019-01-01;""terça-feira"";""09:30:00"";""GO"";153;496;""GOIANIA"";""Sim"";""Falta de Atenção à Condução"";1;""Colisão lateral"";""Sem Vítimas"";""Pleno dia"";""Decrescente"";""Céu Claro"";""Simples"";""Reta"";""Sim"";324964;""Motocicleta"";""HONDA/CG 150 TITAN ESD"";2011;""Condutor"";""Não Informado"";NA;""Não Informado"";0;0;0;0;-16",6776;-49,"2314;""SR-GO"";""DEL1/1"";""UOP01/GO""",
"182264;402234;2019-01-01;""terça-feira"";""09:30:00"";""GO"";153;496;""GOIANIA"";""Sim"";""Falta de Atenção à Condução"";1;""Colisão lateral"";""Sem Vítimas"";""Pleno dia"";""Decrescente"";""Céu Claro"";""Simples"";""Reta"";""Sim"";324959;""Ônibus"";""MBENZ/MPOLO PARADISO R"";2011;""Condutor"";""Ileso"";45;""Masculino"";1;0;0;0;-16",6776;-49,"2314;""SR-GO"";""DEL1/1"";""UOP01/GO""",
"182265;402196;2019-01-01;""terça-feira"";""09:28:00"";""PR"";369;512","9;""CASCAVEL"";""Sim"";""Falta de Atenção à Condução"";1;""Saída de leito carroçável"";""Com Vítimas Feridas"";""Pleno dia"";""Decrescente"";""Céu Claro"";""Simples"";""Reta"";""Não"";324942;""Automóvel"";""VW/GOL CL"";1993;""Condutor"";""Lesões Leves"";47;""Masculino"";0;1;0;0;-24",8717;-53,"3423;""SR-PR"";""DEL7/4"";""UOP01/PR"""
"182268;402200;2019-01-01;""terça-feira"";""07:30:00"";""MG"";365;645","6;""UBERLANDIA"";""Sim"";""Pista Escorregadia"";1;""Capotamento"";""Com Vítimas Feridas"";""Pleno dia"";""Decrescente"";""Nublado"";""Dupla"";""Reta"";""Não"";324943;""Automóvel"";""FIAT/PALIO FIRE ECONOMY"";2013;""Condutor"";""Lesões Leves"";28;""Masculino"";0;1;0;0;-18",8857;-48,"4645;""SR-MG"";""DEL4/15"";""UOP01/MG"""
"182269;402306;2019-01-01;""terça-feira"";""10:00:00"";""ES"";101;121","3;""SOORETAMA"";""Sim"";""Condutor Dormindo"";1;""Colisão lateral"";""Com Vítimas Feridas"";""Pleno dia"";""Crescente"";""Céu Claro"";""Simples"";""Reta"";""Não"";324975;""Automóvel"";""GM/OMEGA GLS"";1993;""Condutor"";""Lesões Graves"";38;""Masculino"";0;0;1;0;-19",15490874;-40,"08092881;""SR-ES"";""DEL12/4"";""UOP01/ES"""
"182269;402306;2019-01-01;""terça-feira"";""10:00:00"";""ES"";101;121","3;""SOORETAMA"";""Sim"";""Condutor Dormindo"";2;""Saída de leito carroçável"";""Com Vítimas Feridas"";""Pleno dia"";""Crescente"";""Céu Claro"";""Simples"";""Reta"";""Não"";324975;""Automóvel"";""GM/OMEGA GLS"";1993;""Condutor"";""Lesões Graves"";38;""Masculino"";0;0;1;0;-19",15490874;-40,"08092881;""SR-ES"";""DEL12/4"";""UOP01/ES"""
"182269;402304;2019-01-01;""terça-feira"";""10:00:00"";""ES"";101;121","3;""SOORETAMA"";""Sim"";""Condutor Dormindo"";1;""Colisão lateral"";""Com Vítimas Feridas"";""Pleno dia"";""Crescente"";""Céu Claro"";""Simples"";""Reta"";""Não"";324974;""Automóvel"";""VW/GOL 1.0 GIV"";2010;""Condutor"";""Ileso"";40;""Masculino"";1;0;0;0;-19",15490874;-40,"08092881;""SR-ES"";""DEL12/4"";""UOP01/ES"""
"182269;402304;2019-01-01;""terça-feira"";""10:00:00"";""ES"";101;121","3;""SOORETAMA"";""Sim"";""Condutor Dormindo"";2;""Saída de leito carroçável"";""Com Vítimas Feridas"";""Pleno dia"";""Crescente"";""Céu Claro"";""Simples"";""Reta"";""Não"";324974;""Automóvel"";""VW/GOL 1.0 GIV"";2010;""Condutor"";""Ileso"";40;""Masculino"";1;0;0;0;-19",15490874;-40,"08092881;""SR-ES"";""DEL12/4"";""UOP01/ES"""
"182271;402536;2019-01-01;""terça-feira"";""04:15:00"";""PB"";361;38","8;""CATINGUEIRA"";""Sim"";""Ingestão de Álcool"";4;""Queda de ocupante de veículo"";""Com Vítimas Fatais"";""Plena Noite"";""Crescente"";""Céu Claro"";""Simples"";""Reta"";""Não"";325144;""Motocicleta"";""HONDA/POP100"";2014;""Condutor"";""Lesões Graves"";22;""Masculino"";0;0;1;0;-7",10157405;-37,"60036469;""SR-PB"";""DEL14/3"";""UOP01/PB"""
"182271;402536;2019-01-01;""terça-feira"";""04:15:00"";""PB"";361;38","8;""CATINGUEIRA"";""Sim"";""Ingestão de Álcool"";3;""Tombamento"";""Com Vítimas Fatais"";""Plena Noite"";""Crescente"";""Céu Claro"";""Simples"";""Reta"";""Não"";325144;""Motocicleta"";""HONDA/POP100"";2014;""Condutor"";""Lesões Graves"";22;""Masculino"";0;0;1;0;-7",10157405;-37,"60036469;""SR-PB"";""DEL14/3"";""UOP01/PB"""
"182271;402536;2019-01-01;""terça-feira"";""04:15:00"";""PB"";361;38","8;""CATINGUEIRA"";""Sim"";""Ingestão de Álcool"";2;""Colisão com objeto estático"";""Com Vítimas Fatais"";""Plena Noite"";""Crescente"";""Céu Claro"";""Simples"";""Reta"";""Não"";325144;""Motocicleta"";""HONDA/POP100"";2014;""Condutor"";""Lesões Graves"";22;""Masculino"";0;0;1;0;-7",10157405;-37,"60036469;""SR-PB"";""DEL14/3"";""UOP01/PB"""
"182271;402536;2019-01-01;""terça-feira"";""04:15:00"";""PB"";361;38","8;""CATINGUEIRA"";""Sim"";""Ingestão de Álcool"";1;""Saída de leito carroçável"";""Com Vítimas Fatais"";""Plena Noite"";""Crescente"";""Céu Claro"";""Simples"";""Reta"";""Não"";325144;""Motocicleta"";""HONDA/POP100"";2014;""Condutor"";""Lesões Graves"";22;""Masculino"";0;0;1;0;-7",10157405;-37,"60036469;""SR-PB"";""DEL14/3"";""UOP01/PB"""
"182271;403314;2019-01-01;""terça-feira"";""04:15:00"";""PB"";361;38","8;""CATINGUEIRA"";""Sim"";""Ingestão de Álcool"";4;""Queda de ocupante de veículo"";""Com Vítimas Fatais"";""Plena Noite"";""Crescente"";""Céu Claro"";""Simples"";""Reta"";""Não"";325144;""Motocicleta"";""HONDA/POP100"";2014;""Passageiro"";""Óbito"";29;""Feminino"";0;0;0;1;-7",10157405;-37,"60036469;""SR-PB"";""DEL14/3"";""UOP01/PB"""
"182271;403314;2019-01-01;""terça-feira"";""04:15:00"";""PB"";361;38","8;""CATINGUEIRA"";""Sim"";""Ingestão de Álcool"";3;""Tombamento"";""Com Vítimas Fatais"";""Plena Noite"";""Crescente"";""Céu Claro"";""Simples"";""Reta"";""Não"";325144;""Motocicleta"";""HONDA/POP100"";2014;""Passageiro"";""Óbito"";29;""Feminino"";0;0;0;1;-7",10157405;-37,"60036469;""SR-PB"";""DEL14/3"";""UOP01/PB"""
"182271;403314;2019-01-01;""terça-feira"";""04:15:00"";""PB"";361;38","8;""CATINGUEIRA"";""Sim"";""Ingestão de Álcool"";2;""Colisão com objeto estático"";""Com Vítimas Fatais"";""Plena Noite"";""Crescente"";""Céu Claro"";""Simples"";""Reta"";""Não"";325144;""Motocicleta"";""HONDA/POP100"";2014;""Passageiro"";""Óbito"";29;""Feminino"";0;0;0;1;-7",10157405;-37,"60036469;""SR-PB"";""DEL14/3"";""UOP01/PB"""
"182271;403314;2019-01-01;""terça-feira"";""04:15:00"";""PB"";361;38","8;""CATINGUEIRA"";""Sim"";""Ingestão de Álcool"";1;""Saída de leito carroçável"";""Com Vítimas Fatais"";""Plena Noite"";""Crescente"";""Céu Claro"";""Simples"";""Reta"";""Não"";325144;""Motocicleta"";""HONDA/POP100"";2014;""Passageiro"";""Óbito"";29;""Feminino"";0;0;0;1;-7",10157405;-37,"60036469;""SR-PB"";""DEL14/3"";""UOP01/PB"""