"id;""pesid"";""data_inversa"";""dia_semana"";""horario"";""uf"";""br"";""km"";""municipio"";""causa_principal"";""causa_acidente"";""ordem_tipo_acidente"";""tipo_acidente"";""classificacao_acidente"";""fase_dia"";""sentido_via"";""condicao_metereologica"";""tipo_pista"";""tracado_via"";""uso_solo"";""id_veiculo"";""tipo_veiculo"";""marca"";""ano_fabricacao_veiculo"";""tipo_envolvido"";""estado_fisico"";""idade"";""sexo"";""ilesos"";""feridos_leves"";""feridos_graves"";""mortos"";""latitude"";""longitude"";""regional"";""delegacia"";""uop""",,,
"182272;402285;2019-01-01;""terça-feira"";""10:15:00"";""RS"";290;500","4;""ROSARIO DO SUL"";""Não"";""Falta de Atenção à Condução"";3;""Colisão com objeto estático"";""Com Vítimas Fatais"";""Pleno dia"";""Crescente"";""Céu Claro"";""Simples"";""Reta"";""Não"";324991;""Motocicleta"";""HONDA/NXR150 BROS ES"";2012;""Condutor"";""Óbito"";56;""Masculino"";0;0;0;1;-30",18096;-55,"103222;""SR-RS"";""DEL9/11"";""UOP02/RS"""
"182272;402285;2019-01-01;""terça-feira"";""10:15:00"";""RS"";290;500","4;""ROSARIO DO SUL"";""Sim"";""Condutor Dormindo"";3;""Colisão com objeto estático"";""Com Vítimas Fatais"";""Pleno dia"";""Crescente"";""Céu Claro"";""Simples"";""Reta"";""Não"";324991;""Motocicleta"";""HONDA/NXR150 BROS ES"";2012;""Condutor"";""Óbito"";56;""Masculino"";0;0;0;1;-30",18096;-55,"103222;""SR-RS"";""DEL9/11"";""UOP02/RS"""
"182272;402285;2019-01-01;""terça-feira"";""10:15:00"";""RS"";290;500","4;""ROSARIO DO SUL"";""Não"";""Falta de Atenção à Condução"";2;""Saída de leito carroçável"";""Com Vítimas Fatais"";""Pleno dia"";""Crescente"";""Céu Claro"";""Simples"";""Reta"";""Não"";324991;""Motocicleta"";""HONDA/NXR150 BROS ES"";2012;""Condutor"";""Óbito"";56;""Masculino"";0;0;0;1;-30",18096;-55,"103222;""SR-RS"";""DEL9/11"";""UOP02/RS"""
"182272;402285;2019-01-01;""terça-feira"";""10:15:00"";""RS"";290;500","4;""ROSARIO DO SUL"";""Sim"";""Condutor Dormindo"";2;""Saída de leito carroçável"";""Com Vítimas Fatais"";""Pleno dia"";""Crescente"";""Céu Claro"";""Simples"";""Reta"";""Não"";324991;""Motocicleta"";""HONDA/NXR150 BROS ES"";2012;""Condutor"";""Óbito"";56;""Masculino"";0;0;0;1;-30",18096;-55,"103222;""SR-RS"";""DEL9/11"";""UOP02/RS"""
"182272;402285;2019-01-01;""terça-feira"";""10:15:00"";""RS"";290;500","4;""ROSARIO DO SUL"";""Não"";""Falta de Atenção à Condução"";1;""Colisão frontal"";""Com Vítimas Fatais"";""Pleno dia"";""Crescente"";""Céu Claro"";""Simples"";""Reta"";""Não"";324991;""Motocicleta"";""HONDA/NXR150 BROS ES"";2012;""Condutor"";""Óbito"";56;""Masculino"";0;0;0;1;-30",18096;-55,"103222;""SR-RS"";""DEL9/11"";""UOP02/RS"""
"182272;402285;2019-01-01;""terça-feira"";""10:15:00"";""RS"";290;500","4;""ROSARIO DO SUL"";""Sim"";""Condutor Dormindo"";1;""Colisão frontal"";""Com Vítimas Fatais"";""Pleno dia"";""Crescente"";""Céu Claro"";""Simples"";""Reta"";""Não"";324991;""Motocicleta"";""HONDA/NXR150 BROS ES"";2012;""Condutor"";""Óbito"";56;""Masculino"";0;0;0;1;-30",18096;-55,"103222;""SR-RS"";""DEL9/11"";""UOP02/RS"""
"182272;402653;2019-01-01;""terça-feira"";""10:15:00"";""RS"";290;500","4;""ROSARIO DO SUL"";""Não"";""Falta de Atenção à Condução"";3;""Colisão com objeto estático"";""Com Vítimas Fatais"";""Pleno dia"";""Crescente"";""Céu Claro"";""Simples"";""Reta"";""Não"";324992;""Automóvel"";""VW/GOL 1.0"";2007;""Condutor"";""Lesões Graves"";57;""Feminino"";0;0;1;0;-30",18096;-55,"103222;""SR-RS"";""DEL9/11"";""UOP02/RS"""
"182272;402653;2019-01-01;""terça-feira"";""10:15:00"";""RS"";290;500","4;""ROSARIO DO SUL"";""Sim"";""Condutor Dormindo"";3;""Colisão com objeto estático"";""Com Vítimas Fatais"";""Pleno dia"";""Crescente"";""Céu Claro"";""Simples"";""Reta"";""Não"";324992;""Automóvel"";""VW/GOL 1.0"";2007;""Condutor"";""Lesões Graves"";57;""Feminino"";0;0;1;0;-30",18096;-55,"103222;""SR-RS"";""DEL9/11"";""UOP02/RS"""
"182272;402653;2019-01-01;""terça-feira"";""10:15:00"";""RS"";290;500","4;""ROSARIO DO SUL"";""Não"";""Falta de Atenção à Condução"";2;""Saída de leito carroçável"";""Com Vítimas Fatais"";""Pleno dia"";""Crescente"";""Céu Claro"";""Simples"";""Reta"";""Não"";324992;""Automóvel"";""VW/GOL 1.0"";2007;""Condutor"";""Lesões Graves"";57;""Feminino"";0;0;1;0;-30",18096;-55,"103222;""SR-RS"";""DEL9/11"";""UOP02/RS"""
"182272;402653;2019-01-01;""terça-feira"";""10:15:00"";""RS"";290;500","4;""ROSARIO DO SUL"";""Sim"";""Condutor Dormindo"";2;""Saída de leito carroçável"";""Com Vítimas Fatais"";""Pleno dia"";""Crescente"";""Céu Claro"";""Simples"";""Reta"";""Não"";324992;""Automóvel"";""VW/GOL 1.0"";2007;""Condutor"";""Lesões Graves"";57;""Feminino"";0;0;1;0;-30",18096;-55,"103222;""SR-RS"";""DEL9/11"";""UOP02/RS"""
"182272;402653;2019-01-01;""terça-feira"";""10:15:00"";""RS"";290;500","4;""ROSARIO DO SUL"";""Não"";""Falta de Atenção à Condução"";1;""Colisão frontal"";""Com Vítimas Fatais"";""Pleno dia"";""Crescente"";""Céu Claro"";""Simples"";""Reta"";""Não"";324992;""Automóvel"";""VW/GOL 1.0"";2007;""Condutor"";""Lesões Graves"";57;""Feminino"";0;0;1;0;-30",18096;-55,"103222;""SR-RS"";""DEL9/11"";""UOP02/RS"""
"182272;402653;2019-01-01;""terça-feira"";""10:15:00"";""RS"";290;500","4;""ROSARIO DO SUL"";""Sim"";""Condutor Dormindo"";1;""Colisão frontal"";""Com Vítimas Fatais"";""Pleno dia"";""Crescente"";""Céu Claro"";""Simples"";""Reta"";""Não"";324992;""Automóvel"";""VW/GOL 1.0"";2007;""Condutor"";""Lesões Graves"";57;""Feminino"";0;0;1;0;-30",18096;-55,"103222;""SR-RS"";""DEL9/11"";""UOP02/RS"""
"182272;402656;2019-01-01;""terça-feira"";""10:15:00"";""RS"";290;500","4;""ROSARIO DO SUL"";""Não"";""Falta de Atenção à Condução"";3;""Colisão com objeto estático"";""Com Vítimas Fatais"";""Pleno dia"";""Crescente"";""Céu Claro"";""Simples"";""Reta"";""Não"";324992;""Automóvel"";""VW/GOL 1.0"";2007;""Passageiro"";""Lesões Leves"";46;""Masculino"";0;1;0;0;-30",18096;-55,"103222;""SR-RS"";""DEL9/11"";""UOP02/RS"""
"182272;402656;2019-01-01;""terça-feira"";""10:15:00"";""RS"";290;500","4;""ROSARIO DO SUL"";""Sim"";""Condutor Dormindo"";3;""Colisão com objeto estático"";""Com Vítimas Fatais"";""Pleno dia"";""Crescente"";""Céu Claro"";""Simples"";""Reta"";""Não"";324992;""Automóvel"";""VW/GOL 1.0"";2007;""Passageiro"";""Lesões Leves"";46;""Masculino"";0;1;0;0;-30",18096;-55,"103222;""SR-RS"";""DEL9/11"";""UOP02/RS"""
"182272;402656;2019-01-01;""terça-feira"";""10:15:00"";""RS"";290;500","4;""ROSARIO DO SUL"";""Não"";""Falta de Atenção à Condução"";2;""Saída de leito carroçável"";""Com Vítimas Fatais"";""Pleno dia"";""Crescente"";""Céu Claro"";""Simples"";""Reta"";""Não"";324992;""Automóvel"";""VW/GOL 1.0"";2007;""Passageiro"";""Lesões Leves"";46;""Masculino"";0;1;0;0;-30",18096;-55,"103222;""SR-RS"";""DEL9/11"";""UOP02/RS"""
"182272;402656;2019-01-01;""terça-feira"";""10:15:00"";""RS"";290;500","4;""ROSARIO DO SUL"";""Sim"";""Condutor Dormindo"";2;""Saída de leito carroçável"";""Com Vítimas Fatais"";""Pleno dia"";""Crescente"";""Céu Claro"";""Simples"";""Reta"";""Não"";324992;""Automóvel"";""VW/GOL 1.0"";2007;""Passageiro"";""Lesões Leves"";46;""Masculino"";0;1;0;0;-30",18096;-55,"103222;""SR-RS"";""DEL9/11"";""UOP02/RS"""
"182272;402656;2019-01-01;""terça-feira"";""10:15:00"";""RS"";290;500","4;""ROSARIO DO SUL"";""Não"";""Falta de Atenção à Condução"";1;""Colisão frontal"";""Com Vítimas Fatais"";""Pleno dia"";""Crescente"";""Céu Claro"";""Simples"";""Reta"";""Não"";324992;""Automóvel"";""VW/GOL 1.0"";2007;""Passageiro"";""Lesões Leves"";46;""Masculino"";0;1;0;0;-30",18096;-55,"103222;""SR-RS"";""DEL9/11"";""UOP02/RS"""
"182272;402656;2019-01-01;""terça-feira"";""10:15:00"";""RS"";290;500","4;""ROSARIO DO SUL"";""Sim"";""Condutor Dormindo"";1;""Colisão frontal"";""Com Vítimas Fatais"";""Pleno dia"";""Crescente"";""Céu Claro"";""Simples"";""Reta"";""Não"";324992;""Automóvel"";""VW/GOL 1.0"";2007;""Passageiro"";""Lesões Leves"";46;""Masculino"";0;1;0;0;-30",18096;-55,"103222;""SR-RS"";""DEL9/11"";""UOP02/RS"""
"182274;402208;2019-01-01;""terça-feira"";""10:00:00"";""RJ"";40;109;""DUQUE DE CAXIAS"";""Sim"";""Ingestão de Álcool"";1;""Colisão com objeto estático"";""Com Vítimas Feridas"";""Pleno dia"";""Decrescente"";""Céu Claro"";""Múltipla"";""Reta"";""Não"";324949;""Automóvel"";""GM/CELTA 4P LIFE"";2007;""Condutor"";""Lesões Leves"";29;""Masculino"";0;1;0;0;-22",6836;-43,"2852;""SR-RJ"";""DEL5/1"";""UOP01/RJ""",
"182275;403451;2019-01-01;""terça-feira"";""05:30:00"";""RO"";364;388;""OURO PRETO DO OESTE"";""Sim"";""Falta de Atenção à Condução"";1;""Colisão transversal"";""Com Vítimas Feridas"";""Pleno dia"";""Decrescente"";""Nublado"";""Simples"";""Interseção de vias"";""Sim"";324962;""Motocicleta"";""HONDA/NXR160 BROS ESDD"";2018;""Condutor"";""Lesões Leves"";17;""Masculino"";0;1;0;0;-10",687018;-62,"274075;""SR-RO"";""DEL21/3"";""UOP02/RO""",
"182275;403451;2019-01-01;""terça-feira"";""05:30:00"";""RO"";364;388;""OURO PRETO DO OESTE"";""Não"";""Desobediência às normas de trânsito pelo condutor"";1;""Colisão transversal"";""Com Vítimas Feridas"";""Pleno dia"";""Decrescente"";""Nublado"";""Simples"";""Interseção de vias"";""Sim"";324962;""Motocicleta"";""HONDA/NXR160 BROS ESDD"";2018;""Condutor"";""Lesões Leves"";17;""Masculino"";0;1;0;0;-10",687018;-62,"274075;""SR-RO"";""DEL21/3"";""UOP02/RO""",
"182275;403480;2019-01-01;""terça-feira"";""05:30:00"";""RO"";364;388;""OURO PRETO DO OESTE"";""Sim"";""Falta de Atenção à Condução"";1;""Colisão transversal"";""Com Vítimas Feridas"";""Pleno dia"";""Decrescente"";""Nublado"";""Simples"";""Interseção de vias"";""Sim"";324963;""Automóvel"";""VW/GOL 1.6 POWER"";2007;""Passageiro"";""Ileso"";49;""Masculino"";1;0;0;0;-10",687018;-62,"274075;""SR-RO"";""DEL21/3"";""UOP02/RO""",
"182275;403480;2019-01-01;""terça-feira"";""05:30:00"";""RO"";364;388;""OURO PRETO DO OESTE"";""Não"";""Desobediência às normas de trânsito pelo condutor"";1;""Colisão transversal"";""Com Vítimas Feridas"";""Pleno dia"";""Decrescente"";""Nublado"";""Simples"";""Interseção de vias"";""Sim"";324963;""Automóvel"";""VW/GOL 1.6 POWER"";2007;""Passageiro"";""Ileso"";49;""Masculino"";1;0;0;0;-10",687018;-62,"274075;""SR-RO"";""DEL21/3"";""UOP02/RO""",
"182275;403479;2019-01-01;""terça-feira"";""05:30:00"";""RO"";364;388;""OURO PRETO DO OESTE"";""Sim"";""Falta de Atenção à Condução"";1;""Colisão transversal"";""Com Vítimas Feridas"";""Pleno dia"";""Decrescente"";""Nublado"";""Simples"";""Interseção de vias"";""Sim"";324963;""Automóvel"";""VW/GOL 1.6 POWER"";2007;""Condutor"";""Ileso"";46;""Masculino"";1;0;0;0;-10",687018;-62,"274075;""SR-RO"";""DEL21/3"";""UOP02/RO""",
"182275;403479;2019-01-01;""terça-feira"";""05:30:00"";""RO"";364;388;""OURO PRETO DO OESTE"";""Não"";""Desobediência às normas de trânsito pelo condutor"";1;""Colisão transversal"";""Com Vítimas Feridas"";""Pleno dia"";""Decrescente"";""Nublado"";""Simples"";""Interseção de vias"";""Sim"";324963;""Automóvel"";""VW/GOL 1.6 POWER"";2007;""Condutor"";""Ileso"";46;""Masculino"";1;0;0;0;-10",687018;-62,"274075;""SR-RO"";""DEL21/3"";""UOP02/RO""",
"182275;403474;2019-01-01;""terça-feira"";""05:30:00"";""RO"";364;388;""OURO PRETO DO OESTE"";""Sim"";""Falta de Atenção à Condução"";1;""Colisão transversal"";""Com Vítimas Feridas"";""Pleno dia"";""Decrescente"";""Nublado"";""Simples"";""Interseção de vias"";""Sim"";324962;""Motocicleta"";""HONDA/NXR160 BROS ESDD"";2018;""Passageiro"";""Lesões Graves"";23;""Feminino"";0;0;1;0;-10",687018;-62,"274075;""SR-RO"";""DEL21/3"";""UOP02/RO""",
"182275;403474;2019-01-01;""terça-feira"";""05:30:00"";""RO"";364;388;""OURO PRETO DO OESTE"";""Não"";""Desobediência às normas de trânsito pelo condutor"";1;""Colisão transversal"";""Com Vítimas Feridas"";""Pleno dia"";""Decrescente"";""Nublado"";""Simples"";""Interseção de vias"";""Sim"";324962;""Motocicleta"";""HONDA/NXR160 BROS ESDD"";2018;""Passageiro"";""Lesões Graves"";23;""Feminino"";0;0;1;0;-10",687018;-62,"274075;""SR-RO"";""DEL21/3"";""UOP02/RO""",
"182277;NA;2019-01-01;""terça-feira"";""10:00:00"";""PA"";10;34;""DOM ELISEU"";""Sim"";""Velocidade Incompatível"";1;""Colisão traseira"";""Sem Vítimas"";""Pleno dia"";""Decrescente"";""Nublado"";""Simples"";""Não Informado"";""Não"";325335;""Semireboque"";""SR/RANDON SRTM FL"";2014;""Não Informado"";""Não Informado"";NA;""Não Informado"";0;0;0;0;-4",15296734;-47,"54608154;""SR-PA"";""DEL19/2"";""UOP03/PA""",
"182277;NA;2019-01-01;""terça-feira"";""10:00:00"";""PA"";10;34;""DOM ELISEU"";""Não"";""Ultrapassagem Indevida"";1;""Colisão traseira"";""Sem Vítimas"";""Pleno dia"";""Decrescente"";""Nublado"";""Simples"";""Não Informado"";""Não"";325335;""Semireboque"";""SR/RANDON SRTM FL"";2014;""Não Informado"";""Não Informado"";NA;""Não Informado"";0;0;0;0;-4",15296734;-47,"54608154;""SR-PA"";""DEL19/2"";""UOP03/PA""",
"182277;NA;2019-01-01;""terça-feira"";""10:00:00"";""PA"";10;34;""DOM ELISEU"";""Sim"";""Velocidade Incompatível"";1;""Colisão traseira"";""Sem Vítimas"";""Pleno dia"";""Decrescente"";""Nublado"";""Simples"";""Não Informado"";""Não"";325336;""Semireboque"";""SR/RANDON SRTM FL"";2014;""Não Informado"";""Não Informado"";NA;""Não Informado"";0;0;0;0;-4",15296734;-47,"54608154;""SR-PA"";""DEL19/2"";""UOP03/PA""",
"182277;NA;2019-01-01;""terça-feira"";""10:00:00"";""PA"";10;34;""DOM ELISEU"";""Não"";""Ultrapassagem Indevida"";1;""Colisão traseira"";""Sem Vítimas"";""Pleno dia"";""Decrescente"";""Nublado"";""Simples"";""Não Informado"";""Não"";325336;""Semireboque"";""SR/RANDON SRTM FL"";2014;""Não Informado"";""Não Informado"";NA;""Não Informado"";0;0;0;0;-4",15296734;-47,"54608154;""SR-PA"";""DEL19/2"";""UOP03/PA""",
"182277;NA;2019-01-01;""terça-feira"";""10:00:00"";""PA"";10;34;""DOM ELISEU"";""Sim"";""Velocidade Incompatível"";1;""Colisão traseira"";""Sem Vítimas"";""Pleno dia"";""Decrescente"";""Nublado"";""Simples"";""Não Informado"";""Não"";325337;""Semireboque"";""SR/RANDON SRTM FL"";2014;""Não Informado"";""Não Informado"";NA;""Não Informado"";0;0;0;0;-4",15296734;-47,"54608154;""SR-PA"";""DEL19/2"";""UOP03/PA""",
"182277;NA;2019-01-01;""terça-feira"";""10:00:00"";""PA"";10;34;""DOM ELISEU"";""Não"";""Ultrapassagem Indevida"";1;""Colisão traseira"";""Sem Vítimas"";""Pleno dia"";""Decrescente"";""Nublado"";""Simples"";""Não Informado"";""Não"";325337;""Semireboque"";""SR/RANDON SRTM FL"";2014;""Não Informado"";""Não Informado"";NA;""Não Informado"";0;0;0;0;-4",15296734;-47,"54608154;""SR-PA"";""DEL19/2"";""UOP03/PA""",
"182277;402850;2019-01-01;""terça-feira"";""10:00:00"";""PA"";10;34;""DOM ELISEU"";""Sim"";""Velocidade Incompatível"";1;""Colisão traseira"";""Sem Vítimas"";""Pleno dia"";""Decrescente"";""Nublado"";""Simples"";""Não Informado"";""Não"";324958;""Caminhão-trator"";""VOLVO/FH 540 6X4T"";2012;""Condutor"";""Ileso"";54;""Masculino"";1;0;0;0;-4",15296734;-47,"54608154;""SR-PA"";""DEL19/2"";""UOP03/PA""",
"182277;402850;2019-01-01;""terça-feira"";""10:00:00"";""PA"";10;34;""DOM ELISEU"";""Não"";""Ultrapassagem Indevida"";1;""Colisão traseira"";""Sem Vítimas"";""Pleno dia"";""Decrescente"";""Nublado"";""Simples"";""Não Informado"";""Não"";324958;""Caminhão-trator"";""VOLVO/FH 540 6X4T"";2012;""Condutor"";""Ileso"";54;""Masculino"";1;0;0;0;-4",15296734;-47,"54608154;""SR-PA"";""DEL19/2"";""UOP03/PA""",
"182277;402847;2019-01-01;""terça-feira"";""10:00:00"";""PA"";10;34;""DOM ELISEU"";""Sim"";""Velocidade Incompatível"";1;""Colisão traseira"";""Sem Vítimas"";""Pleno dia"";""Decrescente"";""Nublado"";""Simples"";""Não Informado"";""Não"";324957;""Caminhonete"";""I/TOYOTA HILUX CD4X4 SRV"";2010;""Passageiro"";""Ileso"";45;""Masculino"";1;0;0;0;-4",15296734;-47,"54608154;""SR-PA"";""DEL19/2"";""UOP03/PA""",
"182277;402847;2019-01-01;""terça-feira"";""10:00:00"";""PA"";10;34;""DOM ELISEU"";""Não"";""Ultrapassagem Indevida"";1;""Colisão traseira"";""Sem Vítimas"";""Pleno dia"";""Decrescente"";""Nublado"";""Simples"";""Não Informado"";""Não"";324957;""Caminhonete"";""I/TOYOTA HILUX CD4X4 SRV"";2010;""Passageiro"";""Ileso"";45;""Masculino"";1;0;0;0;-4",15296734;-47,"54608154;""SR-PA"";""DEL19/2"";""UOP03/PA""",
"182277;402846;2019-01-01;""terça-feira"";""10:00:00"";""PA"";10;34;""DOM ELISEU"";""Sim"";""Velocidade Incompatível"";1;""Colisão traseira"";""Sem Vítimas"";""Pleno dia"";""Decrescente"";""Nublado"";""Simples"";""Não Informado"";""Não"";324957;""Caminhonete"";""I/TOYOTA HILUX CD4X4 SRV"";2010;""Passageiro"";""Ileso"";42;""Feminino"";1;0;0;0;-4",15296734;-47,"54608154;""SR-PA"";""DEL19/2"";""UOP03/PA""",
"182277;402846;2019-01-01;""terça-feira"";""10:00:00"";""PA"";10;34;""DOM ELISEU"";""Não"";""Ultrapassagem Indevida"";1;""Colisão traseira"";""Sem Vítimas"";""Pleno dia"";""Decrescente"";""Nublado"";""Simples"";""Não Informado"";""Não"";324957;""Caminhonete"";""I/TOYOTA HILUX CD4X4 SRV"";2010;""Passageiro"";""Ileso"";42;""Feminino"";1;0;0;0;-4",15296734;-47,"54608154;""SR-PA"";""DEL19/2"";""UOP03/PA""",
"182277;402844;2019-01-01;""terça-feira"";""10:00:00"";""PA"";10;34;""DOM ELISEU"";""Sim"";""Velocidade Incompatível"";1;""Colisão traseira"";""Sem Vítimas"";""Pleno dia"";""Decrescente"";""Nublado"";""Simples"";""Não Informado"";""Não"";324957;""Caminhonete"";""I/TOYOTA HILUX CD4X4 SRV"";2010;""Passageiro"";""Ileso"";18;""Feminino"";1;0;0;0;-4",15296734;-47,"54608154;""SR-PA"";""DEL19/2"";""UOP03/PA""",
"182277;402844;2019-01-01;""terça-feira"";""10:00:00"";""PA"";10;34;""DOM ELISEU"";""Não"";""Ultrapassagem Indevida"";1;""Colisão traseira"";""Sem Vítimas"";""Pleno dia"";""Decrescente"";""Nublado"";""Simples"";""Não Informado"";""Não"";324957;""Caminhonete"";""I/TOYOTA HILUX CD4X4 SRV"";2010;""Passageiro"";""Ileso"";18;""Feminino"";1;0;0;0;-4",15296734;-47,"54608154;""SR-PA"";""DEL19/2"";""UOP03/PA""",
"182277;402842;2019-01-01;""terça-feira"";""10:00:00"";""PA"";10;34;""DOM ELISEU"";""Sim"";""Velocidade Incompatível"";1;""Colisão traseira"";""Sem Vítimas"";""Pleno dia"";""Decrescente"";""Nublado"";""Simples"";""Não Informado"";""Não"";324957;""Caminhonete"";""I/TOYOTA HILUX CD4X4 SRV"";2010;""Passageiro"";""Ileso"";78;""Feminino"";1;0;0;0;-4",15296734;-47,"54608154;""SR-PA"";""DEL19/2"";""UOP03/PA""",
"182277;402842;2019-01-01;""terça-feira"";""10:00:00"";""PA"";10;34;""DOM ELISEU"";""Não"";""Ultrapassagem Indevida"";1;""Colisão traseira"";""Sem Vítimas"";""Pleno dia"";""Decrescente"";""Nublado"";""Simples"";""Não Informado"";""Não"";324957;""Caminhonete"";""I/TOYOTA HILUX CD4X4 SRV"";2010;""Passageiro"";""Ileso"";78;""Feminino"";1;0;0;0;-4",15296734;-47,"54608154;""SR-PA"";""DEL19/2"";""UOP03/PA""",
"182277;402839;2019-01-01;""terça-feira"";""10:00:00"";""PA"";10;34;""DOM ELISEU"";""Sim"";""Velocidade Incompatível"";1;""Colisão traseira"";""Sem Vítimas"";""Pleno dia"";""Decrescente"";""Nublado"";""Simples"";""Não Informado"";""Não"";324957;""Caminhonete"";""I/TOYOTA HILUX CD4X4 SRV"";2010;""Condutor"";""Ileso"";78;""Masculino"";1;0;0;0;-4",15296734;-47,"54608154;""SR-PA"";""DEL19/2"";""UOP03/PA""",
"182277;402839;2019-01-01;""terça-feira"";""10:00:00"";""PA"";10;34;""DOM ELISEU"";""Não"";""Ultrapassagem Indevida"";1;""Colisão traseira"";""Sem Vítimas"";""Pleno dia"";""Decrescente"";""Nublado"";""Simples"";""Não Informado"";""Não"";324957;""Caminhonete"";""I/TOYOTA HILUX CD4X4 SRV"";2010;""Condutor"";""Ileso"";78;""Masculino"";1;0;0;0;-4",15296734;-47,"54608154;""SR-PA"";""DEL19/2"";""UOP03/PA""",
"182278;402235;2019-01-01;""terça-feira"";""11:20:00"";""SC"";101;213;""PALHOCA"";""Sim"";""Defeito Mecânico no Veículo"";1;""Queda de ocupante de veículo"";""Com Vítimas Feridas"";""Pleno dia"";""Decrescente"";""Céu Claro"";""Dupla"";""Reta"";""Sim"";324960;""Motocicleta"";""HONDA/CG 125 FAN"";2006;""Condutor"";""Lesões Graves"";32;""Masculino"";0;0;1;0;-27",6446;-48,"6705;""SR-SC"";""DEL8/1"";""UOP02/SC""",
"182278;402236;2019-01-01;""terça-feira"";""11:20:00"";""SC"";101;213;""PALHOCA"";""Sim"";""Defeito Mecânico no Veículo"";1;""Queda de ocupante de veículo"";""Com Vítimas Feridas"";""Pleno dia"";""Decrescente"";""Céu Claro"";""Dupla"";""Reta"";""Sim"";324960;""Motocicleta"";""HONDA/CG 125 FAN"";2006;""Passageiro"";""Lesões Leves"";19;""Feminino"";0;1;0;0;-27",6446;-48,"6705;""SR-SC"";""DEL8/1"";""UOP02/SC""",
"182279;402216;2019-01-01;""terça-feira"";""09:00:00"";""MT"";364;585;""DIAMANTINO"";""Sim"";""Pista Escorregadia"";1;""Saída de leito carroçável"";""Com Vítimas Fatais"";""Pleno dia"";""Decrescente"";""Chuva"";""Dupla"";""Reta"";""Não"";324955;""Automóvel"";""CHEV/PRISMA 10MT JOYE"";2016;""Passageiro"";""Óbito"";11;""Masculino"";0;0;0;1;-14",622551;-56,"264637;""SR-MT"";""DEL2/4"";""UOP01/MT""",
"182279;402227;2019-01-01;""terça-feira"";""09:00:00"";""MT"";364;585;""DIAMANTINO"";""Sim"";""Pista Escorregadia"";1;""Saída de leito carroçável"";""Com Vítimas Fatais"";""Pleno dia"";""Decrescente"";""Chuva"";""Dupla"";""Reta"";""Não"";324955;""Automóvel"";""CHEV/PRISMA 10MT JOYE"";2016;""Passageiro"";""Ileso"";6;""Masculino"";1;0;0;0;-14",622551;-56,"264637;""SR-MT"";""DEL2/4"";""UOP01/MT""",
"182279;402226;2019-01-01;""terça-feira"";""09:00:00"";""MT"";364;585;""DIAMANTINO"";""Sim"";""Pista Escorregadia"";1;""Saída de leito carroçável"";""Com Vítimas Fatais"";""Pleno dia"";""Decrescente"";""Chuva"";""Dupla"";""Reta"";""Não"";324955;""Automóvel"";""CHEV/PRISMA 10MT JOYE"";2016;""Passageiro"";""Lesões Leves"";64;""Feminino"";0;1;0;0;-14",622551;-56,"264637;""SR-MT"";""DEL2/4"";""UOP01/MT""",
"182279;402225;2019-01-01;""terça-feira"";""09:00:00"";""MT"";364;585;""DIAMANTINO"";""Sim"";""Pista Escorregadia"";1;""Saída de leito carroçável"";""Com Vítimas Fatais"";""Pleno dia"";""Decrescente"";""Chuva"";""Dupla"";""Reta"";""Não"";324955;""Automóvel"";""CHEV/PRISMA 10MT JOYE"";2016;""Passageiro"";""Lesões Leves"";39;""Feminino"";0;1;0;0;-14",622551;-56,"264637;""SR-MT"";""DEL2/4"";""UOP01/MT""",
"182279;402224;2019-01-01;""terça-feira"";""09:00:00"";""MT"";364;585;""DIAMANTINO"";""Sim"";""Pista Escorregadia"";1;""Saída de leito carroçável"";""Com Vítimas Fatais"";""Pleno dia"";""Decrescente"";""Chuva"";""Dupla"";""Reta"";""Não"";324955;""Automóvel"";""CHEV/PRISMA 10MT JOYE"";2016;""Condutor"";""Ileso"";39;""Masculino"";1;0;0;0;-14",622551;-56,"264637;""SR-MT"";""DEL2/4"";""UOP01/MT""",
"182280;402504;2019-01-01;""terça-feira"";""11:00:00"";""AL"";104;82","6;""RIO LARGO"";""Sim"";""Falta de Atenção à Condução"";2;""Tombamento"";""Com Vítimas Feridas"";""Pleno dia"";""Decrescente"";""Céu Claro"";""Dupla"";""Reta"";""Não"";325020;""Caminhonete"";""FIAT/TORO FREEDOM AT"";2017;""Passageiro"";""Lesões Leves"";1;""Feminino"";0;1;0;0;-9",44627602;-35,"83335849;""SR-AL"";""DEL13/1"";""UOP01/AL"""
"182280;402504;2019-01-01;""terça-feira"";""11:00:00"";""AL"";104;82","6;""RIO LARGO"";""Sim"";""Falta de Atenção à Condução"";1;""Colisão lateral"";""Com Vítimas Feridas"";""Pleno dia"";""Decrescente"";""Céu Claro"";""Dupla"";""Reta"";""Não"";325020;""Caminhonete"";""FIAT/TORO FREEDOM AT"";2017;""Passageiro"";""Lesões Leves"";1;""Feminino"";0;1;0;0;-9",44627602;-35,"83335849;""SR-AL"";""DEL13/1"";""UOP01/AL"""
"182280;402503;2019-01-01;""terça-feira"";""11:00:00"";""AL"";104;82","6;""RIO LARGO"";""Sim"";""Falta de Atenção à Condução"";2;""Tombamento"";""Com Vítimas Feridas"";""Pleno dia"";""Decrescente"";""Céu Claro"";""Dupla"";""Reta"";""Não"";325020;""Caminhonete"";""FIAT/TORO FREEDOM AT"";2017;""Passageiro"";""Lesões Leves"";38;""Masculino"";0;1;0;0;-9",44627602;-35,"83335849;""SR-AL"";""DEL13/1"";""UOP01/AL"""