"id;""pesid"";""data_inversa"";""dia_semana"";""horario"";""uf"";""br"";""km"";""municipio"";""causa_principal"";""causa_acidente"";""ordem_tipo_acidente"";""tipo_acidente"";""classificacao_acidente"";""fase_dia"";""sentido_via"";""condicao_metereologica"";""tipo_pista"";""tracado_via"";""uso_solo"";""id_veiculo"";""tipo_veiculo"";""marca"";""ano_fabricacao_veiculo"";""tipo_envolvido"";""estado_fisico"";""idade"";""sexo"";""ilesos"";""feridos_leves"";""feridos_graves"";""mortos"";""latitude"";""longitude"";""regional"";""delegacia"";""uop""",,,
"182294;402373;2019-01-01;""terça-feira"";""11:30:00"";""MG"";40;462;""SETE LAGOAS"";""Não"";""Pista Escorregadia"";1;""Colisão traseira"";""Com Vítimas Feridas"";""Pleno dia"";""Crescente"";""Chuva"";""Dupla"";""Reta"";""Não"";325072;""Automóvel"";""RENAULT/SANDERO STEPWAY"";2012;""Condutor"";""Ileso"";32;""Masculino"";1;0;0;0;-19",4295;-44,"3368;""SR-MG"";""DEL4/2"";""UOP01/MG""",
"182294;402373;2019-01-01;""terça-feira"";""11:30:00"";""MG"";40;462;""SETE LAGOAS"";""Não"";""Velocidade Incompatível"";1;""Colisão traseira"";""Com Vítimas Feridas"";""Pleno dia"";""Crescente"";""Chuva"";""Dupla"";""Reta"";""Não"";325072;""Automóvel"";""RENAULT/SANDERO STEPWAY"";2012;""Condutor"";""Ileso"";32;""Masculino"";1;0;0;0;-19",4295;-44,"3368;""SR-MG"";""DEL4/2"";""UOP01/MG""",
"182294;402373;2019-01-01;""terça-feira"";""11:30:00"";""MG"";40;462;""SETE LAGOAS"";""Sim"";""Não guardar distância de segurança"";1;""Colisão traseira"";""Com Vítimas Feridas"";""Pleno dia"";""Crescente"";""Chuva"";""Dupla"";""Reta"";""Não"";325072;""Automóvel"";""RENAULT/SANDERO STEPWAY"";2012;""Condutor"";""Ileso"";32;""Masculino"";1;0;0;0;-19",4295;-44,"3368;""SR-MG"";""DEL4/2"";""UOP01/MG""",
"182294;402372;2019-01-01;""terça-feira"";""11:30:00"";""MG"";40;462;""SETE LAGOAS"";""Não"";""Pista Escorregadia"";1;""Colisão traseira"";""Com Vítimas Feridas"";""Pleno dia"";""Crescente"";""Chuva"";""Dupla"";""Reta"";""Não"";325047;""Caminhonete"";""CHEVROLET/MONTANA LS"";2012;""Condutor"";""Ileso"";35;""Masculino"";1;0;0;0;-19",4295;-44,"3368;""SR-MG"";""DEL4/2"";""UOP01/MG""",
"182294;402372;2019-01-01;""terça-feira"";""11:30:00"";""MG"";40;462;""SETE LAGOAS"";""Não"";""Velocidade Incompatível"";1;""Colisão traseira"";""Com Vítimas Feridas"";""Pleno dia"";""Crescente"";""Chuva"";""Dupla"";""Reta"";""Não"";325047;""Caminhonete"";""CHEVROLET/MONTANA LS"";2012;""Condutor"";""Ileso"";35;""Masculino"";1;0;0;0;-19",4295;-44,"3368;""SR-MG"";""DEL4/2"";""UOP01/MG""",
"182294;402372;2019-01-01;""terça-feira"";""11:30:00"";""MG"";40;462;""SETE LAGOAS"";""Sim"";""Não guardar distância de segurança"";1;""Colisão traseira"";""Com Vítimas Feridas"";""Pleno dia"";""Crescente"";""Chuva"";""Dupla"";""Reta"";""Não"";325047;""Caminhonete"";""CHEVROLET/MONTANA LS"";2012;""Condutor"";""Ileso"";35;""Masculino"";1;0;0;0;-19",4295;-44,"3368;""SR-MG"";""DEL4/2"";""UOP01/MG""",
"182295;404301;2019-01-01;""terça-feira"";""13:00:00"";""RS"";101;41;""TRES FORQUILHAS"";""Sim"";""Objeto estático sobre o leito carroçável"";2;""Capotamento"";""Com Vítimas Feridas"";""Pleno dia"";""Crescente"";""Céu Claro"";""Dupla"";""Reta"";""Não"";324973;""Automóvel"";""FIAT/UNO MILLE ECONOMY"";2011;""Testemunha"";""Não Informado"";NA;""Não Informado"";0;0;0;0;-29",542553;-50,"031525;""SR-RS"";""DEL9/3"";""UOP03/RS""",
"182295;404301;2019-01-01;""terça-feira"";""13:00:00"";""RS"";101;41;""TRES FORQUILHAS"";""Não"";""Falta de Atenção à Condução"";2;""Capotamento"";""Com Vítimas Feridas"";""Pleno dia"";""Crescente"";""Céu Claro"";""Dupla"";""Reta"";""Não"";324973;""Automóvel"";""FIAT/UNO MILLE ECONOMY"";2011;""Testemunha"";""Não Informado"";NA;""Não Informado"";0;0;0;0;-29",542553;-50,"031525;""SR-RS"";""DEL9/3"";""UOP03/RS""",
"182295;404301;2019-01-01;""terça-feira"";""13:00:00"";""RS"";101;41;""TRES FORQUILHAS"";""Não"";""Não guardar distância de segurança"";2;""Capotamento"";""Com Vítimas Feridas"";""Pleno dia"";""Crescente"";""Céu Claro"";""Dupla"";""Reta"";""Não"";324973;""Automóvel"";""FIAT/UNO MILLE ECONOMY"";2011;""Testemunha"";""Não Informado"";NA;""Não Informado"";0;0;0;0;-29",542553;-50,"031525;""SR-RS"";""DEL9/3"";""UOP03/RS""",
"182295;404301;2019-01-01;""terça-feira"";""13:00:00"";""RS"";101;41;""TRES FORQUILHAS"";""Sim"";""Objeto estático sobre o leito carroçável"";1;""Colisão com objeto estático"";""Com Vítimas Feridas"";""Pleno dia"";""Crescente"";""Céu Claro"";""Dupla"";""Reta"";""Não"";324973;""Automóvel"";""FIAT/UNO MILLE ECONOMY"";2011;""Testemunha"";""Não Informado"";NA;""Não Informado"";0;0;0;0;-29",542553;-50,"031525;""SR-RS"";""DEL9/3"";""UOP03/RS""",
"182295;404301;2019-01-01;""terça-feira"";""13:00:00"";""RS"";101;41;""TRES FORQUILHAS"";""Não"";""Falta de Atenção à Condução"";1;""Colisão com objeto estático"";""Com Vítimas Feridas"";""Pleno dia"";""Crescente"";""Céu Claro"";""Dupla"";""Reta"";""Não"";324973;""Automóvel"";""FIAT/UNO MILLE ECONOMY"";2011;""Testemunha"";""Não Informado"";NA;""Não Informado"";0;0;0;0;-29",542553;-50,"031525;""SR-RS"";""DEL9/3"";""UOP03/RS""",
"182295;404301;2019-01-01;""terça-feira"";""13:00:00"";""RS"";101;41;""TRES FORQUILHAS"";""Não"";""Não guardar distância de segurança"";1;""Colisão com objeto estático"";""Com Vítimas Feridas"";""Pleno dia"";""Crescente"";""Céu Claro"";""Dupla"";""Reta"";""Não"";324973;""Automóvel"";""FIAT/UNO MILLE ECONOMY"";2011;""Testemunha"";""Não Informado"";NA;""Não Informado"";0;0;0;0;-29",542553;-50,"031525;""SR-RS"";""DEL9/3"";""UOP03/RS""",
"182295;404281;2019-01-01;""terça-feira"";""13:00:00"";""RS"";101;41;""TRES FORQUILHAS"";""Sim"";""Objeto estático sobre o leito carroçável"";2;""Capotamento"";""Com Vítimas Feridas"";""Pleno dia"";""Crescente"";""Céu Claro"";""Dupla"";""Reta"";""Não"";324973;""Automóvel"";""FIAT/UNO MILLE ECONOMY"";2011;""Passageiro"";""Lesões Leves"";35;""Feminino"";0;1;0;0;-29",542553;-50,"031525;""SR-RS"";""DEL9/3"";""UOP03/RS""",
"182295;404281;2019-01-01;""terça-feira"";""13:00:00"";""RS"";101;41;""TRES FORQUILHAS"";""Não"";""Falta de Atenção à Condução"";2;""Capotamento"";""Com Vítimas Feridas"";""Pleno dia"";""Crescente"";""Céu Claro"";""Dupla"";""Reta"";""Não"";324973;""Automóvel"";""FIAT/UNO MILLE ECONOMY"";2011;""Passageiro"";""Lesões Leves"";35;""Feminino"";0;1;0;0;-29",542553;-50,"031525;""SR-RS"";""DEL9/3"";""UOP03/RS""",
"182295;404281;2019-01-01;""terça-feira"";""13:00:00"";""RS"";101;41;""TRES FORQUILHAS"";""Não"";""Não guardar distância de segurança"";2;""Capotamento"";""Com Vítimas Feridas"";""Pleno dia"";""Crescente"";""Céu Claro"";""Dupla"";""Reta"";""Não"";324973;""Automóvel"";""FIAT/UNO MILLE ECONOMY"";2011;""Passageiro"";""Lesões Leves"";35;""Feminino"";0;1;0;0;-29",542553;-50,"031525;""SR-RS"";""DEL9/3"";""UOP03/RS""",
"182295;404281;2019-01-01;""terça-feira"";""13:00:00"";""RS"";101;41;""TRES FORQUILHAS"";""Sim"";""Objeto estático sobre o leito carroçável"";1;""Colisão com objeto estático"";""Com Vítimas Feridas"";""Pleno dia"";""Crescente"";""Céu Claro"";""Dupla"";""Reta"";""Não"";324973;""Automóvel"";""FIAT/UNO MILLE ECONOMY"";2011;""Passageiro"";""Lesões Leves"";35;""Feminino"";0;1;0;0;-29",542553;-50,"031525;""SR-RS"";""DEL9/3"";""UOP03/RS""",
"182295;404281;2019-01-01;""terça-feira"";""13:00:00"";""RS"";101;41;""TRES FORQUILHAS"";""Não"";""Falta de Atenção à Condução"";1;""Colisão com objeto estático"";""Com Vítimas Feridas"";""Pleno dia"";""Crescente"";""Céu Claro"";""Dupla"";""Reta"";""Não"";324973;""Automóvel"";""FIAT/UNO MILLE ECONOMY"";2011;""Passageiro"";""Lesões Leves"";35;""Feminino"";0;1;0;0;-29",542553;-50,"031525;""SR-RS"";""DEL9/3"";""UOP03/RS""",
"182295;404281;2019-01-01;""terça-feira"";""13:00:00"";""RS"";101;41;""TRES FORQUILHAS"";""Não"";""Não guardar distância de segurança"";1;""Colisão com objeto estático"";""Com Vítimas Feridas"";""Pleno dia"";""Crescente"";""Céu Claro"";""Dupla"";""Reta"";""Não"";324973;""Automóvel"";""FIAT/UNO MILLE ECONOMY"";2011;""Passageiro"";""Lesões Leves"";35;""Feminino"";0;1;0;0;-29",542553;-50,"031525;""SR-RS"";""DEL9/3"";""UOP03/RS""",
"182295;404278;2019-01-01;""terça-feira"";""13:00:00"";""RS"";101;41;""TRES FORQUILHAS"";""Sim"";""Objeto estático sobre o leito carroçável"";2;""Capotamento"";""Com Vítimas Feridas"";""Pleno dia"";""Crescente"";""Céu Claro"";""Dupla"";""Reta"";""Não"";324973;""Automóvel"";""FIAT/UNO MILLE ECONOMY"";2011;""Condutor"";""Ileso"";40;""Masculino"";1;0;0;0;-29",542553;-50,"031525;""SR-RS"";""DEL9/3"";""UOP03/RS""",
"182295;404278;2019-01-01;""terça-feira"";""13:00:00"";""RS"";101;41;""TRES FORQUILHAS"";""Não"";""Falta de Atenção à Condução"";2;""Capotamento"";""Com Vítimas Feridas"";""Pleno dia"";""Crescente"";""Céu Claro"";""Dupla"";""Reta"";""Não"";324973;""Automóvel"";""FIAT/UNO MILLE ECONOMY"";2011;""Condutor"";""Ileso"";40;""Masculino"";1;0;0;0;-29",542553;-50,"031525;""SR-RS"";""DEL9/3"";""UOP03/RS""",
"182295;404278;2019-01-01;""terça-feira"";""13:00:00"";""RS"";101;41;""TRES FORQUILHAS"";""Não"";""Não guardar distância de segurança"";2;""Capotamento"";""Com Vítimas Feridas"";""Pleno dia"";""Crescente"";""Céu Claro"";""Dupla"";""Reta"";""Não"";324973;""Automóvel"";""FIAT/UNO MILLE ECONOMY"";2011;""Condutor"";""Ileso"";40;""Masculino"";1;0;0;0;-29",542553;-50,"031525;""SR-RS"";""DEL9/3"";""UOP03/RS""",
"182295;404278;2019-01-01;""terça-feira"";""13:00:00"";""RS"";101;41;""TRES FORQUILHAS"";""Sim"";""Objeto estático sobre o leito carroçável"";1;""Colisão com objeto estático"";""Com Vítimas Feridas"";""Pleno dia"";""Crescente"";""Céu Claro"";""Dupla"";""Reta"";""Não"";324973;""Automóvel"";""FIAT/UNO MILLE ECONOMY"";2011;""Condutor"";""Ileso"";40;""Masculino"";1;0;0;0;-29",542553;-50,"031525;""SR-RS"";""DEL9/3"";""UOP03/RS""",
"182295;404278;2019-01-01;""terça-feira"";""13:00:00"";""RS"";101;41;""TRES FORQUILHAS"";""Não"";""Falta de Atenção à Condução"";1;""Colisão com objeto estático"";""Com Vítimas Feridas"";""Pleno dia"";""Crescente"";""Céu Claro"";""Dupla"";""Reta"";""Não"";324973;""Automóvel"";""FIAT/UNO MILLE ECONOMY"";2011;""Condutor"";""Ileso"";40;""Masculino"";1;0;0;0;-29",542553;-50,"031525;""SR-RS"";""DEL9/3"";""UOP03/RS""",
"182295;404278;2019-01-01;""terça-feira"";""13:00:00"";""RS"";101;41;""TRES FORQUILHAS"";""Não"";""Não guardar distância de segurança"";1;""Colisão com objeto estático"";""Com Vítimas Feridas"";""Pleno dia"";""Crescente"";""Céu Claro"";""Dupla"";""Reta"";""Não"";324973;""Automóvel"";""FIAT/UNO MILLE ECONOMY"";2011;""Condutor"";""Ileso"";40;""Masculino"";1;0;0;0;-29",542553;-50,"031525;""SR-RS"";""DEL9/3"";""UOP03/RS""",
"182296;404575;2019-01-01;""terça-feira"";""13:40:00"";""ES"";262;95;""DOMINGOS MARTINS"";""Sim"";""Não guardar distância de segurança"";1;""Engavetamento"";""Sem Vítimas"";""Pleno dia"";""Decrescente"";""Céu Claro"";""Simples"";""Reta"";""Sim"";325152;""Automóvel"";""I/RENAULT SYMBOL EXPR 16"";2009;""Condutor"";""Ileso"";45;""Masculino"";1;0;0;0;-20",3677;-41,"0595;""SR-ES"";""DEL12/1"";""UOP02/ES""",
"182296;404574;2019-01-01;""terça-feira"";""13:40:00"";""ES"";262;95;""DOMINGOS MARTINS"";""Sim"";""Não guardar distância de segurança"";1;""Engavetamento"";""Sem Vítimas"";""Pleno dia"";""Decrescente"";""Céu Claro"";""Simples"";""Reta"";""Sim"";325151;""Automóvel"";""FIAT/UNO DRIVE 1.0"";2017;""Condutor"";""Ileso"";30;""Masculino"";1;0;0;0;-20",3677;-41,"0595;""SR-ES"";""DEL12/1"";""UOP02/ES""",
"182296;404572;2019-01-01;""terça-feira"";""13:40:00"";""ES"";262;95;""DOMINGOS MARTINS"";""Sim"";""Não guardar distância de segurança"";1;""Engavetamento"";""Sem Vítimas"";""Pleno dia"";""Decrescente"";""Céu Claro"";""Simples"";""Reta"";""Sim"";325150;""Camioneta"";""JEEP/RENEGADE SPORT AT"";2016;""Condutor"";""Ileso"";45;""Feminino"";1;0;0;0;-20",3677;-41,"0595;""SR-ES"";""DEL12/1"";""UOP02/ES""",
"182296;404570;2019-01-01;""terça-feira"";""13:40:00"";""ES"";262;95;""DOMINGOS MARTINS"";""Sim"";""Não guardar distância de segurança"";1;""Engavetamento"";""Sem Vítimas"";""Pleno dia"";""Decrescente"";""Céu Claro"";""Simples"";""Reta"";""Sim"";325149;""Caminhonete"";""MMC/L200 TRITON GL D"";2013;""Condutor"";""Ileso"";26;""Masculino"";1;0;0;0;-20",3677;-41,"0595;""SR-ES"";""DEL12/1"";""UOP02/ES""",
"182298;402337;2019-01-01;""terça-feira"";""07:00:00"";""RJ"";101;296;""ITABORAI"";""Sim"";""Falta de Atenção à Condução"";1;""Capotamento"";""Com Vítimas Feridas"";""Pleno dia"";""Crescente"";""Céu Claro"";""Dupla"";""Reta"";""Sim"";325041;""Automóvel"";""VW/FOX 1.0 GII"";2012;""Condutor"";""Lesões Leves"";27;""Masculino"";0;1;0;0;-22",767054;-42,"910255;""SR-RJ"";""DEL5/2"";""UOP04/RJ""",
"182300;402506;2019-01-01;""terça-feira"";""13:40:00"";""SP"";381;84;""SAO PAULO"";""Sim"";""Falta de Atenção à Condução"";2;""Colisão com objeto estático"";""Com Vítimas Feridas"";""Pleno dia"";""Crescente"";""Chuva"";""Dupla"";""Reta"";""Sim"";324984;""Automóvel"";""FORD/FIESTA 16SE"";2017;""Condutor"";""Lesões Leves"";50;""Masculino"";0;1;0;0;-23",44864581;-46,"56965178;""SR-SP"";""DEL6/3"";""UOP02/SP""",
"182300;402506;2019-01-01;""terça-feira"";""13:40:00"";""SP"";381;84;""SAO PAULO"";""Não"";""Pista Escorregadia"";2;""Colisão com objeto estático"";""Com Vítimas Feridas"";""Pleno dia"";""Crescente"";""Chuva"";""Dupla"";""Reta"";""Sim"";324984;""Automóvel"";""FORD/FIESTA 16SE"";2017;""Condutor"";""Lesões Leves"";50;""Masculino"";0;1;0;0;-23",44864581;-46,"56965178;""SR-SP"";""DEL6/3"";""UOP02/SP""",
"182300;402506;2019-01-01;""terça-feira"";""13:40:00"";""SP"";381;84;""SAO PAULO"";""Sim"";""Falta de Atenção à Condução"";1;""Capotamento"";""Com Vítimas Feridas"";""Pleno dia"";""Crescente"";""Chuva"";""Dupla"";""Reta"";""Sim"";324984;""Automóvel"";""FORD/FIESTA 16SE"";2017;""Condutor"";""Lesões Leves"";50;""Masculino"";0;1;0;0;-23",44864581;-46,"56965178;""SR-SP"";""DEL6/3"";""UOP02/SP""",
"182300;402506;2019-01-01;""terça-feira"";""13:40:00"";""SP"";381;84;""SAO PAULO"";""Não"";""Pista Escorregadia"";1;""Capotamento"";""Com Vítimas Feridas"";""Pleno dia"";""Crescente"";""Chuva"";""Dupla"";""Reta"";""Sim"";324984;""Automóvel"";""FORD/FIESTA 16SE"";2017;""Condutor"";""Lesões Leves"";50;""Masculino"";0;1;0;0;-23",44864581;-46,"56965178;""SR-SP"";""DEL6/3"";""UOP02/SP""",
"182301;402310;2019-01-01;""terça-feira"";""12:30:00"";""AL"";316;114;""CACIMBINHAS"";""Sim"";""Falta de Atenção à Condução"";1;""Colisão lateral"";""Com Vítimas Feridas"";""Pleno dia"";""Crescente"";""Sol"";""Simples"";""Reta"";""Não"";325006;""Motoneta"";""HONDA/BIZ 125 ES"";2012;""Condutor"";""Lesões Graves"";64;""Masculino"";0;0;1;0;-9",4028727;-36,"97983456;""SR-AL"";""DEL13/3"";""UOP01/AL""",
"182301;402308;2019-01-01;""terça-feira"";""12:30:00"";""AL"";316;114;""CACIMBINHAS"";""Sim"";""Falta de Atenção à Condução"";1;""Colisão lateral"";""Com Vítimas Feridas"";""Pleno dia"";""Crescente"";""Sol"";""Simples"";""Reta"";""Não"";325005;""Motocicleta"";""HONDA/CG 125 FAN"";2006;""Condutor"";""Lesões Graves"";27;""Masculino"";0;0;1;0;-9",4028727;-36,"97983456;""SR-AL"";""DEL13/3"";""UOP01/AL""",
"182302;404387;2019-01-01;""terça-feira"";""12:00:00"";""PR"";153;198","6;""TIBAGI"";""Sim"";""Falta de Atenção à Condução"";1;""Saída de leito carroçável"";""Com Vítimas Feridas"";""Pleno dia"";""Crescente"";""Céu Claro"";""Simples"";""Reta"";""Não"";325027;""Automóvel"";""FORD/VERSAILLES 1.8 I GL"";1993;""Condutor"";""Lesões Graves"";25;""Masculino"";0;0;1;0;-24",46746316;-50,"440979;""SR-PR"";""DEL7/3"";""UOP05/PR"""
"182303;402316;2019-01-01;""terça-feira"";""14:00:00"";""MG"";40;728","9;""OLIVEIRA FORTES"";""Sim"";""Velocidade Incompatível"";1;""Colisão com objeto estático"";""Com Vítimas Feridas"";""Pleno dia"";""Crescente"";""Chuva"";""Dupla"";""Curva"";""Não"";325019;""Automóvel"";""VW/GOL 1.6 POWER"";2007;""Condutor"";""Ileso"";32;""Masculino"";1;0;0;0;-21",3429;-43,"5875;""SR-MG"";""DEL5"";""UOP01/MG"""
"182303;402316;2019-01-01;""terça-feira"";""14:00:00"";""MG"";40;728","9;""OLIVEIRA FORTES"";""Não"";""Pista Escorregadia"";1;""Colisão com objeto estático"";""Com Vítimas Feridas"";""Pleno dia"";""Crescente"";""Chuva"";""Dupla"";""Curva"";""Não"";325019;""Automóvel"";""VW/GOL 1.6 POWER"";2007;""Condutor"";""Ileso"";32;""Masculino"";1;0;0;0;-21",3429;-43,"5875;""SR-MG"";""DEL5"";""UOP01/MG"""
"182303;402317;2019-01-01;""terça-feira"";""14:00:00"";""MG"";40;728","9;""OLIVEIRA FORTES"";""Sim"";""Velocidade Incompatível"";1;""Colisão com objeto estático"";""Com Vítimas Feridas"";""Pleno dia"";""Crescente"";""Chuva"";""Dupla"";""Curva"";""Não"";325019;""Automóvel"";""VW/GOL 1.6 POWER"";2007;""Passageiro"";""Lesões Leves"";25;""Feminino"";0;1;0;0;-21",3429;-43,"5875;""SR-MG"";""DEL5"";""UOP01/MG"""
"182303;402317;2019-01-01;""terça-feira"";""14:00:00"";""MG"";40;728","9;""OLIVEIRA FORTES"";""Não"";""Pista Escorregadia"";1;""Colisão com objeto estático"";""Com Vítimas Feridas"";""Pleno dia"";""Crescente"";""Chuva"";""Dupla"";""Curva"";""Não"";325019;""Automóvel"";""VW/GOL 1.6 POWER"";2007;""Passageiro"";""Lesões Leves"";25;""Feminino"";0;1;0;0;-21",3429;-43,"5875;""SR-MG"";""DEL5"";""UOP01/MG"""
"182304;402303;2019-01-01;""terça-feira"";""12:45:00"";""BA"";324;555;""AMELIA RODRIGUES"";""Sim"";""Defeito Mecânico no Veículo"";2;""Tombamento"";""Com Vítimas Feridas"";""Pleno dia"";""Decrescente"";""Céu Claro"";""Dupla"";""Reta"";""Não"";324983;""Motoneta"";""HONDA/BIZ 125 ES"";2012;""Condutor"";""Lesões Leves"";22;""Masculino"";0;1;0;0;-12",45132785;-38,"71032715;""SR-BA"";""DEL10/1"";""UOP01/BA""",
"182304;402303;2019-01-01;""terça-feira"";""12:45:00"";""BA"";324;555;""AMELIA RODRIGUES"";""Sim"";""Defeito Mecânico no Veículo"";1;""Queda de ocupante de veículo"";""Com Vítimas Feridas"";""Pleno dia"";""Decrescente"";""Céu Claro"";""Dupla"";""Reta"";""Não"";324983;""Motoneta"";""HONDA/BIZ 125 ES"";2012;""Condutor"";""Lesões Leves"";22;""Masculino"";0;1;0;0;-12",45132785;-38,"71032715;""SR-BA"";""DEL10/1"";""UOP01/BA""",
"182304;402336;2019-01-01;""terça-feira"";""12:45:00"";""BA"";324;555;""AMELIA RODRIGUES"";""Sim"";""Defeito Mecânico no Veículo"";2;""Tombamento"";""Com Vítimas Feridas"";""Pleno dia"";""Decrescente"";""Céu Claro"";""Dupla"";""Reta"";""Não"";324983;""Motoneta"";""HONDA/BIZ 125 ES"";2012;""Passageiro"";""Lesões Leves"";23;""Masculino"";0;1;0;0;-12",45132785;-38,"71032715;""SR-BA"";""DEL10/1"";""UOP01/BA""",
"182304;402336;2019-01-01;""terça-feira"";""12:45:00"";""BA"";324;555;""AMELIA RODRIGUES"";""Sim"";""Defeito Mecânico no Veículo"";1;""Queda de ocupante de veículo"";""Com Vítimas Feridas"";""Pleno dia"";""Decrescente"";""Céu Claro"";""Dupla"";""Reta"";""Não"";324983;""Motoneta"";""HONDA/BIZ 125 ES"";2012;""Passageiro"";""Lesões Leves"";23;""Masculino"";0;1;0;0;-12",45132785;-38,"71032715;""SR-BA"";""DEL10/1"";""UOP01/BA""",
"182305;402328;2019-01-01;""terça-feira"";""13:40:00"";""GO"";60;36","6;""GOIANIA"";""Sim"";""Desobediência às normas de trânsito pelo condutor"";2;""Queda de ocupante de veículo"";""Com Vítimas Feridas"";""Pleno dia"";""Crescente"";""Céu Claro"";""Dupla"";""Rotatória"";""Sim"";324995;""Motocicleta"";""HONDA/CG150 TITAN MIX EX"";2010;""Condutor"";""Lesões Graves"";28;""Feminino"";0;0;1;0;-16",73422527;-49,"34840798;""SR-GO"";""DEL1/1"";""UOP02/GO"""
"182305;402328;2019-01-01;""terça-feira"";""13:40:00"";""GO"";60;36","6;""GOIANIA"";""Sim"";""Desobediência às normas de trânsito pelo condutor"";1;""Colisão transversal"";""Com Vítimas Feridas"";""Pleno dia"";""Crescente"";""Céu Claro"";""Dupla"";""Rotatória"";""Sim"";324995;""Motocicleta"";""HONDA/CG150 TITAN MIX EX"";2010;""Condutor"";""Lesões Graves"";28;""Feminino"";0;0;1;0;-16",73422527;-49,"34840798;""SR-GO"";""DEL1/1"";""UOP02/GO"""
"182305;402327;2019-01-01;""terça-feira"";""13:40:00"";""GO"";60;36","6;""GOIANIA"";""Sim"";""Desobediência às normas de trânsito pelo condutor"";2;""Queda de ocupante de veículo"";""Com Vítimas Feridas"";""Pleno dia"";""Crescente"";""Céu Claro"";""Dupla"";""Rotatória"";""Sim"";324994;""Automóvel"";""VW/GOL 1.0"";2001;""Condutor"";""Ileso"";37;""Feminino"";1;0;0;0;-16",73422527;-49,"34840798;""SR-GO"";""DEL1/1"";""UOP02/GO"""
"182305;402327;2019-01-01;""terça-feira"";""13:40:00"";""GO"";60;36","6;""GOIANIA"";""Sim"";""Desobediência às normas de trânsito pelo condutor"";1;""Colisão transversal"";""Com Vítimas Feridas"";""Pleno dia"";""Crescente"";""Céu Claro"";""Dupla"";""Rotatória"";""Sim"";324994;""Automóvel"";""VW/GOL 1.0"";2001;""Condutor"";""Ileso"";37;""Feminino"";1;0;0;0;-16",73422527;-49,"34840798;""SR-GO"";""DEL1/1"";""UOP02/GO"""
"182306;405469;2019-01-01;""terça-feira"";""12:10:00"";""PI"";343;313","2;""ALTOS"";""Sim"";""Não guardar distância de segurança"";1;""Engavetamento"";""Com Vítimas Feridas"";""Pleno dia"";""Crescente"";""Céu Claro"";""Simples"";""Não Informado"";""Não"";327006;""Automóvel"";""I/CHEVROLET CLASSIC LS"";2014;""Passageiro"";""Lesões Leves"";11;""Masculino"";0;1;0;0;-5",046057;-42,"509869;""SR-PI"";""DEL17/1"";""UOP01/PI"""
"182306;405469;2019-01-01;""terça-feira"";""12:10:00"";""PI"";343;313","2;""ALTOS"";""Não"";""Falta de Atenção à Condução"";1;""Engavetamento"";""Com Vítimas Feridas"";""Pleno dia"";""Crescente"";""Céu Claro"";""Simples"";""Não Informado"";""Não"";327006;""Automóvel"";""I/CHEVROLET CLASSIC LS"";2014;""Passageiro"";""Lesões Leves"";11;""Masculino"";0;1;0;0;-5",046057;-42,"509869;""SR-PI"";""DEL17/1"";""UOP01/PI"""
"182306;405468;2019-01-01;""terça-feira"";""12:10:00"";""PI"";343;313","2;""ALTOS"";""Sim"";""Não guardar distância de segurança"";1;""Engavetamento"";""Com Vítimas Feridas"";""Pleno dia"";""Crescente"";""Céu Claro"";""Simples"";""Não Informado"";""Não"";327006;""Automóvel"";""I/CHEVROLET CLASSIC LS"";2014;""Condutor"";""Ileso"";39;""Feminino"";1;0;0;0;-5",046057;-42,"509869;""SR-PI"";""DEL17/1"";""UOP01/PI"""
"182306;405468;2019-01-01;""terça-feira"";""12:10:00"";""PI"";343;313","2;""ALTOS"";""Não"";""Falta de Atenção à Condução"";1;""Engavetamento"";""Com Vítimas Feridas"";""Pleno dia"";""Crescente"";""Céu Claro"";""Simples"";""Não Informado"";""Não"";327006;""Automóvel"";""I/CHEVROLET CLASSIC LS"";2014;""Condutor"";""Ileso"";39;""Feminino"";1;0;0;0;-5",046057;-42,"509869;""SR-PI"";""DEL17/1"";""UOP01/PI"""
"182306;405425;2019-01-01;""terça-feira"";""12:10:00"";""PI"";343;313","2;""ALTOS"";""Sim"";""Não guardar distância de segurança"";1;""Engavetamento"";""Com Vítimas Feridas"";""Pleno dia"";""Crescente"";""Céu Claro"";""Simples"";""Não Informado"";""Não"";327005;""Automóvel"";""RENAULT/SANDERO STEP 16"";2015;""Condutor"";""Ileso"";45;""Feminino"";1;0;0;0;-5",046057;-42,"509869;""SR-PI"";""DEL17/1"";""UOP01/PI"""
"182306;405425;2019-01-01;""terça-feira"";""12:10:00"";""PI"";343;313","2;""ALTOS"";""Não"";""Falta de Atenção à Condução"";1;""Engavetamento"";""Com Vítimas Feridas"";""Pleno dia"";""Crescente"";""Céu Claro"";""Simples"";""Não Informado"";""Não"";327005;""Automóvel"";""RENAULT/SANDERO STEP 16"";2015;""Condutor"";""Ileso"";45;""Feminino"";1;0;0;0;-5",046057;-42,"509869;""SR-PI"";""DEL17/1"";""UOP01/PI"""
"182306;405422;2019-01-01;""terça-feira"";""12:10:00"";""PI"";343;313","2;""ALTOS"";""Sim"";""Não guardar distância de segurança"";1;""Engavetamento"";""Com Vítimas Feridas"";""Pleno dia"";""Crescente"";""Céu Claro"";""Simples"";""Não Informado"";""Não"";325301;""Automóvel"";""CHEVROLET/ONIX 1.4MT LTZ"";2014;""Condutor"";""Ileso"";62;""Masculino"";1;0;0;0;-5",046057;-42,"509869;""SR-PI"";""DEL17/1"";""UOP01/PI"""