"id;""pesid"";""data_inversa"";""dia_semana"";""horario"";""uf"";""br"";""km"";""municipio"";""causa_principal"";""causa_acidente"";""ordem_tipo_acidente"";""tipo_acidente"";""classificacao_acidente"";""fase_dia"";""sentido_via"";""condicao_metereologica"";""tipo_pista"";""tracado_via"";""uso_solo"";""id_veiculo"";""tipo_veiculo"";""marca"";""ano_fabricacao_veiculo"";""tipo_envolvido"";""estado_fisico"";""idade"";""sexo"";""ilesos"";""feridos_leves"";""feridos_graves"";""mortos"";""latitude"";""longitude"";""regional"";""delegacia"";""uop""",,,
"182306;405422;2019-01-01;""terça-feira"";""12:10:00"";""PI"";343;313","2;""ALTOS"";""Não"";""Falta de Atenção à Condução"";1;""Engavetamento"";""Com Vítimas Feridas"";""Pleno dia"";""Crescente"";""Céu Claro"";""Simples"";""Não Informado"";""Não"";325301;""Automóvel"";""CHEVROLET/ONIX 1.4MT LTZ"";2014;""Condutor"";""Ileso"";62;""Masculino"";1;0;0;0;-5",046057;-42,"509869;""SR-PI"";""DEL17/1"";""UOP01/PI"""
"182307;402642;2019-01-01;""terça-feira"";""13:50:00"";""BA"";116;440;""FEIRA DE SANTANA"";""Sim"";""Ingestão de Álcool"";3;""Queda de ocupante de veículo"";""Com Vítimas Feridas"";""Pleno dia"";""Decrescente"";""Céu Claro"";""Dupla"";""Curva"";""Não"";325030;""Caminhão-trator"";""VOLVO/FH12 380 4X2T"";2003;""Passageiro"";""Lesões Graves"";37;""Masculino"";0;0;1;0;-12",344;-39,"087;""SR-BA"";""DEL10/2"";""UOP01/BA""",
"182307;402642;2019-01-01;""terça-feira"";""13:50:00"";""BA"";116;440;""FEIRA DE SANTANA"";""Não"";""Condutor Dormindo"";3;""Queda de ocupante de veículo"";""Com Vítimas Feridas"";""Pleno dia"";""Decrescente"";""Céu Claro"";""Dupla"";""Curva"";""Não"";325030;""Caminhão-trator"";""VOLVO/FH12 380 4X2T"";2003;""Passageiro"";""Lesões Graves"";37;""Masculino"";0;0;1;0;-12",344;-39,"087;""SR-BA"";""DEL10/2"";""UOP01/BA""",
"182307;402642;2019-01-01;""terça-feira"";""13:50:00"";""BA"";116;440;""FEIRA DE SANTANA"";""Sim"";""Ingestão de Álcool"";2;""Colisão com objeto estático"";""Com Vítimas Feridas"";""Pleno dia"";""Decrescente"";""Céu Claro"";""Dupla"";""Curva"";""Não"";325030;""Caminhão-trator"";""VOLVO/FH12 380 4X2T"";2003;""Passageiro"";""Lesões Graves"";37;""Masculino"";0;0;1;0;-12",344;-39,"087;""SR-BA"";""DEL10/2"";""UOP01/BA""",
"182307;402642;2019-01-01;""terça-feira"";""13:50:00"";""BA"";116;440;""FEIRA DE SANTANA"";""Não"";""Condutor Dormindo"";2;""Colisão com objeto estático"";""Com Vítimas Feridas"";""Pleno dia"";""Decrescente"";""Céu Claro"";""Dupla"";""Curva"";""Não"";325030;""Caminhão-trator"";""VOLVO/FH12 380 4X2T"";2003;""Passageiro"";""Lesões Graves"";37;""Masculino"";0;0;1;0;-12",344;-39,"087;""SR-BA"";""DEL10/2"";""UOP01/BA""",
"182307;402642;2019-01-01;""terça-feira"";""13:50:00"";""BA"";116;440;""FEIRA DE SANTANA"";""Sim"";""Ingestão de Álcool"";1;""Saída de leito carroçável"";""Com Vítimas Feridas"";""Pleno dia"";""Decrescente"";""Céu Claro"";""Dupla"";""Curva"";""Não"";325030;""Caminhão-trator"";""VOLVO/FH12 380 4X2T"";2003;""Passageiro"";""Lesões Graves"";37;""Masculino"";0;0;1;0;-12",344;-39,"087;""SR-BA"";""DEL10/2"";""UOP01/BA""",
"182307;402642;2019-01-01;""terça-feira"";""13:50:00"";""BA"";116;440;""FEIRA DE SANTANA"";""Não"";""Condutor Dormindo"";1;""Saída de leito carroçável"";""Com Vítimas Feridas"";""Pleno dia"";""Decrescente"";""Céu Claro"";""Dupla"";""Curva"";""Não"";325030;""Caminhão-trator"";""VOLVO/FH12 380 4X2T"";2003;""Passageiro"";""Lesões Graves"";37;""Masculino"";0;0;1;0;-12",344;-39,"087;""SR-BA"";""DEL10/2"";""UOP01/BA""",
"182307;402638;2019-01-01;""terça-feira"";""13:50:00"";""BA"";116;440;""FEIRA DE SANTANA"";""Sim"";""Ingestão de Álcool"";3;""Queda de ocupante de veículo"";""Com Vítimas Feridas"";""Pleno dia"";""Decrescente"";""Céu Claro"";""Dupla"";""Curva"";""Não"";325030;""Caminhão-trator"";""VOLVO/FH12 380 4X2T"";2003;""Condutor"";""Lesões Leves"";57;""Masculino"";0;1;0;0;-12",344;-39,"087;""SR-BA"";""DEL10/2"";""UOP01/BA""",
"182307;402638;2019-01-01;""terça-feira"";""13:50:00"";""BA"";116;440;""FEIRA DE SANTANA"";""Não"";""Condutor Dormindo"";3;""Queda de ocupante de veículo"";""Com Vítimas Feridas"";""Pleno dia"";""Decrescente"";""Céu Claro"";""Dupla"";""Curva"";""Não"";325030;""Caminhão-trator"";""VOLVO/FH12 380 4X2T"";2003;""Condutor"";""Lesões Leves"";57;""Masculino"";0;1;0;0;-12",344;-39,"087;""SR-BA"";""DEL10/2"";""UOP01/BA""",
"182307;402638;2019-01-01;""terça-feira"";""13:50:00"";""BA"";116;440;""FEIRA DE SANTANA"";""Sim"";""Ingestão de Álcool"";2;""Colisão com objeto estático"";""Com Vítimas Feridas"";""Pleno dia"";""Decrescente"";""Céu Claro"";""Dupla"";""Curva"";""Não"";325030;""Caminhão-trator"";""VOLVO/FH12 380 4X2T"";2003;""Condutor"";""Lesões Leves"";57;""Masculino"";0;1;0;0;-12",344;-39,"087;""SR-BA"";""DEL10/2"";""UOP01/BA""",
"182307;402638;2019-01-01;""terça-feira"";""13:50:00"";""BA"";116;440;""FEIRA DE SANTANA"";""Não"";""Condutor Dormindo"";2;""Colisão com objeto estático"";""Com Vítimas Feridas"";""Pleno dia"";""Decrescente"";""Céu Claro"";""Dupla"";""Curva"";""Não"";325030;""Caminhão-trator"";""VOLVO/FH12 380 4X2T"";2003;""Condutor"";""Lesões Leves"";57;""Masculino"";0;1;0;0;-12",344;-39,"087;""SR-BA"";""DEL10/2"";""UOP01/BA""",
"182307;402638;2019-01-01;""terça-feira"";""13:50:00"";""BA"";116;440;""FEIRA DE SANTANA"";""Sim"";""Ingestão de Álcool"";1;""Saída de leito carroçável"";""Com Vítimas Feridas"";""Pleno dia"";""Decrescente"";""Céu Claro"";""Dupla"";""Curva"";""Não"";325030;""Caminhão-trator"";""VOLVO/FH12 380 4X2T"";2003;""Condutor"";""Lesões Leves"";57;""Masculino"";0;1;0;0;-12",344;-39,"087;""SR-BA"";""DEL10/2"";""UOP01/BA""",
"182307;402638;2019-01-01;""terça-feira"";""13:50:00"";""BA"";116;440;""FEIRA DE SANTANA"";""Não"";""Condutor Dormindo"";1;""Saída de leito carroçável"";""Com Vítimas Feridas"";""Pleno dia"";""Decrescente"";""Céu Claro"";""Dupla"";""Curva"";""Não"";325030;""Caminhão-trator"";""VOLVO/FH12 380 4X2T"";2003;""Condutor"";""Lesões Leves"";57;""Masculino"";0;1;0;0;-12",344;-39,"087;""SR-BA"";""DEL10/2"";""UOP01/BA""",
"182307;404046;2019-01-01;""terça-feira"";""13:50:00"";""BA"";116;440;""FEIRA DE SANTANA"";""Sim"";""Ingestão de Álcool"";3;""Queda de ocupante de veículo"";""Com Vítimas Feridas"";""Pleno dia"";""Decrescente"";""Céu Claro"";""Dupla"";""Curva"";""Não"";326149;""Automóvel"";""CHEVROLET/CELTA 1.0L LT"";2011;""Condutor"";""Ileso"";33;""Masculino"";1;0;0;0;-12",344;-39,"087;""SR-BA"";""DEL10/2"";""UOP01/BA""",
"182307;404046;2019-01-01;""terça-feira"";""13:50:00"";""BA"";116;440;""FEIRA DE SANTANA"";""Não"";""Condutor Dormindo"";3;""Queda de ocupante de veículo"";""Com Vítimas Feridas"";""Pleno dia"";""Decrescente"";""Céu Claro"";""Dupla"";""Curva"";""Não"";326149;""Automóvel"";""CHEVROLET/CELTA 1.0L LT"";2011;""Condutor"";""Ileso"";33;""Masculino"";1;0;0;0;-12",344;-39,"087;""SR-BA"";""DEL10/2"";""UOP01/BA""",
"182307;404046;2019-01-01;""terça-feira"";""13:50:00"";""BA"";116;440;""FEIRA DE SANTANA"";""Sim"";""Ingestão de Álcool"";2;""Colisão com objeto estático"";""Com Vítimas Feridas"";""Pleno dia"";""Decrescente"";""Céu Claro"";""Dupla"";""Curva"";""Não"";326149;""Automóvel"";""CHEVROLET/CELTA 1.0L LT"";2011;""Condutor"";""Ileso"";33;""Masculino"";1;0;0;0;-12",344;-39,"087;""SR-BA"";""DEL10/2"";""UOP01/BA""",
"182307;404046;2019-01-01;""terça-feira"";""13:50:00"";""BA"";116;440;""FEIRA DE SANTANA"";""Não"";""Condutor Dormindo"";2;""Colisão com objeto estático"";""Com Vítimas Feridas"";""Pleno dia"";""Decrescente"";""Céu Claro"";""Dupla"";""Curva"";""Não"";326149;""Automóvel"";""CHEVROLET/CELTA 1.0L LT"";2011;""Condutor"";""Ileso"";33;""Masculino"";1;0;0;0;-12",344;-39,"087;""SR-BA"";""DEL10/2"";""UOP01/BA""",
"182307;404046;2019-01-01;""terça-feira"";""13:50:00"";""BA"";116;440;""FEIRA DE SANTANA"";""Sim"";""Ingestão de Álcool"";1;""Saída de leito carroçável"";""Com Vítimas Feridas"";""Pleno dia"";""Decrescente"";""Céu Claro"";""Dupla"";""Curva"";""Não"";326149;""Automóvel"";""CHEVROLET/CELTA 1.0L LT"";2011;""Condutor"";""Ileso"";33;""Masculino"";1;0;0;0;-12",344;-39,"087;""SR-BA"";""DEL10/2"";""UOP01/BA""",
"182307;404046;2019-01-01;""terça-feira"";""13:50:00"";""BA"";116;440;""FEIRA DE SANTANA"";""Não"";""Condutor Dormindo"";1;""Saída de leito carroçável"";""Com Vítimas Feridas"";""Pleno dia"";""Decrescente"";""Céu Claro"";""Dupla"";""Curva"";""Não"";326149;""Automóvel"";""CHEVROLET/CELTA 1.0L LT"";2011;""Condutor"";""Ileso"";33;""Masculino"";1;0;0;0;-12",344;-39,"087;""SR-BA"";""DEL10/2"";""UOP01/BA""",
"182308;404701;2019-01-01;""terça-feira"";""14:40:00"";""SC"";280;22","5;""ARAQUARI"";""Sim"";""Falta de Atenção à Condução"";1;""Colisão transversal"";""Com Vítimas Feridas"";""Pleno dia"";""Crescente"";""Céu Claro"";""Simples"";""Reta"";""Não"";325038;""Motocicleta"";""HONDA/CG150 FAN ESDI"";2013;""Passageiro"";""Lesões Leves"";NA;""Feminino"";0;1;0;0;-26",370924;-48,"702;""SR-SC"";""DEL8/3"";""UOP03/SC"""
"182308;404695;2019-01-01;""terça-feira"";""14:40:00"";""SC"";280;22","5;""ARAQUARI"";""Sim"";""Falta de Atenção à Condução"";1;""Colisão transversal"";""Com Vítimas Feridas"";""Pleno dia"";""Crescente"";""Céu Claro"";""Simples"";""Reta"";""Não"";325038;""Motocicleta"";""HONDA/CG150 FAN ESDI"";2013;""Condutor"";""Lesões Leves"";24;""Masculino"";0;1;0;0;-26",370924;-48,"702;""SR-SC"";""DEL8/3"";""UOP03/SC"""
"182308;404694;2019-01-01;""terça-feira"";""14:40:00"";""SC"";280;22","5;""ARAQUARI"";""Sim"";""Falta de Atenção à Condução"";1;""Colisão transversal"";""Com Vítimas Feridas"";""Pleno dia"";""Crescente"";""Céu Claro"";""Simples"";""Reta"";""Não"";325037;""Automóvel"";""I/PEUGEOT 207HB XR"";2011;""Condutor"";""Ileso"";25;""Masculino"";1;0;0;0;-26",370924;-48,"702;""SR-SC"";""DEL8/3"";""UOP03/SC"""
"182309;402522;2019-01-01;""terça-feira"";""13:15:00"";""RJ"";101;453","8;""MANGARATIBA"";""Sim"";""Falta de Atenção à Condução"";1;""Colisão transversal"";""Sem Vítimas"";""Pleno dia"";""Crescente"";""Sol"";""Simples"";""Reta"";""Sim"";325023;""Caminhonete"";""VW/SAVEIRO 1.6 CS"";2012;""Condutor"";""Ileso"";57;""Masculino"";1;0;0;0;-22",937099;-44,"010822;""SR-RJ"";""DEL5/3"";""UOP02/RJ"""
"182309;402519;2019-01-01;""terça-feira"";""13:15:00"";""RJ"";101;453","8;""MANGARATIBA"";""Sim"";""Falta de Atenção à Condução"";1;""Colisão transversal"";""Sem Vítimas"";""Pleno dia"";""Crescente"";""Sol"";""Simples"";""Reta"";""Sim"";325022;""Camioneta"";""I/KIA SPORTAGE EX2 OFFG4"";2015;""Condutor"";""Ileso"";61;""Masculino"";1;0;0;0;-22",937099;-44,"010822;""SR-RJ"";""DEL5/3"";""UOP02/RJ"""
"182310;404773;2019-01-01;""terça-feira"";""13:50:00"";""BA"";101;942;""MUCURI"";""Sim"";""Desobediência às normas de trânsito pelo condutor"";1;""Colisão transversal"";""Com Vítimas Feridas"";""Pleno dia"";""Crescente"";""Céu Claro"";""Simples"";""Reta"";""Não"";326616;""Automóvel"";""CHEV/SPIN 1.8L AT LTZ"";2013;""Condutor"";""Ileso"";44;""Masculino"";1;0;0;0;-18",0642;-39,"8782;""SR-BA"";""DEL10/9"";""UOP03/BA""",
"182310;404771;2019-01-01;""terça-feira"";""13:50:00"";""BA"";101;942;""MUCURI"";""Sim"";""Desobediência às normas de trânsito pelo condutor"";1;""Colisão transversal"";""Com Vítimas Feridas"";""Pleno dia"";""Crescente"";""Céu Claro"";""Simples"";""Reta"";""Não"";325064;""Motocicleta"";""HONDA/CG 150 TITAN KS"";2004;""Condutor"";""Lesões Graves"";32;""Masculino"";0;0;1;0;-18",0642;-39,"8782;""SR-BA"";""DEL10/9"";""UOP03/BA""",
"182311;402281;2019-01-01;""terça-feira"";""12:20:00"";""SC"";280;241","1;""CANOINHAS"";""Sim"";""Falta de Atenção à Condução"";1;""Saída de leito carroçável"";""Com Vítimas Feridas"";""Pleno dia"";""Crescente"";""Sol"";""Simples"";""Não Informado"";""Não"";324979;""Automóvel"";""GM/CLASSIC LIFE"";2005;""Passageiro"";""Lesões Leves"";20;""Feminino"";0;1;0;0;-26",225103;-50,"460045;""SR-SC"";""DEL8/6"";""UOP04/SC"""
"182311;402280;2019-01-01;""terça-feira"";""12:20:00"";""SC"";280;241","1;""CANOINHAS"";""Sim"";""Falta de Atenção à Condução"";1;""Saída de leito carroçável"";""Com Vítimas Feridas"";""Pleno dia"";""Crescente"";""Sol"";""Simples"";""Não Informado"";""Não"";324979;""Automóvel"";""GM/CLASSIC LIFE"";2005;""Condutor"";""Lesões Leves"";19;""Masculino"";0;1;0;0;-26",225103;-50,"460045;""SR-SC"";""DEL8/6"";""UOP04/SC"""
"182312;402422;2019-01-01;""terça-feira"";""13:45:00"";""PB"";230;18","9;""JOAO PESSOA"";""Sim"";""Defeito Mecânico no Veículo"";2;""Queda de ocupante de veículo"";""Com Vítimas Feridas"";""Pleno dia"";""Crescente"";""Sol"";""Dupla"";""Curva"";""Sim"";325084;""Motocicleta"";""HONDA/XRE 300"";2015;""Condutor"";""Lesões Graves"";23;""Masculino"";0;0;1;0;-7",129088;-34,"850031;""SR-PB"";""DEL14/1"";""UOP00/PB"""
"182312;402422;2019-01-01;""terça-feira"";""13:45:00"";""PB"";230;18","9;""JOAO PESSOA"";""Sim"";""Defeito Mecânico no Veículo"";1;""Tombamento"";""Com Vítimas Feridas"";""Pleno dia"";""Crescente"";""Sol"";""Dupla"";""Curva"";""Sim"";325084;""Motocicleta"";""HONDA/XRE 300"";2015;""Condutor"";""Lesões Graves"";23;""Masculino"";0;0;1;0;-7",129088;-34,"850031;""SR-PB"";""DEL14/1"";""UOP00/PB"""
"182312;402424;2019-01-01;""terça-feira"";""13:45:00"";""PB"";230;18","9;""JOAO PESSOA"";""Sim"";""Defeito Mecânico no Veículo"";2;""Queda de ocupante de veículo"";""Com Vítimas Feridas"";""Pleno dia"";""Crescente"";""Sol"";""Dupla"";""Curva"";""Sim"";325085;""Automóvel"";""TOYOTA/COROLLA XEI20FLEX"";2015;""Condutor"";""Ileso"";30;""Masculino"";1;0;0;0;-7",129088;-34,"850031;""SR-PB"";""DEL14/1"";""UOP00/PB"""
"182312;402424;2019-01-01;""terça-feira"";""13:45:00"";""PB"";230;18","9;""JOAO PESSOA"";""Sim"";""Defeito Mecânico no Veículo"";1;""Tombamento"";""Com Vítimas Feridas"";""Pleno dia"";""Crescente"";""Sol"";""Dupla"";""Curva"";""Sim"";325085;""Automóvel"";""TOYOTA/COROLLA XEI20FLEX"";2015;""Condutor"";""Ileso"";30;""Masculino"";1;0;0;0;-7",129088;-34,"850031;""SR-PB"";""DEL14/1"";""UOP00/PB"""
"182313;402301;2019-01-01;""terça-feira"";""12:45:00"";""RO"";364;707;""PORTO VELHO"";""Sim"";""Falta de Atenção à Condução"";1;""Colisão traseira"";""Com Vítimas Feridas"";""Pleno dia"";""Crescente"";""Garoa/Chuvisco"";""Simples"";""Reta"";""Sim"";324998;""Motocicleta"";""YAMAHA/YS150 FAZER SED"";2014;""Passageiro"";""Lesões Leves"";38;""Feminino"";0;1;0;0;-8",7966492;-63,"83889914;""SR-RO"";""DEL21/1"";""UOP01/RO""",
"182313;402300;2019-01-01;""terça-feira"";""12:45:00"";""RO"";364;707;""PORTO VELHO"";""Sim"";""Falta de Atenção à Condução"";1;""Colisão traseira"";""Com Vítimas Feridas"";""Pleno dia"";""Crescente"";""Garoa/Chuvisco"";""Simples"";""Reta"";""Sim"";324998;""Motocicleta"";""YAMAHA/YS150 FAZER SED"";2014;""Condutor"";""Lesões Leves"";46;""Masculino"";0;1;0;0;-8",7966492;-63,"83889914;""SR-RO"";""DEL21/1"";""UOP01/RO""",
"182313;402297;2019-01-01;""terça-feira"";""12:45:00"";""RO"";364;707;""PORTO VELHO"";""Sim"";""Falta de Atenção à Condução"";1;""Colisão traseira"";""Com Vítimas Feridas"";""Pleno dia"";""Crescente"";""Garoa/Chuvisco"";""Simples"";""Reta"";""Sim"";324997;""Automóvel"";""HYUNDAI/HB20 1.6M COMF"";2015;""Passageiro"";""Ileso"";36;""Feminino"";1;0;0;0;-8",7966492;-63,"83889914;""SR-RO"";""DEL21/1"";""UOP01/RO""",
"182313;402294;2019-01-01;""terça-feira"";""12:45:00"";""RO"";364;707;""PORTO VELHO"";""Sim"";""Falta de Atenção à Condução"";1;""Colisão traseira"";""Com Vítimas Feridas"";""Pleno dia"";""Crescente"";""Garoa/Chuvisco"";""Simples"";""Reta"";""Sim"";324997;""Automóvel"";""HYUNDAI/HB20 1.6M COMF"";2015;""Condutor"";""Ileso"";34;""Masculino"";1;0;0;0;-8",7966492;-63,"83889914;""SR-RO"";""DEL21/1"";""UOP01/RO""",
"182314;404950;2019-01-01;""terça-feira"";""15:00:00"";""SC"";470;126","6;""LONTRAS"";""Sim"";""Desobediência às normas de trânsito pelo condutor"";1;""Colisão transversal"";""Com Vítimas Feridas"";""Pleno dia"";""Decrescente"";""Céu Claro"";""Simples"";""Rotatória"";""Sim"";325001;""Automóvel"";""VW/GOL MI"";1997;""Condutor"";""Ileso"";41;""Masculino"";1;0;0;0;-27",129;-49,"538277;""SR-SC"";""DEL8/4"";""UOP02/SC"""
"182314;404948;2019-01-01;""terça-feira"";""15:00:00"";""SC"";470;126","6;""LONTRAS"";""Sim"";""Desobediência às normas de trânsito pelo condutor"";1;""Colisão transversal"";""Com Vítimas Feridas"";""Pleno dia"";""Decrescente"";""Céu Claro"";""Simples"";""Rotatória"";""Sim"";324999;""Automóvel"";""FORD/KA"";1999;""Condutor"";""Ileso"";51;""Masculino"";1;0;0;0;-27",129;-49,"538277;""SR-SC"";""DEL8/4"";""UOP02/SC"""
"182314;404951;2019-01-01;""terça-feira"";""15:00:00"";""SC"";470;126","6;""LONTRAS"";""Sim"";""Desobediência às normas de trânsito pelo condutor"";1;""Colisão transversal"";""Com Vítimas Feridas"";""Pleno dia"";""Decrescente"";""Céu Claro"";""Simples"";""Rotatória"";""Sim"";325001;""Automóvel"";""VW/GOL MI"";1997;""Passageiro"";""Lesões Leves"";19;""Feminino"";0;1;0;0;-27",129;-49,"538277;""SR-SC"";""DEL8/4"";""UOP02/SC"""
"182316;NA;2019-01-01;""terça-feira"";""15:15:00"";""RS"";101;8;""TORRES"";""Sim"";""Falta de Atenção à Condução"";3;""Saída de leito carroçável"";""Sem Vítimas"";""Pleno dia"";""Crescente"";""Céu Claro"";""Dupla"";""Reta"";""Sim"";325075;""Semireboque"";""SR/RANDON SR CA"";2000;""Não Informado"";""Não Informado"";NA;""Não Informado"";0;0;0;0;-29",360483;-49,"807865;""SR-RS"";""DEL9/3"";""UOP03/RS""",
"182316;NA;2019-01-01;""terça-feira"";""15:15:00"";""RS"";101;8;""TORRES"";""Não"";""Velocidade Incompatível"";3;""Saída de leito carroçável"";""Sem Vítimas"";""Pleno dia"";""Crescente"";""Céu Claro"";""Dupla"";""Reta"";""Sim"";325075;""Semireboque"";""SR/RANDON SR CA"";2000;""Não Informado"";""Não Informado"";NA;""Não Informado"";0;0;0;0;-29",360483;-49,"807865;""SR-RS"";""DEL9/3"";""UOP03/RS""",
"182316;NA;2019-01-01;""terça-feira"";""15:15:00"";""RS"";101;8;""TORRES"";""Sim"";""Falta de Atenção à Condução"";2;""Derramamento de carga"";""Sem Vítimas"";""Pleno dia"";""Crescente"";""Céu Claro"";""Dupla"";""Reta"";""Sim"";325075;""Semireboque"";""SR/RANDON SR CA"";2000;""Não Informado"";""Não Informado"";NA;""Não Informado"";0;0;0;0;-29",360483;-49,"807865;""SR-RS"";""DEL9/3"";""UOP03/RS""",
"182316;NA;2019-01-01;""terça-feira"";""15:15:00"";""RS"";101;8;""TORRES"";""Não"";""Velocidade Incompatível"";2;""Derramamento de carga"";""Sem Vítimas"";""Pleno dia"";""Crescente"";""Céu Claro"";""Dupla"";""Reta"";""Sim"";325075;""Semireboque"";""SR/RANDON SR CA"";2000;""Não Informado"";""Não Informado"";NA;""Não Informado"";0;0;0;0;-29",360483;-49,"807865;""SR-RS"";""DEL9/3"";""UOP03/RS""",
"182316;NA;2019-01-01;""terça-feira"";""15:15:00"";""RS"";101;8;""TORRES"";""Sim"";""Falta de Atenção à Condução"";1;""Tombamento"";""Sem Vítimas"";""Pleno dia"";""Crescente"";""Céu Claro"";""Dupla"";""Reta"";""Sim"";325075;""Semireboque"";""SR/RANDON SR CA"";2000;""Não Informado"";""Não Informado"";NA;""Não Informado"";0;0;0;0;-29",360483;-49,"807865;""SR-RS"";""DEL9/3"";""UOP03/RS""",
"182316;NA;2019-01-01;""terça-feira"";""15:15:00"";""RS"";101;8;""TORRES"";""Não"";""Velocidade Incompatível"";1;""Tombamento"";""Sem Vítimas"";""Pleno dia"";""Crescente"";""Céu Claro"";""Dupla"";""Reta"";""Sim"";325075;""Semireboque"";""SR/RANDON SR CA"";2000;""Não Informado"";""Não Informado"";NA;""Não Informado"";0;0;0;0;-29",360483;-49,"807865;""SR-RS"";""DEL9/3"";""UOP03/RS""",
"182316;NA;2019-01-01;""terça-feira"";""15:15:00"";""RS"";101;8;""TORRES"";""Sim"";""Falta de Atenção à Condução"";3;""Saída de leito carroçável"";""Sem Vítimas"";""Pleno dia"";""Crescente"";""Céu Claro"";""Dupla"";""Reta"";""Sim"";325069;""Semireboque"";""SR/RANDON SR CA"";2000;""Não Informado"";""Não Informado"";NA;""Não Informado"";0;0;0;0;-29",360483;-49,"807865;""SR-RS"";""DEL9/3"";""UOP03/RS""",
"182316;NA;2019-01-01;""terça-feira"";""15:15:00"";""RS"";101;8;""TORRES"";""Não"";""Velocidade Incompatível"";3;""Saída de leito carroçável"";""Sem Vítimas"";""Pleno dia"";""Crescente"";""Céu Claro"";""Dupla"";""Reta"";""Sim"";325069;""Semireboque"";""SR/RANDON SR CA"";2000;""Não Informado"";""Não Informado"";NA;""Não Informado"";0;0;0;0;-29",360483;-49,"807865;""SR-RS"";""DEL9/3"";""UOP03/RS""",
"182316;NA;2019-01-01;""terça-feira"";""15:15:00"";""RS"";101;8;""TORRES"";""Sim"";""Falta de Atenção à Condução"";2;""Derramamento de carga"";""Sem Vítimas"";""Pleno dia"";""Crescente"";""Céu Claro"";""Dupla"";""Reta"";""Sim"";325069;""Semireboque"";""SR/RANDON SR CA"";2000;""Não Informado"";""Não Informado"";NA;""Não Informado"";0;0;0;0;-29",360483;-49,"807865;""SR-RS"";""DEL9/3"";""UOP03/RS""",
"182316;NA;2019-01-01;""terça-feira"";""15:15:00"";""RS"";101;8;""TORRES"";""Não"";""Velocidade Incompatível"";2;""Derramamento de carga"";""Sem Vítimas"";""Pleno dia"";""Crescente"";""Céu Claro"";""Dupla"";""Reta"";""Sim"";325069;""Semireboque"";""SR/RANDON SR CA"";2000;""Não Informado"";""Não Informado"";NA;""Não Informado"";0;0;0;0;-29",360483;-49,"807865;""SR-RS"";""DEL9/3"";""UOP03/RS""",
"182316;NA;2019-01-01;""terça-feira"";""15:15:00"";""RS"";101;8;""TORRES"";""Sim"";""Falta de Atenção à Condução"";1;""Tombamento"";""Sem Vítimas"";""Pleno dia"";""Crescente"";""Céu Claro"";""Dupla"";""Reta"";""Sim"";325069;""Semireboque"";""SR/RANDON SR CA"";2000;""Não Informado"";""Não Informado"";NA;""Não Informado"";0;0;0;0;-29",360483;-49,"807865;""SR-RS"";""DEL9/3"";""UOP03/RS""",
"182316;NA;2019-01-01;""terça-feira"";""15:15:00"";""RS"";101;8;""TORRES"";""Não"";""Velocidade Incompatível"";1;""Tombamento"";""Sem Vítimas"";""Pleno dia"";""Crescente"";""Céu Claro"";""Dupla"";""Reta"";""Sim"";325069;""Semireboque"";""SR/RANDON SR CA"";2000;""Não Informado"";""Não Informado"";NA;""Não Informado"";0;0;0;0;-29",360483;-49,"807865;""SR-RS"";""DEL9/3"";""UOP03/RS""",
"182316;NA;2019-01-01;""terça-feira"";""15:15:00"";""RS"";101;8;""TORRES"";""Sim"";""Falta de Atenção à Condução"";3;""Saída de leito carroçável"";""Sem Vítimas"";""Pleno dia"";""Crescente"";""Céu Claro"";""Dupla"";""Reta"";""Sim"";325073;""Semireboque"";""SR/RANDON SR CA"";2000;""Não Informado"";""Não Informado"";NA;""Não Informado"";0;0;0;0;-29",360483;-49,"807865;""SR-RS"";""DEL9/3"";""UOP03/RS""",
"182316;NA;2019-01-01;""terça-feira"";""15:15:00"";""RS"";101;8;""TORRES"";""Não"";""Velocidade Incompatível"";3;""Saída de leito carroçável"";""Sem Vítimas"";""Pleno dia"";""Crescente"";""Céu Claro"";""Dupla"";""Reta"";""Sim"";325073;""Semireboque"";""SR/RANDON SR CA"";2000;""Não Informado"";""Não Informado"";NA;""Não Informado"";0;0;0;0;-29",360483;-49,"807865;""SR-RS"";""DEL9/3"";""UOP03/RS""",
"182316;NA;2019-01-01;""terça-feira"";""15:15:00"";""RS"";101;8;""TORRES"";""Sim"";""Falta de Atenção à Condução"";2;""Derramamento de carga"";""Sem Vítimas"";""Pleno dia"";""Crescente"";""Céu Claro"";""Dupla"";""Reta"";""Sim"";325073;""Semireboque"";""SR/RANDON SR CA"";2000;""Não Informado"";""Não Informado"";NA;""Não Informado"";0;0;0;0;-29",360483;-49,"807865;""SR-RS"";""DEL9/3"";""UOP03/RS""",
"182316;NA;2019-01-01;""terça-feira"";""15:15:00"";""RS"";101;8;""TORRES"";""Não"";""Velocidade Incompatível"";2;""Derramamento de carga"";""Sem Vítimas"";""Pleno dia"";""Crescente"";""Céu Claro"";""Dupla"";""Reta"";""Sim"";325073;""Semireboque"";""SR/RANDON SR CA"";2000;""Não Informado"";""Não Informado"";NA;""Não Informado"";0;0;0;0;-29",360483;-49,"807865;""SR-RS"";""DEL9/3"";""UOP03/RS""",