"id;""pesid"";""data_inversa"";""dia_semana"";""horario"";""uf"";""br"";""km"";""municipio"";""causa_principal"";""causa_acidente"";""ordem_tipo_acidente"";""tipo_acidente"";""classificacao_acidente"";""fase_dia"";""sentido_via"";""condicao_metereologica"";""tipo_pista"";""tracado_via"";""uso_solo"";""id_veiculo"";""tipo_veiculo"";""marca"";""ano_fabricacao_veiculo"";""tipo_envolvido"";""estado_fisico"";""idade"";""sexo"";""ilesos"";""feridos_leves"";""feridos_graves"";""mortos"";""latitude"";""longitude"";""regional"";""delegacia"";""uop""",,,
"182316;NA;2019-01-01;""terça-feira"";""15:15:00"";""RS"";101;8;""TORRES"";""Sim"";""Falta de Atenção à Condução"";1;""Tombamento"";""Sem Vítimas"";""Pleno dia"";""Crescente"";""Céu Claro"";""Dupla"";""Reta"";""Sim"";325073;""Semireboque"";""SR/RANDON SR CA"";2000;""Não Informado"";""Não Informado"";NA;""Não Informado"";0;0;0;0;-29",360483;-49,"807865;""SR-RS"";""DEL9/3"";""UOP03/RS""",
"182316;NA;2019-01-01;""terça-feira"";""15:15:00"";""RS"";101;8;""TORRES"";""Não"";""Velocidade Incompatível"";1;""Tombamento"";""Sem Vítimas"";""Pleno dia"";""Crescente"";""Céu Claro"";""Dupla"";""Reta"";""Sim"";325073;""Semireboque"";""SR/RANDON SR CA"";2000;""Não Informado"";""Não Informado"";NA;""Não Informado"";0;0;0;0;-29",360483;-49,"807865;""SR-RS"";""DEL9/3"";""UOP03/RS""",
"182316;402361;2019-01-01;""terça-feira"";""15:15:00"";""RS"";101;8;""TORRES"";""Sim"";""Falta de Atenção à Condução"";3;""Saída de leito carroçável"";""Sem Vítimas"";""Pleno dia"";""Crescente"";""Céu Claro"";""Dupla"";""Reta"";""Sim"";325039;""Caminhão-trator"";""SCANIA/R124 GA6X4NZ 420"";2004;""Condutor"";""Ileso"";28;""Masculino"";1;0;0;0;-29",360483;-49,"807865;""SR-RS"";""DEL9/3"";""UOP03/RS""",
"182316;402361;2019-01-01;""terça-feira"";""15:15:00"";""RS"";101;8;""TORRES"";""Não"";""Velocidade Incompatível"";3;""Saída de leito carroçável"";""Sem Vítimas"";""Pleno dia"";""Crescente"";""Céu Claro"";""Dupla"";""Reta"";""Sim"";325039;""Caminhão-trator"";""SCANIA/R124 GA6X4NZ 420"";2004;""Condutor"";""Ileso"";28;""Masculino"";1;0;0;0;-29",360483;-49,"807865;""SR-RS"";""DEL9/3"";""UOP03/RS""",
"182316;402361;2019-01-01;""terça-feira"";""15:15:00"";""RS"";101;8;""TORRES"";""Sim"";""Falta de Atenção à Condução"";2;""Derramamento de carga"";""Sem Vítimas"";""Pleno dia"";""Crescente"";""Céu Claro"";""Dupla"";""Reta"";""Sim"";325039;""Caminhão-trator"";""SCANIA/R124 GA6X4NZ 420"";2004;""Condutor"";""Ileso"";28;""Masculino"";1;0;0;0;-29",360483;-49,"807865;""SR-RS"";""DEL9/3"";""UOP03/RS""",
"182316;402361;2019-01-01;""terça-feira"";""15:15:00"";""RS"";101;8;""TORRES"";""Não"";""Velocidade Incompatível"";2;""Derramamento de carga"";""Sem Vítimas"";""Pleno dia"";""Crescente"";""Céu Claro"";""Dupla"";""Reta"";""Sim"";325039;""Caminhão-trator"";""SCANIA/R124 GA6X4NZ 420"";2004;""Condutor"";""Ileso"";28;""Masculino"";1;0;0;0;-29",360483;-49,"807865;""SR-RS"";""DEL9/3"";""UOP03/RS""",
"182316;402361;2019-01-01;""terça-feira"";""15:15:00"";""RS"";101;8;""TORRES"";""Sim"";""Falta de Atenção à Condução"";1;""Tombamento"";""Sem Vítimas"";""Pleno dia"";""Crescente"";""Céu Claro"";""Dupla"";""Reta"";""Sim"";325039;""Caminhão-trator"";""SCANIA/R124 GA6X4NZ 420"";2004;""Condutor"";""Ileso"";28;""Masculino"";1;0;0;0;-29",360483;-49,"807865;""SR-RS"";""DEL9/3"";""UOP03/RS""",
"182316;402361;2019-01-01;""terça-feira"";""15:15:00"";""RS"";101;8;""TORRES"";""Não"";""Velocidade Incompatível"";1;""Tombamento"";""Sem Vítimas"";""Pleno dia"";""Crescente"";""Céu Claro"";""Dupla"";""Reta"";""Sim"";325039;""Caminhão-trator"";""SCANIA/R124 GA6X4NZ 420"";2004;""Condutor"";""Ileso"";28;""Masculino"";1;0;0;0;-29",360483;-49,"807865;""SR-RS"";""DEL9/3"";""UOP03/RS""",
"182317;402428;2019-01-01;""terça-feira"";""15:20:00"";""GO"";70;1","1;""AGUAS LINDAS DE GOIAS"";""Sim"";""Falta de Atenção à Condução"";1;""Capotamento"";""Com Vítimas Feridas"";""Pleno dia"";""Decrescente"";""Nublado"";""Dupla"";""Não Informado"";""Não"";325106;""Automóvel"";""FIAT/PALIO FIRE FLEX"";2007;""Condutor"";""Lesões Leves"";32;""Masculino"";0;1;0;0;-15",7481;-48,"2635;""SR-DF"";""UOP06/DF"";"""""
"182317;402428;2019-01-01;""terça-feira"";""15:20:00"";""GO"";70;1","1;""AGUAS LINDAS DE GOIAS"";""Não"";""Ingestão de Álcool"";1;""Capotamento"";""Com Vítimas Feridas"";""Pleno dia"";""Decrescente"";""Nublado"";""Dupla"";""Não Informado"";""Não"";325106;""Automóvel"";""FIAT/PALIO FIRE FLEX"";2007;""Condutor"";""Lesões Leves"";32;""Masculino"";0;1;0;0;-15",7481;-48,"2635;""SR-DF"";""UOP06/DF"";"""""
"182317;402646;2019-01-01;""terça-feira"";""15:20:00"";""GO"";70;1","1;""AGUAS LINDAS DE GOIAS"";""Sim"";""Falta de Atenção à Condução"";1;""Capotamento"";""Com Vítimas Feridas"";""Pleno dia"";""Decrescente"";""Nublado"";""Dupla"";""Não Informado"";""Não"";325106;""Automóvel"";""FIAT/PALIO FIRE FLEX"";2007;""Passageiro"";""Lesões Leves"";24;""Masculino"";0;1;0;0;-15",7481;-48,"2635;""SR-DF"";""UOP06/DF"";"""""
"182317;402646;2019-01-01;""terça-feira"";""15:20:00"";""GO"";70;1","1;""AGUAS LINDAS DE GOIAS"";""Não"";""Ingestão de Álcool"";1;""Capotamento"";""Com Vítimas Feridas"";""Pleno dia"";""Decrescente"";""Nublado"";""Dupla"";""Não Informado"";""Não"";325106;""Automóvel"";""FIAT/PALIO FIRE FLEX"";2007;""Passageiro"";""Lesões Leves"";24;""Masculino"";0;1;0;0;-15",7481;-48,"2635;""SR-DF"";""UOP06/DF"";"""""
"182317;402647;2019-01-01;""terça-feira"";""15:20:00"";""GO"";70;1","1;""AGUAS LINDAS DE GOIAS"";""Sim"";""Falta de Atenção à Condução"";1;""Capotamento"";""Com Vítimas Feridas"";""Pleno dia"";""Decrescente"";""Nublado"";""Dupla"";""Não Informado"";""Não"";325106;""Automóvel"";""FIAT/PALIO FIRE FLEX"";2007;""Passageiro"";""Lesões Leves"";32;""Masculino"";0;1;0;0;-15",7481;-48,"2635;""SR-DF"";""UOP06/DF"";"""""
"182317;402647;2019-01-01;""terça-feira"";""15:20:00"";""GO"";70;1","1;""AGUAS LINDAS DE GOIAS"";""Não"";""Ingestão de Álcool"";1;""Capotamento"";""Com Vítimas Feridas"";""Pleno dia"";""Decrescente"";""Nublado"";""Dupla"";""Não Informado"";""Não"";325106;""Automóvel"";""FIAT/PALIO FIRE FLEX"";2007;""Passageiro"";""Lesões Leves"";32;""Masculino"";0;1;0;0;-15",7481;-48,"2635;""SR-DF"";""UOP06/DF"";"""""
"182317;402432;2019-01-01;""terça-feira"";""15:20:00"";""GO"";70;1","1;""AGUAS LINDAS DE GOIAS"";""Sim"";""Falta de Atenção à Condução"";1;""Capotamento"";""Com Vítimas Feridas"";""Pleno dia"";""Decrescente"";""Nublado"";""Dupla"";""Não Informado"";""Não"";325106;""Automóvel"";""FIAT/PALIO FIRE FLEX"";2007;""Passageiro"";""Ileso"";3;""Masculino"";1;0;0;0;-15",7481;-48,"2635;""SR-DF"";""UOP06/DF"";"""""
"182317;402432;2019-01-01;""terça-feira"";""15:20:00"";""GO"";70;1","1;""AGUAS LINDAS DE GOIAS"";""Não"";""Ingestão de Álcool"";1;""Capotamento"";""Com Vítimas Feridas"";""Pleno dia"";""Decrescente"";""Nublado"";""Dupla"";""Não Informado"";""Não"";325106;""Automóvel"";""FIAT/PALIO FIRE FLEX"";2007;""Passageiro"";""Ileso"";3;""Masculino"";1;0;0;0;-15",7481;-48,"2635;""SR-DF"";""UOP06/DF"";"""""
"182317;402430;2019-01-01;""terça-feira"";""15:20:00"";""GO"";70;1","1;""AGUAS LINDAS DE GOIAS"";""Sim"";""Falta de Atenção à Condução"";1;""Capotamento"";""Com Vítimas Feridas"";""Pleno dia"";""Decrescente"";""Nublado"";""Dupla"";""Não Informado"";""Não"";325106;""Automóvel"";""FIAT/PALIO FIRE FLEX"";2007;""Passageiro"";""Lesões Graves"";25;""Feminino"";0;0;1;0;-15",7481;-48,"2635;""SR-DF"";""UOP06/DF"";"""""
"182317;402430;2019-01-01;""terça-feira"";""15:20:00"";""GO"";70;1","1;""AGUAS LINDAS DE GOIAS"";""Não"";""Ingestão de Álcool"";1;""Capotamento"";""Com Vítimas Feridas"";""Pleno dia"";""Decrescente"";""Nublado"";""Dupla"";""Não Informado"";""Não"";325106;""Automóvel"";""FIAT/PALIO FIRE FLEX"";2007;""Passageiro"";""Lesões Graves"";25;""Feminino"";0;0;1;0;-15",7481;-48,"2635;""SR-DF"";""UOP06/DF"";"""""
"182318;402417;2019-01-01;""terça-feira"";""15:45:00"";""SC"";282;178","5;""BOCAINA DO SUL"";""Sim"";""Não guardar distância de segurança"";2;""Queda de ocupante de veículo"";""Com Vítimas Feridas"";""Pleno dia"";""Decrescente"";""Sol"";""Simples"";""Reta"";""Não"";325102;""Motocicleta"";""KAWASAKI/NINJA ZX-6R"";2012;""Condutor"";""Lesões Leves"";39;""Masculino"";0;1;0;0;-27",741562;-49,"920628;""SR-SC"";""DEL8/5"";""UOP01/SC"""
"182318;402417;2019-01-01;""terça-feira"";""15:45:00"";""SC"";282;178","5;""BOCAINA DO SUL"";""Não"";""Velocidade Incompatível"";2;""Queda de ocupante de veículo"";""Com Vítimas Feridas"";""Pleno dia"";""Decrescente"";""Sol"";""Simples"";""Reta"";""Não"";325102;""Motocicleta"";""KAWASAKI/NINJA ZX-6R"";2012;""Condutor"";""Lesões Leves"";39;""Masculino"";0;1;0;0;-27",741562;-49,"920628;""SR-SC"";""DEL8/5"";""UOP01/SC"""
"182318;402417;2019-01-01;""terça-feira"";""15:45:00"";""SC"";282;178","5;""BOCAINA DO SUL"";""Sim"";""Não guardar distância de segurança"";1;""Colisão traseira"";""Com Vítimas Feridas"";""Pleno dia"";""Decrescente"";""Sol"";""Simples"";""Reta"";""Não"";325102;""Motocicleta"";""KAWASAKI/NINJA ZX-6R"";2012;""Condutor"";""Lesões Leves"";39;""Masculino"";0;1;0;0;-27",741562;-49,"920628;""SR-SC"";""DEL8/5"";""UOP01/SC"""
"182318;402417;2019-01-01;""terça-feira"";""15:45:00"";""SC"";282;178","5;""BOCAINA DO SUL"";""Não"";""Velocidade Incompatível"";1;""Colisão traseira"";""Com Vítimas Feridas"";""Pleno dia"";""Decrescente"";""Sol"";""Simples"";""Reta"";""Não"";325102;""Motocicleta"";""KAWASAKI/NINJA ZX-6R"";2012;""Condutor"";""Lesões Leves"";39;""Masculino"";0;1;0;0;-27",741562;-49,"920628;""SR-SC"";""DEL8/5"";""UOP01/SC"""
"182318;402470;2019-01-01;""terça-feira"";""15:45:00"";""SC"";282;178","5;""BOCAINA DO SUL"";""Sim"";""Não guardar distância de segurança"";2;""Queda de ocupante de veículo"";""Com Vítimas Feridas"";""Pleno dia"";""Decrescente"";""Sol"";""Simples"";""Reta"";""Não"";325103;""Automóvel"";"""";NA;""Condutor"";""Não Informado"";NA;""Não Informado"";0;0;0;0;-27",741562;-49,"920628;""SR-SC"";""DEL8/5"";""UOP01/SC"""
"182318;402470;2019-01-01;""terça-feira"";""15:45:00"";""SC"";282;178","5;""BOCAINA DO SUL"";""Não"";""Velocidade Incompatível"";2;""Queda de ocupante de veículo"";""Com Vítimas Feridas"";""Pleno dia"";""Decrescente"";""Sol"";""Simples"";""Reta"";""Não"";325103;""Automóvel"";"""";NA;""Condutor"";""Não Informado"";NA;""Não Informado"";0;0;0;0;-27",741562;-49,"920628;""SR-SC"";""DEL8/5"";""UOP01/SC"""
"182318;402470;2019-01-01;""terça-feira"";""15:45:00"";""SC"";282;178","5;""BOCAINA DO SUL"";""Sim"";""Não guardar distância de segurança"";1;""Colisão traseira"";""Com Vítimas Feridas"";""Pleno dia"";""Decrescente"";""Sol"";""Simples"";""Reta"";""Não"";325103;""Automóvel"";"""";NA;""Condutor"";""Não Informado"";NA;""Não Informado"";0;0;0;0;-27",741562;-49,"920628;""SR-SC"";""DEL8/5"";""UOP01/SC"""
"182318;402470;2019-01-01;""terça-feira"";""15:45:00"";""SC"";282;178","5;""BOCAINA DO SUL"";""Não"";""Velocidade Incompatível"";1;""Colisão traseira"";""Com Vítimas Feridas"";""Pleno dia"";""Decrescente"";""Sol"";""Simples"";""Reta"";""Não"";325103;""Automóvel"";"""";NA;""Condutor"";""Não Informado"";NA;""Não Informado"";0;0;0;0;-27",741562;-49,"920628;""SR-SC"";""DEL8/5"";""UOP01/SC"""
"182318;402419;2019-01-01;""terça-feira"";""15:45:00"";""SC"";282;178","5;""BOCAINA DO SUL"";""Sim"";""Não guardar distância de segurança"";2;""Queda de ocupante de veículo"";""Com Vítimas Feridas"";""Pleno dia"";""Decrescente"";""Sol"";""Simples"";""Reta"";""Não"";325102;""Motocicleta"";""KAWASAKI/NINJA ZX-6R"";2012;""Passageiro"";""Lesões Leves"";32;""Feminino"";0;1;0;0;-27",741562;-49,"920628;""SR-SC"";""DEL8/5"";""UOP01/SC"""
"182318;402419;2019-01-01;""terça-feira"";""15:45:00"";""SC"";282;178","5;""BOCAINA DO SUL"";""Não"";""Velocidade Incompatível"";2;""Queda de ocupante de veículo"";""Com Vítimas Feridas"";""Pleno dia"";""Decrescente"";""Sol"";""Simples"";""Reta"";""Não"";325102;""Motocicleta"";""KAWASAKI/NINJA ZX-6R"";2012;""Passageiro"";""Lesões Leves"";32;""Feminino"";0;1;0;0;-27",741562;-49,"920628;""SR-SC"";""DEL8/5"";""UOP01/SC"""
"182318;402419;2019-01-01;""terça-feira"";""15:45:00"";""SC"";282;178","5;""BOCAINA DO SUL"";""Sim"";""Não guardar distância de segurança"";1;""Colisão traseira"";""Com Vítimas Feridas"";""Pleno dia"";""Decrescente"";""Sol"";""Simples"";""Reta"";""Não"";325102;""Motocicleta"";""KAWASAKI/NINJA ZX-6R"";2012;""Passageiro"";""Lesões Leves"";32;""Feminino"";0;1;0;0;-27",741562;-49,"920628;""SR-SC"";""DEL8/5"";""UOP01/SC"""
"182318;402419;2019-01-01;""terça-feira"";""15:45:00"";""SC"";282;178","5;""BOCAINA DO SUL"";""Não"";""Velocidade Incompatível"";1;""Colisão traseira"";""Com Vítimas Feridas"";""Pleno dia"";""Decrescente"";""Sol"";""Simples"";""Reta"";""Não"";325102;""Motocicleta"";""KAWASAKI/NINJA ZX-6R"";2012;""Passageiro"";""Lesões Leves"";32;""Feminino"";0;1;0;0;-27",741562;-49,"920628;""SR-SC"";""DEL8/5"";""UOP01/SC"""
"182318;402421;2019-01-01;""terça-feira"";""15:45:00"";""SC"";282;178","5;""BOCAINA DO SUL"";""Sim"";""Não guardar distância de segurança"";2;""Queda de ocupante de veículo"";""Com Vítimas Feridas"";""Pleno dia"";""Decrescente"";""Sol"";""Simples"";""Reta"";""Não"";325102;""Motocicleta"";""KAWASAKI/NINJA ZX-6R"";2012;""Testemunha"";""Não Informado"";NA;""Não Informado"";0;0;0;0;-27",741562;-49,"920628;""SR-SC"";""DEL8/5"";""UOP01/SC"""
"182318;402421;2019-01-01;""terça-feira"";""15:45:00"";""SC"";282;178","5;""BOCAINA DO SUL"";""Não"";""Velocidade Incompatível"";2;""Queda de ocupante de veículo"";""Com Vítimas Feridas"";""Pleno dia"";""Decrescente"";""Sol"";""Simples"";""Reta"";""Não"";325102;""Motocicleta"";""KAWASAKI/NINJA ZX-6R"";2012;""Testemunha"";""Não Informado"";NA;""Não Informado"";0;0;0;0;-27",741562;-49,"920628;""SR-SC"";""DEL8/5"";""UOP01/SC"""
"182318;402421;2019-01-01;""terça-feira"";""15:45:00"";""SC"";282;178","5;""BOCAINA DO SUL"";""Sim"";""Não guardar distância de segurança"";1;""Colisão traseira"";""Com Vítimas Feridas"";""Pleno dia"";""Decrescente"";""Sol"";""Simples"";""Reta"";""Não"";325102;""Motocicleta"";""KAWASAKI/NINJA ZX-6R"";2012;""Testemunha"";""Não Informado"";NA;""Não Informado"";0;0;0;0;-27",741562;-49,"920628;""SR-SC"";""DEL8/5"";""UOP01/SC"""
"182318;402421;2019-01-01;""terça-feira"";""15:45:00"";""SC"";282;178","5;""BOCAINA DO SUL"";""Não"";""Velocidade Incompatível"";1;""Colisão traseira"";""Com Vítimas Feridas"";""Pleno dia"";""Decrescente"";""Sol"";""Simples"";""Reta"";""Não"";325102;""Motocicleta"";""KAWASAKI/NINJA ZX-6R"";2012;""Testemunha"";""Não Informado"";NA;""Não Informado"";0;0;0;0;-27",741562;-49,"920628;""SR-SC"";""DEL8/5"";""UOP01/SC"""
"182318;402421;2019-01-01;""terça-feira"";""15:45:00"";""SC"";282;178","5;""BOCAINA DO SUL"";""Sim"";""Não guardar distância de segurança"";2;""Queda de ocupante de veículo"";""Com Vítimas Feridas"";""Pleno dia"";""Decrescente"";""Sol"";""Simples"";""Reta"";""Não"";325103;""Automóvel"";"""";NA;""Testemunha"";""Não Informado"";NA;""Não Informado"";0;0;0;0;-27",741562;-49,"920628;""SR-SC"";""DEL8/5"";""UOP01/SC"""
"182318;402421;2019-01-01;""terça-feira"";""15:45:00"";""SC"";282;178","5;""BOCAINA DO SUL"";""Não"";""Velocidade Incompatível"";2;""Queda de ocupante de veículo"";""Com Vítimas Feridas"";""Pleno dia"";""Decrescente"";""Sol"";""Simples"";""Reta"";""Não"";325103;""Automóvel"";"""";NA;""Testemunha"";""Não Informado"";NA;""Não Informado"";0;0;0;0;-27",741562;-49,"920628;""SR-SC"";""DEL8/5"";""UOP01/SC"""
"182318;402421;2019-01-01;""terça-feira"";""15:45:00"";""SC"";282;178","5;""BOCAINA DO SUL"";""Sim"";""Não guardar distância de segurança"";1;""Colisão traseira"";""Com Vítimas Feridas"";""Pleno dia"";""Decrescente"";""Sol"";""Simples"";""Reta"";""Não"";325103;""Automóvel"";"""";NA;""Testemunha"";""Não Informado"";NA;""Não Informado"";0;0;0;0;-27",741562;-49,"920628;""SR-SC"";""DEL8/5"";""UOP01/SC"""
"182318;402421;2019-01-01;""terça-feira"";""15:45:00"";""SC"";282;178","5;""BOCAINA DO SUL"";""Não"";""Velocidade Incompatível"";1;""Colisão traseira"";""Com Vítimas Feridas"";""Pleno dia"";""Decrescente"";""Sol"";""Simples"";""Reta"";""Não"";325103;""Automóvel"";"""";NA;""Testemunha"";""Não Informado"";NA;""Não Informado"";0;0;0;0;-27",741562;-49,"920628;""SR-SC"";""DEL8/5"";""UOP01/SC"""
"182318;402459;2019-01-01;""terça-feira"";""15:45:00"";""SC"";282;178","5;""BOCAINA DO SUL"";""Sim"";""Não guardar distância de segurança"";2;""Queda de ocupante de veículo"";""Com Vítimas Feridas"";""Pleno dia"";""Decrescente"";""Sol"";""Simples"";""Reta"";""Não"";325102;""Motocicleta"";""KAWASAKI/NINJA ZX-6R"";2012;""Testemunha"";""Não Informado"";NA;""Não Informado"";0;0;0;0;-27",741562;-49,"920628;""SR-SC"";""DEL8/5"";""UOP01/SC"""
"182318;402459;2019-01-01;""terça-feira"";""15:45:00"";""SC"";282;178","5;""BOCAINA DO SUL"";""Não"";""Velocidade Incompatível"";2;""Queda de ocupante de veículo"";""Com Vítimas Feridas"";""Pleno dia"";""Decrescente"";""Sol"";""Simples"";""Reta"";""Não"";325102;""Motocicleta"";""KAWASAKI/NINJA ZX-6R"";2012;""Testemunha"";""Não Informado"";NA;""Não Informado"";0;0;0;0;-27",741562;-49,"920628;""SR-SC"";""DEL8/5"";""UOP01/SC"""
"182318;402459;2019-01-01;""terça-feira"";""15:45:00"";""SC"";282;178","5;""BOCAINA DO SUL"";""Sim"";""Não guardar distância de segurança"";1;""Colisão traseira"";""Com Vítimas Feridas"";""Pleno dia"";""Decrescente"";""Sol"";""Simples"";""Reta"";""Não"";325102;""Motocicleta"";""KAWASAKI/NINJA ZX-6R"";2012;""Testemunha"";""Não Informado"";NA;""Não Informado"";0;0;0;0;-27",741562;-49,"920628;""SR-SC"";""DEL8/5"";""UOP01/SC"""
"182318;402459;2019-01-01;""terça-feira"";""15:45:00"";""SC"";282;178","5;""BOCAINA DO SUL"";""Não"";""Velocidade Incompatível"";1;""Colisão traseira"";""Com Vítimas Feridas"";""Pleno dia"";""Decrescente"";""Sol"";""Simples"";""Reta"";""Não"";325102;""Motocicleta"";""KAWASAKI/NINJA ZX-6R"";2012;""Testemunha"";""Não Informado"";NA;""Não Informado"";0;0;0;0;-27",741562;-49,"920628;""SR-SC"";""DEL8/5"";""UOP01/SC"""
"182318;402459;2019-01-01;""terça-feira"";""15:45:00"";""SC"";282;178","5;""BOCAINA DO SUL"";""Sim"";""Não guardar distância de segurança"";2;""Queda de ocupante de veículo"";""Com Vítimas Feridas"";""Pleno dia"";""Decrescente"";""Sol"";""Simples"";""Reta"";""Não"";325103;""Automóvel"";"""";NA;""Testemunha"";""Não Informado"";NA;""Não Informado"";0;0;0;0;-27",741562;-49,"920628;""SR-SC"";""DEL8/5"";""UOP01/SC"""
"182318;402459;2019-01-01;""terça-feira"";""15:45:00"";""SC"";282;178","5;""BOCAINA DO SUL"";""Não"";""Velocidade Incompatível"";2;""Queda de ocupante de veículo"";""Com Vítimas Feridas"";""Pleno dia"";""Decrescente"";""Sol"";""Simples"";""Reta"";""Não"";325103;""Automóvel"";"""";NA;""Testemunha"";""Não Informado"";NA;""Não Informado"";0;0;0;0;-27",741562;-49,"920628;""SR-SC"";""DEL8/5"";""UOP01/SC"""
"182318;402459;2019-01-01;""terça-feira"";""15:45:00"";""SC"";282;178","5;""BOCAINA DO SUL"";""Sim"";""Não guardar distância de segurança"";1;""Colisão traseira"";""Com Vítimas Feridas"";""Pleno dia"";""Decrescente"";""Sol"";""Simples"";""Reta"";""Não"";325103;""Automóvel"";"""";NA;""Testemunha"";""Não Informado"";NA;""Não Informado"";0;0;0;0;-27",741562;-49,"920628;""SR-SC"";""DEL8/5"";""UOP01/SC"""
"182318;402459;2019-01-01;""terça-feira"";""15:45:00"";""SC"";282;178","5;""BOCAINA DO SUL"";""Não"";""Velocidade Incompatível"";1;""Colisão traseira"";""Com Vítimas Feridas"";""Pleno dia"";""Decrescente"";""Sol"";""Simples"";""Reta"";""Não"";325103;""Automóvel"";"""";NA;""Testemunha"";""Não Informado"";NA;""Não Informado"";0;0;0;0;-27",741562;-49,"920628;""SR-SC"";""DEL8/5"";""UOP01/SC"""
"182319;402426;2019-01-01;""terça-feira"";""16:00:00"";""ES"";101;77","1;""SAO MATEUS"";""Sim"";""Falta de Atenção à Condução"";2;""Tombamento"";""Com Vítimas Feridas"";""Pleno dia"";""Decrescente"";""Céu Claro"";""Simples"";""Desvio Temporário"";""Não"";325010;""Motoneta"";""HONDA/BIZ 125"";2016;""Passageiro"";""Lesões Graves"";37;""Feminino"";0;0;1;0;-18",720545;-39,"865883;""SR-ES"";""DEL12/4"";""UOP02/ES"""
"182319;402426;2019-01-01;""terça-feira"";""16:00:00"";""ES"";101;77","1;""SAO MATEUS"";""Sim"";""Falta de Atenção à Condução"";1;""Colisão traseira"";""Com Vítimas Feridas"";""Pleno dia"";""Decrescente"";""Céu Claro"";""Simples"";""Desvio Temporário"";""Não"";325010;""Motoneta"";""HONDA/BIZ 125"";2016;""Passageiro"";""Lesões Graves"";37;""Feminino"";0;0;1;0;-18",720545;-39,"865883;""SR-ES"";""DEL12/4"";""UOP02/ES"""
"182319;402414;2019-01-01;""terça-feira"";""16:00:00"";""ES"";101;77","1;""SAO MATEUS"";""Sim"";""Falta de Atenção à Condução"";2;""Tombamento"";""Com Vítimas Feridas"";""Pleno dia"";""Decrescente"";""Céu Claro"";""Simples"";""Desvio Temporário"";""Não"";325010;""Motoneta"";""HONDA/BIZ 125"";2016;""Condutor"";""Lesões Leves"";39;""Feminino"";0;1;0;0;-18",720545;-39,"865883;""SR-ES"";""DEL12/4"";""UOP02/ES"""
"182319;402414;2019-01-01;""terça-feira"";""16:00:00"";""ES"";101;77","1;""SAO MATEUS"";""Sim"";""Falta de Atenção à Condução"";1;""Colisão traseira"";""Com Vítimas Feridas"";""Pleno dia"";""Decrescente"";""Céu Claro"";""Simples"";""Desvio Temporário"";""Não"";325010;""Motoneta"";""HONDA/BIZ 125"";2016;""Condutor"";""Lesões Leves"";39;""Feminino"";0;1;0;0;-18",720545;-39,"865883;""SR-ES"";""DEL12/4"";""UOP02/ES"""
"182319;402418;2019-01-01;""terça-feira"";""16:00:00"";""ES"";101;77","1;""SAO MATEUS"";""Sim"";""Falta de Atenção à Condução"";2;""Tombamento"";""Com Vítimas Feridas"";""Pleno dia"";""Decrescente"";""Céu Claro"";""Simples"";""Desvio Temporário"";""Não"";325011;""Automóvel"";""CHEVROLET/ONIX 1.4MT LT"";2014;""Condutor"";""Ileso"";27;""Masculino"";1;0;0;0;-18",720545;-39,"865883;""SR-ES"";""DEL12/4"";""UOP02/ES"""
"182319;402418;2019-01-01;""terça-feira"";""16:00:00"";""ES"";101;77","1;""SAO MATEUS"";""Sim"";""Falta de Atenção à Condução"";1;""Colisão traseira"";""Com Vítimas Feridas"";""Pleno dia"";""Decrescente"";""Céu Claro"";""Simples"";""Desvio Temporário"";""Não"";325011;""Automóvel"";""CHEVROLET/ONIX 1.4MT LT"";2014;""Condutor"";""Ileso"";27;""Masculino"";1;0;0;0;-18",720545;-39,"865883;""SR-ES"";""DEL12/4"";""UOP02/ES"""
"182320;402284;2019-01-01;""terça-feira"";""15:20:00"";""PR"";277;5;""PARANAGUA"";""Sim"";""Falta de Atenção à Condução"";1;""Queda de ocupante de veículo"";""Com Vítimas Feridas"";""Pleno dia"";""Decrescente"";""Céu Claro"";""Dupla"";""Reta"";""Sim"";324990;""Motocicleta"";""HONDA/CG 150 TITAN KS"";2007;""Condutor"";""Lesões Leves"";26;""Masculino"";0;1;0;0;-25",56722039;-48,"58154297;""SR-PR"";""DEL7/1"";""UOP07/PR""",
"182320;402287;2019-01-01;""terça-feira"";""15:20:00"";""PR"";277;5;""PARANAGUA"";""Sim"";""Falta de Atenção à Condução"";1;""Queda de ocupante de veículo"";""Com Vítimas Feridas"";""Pleno dia"";""Decrescente"";""Céu Claro"";""Dupla"";""Reta"";""Sim"";324990;""Motocicleta"";""HONDA/CG 150 TITAN KS"";2007;""Passageiro"";""Lesões Leves"";20;""Feminino"";0;1;0;0;-25",56722039;-48,"58154297;""SR-PR"";""DEL7/1"";""UOP07/PR""",
"182321;402305;2019-01-01;""terça-feira"";""15:30:00"";""RS"";290;85","8;""PORTO ALEGRE"";""Sim"";""Ingestão de Álcool"";1;""Atropelamento de Pedestre"";""Com Vítimas Feridas"";""Pleno dia"";""Crescente"";""Céu Claro"";""Simples"";""Viaduto"";""Não"";325007;""Caminhonete"";""CHEVROLET/MONTANA LS"";2012;""Pedestre"";""Lesões Graves"";NA;""Masculino"";0;0;1;0;-29",9683194;-51,"11509323;""SR-RS"";""DEL9/1"";""UOP01/RS"""