"id;""pesid"";""data_inversa"";""dia_semana"";""horario"";""uf"";""br"";""km"";""municipio"";""causa_principal"";""causa_acidente"";""ordem_tipo_acidente"";""tipo_acidente"";""classificacao_acidente"";""fase_dia"";""sentido_via"";""condicao_metereologica"";""tipo_pista"";""tracado_via"";""uso_solo"";""id_veiculo"";""tipo_veiculo"";""marca"";""ano_fabricacao_veiculo"";""tipo_envolvido"";""estado_fisico"";""idade"";""sexo"";""ilesos"";""feridos_leves"";""feridos_graves"";""mortos"";""latitude"";""longitude"";""regional"";""delegacia"";""uop""",,,
"182357;403749;2019-01-01;""terça-feira"";""18:30:00"";""DF"";20;12;""BRASILIA"";""Sim"";""Falta de Atenção à Condução"";1;""Colisão traseira"";""Sem Vítimas"";""Anoitecer"";""Crescente"";""Céu Claro"";""Dupla"";""Reta"";""Sim"";325121;""Automóvel"";""VW/VIRTUS CL AD"";2018;""Condutor"";""Ileso"";35;""Masculino"";1;0;0;0;-15",642812;-47,"757786;""SR-DF"";""UOP01/DEL02/DF"";""""",
"182358;402335;2019-01-01;""terça-feira"";""17:00:00"";""RJ"";40;74;""PETROPOLIS"";""Sim"";""Velocidade Incompatível"";2;""Colisão com objeto estático"";""Com Vítimas Feridas"";""Pleno dia"";""Decrescente"";""Nublado"";""Simples"";""Não Informado"";""Não"";325042;""Automóvel"";""VW/FOX 1.6"";2005;""Condutor"";""Lesões Leves"";47;""Feminino"";0;1;0;0;-22",48283251;-43,"21585497;""SR-RJ"";""DEL5/6"";""UOP03/RJ""",
"182358;402335;2019-01-01;""terça-feira"";""17:00:00"";""RJ"";40;74;""PETROPOLIS"";""Sim"";""Velocidade Incompatível"";1;""Saída de leito carroçável"";""Com Vítimas Feridas"";""Pleno dia"";""Decrescente"";""Nublado"";""Simples"";""Não Informado"";""Não"";325042;""Automóvel"";""VW/FOX 1.6"";2005;""Condutor"";""Lesões Leves"";47;""Feminino"";0;1;0;0;-22",48283251;-43,"21585497;""SR-RJ"";""DEL5/6"";""UOP03/RJ""",
"182359;402445;2019-01-01;""terça-feira"";""18:35:00"";""PR"";376;641","3;""TIJUCAS DO SUL"";""Sim"";""Não guardar distância de segurança"";3;""Colisão com objeto em movimento"";""Com Vítimas Feridas"";""Pleno dia"";""Decrescente"";""Céu Claro"";""Dupla"";""Não Informado"";""Não"";325118;""Motocicleta"";""HONDA/CG 150 TITAN ESD"";2015;""Condutor"";""Lesões Graves"";25;""Masculino"";0;0;1;0;-25",797716;-49,"1309;""SR-PR"";""DEL7/1"";""UOP08/PR"""
"182359;402445;2019-01-01;""terça-feira"";""18:35:00"";""PR"";376;641","3;""TIJUCAS DO SUL"";""Não"";""Falta de Atenção à Condução"";3;""Colisão com objeto em movimento"";""Com Vítimas Feridas"";""Pleno dia"";""Decrescente"";""Céu Claro"";""Dupla"";""Não Informado"";""Não"";325118;""Motocicleta"";""HONDA/CG 150 TITAN ESD"";2015;""Condutor"";""Lesões Graves"";25;""Masculino"";0;0;1;0;-25",797716;-49,"1309;""SR-PR"";""DEL7/1"";""UOP08/PR"""
"182359;402445;2019-01-01;""terça-feira"";""18:35:00"";""PR"";376;641","3;""TIJUCAS DO SUL"";""Sim"";""Não guardar distância de segurança"";2;""Queda de ocupante de veículo"";""Com Vítimas Feridas"";""Pleno dia"";""Decrescente"";""Céu Claro"";""Dupla"";""Não Informado"";""Não"";325118;""Motocicleta"";""HONDA/CG 150 TITAN ESD"";2015;""Condutor"";""Lesões Graves"";25;""Masculino"";0;0;1;0;-25",797716;-49,"1309;""SR-PR"";""DEL7/1"";""UOP08/PR"""
"182359;402445;2019-01-01;""terça-feira"";""18:35:00"";""PR"";376;641","3;""TIJUCAS DO SUL"";""Não"";""Falta de Atenção à Condução"";2;""Queda de ocupante de veículo"";""Com Vítimas Feridas"";""Pleno dia"";""Decrescente"";""Céu Claro"";""Dupla"";""Não Informado"";""Não"";325118;""Motocicleta"";""HONDA/CG 150 TITAN ESD"";2015;""Condutor"";""Lesões Graves"";25;""Masculino"";0;0;1;0;-25",797716;-49,"1309;""SR-PR"";""DEL7/1"";""UOP08/PR"""
"182359;402445;2019-01-01;""terça-feira"";""18:35:00"";""PR"";376;641","3;""TIJUCAS DO SUL"";""Sim"";""Não guardar distância de segurança"";1;""Engavetamento"";""Com Vítimas Feridas"";""Pleno dia"";""Decrescente"";""Céu Claro"";""Dupla"";""Não Informado"";""Não"";325118;""Motocicleta"";""HONDA/CG 150 TITAN ESD"";2015;""Condutor"";""Lesões Graves"";25;""Masculino"";0;0;1;0;-25",797716;-49,"1309;""SR-PR"";""DEL7/1"";""UOP08/PR"""
"182359;402445;2019-01-01;""terça-feira"";""18:35:00"";""PR"";376;641","3;""TIJUCAS DO SUL"";""Não"";""Falta de Atenção à Condução"";1;""Engavetamento"";""Com Vítimas Feridas"";""Pleno dia"";""Decrescente"";""Céu Claro"";""Dupla"";""Não Informado"";""Não"";325118;""Motocicleta"";""HONDA/CG 150 TITAN ESD"";2015;""Condutor"";""Lesões Graves"";25;""Masculino"";0;0;1;0;-25",797716;-49,"1309;""SR-PR"";""DEL7/1"";""UOP08/PR"""
"182359;402444;2019-01-01;""terça-feira"";""18:35:00"";""PR"";376;641","3;""TIJUCAS DO SUL"";""Sim"";""Não guardar distância de segurança"";3;""Colisão com objeto em movimento"";""Com Vítimas Feridas"";""Pleno dia"";""Decrescente"";""Céu Claro"";""Dupla"";""Não Informado"";""Não"";325117;""Caminhonete"";""MMC/L200 TRITON 3.2 D"";2013;""Condutor"";""Ileso"";20;""Masculino"";1;0;0;0;-25",797716;-49,"1309;""SR-PR"";""DEL7/1"";""UOP08/PR"""
"182359;402444;2019-01-01;""terça-feira"";""18:35:00"";""PR"";376;641","3;""TIJUCAS DO SUL"";""Não"";""Falta de Atenção à Condução"";3;""Colisão com objeto em movimento"";""Com Vítimas Feridas"";""Pleno dia"";""Decrescente"";""Céu Claro"";""Dupla"";""Não Informado"";""Não"";325117;""Caminhonete"";""MMC/L200 TRITON 3.2 D"";2013;""Condutor"";""Ileso"";20;""Masculino"";1;0;0;0;-25",797716;-49,"1309;""SR-PR"";""DEL7/1"";""UOP08/PR"""
"182359;402444;2019-01-01;""terça-feira"";""18:35:00"";""PR"";376;641","3;""TIJUCAS DO SUL"";""Sim"";""Não guardar distância de segurança"";2;""Queda de ocupante de veículo"";""Com Vítimas Feridas"";""Pleno dia"";""Decrescente"";""Céu Claro"";""Dupla"";""Não Informado"";""Não"";325117;""Caminhonete"";""MMC/L200 TRITON 3.2 D"";2013;""Condutor"";""Ileso"";20;""Masculino"";1;0;0;0;-25",797716;-49,"1309;""SR-PR"";""DEL7/1"";""UOP08/PR"""
"182359;402444;2019-01-01;""terça-feira"";""18:35:00"";""PR"";376;641","3;""TIJUCAS DO SUL"";""Não"";""Falta de Atenção à Condução"";2;""Queda de ocupante de veículo"";""Com Vítimas Feridas"";""Pleno dia"";""Decrescente"";""Céu Claro"";""Dupla"";""Não Informado"";""Não"";325117;""Caminhonete"";""MMC/L200 TRITON 3.2 D"";2013;""Condutor"";""Ileso"";20;""Masculino"";1;0;0;0;-25",797716;-49,"1309;""SR-PR"";""DEL7/1"";""UOP08/PR"""
"182359;402444;2019-01-01;""terça-feira"";""18:35:00"";""PR"";376;641","3;""TIJUCAS DO SUL"";""Sim"";""Não guardar distância de segurança"";1;""Engavetamento"";""Com Vítimas Feridas"";""Pleno dia"";""Decrescente"";""Céu Claro"";""Dupla"";""Não Informado"";""Não"";325117;""Caminhonete"";""MMC/L200 TRITON 3.2 D"";2013;""Condutor"";""Ileso"";20;""Masculino"";1;0;0;0;-25",797716;-49,"1309;""SR-PR"";""DEL7/1"";""UOP08/PR"""
"182359;402444;2019-01-01;""terça-feira"";""18:35:00"";""PR"";376;641","3;""TIJUCAS DO SUL"";""Não"";""Falta de Atenção à Condução"";1;""Engavetamento"";""Com Vítimas Feridas"";""Pleno dia"";""Decrescente"";""Céu Claro"";""Dupla"";""Não Informado"";""Não"";325117;""Caminhonete"";""MMC/L200 TRITON 3.2 D"";2013;""Condutor"";""Ileso"";20;""Masculino"";1;0;0;0;-25",797716;-49,"1309;""SR-PR"";""DEL7/1"";""UOP08/PR"""
"182359;402441;2019-01-01;""terça-feira"";""18:35:00"";""PR"";376;641","3;""TIJUCAS DO SUL"";""Sim"";""Não guardar distância de segurança"";3;""Colisão com objeto em movimento"";""Com Vítimas Feridas"";""Pleno dia"";""Decrescente"";""Céu Claro"";""Dupla"";""Não Informado"";""Não"";325115;""Camioneta"";""RENAULT/DUSTER 16 D 4X2"";2014;""Condutor"";""Ileso"";39;""Masculino"";1;0;0;0;-25",797716;-49,"1309;""SR-PR"";""DEL7/1"";""UOP08/PR"""
"182359;402441;2019-01-01;""terça-feira"";""18:35:00"";""PR"";376;641","3;""TIJUCAS DO SUL"";""Não"";""Falta de Atenção à Condução"";3;""Colisão com objeto em movimento"";""Com Vítimas Feridas"";""Pleno dia"";""Decrescente"";""Céu Claro"";""Dupla"";""Não Informado"";""Não"";325115;""Camioneta"";""RENAULT/DUSTER 16 D 4X2"";2014;""Condutor"";""Ileso"";39;""Masculino"";1;0;0;0;-25",797716;-49,"1309;""SR-PR"";""DEL7/1"";""UOP08/PR"""
"182359;402441;2019-01-01;""terça-feira"";""18:35:00"";""PR"";376;641","3;""TIJUCAS DO SUL"";""Sim"";""Não guardar distância de segurança"";2;""Queda de ocupante de veículo"";""Com Vítimas Feridas"";""Pleno dia"";""Decrescente"";""Céu Claro"";""Dupla"";""Não Informado"";""Não"";325115;""Camioneta"";""RENAULT/DUSTER 16 D 4X2"";2014;""Condutor"";""Ileso"";39;""Masculino"";1;0;0;0;-25",797716;-49,"1309;""SR-PR"";""DEL7/1"";""UOP08/PR"""
"182359;402441;2019-01-01;""terça-feira"";""18:35:00"";""PR"";376;641","3;""TIJUCAS DO SUL"";""Não"";""Falta de Atenção à Condução"";2;""Queda de ocupante de veículo"";""Com Vítimas Feridas"";""Pleno dia"";""Decrescente"";""Céu Claro"";""Dupla"";""Não Informado"";""Não"";325115;""Camioneta"";""RENAULT/DUSTER 16 D 4X2"";2014;""Condutor"";""Ileso"";39;""Masculino"";1;0;0;0;-25",797716;-49,"1309;""SR-PR"";""DEL7/1"";""UOP08/PR"""
"182359;402441;2019-01-01;""terça-feira"";""18:35:00"";""PR"";376;641","3;""TIJUCAS DO SUL"";""Sim"";""Não guardar distância de segurança"";1;""Engavetamento"";""Com Vítimas Feridas"";""Pleno dia"";""Decrescente"";""Céu Claro"";""Dupla"";""Não Informado"";""Não"";325115;""Camioneta"";""RENAULT/DUSTER 16 D 4X2"";2014;""Condutor"";""Ileso"";39;""Masculino"";1;0;0;0;-25",797716;-49,"1309;""SR-PR"";""DEL7/1"";""UOP08/PR"""
"182359;402441;2019-01-01;""terça-feira"";""18:35:00"";""PR"";376;641","3;""TIJUCAS DO SUL"";""Não"";""Falta de Atenção à Condução"";1;""Engavetamento"";""Com Vítimas Feridas"";""Pleno dia"";""Decrescente"";""Céu Claro"";""Dupla"";""Não Informado"";""Não"";325115;""Camioneta"";""RENAULT/DUSTER 16 D 4X2"";2014;""Condutor"";""Ileso"";39;""Masculino"";1;0;0;0;-25",797716;-49,"1309;""SR-PR"";""DEL7/1"";""UOP08/PR"""
"182359;402438;2019-01-01;""terça-feira"";""18:35:00"";""PR"";376;641","3;""TIJUCAS DO SUL"";""Sim"";""Não guardar distância de segurança"";3;""Colisão com objeto em movimento"";""Com Vítimas Feridas"";""Pleno dia"";""Decrescente"";""Céu Claro"";""Dupla"";""Não Informado"";""Não"";325114;""Caminhonete"";""I/TOYOTA HILUX CD4X4 SRV"";2010;""Condutor"";""Ileso"";47;""Masculino"";1;0;0;0;-25",797716;-49,"1309;""SR-PR"";""DEL7/1"";""UOP08/PR"""
"182359;402438;2019-01-01;""terça-feira"";""18:35:00"";""PR"";376;641","3;""TIJUCAS DO SUL"";""Não"";""Falta de Atenção à Condução"";3;""Colisão com objeto em movimento"";""Com Vítimas Feridas"";""Pleno dia"";""Decrescente"";""Céu Claro"";""Dupla"";""Não Informado"";""Não"";325114;""Caminhonete"";""I/TOYOTA HILUX CD4X4 SRV"";2010;""Condutor"";""Ileso"";47;""Masculino"";1;0;0;0;-25",797716;-49,"1309;""SR-PR"";""DEL7/1"";""UOP08/PR"""
"182359;402438;2019-01-01;""terça-feira"";""18:35:00"";""PR"";376;641","3;""TIJUCAS DO SUL"";""Sim"";""Não guardar distância de segurança"";2;""Queda de ocupante de veículo"";""Com Vítimas Feridas"";""Pleno dia"";""Decrescente"";""Céu Claro"";""Dupla"";""Não Informado"";""Não"";325114;""Caminhonete"";""I/TOYOTA HILUX CD4X4 SRV"";2010;""Condutor"";""Ileso"";47;""Masculino"";1;0;0;0;-25",797716;-49,"1309;""SR-PR"";""DEL7/1"";""UOP08/PR"""
"182359;402438;2019-01-01;""terça-feira"";""18:35:00"";""PR"";376;641","3;""TIJUCAS DO SUL"";""Não"";""Falta de Atenção à Condução"";2;""Queda de ocupante de veículo"";""Com Vítimas Feridas"";""Pleno dia"";""Decrescente"";""Céu Claro"";""Dupla"";""Não Informado"";""Não"";325114;""Caminhonete"";""I/TOYOTA HILUX CD4X4 SRV"";2010;""Condutor"";""Ileso"";47;""Masculino"";1;0;0;0;-25",797716;-49,"1309;""SR-PR"";""DEL7/1"";""UOP08/PR"""
"182359;402438;2019-01-01;""terça-feira"";""18:35:00"";""PR"";376;641","3;""TIJUCAS DO SUL"";""Sim"";""Não guardar distância de segurança"";1;""Engavetamento"";""Com Vítimas Feridas"";""Pleno dia"";""Decrescente"";""Céu Claro"";""Dupla"";""Não Informado"";""Não"";325114;""Caminhonete"";""I/TOYOTA HILUX CD4X4 SRV"";2010;""Condutor"";""Ileso"";47;""Masculino"";1;0;0;0;-25",797716;-49,"1309;""SR-PR"";""DEL7/1"";""UOP08/PR"""
"182359;402438;2019-01-01;""terça-feira"";""18:35:00"";""PR"";376;641","3;""TIJUCAS DO SUL"";""Não"";""Falta de Atenção à Condução"";1;""Engavetamento"";""Com Vítimas Feridas"";""Pleno dia"";""Decrescente"";""Céu Claro"";""Dupla"";""Não Informado"";""Não"";325114;""Caminhonete"";""I/TOYOTA HILUX CD4X4 SRV"";2010;""Condutor"";""Ileso"";47;""Masculino"";1;0;0;0;-25",797716;-49,"1309;""SR-PR"";""DEL7/1"";""UOP08/PR"""
"182359;402435;2019-01-01;""terça-feira"";""18:35:00"";""PR"";376;641","3;""TIJUCAS DO SUL"";""Sim"";""Não guardar distância de segurança"";3;""Colisão com objeto em movimento"";""Com Vítimas Feridas"";""Pleno dia"";""Decrescente"";""Céu Claro"";""Dupla"";""Não Informado"";""Não"";325113;""Automóvel"";""VW/CROSSFOX GII"";2011;""Condutor"";""Ileso"";33;""Masculino"";1;0;0;0;-25",797716;-49,"1309;""SR-PR"";""DEL7/1"";""UOP08/PR"""
"182359;402435;2019-01-01;""terça-feira"";""18:35:00"";""PR"";376;641","3;""TIJUCAS DO SUL"";""Não"";""Falta de Atenção à Condução"";3;""Colisão com objeto em movimento"";""Com Vítimas Feridas"";""Pleno dia"";""Decrescente"";""Céu Claro"";""Dupla"";""Não Informado"";""Não"";325113;""Automóvel"";""VW/CROSSFOX GII"";2011;""Condutor"";""Ileso"";33;""Masculino"";1;0;0;0;-25",797716;-49,"1309;""SR-PR"";""DEL7/1"";""UOP08/PR"""
"182359;402435;2019-01-01;""terça-feira"";""18:35:00"";""PR"";376;641","3;""TIJUCAS DO SUL"";""Sim"";""Não guardar distância de segurança"";2;""Queda de ocupante de veículo"";""Com Vítimas Feridas"";""Pleno dia"";""Decrescente"";""Céu Claro"";""Dupla"";""Não Informado"";""Não"";325113;""Automóvel"";""VW/CROSSFOX GII"";2011;""Condutor"";""Ileso"";33;""Masculino"";1;0;0;0;-25",797716;-49,"1309;""SR-PR"";""DEL7/1"";""UOP08/PR"""
"182359;402435;2019-01-01;""terça-feira"";""18:35:00"";""PR"";376;641","3;""TIJUCAS DO SUL"";""Não"";""Falta de Atenção à Condução"";2;""Queda de ocupante de veículo"";""Com Vítimas Feridas"";""Pleno dia"";""Decrescente"";""Céu Claro"";""Dupla"";""Não Informado"";""Não"";325113;""Automóvel"";""VW/CROSSFOX GII"";2011;""Condutor"";""Ileso"";33;""Masculino"";1;0;0;0;-25",797716;-49,"1309;""SR-PR"";""DEL7/1"";""UOP08/PR"""
"182359;402435;2019-01-01;""terça-feira"";""18:35:00"";""PR"";376;641","3;""TIJUCAS DO SUL"";""Sim"";""Não guardar distância de segurança"";1;""Engavetamento"";""Com Vítimas Feridas"";""Pleno dia"";""Decrescente"";""Céu Claro"";""Dupla"";""Não Informado"";""Não"";325113;""Automóvel"";""VW/CROSSFOX GII"";2011;""Condutor"";""Ileso"";33;""Masculino"";1;0;0;0;-25",797716;-49,"1309;""SR-PR"";""DEL7/1"";""UOP08/PR"""
"182359;402435;2019-01-01;""terça-feira"";""18:35:00"";""PR"";376;641","3;""TIJUCAS DO SUL"";""Não"";""Falta de Atenção à Condução"";1;""Engavetamento"";""Com Vítimas Feridas"";""Pleno dia"";""Decrescente"";""Céu Claro"";""Dupla"";""Não Informado"";""Não"";325113;""Automóvel"";""VW/CROSSFOX GII"";2011;""Condutor"";""Ileso"";33;""Masculino"";1;0;0;0;-25",797716;-49,"1309;""SR-PR"";""DEL7/1"";""UOP08/PR"""
"182359;402433;2019-01-01;""terça-feira"";""18:35:00"";""PR"";376;641","3;""TIJUCAS DO SUL"";""Sim"";""Não guardar distância de segurança"";3;""Colisão com objeto em movimento"";""Com Vítimas Feridas"";""Pleno dia"";""Decrescente"";""Céu Claro"";""Dupla"";""Não Informado"";""Não"";325107;""Automóvel"";""CHEVROLET/CRUZE LT HB"";2014;""Condutor"";""Ileso"";33;""Masculino"";1;0;0;0;-25",797716;-49,"1309;""SR-PR"";""DEL7/1"";""UOP08/PR"""
"182359;402433;2019-01-01;""terça-feira"";""18:35:00"";""PR"";376;641","3;""TIJUCAS DO SUL"";""Não"";""Falta de Atenção à Condução"";3;""Colisão com objeto em movimento"";""Com Vítimas Feridas"";""Pleno dia"";""Decrescente"";""Céu Claro"";""Dupla"";""Não Informado"";""Não"";325107;""Automóvel"";""CHEVROLET/CRUZE LT HB"";2014;""Condutor"";""Ileso"";33;""Masculino"";1;0;0;0;-25",797716;-49,"1309;""SR-PR"";""DEL7/1"";""UOP08/PR"""
"182359;402433;2019-01-01;""terça-feira"";""18:35:00"";""PR"";376;641","3;""TIJUCAS DO SUL"";""Sim"";""Não guardar distância de segurança"";2;""Queda de ocupante de veículo"";""Com Vítimas Feridas"";""Pleno dia"";""Decrescente"";""Céu Claro"";""Dupla"";""Não Informado"";""Não"";325107;""Automóvel"";""CHEVROLET/CRUZE LT HB"";2014;""Condutor"";""Ileso"";33;""Masculino"";1;0;0;0;-25",797716;-49,"1309;""SR-PR"";""DEL7/1"";""UOP08/PR"""
"182359;402433;2019-01-01;""terça-feira"";""18:35:00"";""PR"";376;641","3;""TIJUCAS DO SUL"";""Não"";""Falta de Atenção à Condução"";2;""Queda de ocupante de veículo"";""Com Vítimas Feridas"";""Pleno dia"";""Decrescente"";""Céu Claro"";""Dupla"";""Não Informado"";""Não"";325107;""Automóvel"";""CHEVROLET/CRUZE LT HB"";2014;""Condutor"";""Ileso"";33;""Masculino"";1;0;0;0;-25",797716;-49,"1309;""SR-PR"";""DEL7/1"";""UOP08/PR"""
"182359;402433;2019-01-01;""terça-feira"";""18:35:00"";""PR"";376;641","3;""TIJUCAS DO SUL"";""Sim"";""Não guardar distância de segurança"";1;""Engavetamento"";""Com Vítimas Feridas"";""Pleno dia"";""Decrescente"";""Céu Claro"";""Dupla"";""Não Informado"";""Não"";325107;""Automóvel"";""CHEVROLET/CRUZE LT HB"";2014;""Condutor"";""Ileso"";33;""Masculino"";1;0;0;0;-25",797716;-49,"1309;""SR-PR"";""DEL7/1"";""UOP08/PR"""
"182359;402433;2019-01-01;""terça-feira"";""18:35:00"";""PR"";376;641","3;""TIJUCAS DO SUL"";""Não"";""Falta de Atenção à Condução"";1;""Engavetamento"";""Com Vítimas Feridas"";""Pleno dia"";""Decrescente"";""Céu Claro"";""Dupla"";""Não Informado"";""Não"";325107;""Automóvel"";""CHEVROLET/CRUZE LT HB"";2014;""Condutor"";""Ileso"";33;""Masculino"";1;0;0;0;-25",797716;-49,"1309;""SR-PR"";""DEL7/1"";""UOP08/PR"""
"182360;402407;2019-01-01;""terça-feira"";""18:45:00"";""SC"";101;182","6;""BIGUACU"";""Sim"";""Falta de Atenção à Condução"";1;""Colisão traseira"";""Com Vítimas Feridas"";""Anoitecer"";""Decrescente"";""Céu Claro"";""Dupla"";""Reta"";""Não"";325093;""Automóvel"";""FIAT/PALIO FIRE ECONOMY"";2009;""Condutor"";""Ileso"";22;""Masculino"";1;0;0;0;-27",4071;-48,"6284;""SR-SC"";""DEL8/1"";""UOP01/SC"""
"182360;402406;2019-01-01;""terça-feira"";""18:45:00"";""SC"";101;182","6;""BIGUACU"";""Sim"";""Falta de Atenção à Condução"";1;""Colisão traseira"";""Com Vítimas Feridas"";""Anoitecer"";""Decrescente"";""Céu Claro"";""Dupla"";""Reta"";""Não"";325092;""Automóvel"";""CHEVROLET/CLASSIC LS"";2011;""Passageiro"";""Lesões Leves"";34;""Masculino"";0;1;0;0;-27",4071;-48,"6284;""SR-SC"";""DEL8/1"";""UOP01/SC"""
"182360;402403;2019-01-01;""terça-feira"";""18:45:00"";""SC"";101;182","6;""BIGUACU"";""Sim"";""Falta de Atenção à Condução"";1;""Colisão traseira"";""Com Vítimas Feridas"";""Anoitecer"";""Decrescente"";""Céu Claro"";""Dupla"";""Reta"";""Não"";325092;""Automóvel"";""CHEVROLET/CLASSIC LS"";2011;""Condutor"";""Ileso"";27;""Feminino"";1;0;0;0;-27",4071;-48,"6284;""SR-SC"";""DEL8/1"";""UOP01/SC"""
"182361;NA;2019-01-01;""terça-feira"";""10:00:00"";""MG"";251;280;""SALINAS"";""Sim"";""Ultrapassagem Indevida"";1;""Saída de leito carroçável"";""Com Vítimas Feridas"";""Pleno dia"";""Decrescente"";""Sol"";""Simples"";""Reta"";""Não"";325166;""Semireboque"";""SR/NIJU NJSRFR 3E"";2007;""Não Informado"";""Não Informado"";NA;""Não Informado"";0;0;0;0;-16",12498503;-42,"22251892;""SR-MG"";""DEL4/11"";""UOP02/MG""",
"182361;402521;2019-01-01;""terça-feira"";""10:00:00"";""MG"";251;280;""SALINAS"";""Sim"";""Ultrapassagem Indevida"";1;""Saída de leito carroçável"";""Com Vítimas Feridas"";""Pleno dia"";""Decrescente"";""Sol"";""Simples"";""Reta"";""Não"";325052;""Caminhão-trator"";""VOLVO/FH 440 6X2T"";2011;""Condutor"";""Lesões Leves"";52;""Masculino"";0;1;0;0;-16",12498503;-42,"22251892;""SR-MG"";""DEL4/11"";""UOP02/MG""",
"182362;404322;2019-01-01;""terça-feira"";""18:20:00"";""PE"";101;41;""IGARASSU"";""Sim"";""Ingestão de Álcool"";1;""Colisão lateral"";""Sem Vítimas"";""Plena Noite"";""Crescente"";""Céu Claro"";""Dupla"";""Reta"";""Sim"";325208;""Caminhão"";""VW/8.140"";1999;""Condutor"";""Ileso"";59;""Masculino"";1;0;0;0;-7",837;-34,"9124;""SR-PE"";""DEL11/1"";""UOP02/PE""",
"182362;404321;2019-01-01;""terça-feira"";""18:20:00"";""PE"";101;41;""IGARASSU"";""Sim"";""Ingestão de Álcool"";1;""Colisão lateral"";""Sem Vítimas"";""Plena Noite"";""Crescente"";""Céu Claro"";""Dupla"";""Reta"";""Sim"";325207;""Automóvel"";""CHEVROLET/ONIX 10MT JOYE"";2018;""Condutor"";""Ileso"";63;""Feminino"";1;0;0;0;-7",837;-34,"9124;""SR-PE"";""DEL11/1"";""UOP02/PE""",
"182363;405182;2019-01-01;""terça-feira"";""19:10:00"";""RS"";290;25;""SANTO ANTONIO DA PATRULHA"";""Sim"";""Não guardar distância de segurança"";2;""Tombamento"";""Com Vítimas Feridas"";""Pleno dia"";""Crescente"";""Céu Claro"";""Dupla"";""Rotatória"";""Não"";325051;""Motocicleta"";""HONDA/CG 150 SPORT"";2005;""Passageiro"";""Lesões Leves"";18;""Feminino"";0;1;0;0;-29",87989028;-50,"51172495;""SR-RS"";""DEL9/3"";""UOP02/RS""",
"182363;405182;2019-01-01;""terça-feira"";""19:10:00"";""RS"";290;25;""SANTO ANTONIO DA PATRULHA"";""Sim"";""Não guardar distância de segurança"";1;""Colisão lateral"";""Com Vítimas Feridas"";""Pleno dia"";""Crescente"";""Céu Claro"";""Dupla"";""Rotatória"";""Não"";325051;""Motocicleta"";""HONDA/CG 150 SPORT"";2005;""Passageiro"";""Lesões Leves"";18;""Feminino"";0;1;0;0;-29",87989028;-50,"51172495;""SR-RS"";""DEL9/3"";""UOP02/RS""",
"182363;405181;2019-01-01;""terça-feira"";""19:10:00"";""RS"";290;25;""SANTO ANTONIO DA PATRULHA"";""Sim"";""Não guardar distância de segurança"";2;""Tombamento"";""Com Vítimas Feridas"";""Pleno dia"";""Crescente"";""Céu Claro"";""Dupla"";""Rotatória"";""Não"";325051;""Motocicleta"";""HONDA/CG 150 SPORT"";2005;""Condutor"";""Ileso"";20;""Masculino"";1;0;0;0;-29",87989028;-50,"51172495;""SR-RS"";""DEL9/3"";""UOP02/RS""",
"182363;405181;2019-01-01;""terça-feira"";""19:10:00"";""RS"";290;25;""SANTO ANTONIO DA PATRULHA"";""Sim"";""Não guardar distância de segurança"";1;""Colisão lateral"";""Com Vítimas Feridas"";""Pleno dia"";""Crescente"";""Céu Claro"";""Dupla"";""Rotatória"";""Não"";325051;""Motocicleta"";""HONDA/CG 150 SPORT"";2005;""Condutor"";""Ileso"";20;""Masculino"";1;0;0;0;-29",87989028;-50,"51172495;""SR-RS"";""DEL9/3"";""UOP02/RS""",
"182363;405180;2019-01-01;""terça-feira"";""19:10:00"";""RS"";290;25;""SANTO ANTONIO DA PATRULHA"";""Sim"";""Não guardar distância de segurança"";2;""Tombamento"";""Com Vítimas Feridas"";""Pleno dia"";""Crescente"";""Céu Claro"";""Dupla"";""Rotatória"";""Não"";325050;""Automóvel"";""FIAT/PALIO WK ADVEN FLEX"";2010;""Condutor"";""Ileso"";54;""Masculino"";1;0;0;0;-29",87989028;-50,"51172495;""SR-RS"";""DEL9/3"";""UOP02/RS""",
"182363;405180;2019-01-01;""terça-feira"";""19:10:00"";""RS"";290;25;""SANTO ANTONIO DA PATRULHA"";""Sim"";""Não guardar distância de segurança"";1;""Colisão lateral"";""Com Vítimas Feridas"";""Pleno dia"";""Crescente"";""Céu Claro"";""Dupla"";""Rotatória"";""Não"";325050;""Automóvel"";""FIAT/PALIO WK ADVEN FLEX"";2010;""Condutor"";""Ileso"";54;""Masculino"";1;0;0;0;-29",87989028;-50,"51172495;""SR-RS"";""DEL9/3"";""UOP02/RS""",
"182364;402338;2019-01-01;""terça-feira"";""14:52:00"";""RJ"";40;87;""PETROPOLIS"";""Sim"";""Falta de Atenção à Condução"";1;""Queda de ocupante de veículo"";""Com Vítimas Feridas"";""Pleno dia"";""Decrescente"";""Chuva"";""Simples"";""Curva"";""Não"";325045;""Motocicleta"";""I/BUELL XB12X"";2005;""Condutor"";""Lesões Leves"";63;""Masculino"";0;1;0;0;-22",5577;-43,"2279;""SR-RJ"";""DEL5/6"";""UOP03/RJ""",
"182366;402614;2019-01-01;""terça-feira"";""19:00:00"";""SP"";116;78","6;""ROSEIRA"";""Sim"";""Falta de Atenção à Condução"";1;""Colisão traseira"";""Com Vítimas Feridas"";""Pleno dia"";""Crescente"";""Chuva"";""Dupla"";""Reta"";""Sim"";325078;""Automóvel"";""FIAT/PUNTO ESSENCE 1.6"";2014;""Condutor"";""Ileso"";23;""Masculino"";1;0;0;0;-22",888971;-45,"286961;""SR-SP"";""DEL6"";""UOP01/SP"""