"id;""pesid"";""data_inversa"";""dia_semana"";""horario"";""uf"";""br"";""km"";""municipio"";""causa_principal"";""causa_acidente"";""ordem_tipo_acidente"";""tipo_acidente"";""classificacao_acidente"";""fase_dia"";""sentido_via"";""condicao_metereologica"";""tipo_pista"";""tracado_via"";""uso_solo"";""id_veiculo"";""tipo_veiculo"";""marca"";""ano_fabricacao_veiculo"";""tipo_envolvido"";""estado_fisico"";""idade"";""sexo"";""ilesos"";""feridos_leves"";""feridos_graves"";""mortos"";""latitude"";""longitude"";""regional"";""delegacia"";""uop""",,,
"182366;402611;2019-01-01;""terça-feira"";""19:00:00"";""SP"";116;78","6;""ROSEIRA"";""Sim"";""Falta de Atenção à Condução"";1;""Colisão traseira"";""Com Vítimas Feridas"";""Pleno dia"";""Crescente"";""Chuva"";""Dupla"";""Reta"";""Sim"";325076;""Automóvel"";""FIAT/PALIO WEEKEND EX"";2003;""Condutor"";""Ileso"";62;""Masculino"";1;0;0;0;-22",888971;-45,"286961;""SR-SP"";""DEL6"";""UOP01/SP"""
"182366;402612;2019-01-01;""terça-feira"";""19:00:00"";""SP"";116;78","6;""ROSEIRA"";""Sim"";""Falta de Atenção à Condução"";1;""Colisão traseira"";""Com Vítimas Feridas"";""Pleno dia"";""Crescente"";""Chuva"";""Dupla"";""Reta"";""Sim"";325077;""Automóvel"";""CHEVROLET/ONIX 1.4MT LT"";2014;""Condutor"";""Lesões Leves"";46;""Masculino"";0;1;0;0;-22",888971;-45,"286961;""SR-SP"";""DEL6"";""UOP01/SP"""
"182367;402342;2019-01-01;""terça-feira"";""18:40:00"";""MG"";40;718;""BARBACENA"";""Sim"";""Velocidade Incompatível"";1;""Saída de leito carroçável"";""Com Vítimas Feridas"";""Pleno dia"";""Decrescente"";""Chuva"";""Dupla"";""Curva"";""Não"";325058;""Automóvel"";""HONDA/CITY LX FLEX"";2012;""Passageiro"";""Lesões Leves"";26;""Feminino"";0;1;0;0;-21",2916;-43,"6372;""SR-MG"";""DEL5"";""UOP01/MG""",
"182367;402339;2019-01-01;""terça-feira"";""18:40:00"";""MG"";40;718;""BARBACENA"";""Sim"";""Velocidade Incompatível"";1;""Saída de leito carroçável"";""Com Vítimas Feridas"";""Pleno dia"";""Decrescente"";""Chuva"";""Dupla"";""Curva"";""Não"";325058;""Automóvel"";""HONDA/CITY LX FLEX"";2012;""Condutor"";""Ileso"";29;""Masculino"";1;0;0;0;-21",2916;-43,"6372;""SR-MG"";""DEL5"";""UOP01/MG""",
"182368;402648;2019-01-01;""terça-feira"";""18:00:00"";""RJ"";116;279;""BARRA MANSA"";""Não"";""Desobediência às normas de trânsito pelo condutor"";1;""Colisão com objeto estático"";""Com Vítimas Feridas"";""Pleno dia"";""Decrescente"";""Chuva"";""Dupla"";""Não Informado"";""Não"";325059;""Automóvel"";""GM/CLASSIC SPIRIT"";2005;""Condutor"";""Lesões Leves"";22;""Feminino"";0;1;0;0;-22",547443;-44,"183659;""SR-RJ"";""DEL5/7"";""UOP02/RJ""",
"182368;402648;2019-01-01;""terça-feira"";""18:00:00"";""RJ"";116;279;""BARRA MANSA"";""Sim"";""Pista Escorregadia"";1;""Colisão com objeto estático"";""Com Vítimas Feridas"";""Pleno dia"";""Decrescente"";""Chuva"";""Dupla"";""Não Informado"";""Não"";325059;""Automóvel"";""GM/CLASSIC SPIRIT"";2005;""Condutor"";""Lesões Leves"";22;""Feminino"";0;1;0;0;-22",547443;-44,"183659;""SR-RJ"";""DEL5/7"";""UOP02/RJ""",
"182369;NA;2019-01-01;""terça-feira"";""18:20:00"";""PR"";277;170","7;""PALMEIRA"";""Sim"";""Desobediência às normas de trânsito pelo condutor"";1;""Colisão transversal"";""Com Vítimas Feridas"";""Pleno dia"";""Crescente"";""Sol"";""Simples"";""Reta"";""Sim"";325142;""Reboque"";""R/RECLAL CS RC"";2010;""Não Informado"";""Não Informado"";NA;""Não Informado"";0;0;0;0;-25",43534;-50,"0147;""SR-PR"";""DEL7/1"";""UOP05/PR"""
"182369;NA;2019-01-01;""terça-feira"";""18:20:00"";""PR"";277;170","7;""PALMEIRA"";""Sim"";""Desobediência às normas de trânsito pelo condutor"";1;""Colisão transversal"";""Com Vítimas Feridas"";""Pleno dia"";""Crescente"";""Sol"";""Simples"";""Reta"";""Sim"";325143;""Motocicleta"";""I/BMW S1000 RR"";2014;""Não Informado"";""Não Informado"";NA;""Não Informado"";0;0;0;0;-25",43534;-50,"0147;""SR-PR"";""DEL7/1"";""UOP05/PR"""
"182369;402476;2019-01-01;""terça-feira"";""18:20:00"";""PR"";277;170","7;""PALMEIRA"";""Sim"";""Desobediência às normas de trânsito pelo condutor"";1;""Colisão transversal"";""Com Vítimas Feridas"";""Pleno dia"";""Crescente"";""Sol"";""Simples"";""Reta"";""Sim"";325063;""Automóvel"";""I/FORD FIESTA SE HA"";2012;""Passageiro"";""Lesões Leves"";59;""Feminino"";0;1;0;0;-25",43534;-50,"0147;""SR-PR"";""DEL7/1"";""UOP05/PR"""
"182369;402474;2019-01-01;""terça-feira"";""18:20:00"";""PR"";277;170","7;""PALMEIRA"";""Sim"";""Desobediência às normas de trânsito pelo condutor"";1;""Colisão transversal"";""Com Vítimas Feridas"";""Pleno dia"";""Crescente"";""Sol"";""Simples"";""Reta"";""Sim"";325063;""Automóvel"";""I/FORD FIESTA SE HA"";2012;""Passageiro"";""Ileso"";29;""Feminino"";1;0;0;0;-25",43534;-50,"0147;""SR-PR"";""DEL7/1"";""UOP05/PR"""
"182369;402473;2019-01-01;""terça-feira"";""18:20:00"";""PR"";277;170","7;""PALMEIRA"";""Sim"";""Desobediência às normas de trânsito pelo condutor"";1;""Colisão transversal"";""Com Vítimas Feridas"";""Pleno dia"";""Crescente"";""Sol"";""Simples"";""Reta"";""Sim"";325063;""Automóvel"";""I/FORD FIESTA SE HA"";2012;""Condutor"";""Ileso"";28;""Masculino"";1;0;0;0;-25",43534;-50,"0147;""SR-PR"";""DEL7/1"";""UOP05/PR"""
"182369;402472;2019-01-01;""terça-feira"";""18:20:00"";""PR"";277;170","7;""PALMEIRA"";""Sim"";""Desobediência às normas de trânsito pelo condutor"";1;""Colisão transversal"";""Com Vítimas Feridas"";""Pleno dia"";""Crescente"";""Sol"";""Simples"";""Reta"";""Sim"";325062;""Automóvel"";""FORD/FIESTA FLEX"";2012;""Condutor"";""Lesões Leves"";34;""Feminino"";0;1;0;0;-25",43534;-50,"0147;""SR-PR"";""DEL7/1"";""UOP05/PR"""
"182370;404368;2019-01-01;""terça-feira"";""18:30:00"";""CE"";20;353","1;""CARIDADE"";""Sim"";""Ultrapassagem Indevida"";2;""Atropelamento de Pedestre"";""Com Vítimas Fatais"";""Plena Noite"";""Crescente"";""Céu Claro"";""Simples"";""Reta"";""Não"";325161;""Motocicleta"";""HONDA/NXR150 BROS ESD"";2014;""Condutor"";""Lesões Graves"";49;""Masculino"";0;0;1;0;-4",094943;-39,"055965;""SR-CE"";""DEL16/2"";""UOP01/CE"""
"182370;404368;2019-01-01;""terça-feira"";""18:30:00"";""CE"";20;353","1;""CARIDADE"";""Sim"";""Ultrapassagem Indevida"";1;""Colisão transversal"";""Com Vítimas Fatais"";""Plena Noite"";""Crescente"";""Céu Claro"";""Simples"";""Reta"";""Não"";325161;""Motocicleta"";""HONDA/NXR150 BROS ESD"";2014;""Condutor"";""Lesões Graves"";49;""Masculino"";0;0;1;0;-4",094943;-39,"055965;""SR-CE"";""DEL16/2"";""UOP01/CE"""
"182370;402513;2019-01-01;""terça-feira"";""18:30:00"";""CE"";20;353","1;""CARIDADE"";""Sim"";""Ultrapassagem Indevida"";2;""Atropelamento de Pedestre"";""Com Vítimas Fatais"";""Plena Noite"";""Crescente"";""Céu Claro"";""Simples"";""Reta"";""Não"";325161;""Motocicleta"";""HONDA/NXR150 BROS ESD"";2014;""Passageiro"";""Óbito"";NA;""Feminino"";0;0;0;1;-4",094943;-39,"055965;""SR-CE"";""DEL16/2"";""UOP01/CE"""
"182370;402513;2019-01-01;""terça-feira"";""18:30:00"";""CE"";20;353","1;""CARIDADE"";""Sim"";""Ultrapassagem Indevida"";1;""Colisão transversal"";""Com Vítimas Fatais"";""Plena Noite"";""Crescente"";""Céu Claro"";""Simples"";""Reta"";""Não"";325161;""Motocicleta"";""HONDA/NXR150 BROS ESD"";2014;""Passageiro"";""Óbito"";NA;""Feminino"";0;0;0;1;-4",094943;-39,"055965;""SR-CE"";""DEL16/2"";""UOP01/CE"""
"182370;404370;2019-01-01;""terça-feira"";""18:30:00"";""CE"";20;353","1;""CARIDADE"";""Sim"";""Ultrapassagem Indevida"";2;""Atropelamento de Pedestre"";""Com Vítimas Fatais"";""Plena Noite"";""Crescente"";""Céu Claro"";""Simples"";""Reta"";""Não"";325163;""Automóvel"";""VW/GOL CL 1.6 MI"";1997;""Condutor"";""Ileso"";45;""Masculino"";1;0;0;0;-4",094943;-39,"055965;""SR-CE"";""DEL16/2"";""UOP01/CE"""
"182370;404370;2019-01-01;""terça-feira"";""18:30:00"";""CE"";20;353","1;""CARIDADE"";""Sim"";""Ultrapassagem Indevida"";1;""Colisão transversal"";""Com Vítimas Fatais"";""Plena Noite"";""Crescente"";""Céu Claro"";""Simples"";""Reta"";""Não"";325163;""Automóvel"";""VW/GOL CL 1.6 MI"";1997;""Condutor"";""Ileso"";45;""Masculino"";1;0;0;0;-4",094943;-39,"055965;""SR-CE"";""DEL16/2"";""UOP01/CE"""
"182370;404364;2019-01-01;""terça-feira"";""18:30:00"";""CE"";20;353","1;""CARIDADE"";""Sim"";""Ultrapassagem Indevida"";2;""Atropelamento de Pedestre"";""Com Vítimas Fatais"";""Plena Noite"";""Crescente"";""Céu Claro"";""Simples"";""Reta"";""Não"";325162;""Automóvel"";""VW/POLO SEDAN 1.6"";2008;""Condutor"";""Ileso"";45;""Masculino"";1;0;0;0;-4",094943;-39,"055965;""SR-CE"";""DEL16/2"";""UOP01/CE"""
"182370;404364;2019-01-01;""terça-feira"";""18:30:00"";""CE"";20;353","1;""CARIDADE"";""Sim"";""Ultrapassagem Indevida"";1;""Colisão transversal"";""Com Vítimas Fatais"";""Plena Noite"";""Crescente"";""Céu Claro"";""Simples"";""Reta"";""Não"";325162;""Automóvel"";""VW/POLO SEDAN 1.6"";2008;""Condutor"";""Ileso"";45;""Masculino"";1;0;0;0;-4",094943;-39,"055965;""SR-CE"";""DEL16/2"";""UOP01/CE"""
"182371;402365;2019-01-01;""terça-feira"";""16:30:00"";""MG"";50;38;""ARAGUARI"";""Sim"";""Falta de Atenção à Condução"";2;""Colisão com objeto estático"";""Com Vítimas Feridas"";""Pleno dia"";""Decrescente"";""Céu Claro"";""Dupla"";""Reta"";""Sim"";325065;""Caminhonete"";""FIAT/STRADA FIRE CE FLEX"";2009;""Passageiro"";""Lesões Leves"";59;""Feminino"";0;1;0;0;-18",6669;-48,"1741;""SR-MG"";""DEL4/15"";""UOP02/MG""",
"182371;402365;2019-01-01;""terça-feira"";""16:30:00"";""MG"";50;38;""ARAGUARI"";""Sim"";""Falta de Atenção à Condução"";1;""Saída de leito carroçável"";""Com Vítimas Feridas"";""Pleno dia"";""Decrescente"";""Céu Claro"";""Dupla"";""Reta"";""Sim"";325065;""Caminhonete"";""FIAT/STRADA FIRE CE FLEX"";2009;""Passageiro"";""Lesões Leves"";59;""Feminino"";0;1;0;0;-18",6669;-48,"1741;""SR-MG"";""DEL4/15"";""UOP02/MG""",
"182371;402356;2019-01-01;""terça-feira"";""16:30:00"";""MG"";50;38;""ARAGUARI"";""Sim"";""Falta de Atenção à Condução"";2;""Colisão com objeto estático"";""Com Vítimas Feridas"";""Pleno dia"";""Decrescente"";""Céu Claro"";""Dupla"";""Reta"";""Sim"";325065;""Caminhonete"";""FIAT/STRADA FIRE CE FLEX"";2009;""Condutor"";""Lesões Leves"";31;""Masculino"";0;1;0;0;-18",6669;-48,"1741;""SR-MG"";""DEL4/15"";""UOP02/MG""",
"182371;402356;2019-01-01;""terça-feira"";""16:30:00"";""MG"";50;38;""ARAGUARI"";""Sim"";""Falta de Atenção à Condução"";1;""Saída de leito carroçável"";""Com Vítimas Feridas"";""Pleno dia"";""Decrescente"";""Céu Claro"";""Dupla"";""Reta"";""Sim"";325065;""Caminhonete"";""FIAT/STRADA FIRE CE FLEX"";2009;""Condutor"";""Lesões Leves"";31;""Masculino"";0;1;0;0;-18",6669;-48,"1741;""SR-MG"";""DEL4/15"";""UOP02/MG""",
"182372;402353;2019-01-01;""terça-feira"";""15:45:00"";""SC"";101;92;""BARRA VELHA"";""Sim"";""Falta de Atenção à Condução"";1;""Colisão traseira"";""Sem Vítimas"";""Pleno dia"";""Decrescente"";""Sol"";""Múltipla"";""Reta"";""Não"";325066;""Automóvel"";""VW/GOL 1.0 GIV"";2012;""Condutor"";""Ileso"";32;""Masculino"";1;0;0;0;-26",6954;-48,"6985;""SR-SC"";""DEL8/3"";""UOP02/SC""",
"182373;404291;2019-01-01;""terça-feira"";""17:15:00"";""PR"";153;20;""JACAREZINHO"";""Sim"";""Falta de Atenção à Condução"";1;""Colisão com objeto estático"";""Com Vítimas Feridas"";""Pleno dia"";""Decrescente"";""Céu Claro"";""Simples"";""Curva"";""Não"";325074;""Automóvel"";""VW/NOVO FOX CL MA"";2014;""Condutor"";""Lesões Graves"";32;""Feminino"";0;0;1;0;-23",158165;-49,"959606;""SR-PR"";""DEL7/7"";""UOP07/PR""",
"182374;402375;2019-01-01;""terça-feira"";""17:59:00"";""RJ"";40;85;""PETROPOLIS"";""Sim"";""Falta de Atenção à Condução"";1;""Capotamento"";""Com Vítimas Feridas"";""Pleno dia"";""Crescente"";""Chuva"";""Simples"";""Reta"";""Não"";325079;""Automóvel"";""VW/PARATI CL 1.8 MI"";1997;""Condutor"";""Lesões Leves"";49;""Masculino"";0;1;0;0;-22",559;-43,"2263;""SR-RJ"";""DEL5/6"";""UOP03/RJ""",
"182374;402379;2019-01-01;""terça-feira"";""17:59:00"";""RJ"";40;85;""PETROPOLIS"";""Sim"";""Falta de Atenção à Condução"";1;""Capotamento"";""Com Vítimas Feridas"";""Pleno dia"";""Crescente"";""Chuva"";""Simples"";""Reta"";""Não"";325079;""Automóvel"";""VW/PARATI CL 1.8 MI"";1997;""Passageiro"";""Ileso"";15;""Masculino"";1;0;0;0;-22",559;-43,"2263;""SR-RJ"";""DEL5/6"";""UOP03/RJ""",
"182374;402383;2019-01-01;""terça-feira"";""17:59:00"";""RJ"";40;85;""PETROPOLIS"";""Sim"";""Falta de Atenção à Condução"";1;""Capotamento"";""Com Vítimas Feridas"";""Pleno dia"";""Crescente"";""Chuva"";""Simples"";""Reta"";""Não"";325079;""Automóvel"";""VW/PARATI CL 1.8 MI"";1997;""Passageiro"";""Ileso"";49;""Feminino"";1;0;0;0;-22",559;-43,"2263;""SR-RJ"";""DEL5/6"";""UOP03/RJ""",
"182375;402571;2019-01-01;""terça-feira"";""18:20:00"";""SP"";116;23","4;""LAVRINHAS"";""Sim"";""Avarias e/ou desgaste excessivo no pneu"";1;""Saída de leito carroçável"";""Com Vítimas Feridas"";""Pleno dia"";""Decrescente"";""Chuva"";""Dupla"";""Não Informado"";""Não"";325200;""Automóvel"";""FIAT/PUNTO ATTRACTIVE"";2011;""Condutor"";""Lesões Leves"";27;""Masculino"";0;1;0;0;-22",589794;-44,"885368;""SR-SP"";""DEL6/8"";""UOP01/SP"""
"182375;402579;2019-01-01;""terça-feira"";""18:20:00"";""SP"";116;23","4;""LAVRINHAS"";""Sim"";""Avarias e/ou desgaste excessivo no pneu"";1;""Saída de leito carroçável"";""Com Vítimas Feridas"";""Pleno dia"";""Decrescente"";""Chuva"";""Dupla"";""Não Informado"";""Não"";325200;""Automóvel"";""FIAT/PUNTO ATTRACTIVE"";2011;""Passageiro"";""Lesões Leves"";17;""Masculino"";0;1;0;0;-22",589794;-44,"885368;""SR-SP"";""DEL6/8"";""UOP01/SP"""
"182375;402577;2019-01-01;""terça-feira"";""18:20:00"";""SP"";116;23","4;""LAVRINHAS"";""Sim"";""Avarias e/ou desgaste excessivo no pneu"";1;""Saída de leito carroçável"";""Com Vítimas Feridas"";""Pleno dia"";""Decrescente"";""Chuva"";""Dupla"";""Não Informado"";""Não"";325200;""Automóvel"";""FIAT/PUNTO ATTRACTIVE"";2011;""Passageiro"";""Lesões Leves"";6;""Feminino"";0;1;0;0;-22",589794;-44,"885368;""SR-SP"";""DEL6/8"";""UOP01/SP"""
"182375;402572;2019-01-01;""terça-feira"";""18:20:00"";""SP"";116;23","4;""LAVRINHAS"";""Sim"";""Avarias e/ou desgaste excessivo no pneu"";1;""Saída de leito carroçável"";""Com Vítimas Feridas"";""Pleno dia"";""Decrescente"";""Chuva"";""Dupla"";""Não Informado"";""Não"";325200;""Automóvel"";""FIAT/PUNTO ATTRACTIVE"";2011;""Passageiro"";""Lesões Leves"";24;""Feminino"";0;1;0;0;-22",589794;-44,"885368;""SR-SP"";""DEL6/8"";""UOP01/SP"""
"182376;403272;2019-01-01;""terça-feira"";""18:00:00"";""PR"";467;96","5;""CASCAVEL"";""Sim"";""Falta de Atenção à Condução"";1;""Saída de leito carroçável"";""Com Vítimas Feridas"";""Pleno dia"";""Crescente"";""Céu Claro"";""Dupla"";""Reta"";""Não"";325119;""Automóvel"";""I/PEUGEOT 308 ALLURE"";2012;""Condutor"";""Lesões Leves"";21;""Masculino"";0;1;0;0;-24",8743;-53,"5637;""SR-PR"";""DEL7/4"";""UOP01/PR"""
"182376;403273;2019-01-01;""terça-feira"";""18:00:00"";""PR"";467;96","5;""CASCAVEL"";""Sim"";""Falta de Atenção à Condução"";1;""Saída de leito carroçável"";""Com Vítimas Feridas"";""Pleno dia"";""Crescente"";""Céu Claro"";""Dupla"";""Reta"";""Não"";325119;""Automóvel"";""I/PEUGEOT 308 ALLURE"";2012;""Passageiro"";""Lesões Leves"";18;""Feminino"";0;1;0;0;-24",8743;-53,"5637;""SR-PR"";""DEL7/4"";""UOP01/PR"""
"182377;405584;2019-01-01;""terça-feira"";""18:20:00"";""RS"";290;64;""GRAVATAI"";""Sim"";""Não guardar distância de segurança"";1;""Colisão lateral"";""Com Vítimas Feridas"";""Pleno dia"";""Crescente"";""Céu Claro"";""Múltipla"";""Reta"";""Não"";325082;""Motocicleta"";""HONDA/CB 500F"";2013;""Condutor"";""Lesões Leves"";21;""Masculino"";0;1;0;0;-29",940449;-50,"895531;""SR-RS"";""DEL9/3"";""UOP02/RS""",
"182377;405581;2019-01-01;""terça-feira"";""18:20:00"";""RS"";290;64;""GRAVATAI"";""Sim"";""Não guardar distância de segurança"";1;""Colisão lateral"";""Com Vítimas Feridas"";""Pleno dia"";""Crescente"";""Céu Claro"";""Múltipla"";""Reta"";""Não"";325083;""Caminhonete"";""VW/SAVEIRO CS TL MB"";2015;""Condutor"";""Ileso"";23;""Masculino"";1;0;0;0;-29",940449;-50,"895531;""SR-RS"";""DEL9/3"";""UOP02/RS""",
"182378;402650;2019-01-01;""terça-feira"";""17:00:00"";""RJ"";356;7;""ITAPERUNA"";""Sim"";""Mal Súbito"";1;""Colisão frontal"";""Com Vítimas Feridas"";""Pleno dia"";""Crescente"";""Céu Claro"";""Simples"";""Curva"";""Não"";325249;""Automóvel"";""VW/GOL SPECIAL"";2002;""Condutor"";""Ileso"";43;""Masculino"";1;0;0;0;-21",173063;-42,"106487;""SR-RJ"";""DEL5/8"";""UOP03/RJ""",
"182378;402660;2019-01-01;""terça-feira"";""17:00:00"";""RJ"";356;7;""ITAPERUNA"";""Sim"";""Mal Súbito"";1;""Colisão frontal"";""Com Vítimas Feridas"";""Pleno dia"";""Crescente"";""Céu Claro"";""Simples"";""Curva"";""Não"";325250;""Automóvel"";""CHEVROLET/COBALT 1.4 LT"";2012;""Passageiro"";""Lesões Leves"";27;""Feminino"";0;1;0;0;-21",173063;-42,"106487;""SR-RJ"";""DEL5/8"";""UOP03/RJ""",
"182378;402659;2019-01-01;""terça-feira"";""17:00:00"";""RJ"";356;7;""ITAPERUNA"";""Sim"";""Mal Súbito"";1;""Colisão frontal"";""Com Vítimas Feridas"";""Pleno dia"";""Crescente"";""Céu Claro"";""Simples"";""Curva"";""Não"";325250;""Automóvel"";""CHEVROLET/COBALT 1.4 LT"";2012;""Passageiro"";""Lesões Leves"";4;""Masculino"";0;1;0;0;-21",173063;-42,"106487;""SR-RJ"";""DEL5/8"";""UOP03/RJ""",
"182378;402657;2019-01-01;""terça-feira"";""17:00:00"";""RJ"";356;7;""ITAPERUNA"";""Sim"";""Mal Súbito"";1;""Colisão frontal"";""Com Vítimas Feridas"";""Pleno dia"";""Crescente"";""Céu Claro"";""Simples"";""Curva"";""Não"";325250;""Automóvel"";""CHEVROLET/COBALT 1.4 LT"";2012;""Passageiro"";""Lesões Leves"";36;""Feminino"";0;1;0;0;-21",173063;-42,"106487;""SR-RJ"";""DEL5/8"";""UOP03/RJ""",
"182378;402649;2019-01-01;""terça-feira"";""17:00:00"";""RJ"";356;7;""ITAPERUNA"";""Sim"";""Mal Súbito"";1;""Colisão frontal"";""Com Vítimas Feridas"";""Pleno dia"";""Crescente"";""Céu Claro"";""Simples"";""Curva"";""Não"";325248;""Caminhonete"";""VW/SAVEIRO CL 1.6 MI"";1998;""Condutor"";""Lesões Leves"";69;""Masculino"";0;1;0;0;-21",173063;-42,"106487;""SR-RJ"";""DEL5/8"";""UOP03/RJ""",
"182378;402651;2019-01-01;""terça-feira"";""17:00:00"";""RJ"";356;7;""ITAPERUNA"";""Sim"";""Mal Súbito"";1;""Colisão frontal"";""Com Vítimas Feridas"";""Pleno dia"";""Crescente"";""Céu Claro"";""Simples"";""Curva"";""Não"";325250;""Automóvel"";""CHEVROLET/COBALT 1.4 LT"";2012;""Condutor"";""Lesões Leves"";39;""Masculino"";0;1;0;0;-21",173063;-42,"106487;""SR-RJ"";""DEL5/8"";""UOP03/RJ""",
"182379;404679;2019-01-01;""terça-feira"";""17:30:00"";""MG"";381;399;""BOM JESUS DO AMPARO"";""Sim"";""Não guardar distância de segurança"";1;""Colisão traseira"";""Com Vítimas Feridas"";""Pleno dia"";""Crescente"";""Céu Claro"";""Simples"";""Reta"";""Não"";325122;""Motocicleta"";""YAMAHA/FAZER YS250"";2012;""Passageiro"";""Lesões Graves"";21;""Feminino"";0;0;1;0;-19",7369762;-43,"51066589;""SR-MG"";""DEL4/1"";""UOP01/MG""",
"182379;404680;2019-01-01;""terça-feira"";""17:30:00"";""MG"";381;399;""BOM JESUS DO AMPARO"";""Sim"";""Não guardar distância de segurança"";1;""Colisão traseira"";""Com Vítimas Feridas"";""Pleno dia"";""Crescente"";""Céu Claro"";""Simples"";""Reta"";""Não"";325122;""Motocicleta"";""YAMAHA/FAZER YS250"";2012;""Condutor"";""Ileso"";35;""Masculino"";1;0;0;0;-19",7369762;-43,"51066589;""SR-MG"";""DEL4/1"";""UOP01/MG""",
"182379;404681;2019-01-01;""terça-feira"";""17:30:00"";""MG"";381;399;""BOM JESUS DO AMPARO"";""Sim"";""Não guardar distância de segurança"";1;""Colisão traseira"";""Com Vítimas Feridas"";""Pleno dia"";""Crescente"";""Céu Claro"";""Simples"";""Reta"";""Não"";325123;""Caminhonete"";""I/FORD RANGER XLS CD2 25"";2013;""Condutor"";""Ileso"";66;""Masculino"";1;0;0;0;-19",7369762;-43,"51066589;""SR-MG"";""DEL4/1"";""UOP01/MG""",
"182380;405388;2019-01-01;""terça-feira"";""20:00:00"";""SC"";101;223;""PALHOCA"";""Sim"";""Defeito Mecânico no Veículo"";1;""Queda de ocupante de veículo"";""Com Vítimas Feridas"";""Anoitecer"";""Decrescente"";""Céu Claro"";""Dupla"";""Reta"";""Não"";325230;""Motoneta"";""HONDA/BIZ 125 MAIS"";2010;""Condutor"";""Lesões Leves"";22;""Feminino"";0;1;0;0;-27",7248;-48,"6435;""SR-SC"";""DEL8/1"";""UOP02/SC""",
"182381;405356;2019-01-01;""terça-feira"";""16:55:00"";""PR"";272;373;""CAMPO MOURAO"";""Sim"";""Ultrapassagem Indevida"";1;""Colisão lateral"";""Com Vítimas Feridas"";""Pleno dia"";""Decrescente"";""Céu Claro"";""Simples"";""Reta"";""Não"";325087;""Motocicleta"";""YAMAHA/FACTOR YBR125 E"";2008;""Passageiro"";""Lesões Graves"";36;""Feminino"";0;0;1;0;-24",06231086;-52,"52123058;""SR-PR"";""DEL7/4"";""UOP05/PR""",
"182381;405355;2019-01-01;""terça-feira"";""16:55:00"";""PR"";272;373;""CAMPO MOURAO"";""Sim"";""Ultrapassagem Indevida"";1;""Colisão lateral"";""Com Vítimas Feridas"";""Pleno dia"";""Decrescente"";""Céu Claro"";""Simples"";""Reta"";""Não"";325087;""Motocicleta"";""YAMAHA/FACTOR YBR125 E"";2008;""Condutor"";""Lesões Graves"";27;""Masculino"";0;0;1;0;-24",06231086;-52,"52123058;""SR-PR"";""DEL7/4"";""UOP05/PR""",
"182381;405354;2019-01-01;""terça-feira"";""16:55:00"";""PR"";272;373;""CAMPO MOURAO"";""Sim"";""Ultrapassagem Indevida"";1;""Colisão lateral"";""Com Vítimas Feridas"";""Pleno dia"";""Decrescente"";""Céu Claro"";""Simples"";""Reta"";""Não"";325086;""Reboque"";""R/REBOQUESMANIA FECHA CV"";2015;""Condutor"";""Não Informado"";NA;""Não Informado"";0;0;0;0;-24",06231086;-52,"52123058;""SR-PR"";""DEL7/4"";""UOP05/PR""",
"182382;404414;2019-01-01;""terça-feira"";""20:25:00"";""PR"";277;68;""SAO JOSE DOS PINHAIS"";""Sim"";""Falta de Atenção à Condução"";1;""Colisão traseira"";""Com Vítimas Feridas"";""Plena Noite"";""Crescente"";""Nublado"";""Dupla"";""Reta"";""Sim"";325129;""Motocicleta"";""HONDA/CB 300R"";2010;""Passageiro"";""Lesões Leves"";14;""Feminino"";0;1;0;0;-25",52453346;-49,"09893773;""SR-PR"";""DEL7/1"";""UOP06/PR""",
"182382;404414;2019-01-01;""terça-feira"";""20:25:00"";""PR"";277;68;""SAO JOSE DOS PINHAIS"";""Sim"";""Falta de Atenção à Condução"";2;""Colisão com objeto estático"";""Com Vítimas Feridas"";""Plena Noite"";""Crescente"";""Nublado"";""Dupla"";""Reta"";""Sim"";325129;""Motocicleta"";""HONDA/CB 300R"";2010;""Passageiro"";""Lesões Leves"";14;""Feminino"";0;1;0;0;-25",52453346;-49,"09893773;""SR-PR"";""DEL7/1"";""UOP06/PR""",
"182382;404414;2019-01-01;""terça-feira"";""20:25:00"";""PR"";277;68;""SAO JOSE DOS PINHAIS"";""Sim"";""Falta de Atenção à Condução"";3;""Queda de ocupante de veículo"";""Com Vítimas Feridas"";""Plena Noite"";""Crescente"";""Nublado"";""Dupla"";""Reta"";""Sim"";325129;""Motocicleta"";""HONDA/CB 300R"";2010;""Passageiro"";""Lesões Leves"";14;""Feminino"";0;1;0;0;-25",52453346;-49,"09893773;""SR-PR"";""DEL7/1"";""UOP06/PR""",
"182382;404412;2019-01-01;""terça-feira"";""20:25:00"";""PR"";277;68;""SAO JOSE DOS PINHAIS"";""Sim"";""Falta de Atenção à Condução"";1;""Colisão traseira"";""Com Vítimas Feridas"";""Plena Noite"";""Crescente"";""Nublado"";""Dupla"";""Reta"";""Sim"";325129;""Motocicleta"";""HONDA/CB 300R"";2010;""Condutor"";""Lesões Leves"";26;""Masculino"";0;1;0;0;-25",52453346;-49,"09893773;""SR-PR"";""DEL7/1"";""UOP06/PR""",
"182382;404412;2019-01-01;""terça-feira"";""20:25:00"";""PR"";277;68;""SAO JOSE DOS PINHAIS"";""Sim"";""Falta de Atenção à Condução"";2;""Colisão com objeto estático"";""Com Vítimas Feridas"";""Plena Noite"";""Crescente"";""Nublado"";""Dupla"";""Reta"";""Sim"";325129;""Motocicleta"";""HONDA/CB 300R"";2010;""Condutor"";""Lesões Leves"";26;""Masculino"";0;1;0;0;-25",52453346;-49,"09893773;""SR-PR"";""DEL7/1"";""UOP06/PR""",