"id;""pesid"";""data_inversa"";""dia_semana"";""horario"";""uf"";""br"";""km"";""municipio"";""causa_principal"";""causa_acidente"";""ordem_tipo_acidente"";""tipo_acidente"";""classificacao_acidente"";""fase_dia"";""sentido_via"";""condicao_metereologica"";""tipo_pista"";""tracado_via"";""uso_solo"";""id_veiculo"";""tipo_veiculo"";""marca"";""ano_fabricacao_veiculo"";""tipo_envolvido"";""estado_fisico"";""idade"";""sexo"";""ilesos"";""feridos_leves"";""feridos_graves"";""mortos"";""latitude"";""longitude"";""regional"";""delegacia"";""uop""",,,
"182385;402595;2019-01-01;""terça-feira"";""18:05:00"";""RO"";364;15","9;""VILHENA"";""Não"";""Falta de Atenção à Condução"";1;""Colisão transversal"";""Com Vítimas Feridas"";""Anoitecer"";""Decrescente"";""Chuva"";""Dupla"";""Reta"";""Sim"";325214;""Automóvel"";""FIAT/UNO MILLE SMART"";2000;""Condutor"";""Ileso"";33;""Masculino"";1;0;0;0;-12",736713;-60,"148098;""SR-RO"";""DEL21/4"";""UOP01/RO"""
"182385;402595;2019-01-01;""terça-feira"";""18:05:00"";""RO"";364;15","9;""VILHENA"";""Sim"";""Ingestão de Álcool"";1;""Colisão transversal"";""Com Vítimas Feridas"";""Anoitecer"";""Decrescente"";""Chuva"";""Dupla"";""Reta"";""Sim"";325214;""Automóvel"";""FIAT/UNO MILLE SMART"";2000;""Condutor"";""Ileso"";33;""Masculino"";1;0;0;0;-12",736713;-60,"148098;""SR-RO"";""DEL21/4"";""UOP01/RO"""
"182386;402582;2019-01-01;""terça-feira"";""19:10:00"";""PE"";101;54","3;""PAULISTA"";""Sim"";""Falta de Atenção à Condução"";2;""Saída de leito carroçável"";""Com Vítimas Fatais"";""Plena Noite"";""Crescente"";""Nublado"";""Dupla"";""Reta"";""Não"";325210;""Automóvel"";""RENAULT/LOGAN EXP 1016V"";2012;""Condutor"";""Óbito"";33;""Masculino"";0;0;0;1;-7",9487;-34,"907;""SR-PE"";""DEL11/1"";""UOP02/PE"""
"182386;402582;2019-01-01;""terça-feira"";""19:10:00"";""PE"";101;54","3;""PAULISTA"";""Sim"";""Falta de Atenção à Condução"";1;""Capotamento"";""Com Vítimas Fatais"";""Plena Noite"";""Crescente"";""Nublado"";""Dupla"";""Reta"";""Não"";325210;""Automóvel"";""RENAULT/LOGAN EXP 1016V"";2012;""Condutor"";""Óbito"";33;""Masculino"";0;0;0;1;-7",9487;-34,"907;""SR-PE"";""DEL11/1"";""UOP02/PE"""
"182386;402585;2019-01-01;""terça-feira"";""19:10:00"";""PE"";101;54","3;""PAULISTA"";""Sim"";""Falta de Atenção à Condução"";2;""Saída de leito carroçável"";""Com Vítimas Fatais"";""Plena Noite"";""Crescente"";""Nublado"";""Dupla"";""Reta"";""Não"";325210;""Automóvel"";""RENAULT/LOGAN EXP 1016V"";2012;""Passageiro"";""Óbito"";24;""Masculino"";0;0;0;1;-7",9487;-34,"907;""SR-PE"";""DEL11/1"";""UOP02/PE"""
"182386;402585;2019-01-01;""terça-feira"";""19:10:00"";""PE"";101;54","3;""PAULISTA"";""Sim"";""Falta de Atenção à Condução"";1;""Capotamento"";""Com Vítimas Fatais"";""Plena Noite"";""Crescente"";""Nublado"";""Dupla"";""Reta"";""Não"";325210;""Automóvel"";""RENAULT/LOGAN EXP 1016V"";2012;""Passageiro"";""Óbito"";24;""Masculino"";0;0;0;1;-7",9487;-34,"907;""SR-PE"";""DEL11/1"";""UOP02/PE"""
"182386;402584;2019-01-01;""terça-feira"";""19:10:00"";""PE"";101;54","3;""PAULISTA"";""Sim"";""Falta de Atenção à Condução"";2;""Saída de leito carroçável"";""Com Vítimas Fatais"";""Plena Noite"";""Crescente"";""Nublado"";""Dupla"";""Reta"";""Não"";325210;""Automóvel"";""RENAULT/LOGAN EXP 1016V"";2012;""Passageiro"";""Óbito"";57;""Feminino"";0;0;0;1;-7",9487;-34,"907;""SR-PE"";""DEL11/1"";""UOP02/PE"""
"182386;402584;2019-01-01;""terça-feira"";""19:10:00"";""PE"";101;54","3;""PAULISTA"";""Sim"";""Falta de Atenção à Condução"";1;""Capotamento"";""Com Vítimas Fatais"";""Plena Noite"";""Crescente"";""Nublado"";""Dupla"";""Reta"";""Não"";325210;""Automóvel"";""RENAULT/LOGAN EXP 1016V"";2012;""Passageiro"";""Óbito"";57;""Feminino"";0;0;0;1;-7",9487;-34,"907;""SR-PE"";""DEL11/1"";""UOP02/PE"""
"182386;402583;2019-01-01;""terça-feira"";""19:10:00"";""PE"";101;54","3;""PAULISTA"";""Sim"";""Falta de Atenção à Condução"";2;""Saída de leito carroçável"";""Com Vítimas Fatais"";""Plena Noite"";""Crescente"";""Nublado"";""Dupla"";""Reta"";""Não"";325210;""Automóvel"";""RENAULT/LOGAN EXP 1016V"";2012;""Passageiro"";""Óbito"";61;""Masculino"";0;0;0;1;-7",9487;-34,"907;""SR-PE"";""DEL11/1"";""UOP02/PE"""
"182386;402583;2019-01-01;""terça-feira"";""19:10:00"";""PE"";101;54","3;""PAULISTA"";""Sim"";""Falta de Atenção à Condução"";1;""Capotamento"";""Com Vítimas Fatais"";""Plena Noite"";""Crescente"";""Nublado"";""Dupla"";""Reta"";""Não"";325210;""Automóvel"";""RENAULT/LOGAN EXP 1016V"";2012;""Passageiro"";""Óbito"";61;""Masculino"";0;0;0;1;-7",9487;-34,"907;""SR-PE"";""DEL11/1"";""UOP02/PE"""
"182386;402586;2019-01-01;""terça-feira"";""19:10:00"";""PE"";101;54","3;""PAULISTA"";""Sim"";""Falta de Atenção à Condução"";2;""Saída de leito carroçável"";""Com Vítimas Fatais"";""Plena Noite"";""Crescente"";""Nublado"";""Dupla"";""Reta"";""Não"";325210;""Automóvel"";""RENAULT/LOGAN EXP 1016V"";2012;""Passageiro"";""Óbito"";23;""Masculino"";0;0;0;1;-7",9487;-34,"907;""SR-PE"";""DEL11/1"";""UOP02/PE"""
"182386;402586;2019-01-01;""terça-feira"";""19:10:00"";""PE"";101;54","3;""PAULISTA"";""Sim"";""Falta de Atenção à Condução"";1;""Capotamento"";""Com Vítimas Fatais"";""Plena Noite"";""Crescente"";""Nublado"";""Dupla"";""Reta"";""Não"";325210;""Automóvel"";""RENAULT/LOGAN EXP 1016V"";2012;""Passageiro"";""Óbito"";23;""Masculino"";0;0;0;1;-7",9487;-34,"907;""SR-PE"";""DEL11/1"";""UOP02/PE"""
"182387;402484;2019-01-01;""terça-feira"";""20:35:00"";""PR"";277;348","8;""GUARAPUAVA"";""Sim"";""Falta de Atenção à Condução"";2;""Saída de leito carroçável"";""Com Vítimas Feridas"";""Plena Noite"";""Crescente"";""Céu Claro"";""Simples"";""Não Informado"";""Sim"";325140;""Automóvel"";""I/VW GOL CLI"";1996;""Passageiro"";""Lesões Leves"";16;""Feminino"";0;1;0;0;-25",385126;-51,"513696;""SR-PR"";""DEL7/3"";""UOP02/PR"""
"182387;402484;2019-01-01;""terça-feira"";""20:35:00"";""PR"";277;348","8;""GUARAPUAVA"";""Sim"";""Falta de Atenção à Condução"";1;""Colisão transversal"";""Com Vítimas Feridas"";""Plena Noite"";""Crescente"";""Céu Claro"";""Simples"";""Não Informado"";""Sim"";325140;""Automóvel"";""I/VW GOL CLI"";1996;""Passageiro"";""Lesões Leves"";16;""Feminino"";0;1;0;0;-25",385126;-51,"513696;""SR-PR"";""DEL7/3"";""UOP02/PR"""
"182387;402464;2019-01-01;""terça-feira"";""20:35:00"";""PR"";277;348","8;""GUARAPUAVA"";""Sim"";""Falta de Atenção à Condução"";2;""Saída de leito carroçável"";""Com Vítimas Feridas"";""Plena Noite"";""Crescente"";""Céu Claro"";""Simples"";""Não Informado"";""Sim"";325139;""Automóvel"";""FORD/FIESTA"";2004;""Condutor"";""Ileso"";65;""Masculino"";1;0;0;0;-25",385126;-51,"513696;""SR-PR"";""DEL7/3"";""UOP02/PR"""
"182387;402464;2019-01-01;""terça-feira"";""20:35:00"";""PR"";277;348","8;""GUARAPUAVA"";""Sim"";""Falta de Atenção à Condução"";1;""Colisão transversal"";""Com Vítimas Feridas"";""Plena Noite"";""Crescente"";""Céu Claro"";""Simples"";""Não Informado"";""Sim"";325139;""Automóvel"";""FORD/FIESTA"";2004;""Condutor"";""Ileso"";65;""Masculino"";1;0;0;0;-25",385126;-51,"513696;""SR-PR"";""DEL7/3"";""UOP02/PR"""
"182387;402468;2019-01-01;""terça-feira"";""20:35:00"";""PR"";277;348","8;""GUARAPUAVA"";""Sim"";""Falta de Atenção à Condução"";2;""Saída de leito carroçável"";""Com Vítimas Feridas"";""Plena Noite"";""Crescente"";""Céu Claro"";""Simples"";""Não Informado"";""Sim"";325140;""Automóvel"";""I/VW GOL CLI"";1996;""Condutor"";""Ileso"";21;""Masculino"";1;0;0;0;-25",385126;-51,"513696;""SR-PR"";""DEL7/3"";""UOP02/PR"""
"182387;402468;2019-01-01;""terça-feira"";""20:35:00"";""PR"";277;348","8;""GUARAPUAVA"";""Sim"";""Falta de Atenção à Condução"";1;""Colisão transversal"";""Com Vítimas Feridas"";""Plena Noite"";""Crescente"";""Céu Claro"";""Simples"";""Não Informado"";""Sim"";325140;""Automóvel"";""I/VW GOL CLI"";1996;""Condutor"";""Ileso"";21;""Masculino"";1;0;0;0;-25",385126;-51,"513696;""SR-PR"";""DEL7/3"";""UOP02/PR"""
"182389;402597;2019-01-01;""terça-feira"";""20:20:00"";""PR"";163;154","5;""SANTA LUCIA"";""Sim"";""Velocidade Incompatível"";1;""Saída de leito carroçável"";""Sem Vítimas"";""Anoitecer"";""Decrescente"";""Céu Claro"";""Simples"";""Curva"";""Não"";325154;""Automóvel"";""GM/VECTRA GLS"";1995;""Condutor"";""Não Informado"";NA;""Não Informado"";0;0;0;0;-25",3867;-53,"5769;""SR-PR"";""DEL7/4"";""UOP06/PR"""
"182390;408724;2019-01-01;""terça-feira"";""19:15:00"";""BA"";110;76","5;""JEREMOABO"";""Sim"";""Ingestão de Álcool"";1;""Colisão frontal"";""Com Vítimas Fatais"";""Plena Noite"";""Decrescente"";""Céu Claro"";""Simples"";""Curva"";""Sim"";325184;""Micro-ônibus"";""I/M.BENZ413CDI SPRINTERM"";2011;""Condutor"";""Ileso"";36;""Masculino"";1;0;0;0;-10",0749;-38,"3419;""SR-BA"";""DEL10/7"";""UOP01/BA"""
"182390;402553;2019-01-01;""terça-feira"";""19:15:00"";""BA"";110;76","5;""JEREMOABO"";""Sim"";""Ingestão de Álcool"";1;""Colisão frontal"";""Com Vítimas Fatais"";""Plena Noite"";""Decrescente"";""Céu Claro"";""Simples"";""Curva"";""Sim"";325183;""Motocicleta"";""HONDA/"";NA;""Condutor"";""Óbito"";NA;""Masculino"";0;0;0;1;-10",0749;-38,"3419;""SR-BA"";""DEL10/7"";""UOP01/BA"""
"182391;402609;2019-01-01;""terça-feira"";""21:10:00"";""DF"";251;40;""BRASILIA"";""Sim"";""Falta de Atenção à Condução"";1;""Colisão frontal"";""Com Vítimas Feridas"";""Plena Noite"";""Crescente"";""Céu Claro"";""Simples"";""Reta"";""Não"";325222;""Motocicleta"";""HONDA/CG150 START"";2015;""Condutor"";""Lesões Leves"";43;""Masculino"";0;1;0;0;-15",935152;-47,"812679;""SR-DF"";""UOP01/DF"";""""",
"182391;402608;2019-01-01;""terça-feira"";""21:10:00"";""DF"";251;40;""BRASILIA"";""Sim"";""Falta de Atenção à Condução"";1;""Colisão frontal"";""Com Vítimas Feridas"";""Plena Noite"";""Crescente"";""Céu Claro"";""Simples"";""Reta"";""Não"";325221;""Automóvel"";""I/RENAULT CLIO EXP1016VH"";2013;""Passageiro"";""Ileso"";53;""Feminino"";1;0;0;0;-15",935152;-47,"812679;""SR-DF"";""UOP01/DF"";""""",
"182391;402607;2019-01-01;""terça-feira"";""21:10:00"";""DF"";251;40;""BRASILIA"";""Sim"";""Falta de Atenção à Condução"";1;""Colisão frontal"";""Com Vítimas Feridas"";""Plena Noite"";""Crescente"";""Céu Claro"";""Simples"";""Reta"";""Não"";325221;""Automóvel"";""I/RENAULT CLIO EXP1016VH"";2013;""Passageiro"";""Ileso"";52;""Masculino"";1;0;0;0;-15",935152;-47,"812679;""SR-DF"";""UOP01/DF"";""""",
"182391;402606;2019-01-01;""terça-feira"";""21:10:00"";""DF"";251;40;""BRASILIA"";""Sim"";""Falta de Atenção à Condução"";1;""Colisão frontal"";""Com Vítimas Feridas"";""Plena Noite"";""Crescente"";""Céu Claro"";""Simples"";""Reta"";""Não"";325221;""Automóvel"";""I/RENAULT CLIO EXP1016VH"";2013;""Passageiro"";""Ileso"";35;""Masculino"";1;0;0;0;-15",935152;-47,"812679;""SR-DF"";""UOP01/DF"";""""",
"182391;402605;2019-01-01;""terça-feira"";""21:10:00"";""DF"";251;40;""BRASILIA"";""Sim"";""Falta de Atenção à Condução"";1;""Colisão frontal"";""Com Vítimas Feridas"";""Plena Noite"";""Crescente"";""Céu Claro"";""Simples"";""Reta"";""Não"";325221;""Automóvel"";""I/RENAULT CLIO EXP1016VH"";2013;""Condutor"";""Ileso"";34;""Feminino"";1;0;0;0;-15",935152;-47,"812679;""SR-DF"";""UOP01/DF"";""""",
"182392;402456;2019-01-01;""terça-feira"";""17:20:00"";""SC"";101;98","3;""BALNEARIO PICARRAS"";""Sim"";""Não guardar distância de segurança"";1;""Engavetamento"";""Com Vítimas Feridas"";""Pleno dia"";""Decrescente"";""Céu Claro"";""Dupla"";""Reta"";""Não"";325109;""Automóvel"";""I/PEUGEOT 207HB XR"";2011;""Passageiro"";""Lesões Leves"";70;""Feminino"";0;1;0;0;-26",7493;-48,"6944;""SR-SC"";""DEL8/3"";""UOP02/SC"""
"182392;402458;2019-01-01;""terça-feira"";""17:20:00"";""SC"";101;98","3;""BALNEARIO PICARRAS"";""Sim"";""Não guardar distância de segurança"";1;""Engavetamento"";""Com Vítimas Feridas"";""Pleno dia"";""Decrescente"";""Céu Claro"";""Dupla"";""Reta"";""Não"";325111;""Automóvel"";""GM/PRISMA MAXX"";2010;""Condutor"";""Ileso"";35;""Masculino"";1;0;0;0;-26",7493;-48,"6944;""SR-SC"";""DEL8/3"";""UOP02/SC"""
"182392;402457;2019-01-01;""terça-feira"";""17:20:00"";""SC"";101;98","3;""BALNEARIO PICARRAS"";""Sim"";""Não guardar distância de segurança"";1;""Engavetamento"";""Com Vítimas Feridas"";""Pleno dia"";""Decrescente"";""Céu Claro"";""Dupla"";""Reta"";""Não"";325110;""Automóvel"";""TOYOTA/COROLLA ALTISFLEX"";2015;""Condutor"";""Ileso"";43;""Masculino"";1;0;0;0;-26",7493;-48,"6944;""SR-SC"";""DEL8/3"";""UOP02/SC"""
"182392;402454;2019-01-01;""terça-feira"";""17:20:00"";""SC"";101;98","3;""BALNEARIO PICARRAS"";""Sim"";""Não guardar distância de segurança"";1;""Engavetamento"";""Com Vítimas Feridas"";""Pleno dia"";""Decrescente"";""Céu Claro"";""Dupla"";""Reta"";""Não"";325108;""Automóvel"";""CITROEN/XSARA PICASSOGXA"";2006;""Condutor"";""Ileso"";42;""Masculino"";1;0;0;0;-26",7493;-48,"6944;""SR-SC"";""DEL8/3"";""UOP02/SC"""
"182392;402455;2019-01-01;""terça-feira"";""17:20:00"";""SC"";101;98","3;""BALNEARIO PICARRAS"";""Sim"";""Não guardar distância de segurança"";1;""Engavetamento"";""Com Vítimas Feridas"";""Pleno dia"";""Decrescente"";""Céu Claro"";""Dupla"";""Reta"";""Não"";325109;""Automóvel"";""I/PEUGEOT 207HB XR"";2011;""Condutor"";""Ileso"";47;""Masculino"";1;0;0;0;-26",7493;-48,"6944;""SR-SC"";""DEL8/3"";""UOP02/SC"""
"182393;404783;2019-01-01;""terça-feira"";""19:50:00"";""SP"";116;285;""ITAPECERICA DA SERRA"";""Sim"";""Falta de Atenção à Condução"";1;""Colisão traseira"";""Sem Vítimas"";""Pleno dia"";""Decrescente"";""Céu Claro"";""Dupla"";""Reta"";""Sim"";325239;""Automóvel"";""RENAULT/SANDERO EXPR 10"";2018;""Condutor"";""Ileso"";27;""Masculino"";1;0;0;0;-23",6893045;-46,"8619652;""SR-SP"";""DEL6/4"";""UOP01/SP""",
"182393;404789;2019-01-01;""terça-feira"";""19:50:00"";""SP"";116;285;""ITAPECERICA DA SERRA"";""Sim"";""Falta de Atenção à Condução"";1;""Colisão traseira"";""Sem Vítimas"";""Pleno dia"";""Decrescente"";""Céu Claro"";""Dupla"";""Reta"";""Sim"";326623;""Motocicleta"";""HONDA/CG 150 FAN ESI"";2010;""Condutor"";""Ileso"";36;""Masculino"";1;0;0;0;-23",6893045;-46,"8619652;""SR-SP"";""DEL6/4"";""UOP01/SP""",
"182394;404505;2019-01-01;""terça-feira"";""20:20:00"";""AL"";101;27","2;""JOAQUIM GOMES"";""Sim"";""Falta de Atenção à Condução"";1;""Colisão frontal"";""Com Vítimas Feridas"";""Plena Noite"";""Crescente"";""Nublado"";""Simples"";""Reta"";""Não"";325209;""Ciclomotor"";""I/SHINERAY"";NA;""Passageiro"";""Lesões Graves"";908;""Feminino"";0;0;1;0;-9",063969;-35,"733425;""SR-AL"";""DEL13/1"";""UOP01/AL"""
"182394;404503;2019-01-01;""terça-feira"";""20:20:00"";""AL"";101;27","2;""JOAQUIM GOMES"";""Sim"";""Falta de Atenção à Condução"";1;""Colisão frontal"";""Com Vítimas Feridas"";""Plena Noite"";""Crescente"";""Nublado"";""Simples"";""Reta"";""Não"";325209;""Ciclomotor"";""I/SHINERAY"";NA;""Condutor"";""Lesões Graves"";29;""Feminino"";0;0;1;0;-9",063969;-35,"733425;""SR-AL"";""DEL13/1"";""UOP01/AL"""
"182394;404506;2019-01-01;""terça-feira"";""20:20:00"";""AL"";101;27","2;""JOAQUIM GOMES"";""Sim"";""Falta de Atenção à Condução"";1;""Colisão frontal"";""Com Vítimas Feridas"";""Plena Noite"";""Crescente"";""Nublado"";""Simples"";""Reta"";""Não"";326438;""Automóvel"";"""";NA;""Condutor"";""Não Informado"";NA;""Não Informado"";0;0;0;0;-9",063969;-35,"733425;""SR-AL"";""DEL13/1"";""UOP01/AL"""
"182395;402622;2019-01-01;""terça-feira"";""21:40:00"";""MG"";262;448","9;""NOVA SERRANA"";""Sim"";""Animais na Pista"";1;""Atropelamento de Animal"";""Com Vítimas Feridas"";""Plena Noite"";""Crescente"";""Nublado"";""Simples"";""Não Informado"";""Não"";325147;""Automóvel"";""GM/CORSA WIND"";2000;""Passageiro"";""Lesões Leves"";5;""Feminino"";0;1;0;0;-19",863728;-44,"997971;""SR-MG"";""DEL4/8"";""UOP03/MG"""
"182395;402621;2019-01-01;""terça-feira"";""21:40:00"";""MG"";262;448","9;""NOVA SERRANA"";""Sim"";""Animais na Pista"";1;""Atropelamento de Animal"";""Com Vítimas Feridas"";""Plena Noite"";""Crescente"";""Nublado"";""Simples"";""Não Informado"";""Não"";325147;""Automóvel"";""GM/CORSA WIND"";2000;""Passageiro"";""Lesões Leves"";37;""Feminino"";0;1;0;0;-19",863728;-44,"997971;""SR-MG"";""DEL4/8"";""UOP03/MG"""
"182395;402620;2019-01-01;""terça-feira"";""21:40:00"";""MG"";262;448","9;""NOVA SERRANA"";""Sim"";""Animais na Pista"";1;""Atropelamento de Animal"";""Com Vítimas Feridas"";""Plena Noite"";""Crescente"";""Nublado"";""Simples"";""Não Informado"";""Não"";325147;""Automóvel"";""GM/CORSA WIND"";2000;""Condutor"";""Ileso"";33;""Masculino"";1;0;0;0;-19",863728;-44,"997971;""SR-MG"";""DEL4/8"";""UOP03/MG"""
"182397;402449;2019-01-01;""terça-feira"";""20:20:00"";""MA"";135;22;""SAO LUIS"";""Sim"";""Falta de Atenção à Condução"";1;""Atropelamento de Pedestre"";""Com Vítimas Feridas"";""Plena Noite"";""Decrescente"";""Céu Claro"";""Dupla"";""Reta"";""Não"";325130;""Automóvel"";""HONDA/CIVIC LXR"";2015;""Pedestre"";""Lesões Leves"";40;""Feminino"";0;1;0;0;-2",746056;-44,"342411;""SR-MA"";""DEL18/1"";""UOP01/MA""",
"182397;402452;2019-01-01;""terça-feira"";""20:20:00"";""MA"";135;22;""SAO LUIS"";""Sim"";""Falta de Atenção à Condução"";1;""Atropelamento de Pedestre"";""Com Vítimas Feridas"";""Plena Noite"";""Decrescente"";""Céu Claro"";""Dupla"";""Reta"";""Não"";325130;""Automóvel"";""HONDA/CIVIC LXR"";2015;""Pedestre"";""Lesões Graves"";NA;""Masculino"";0;0;1;0;-2",746056;-44,"342411;""SR-MA"";""DEL18/1"";""UOP01/MA""",
"182397;402436;2019-01-01;""terça-feira"";""20:20:00"";""MA"";135;22;""SAO LUIS"";""Sim"";""Falta de Atenção à Condução"";1;""Atropelamento de Pedestre"";""Com Vítimas Feridas"";""Plena Noite"";""Decrescente"";""Céu Claro"";""Dupla"";""Reta"";""Não"";325130;""Automóvel"";""HONDA/CIVIC LXR"";2015;""Condutor"";""Não Informado"";NA;""Não Informado"";0;0;0;0;-2",746056;-44,"342411;""SR-MA"";""DEL18/1"";""UOP01/MA""",
"182398;402588;2019-01-01;""terça-feira"";""22:10:00"";""SC"";101;208","1;""SAO JOSE"";""Sim"";""Objeto estático sobre o leito carroçável"";2;""Queda de ocupante de veículo"";""Com Vítimas Feridas"";""Plena Noite"";""Decrescente"";""Céu Claro"";""Dupla"";""Desvio Temporário"";""Sim"";325212;""Motocicleta"";""YAMAHA/XTZ 250X"";2008;""Condutor"";""Ileso"";40;""Masculino"";1;0;0;0;-27",6101;-48,"6388;""SR-SC"";""DEL8/1"";""UOP01/SC"""
"182398;402588;2019-01-01;""terça-feira"";""22:10:00"";""SC"";101;208","1;""SAO JOSE"";""Não"";""Falta de Atenção à Condução"";2;""Queda de ocupante de veículo"";""Com Vítimas Feridas"";""Plena Noite"";""Decrescente"";""Céu Claro"";""Dupla"";""Desvio Temporário"";""Sim"";325212;""Motocicleta"";""YAMAHA/XTZ 250X"";2008;""Condutor"";""Ileso"";40;""Masculino"";1;0;0;0;-27",6101;-48,"6388;""SR-SC"";""DEL8/1"";""UOP01/SC"""
"182398;402588;2019-01-01;""terça-feira"";""22:10:00"";""SC"";101;208","1;""SAO JOSE"";""Sim"";""Objeto estático sobre o leito carroçável"";1;""Tombamento"";""Com Vítimas Feridas"";""Plena Noite"";""Decrescente"";""Céu Claro"";""Dupla"";""Desvio Temporário"";""Sim"";325212;""Motocicleta"";""YAMAHA/XTZ 250X"";2008;""Condutor"";""Ileso"";40;""Masculino"";1;0;0;0;-27",6101;-48,"6388;""SR-SC"";""DEL8/1"";""UOP01/SC"""
"182398;402588;2019-01-01;""terça-feira"";""22:10:00"";""SC"";101;208","1;""SAO JOSE"";""Não"";""Falta de Atenção à Condução"";1;""Tombamento"";""Com Vítimas Feridas"";""Plena Noite"";""Decrescente"";""Céu Claro"";""Dupla"";""Desvio Temporário"";""Sim"";325212;""Motocicleta"";""YAMAHA/XTZ 250X"";2008;""Condutor"";""Ileso"";40;""Masculino"";1;0;0;0;-27",6101;-48,"6388;""SR-SC"";""DEL8/1"";""UOP01/SC"""
"182398;402589;2019-01-01;""terça-feira"";""22:10:00"";""SC"";101;208","1;""SAO JOSE"";""Sim"";""Objeto estático sobre o leito carroçável"";2;""Queda de ocupante de veículo"";""Com Vítimas Feridas"";""Plena Noite"";""Decrescente"";""Céu Claro"";""Dupla"";""Desvio Temporário"";""Sim"";325212;""Motocicleta"";""YAMAHA/XTZ 250X"";2008;""Passageiro"";""Lesões Leves"";40;""Feminino"";0;1;0;0;-27",6101;-48,"6388;""SR-SC"";""DEL8/1"";""UOP01/SC"""
"182398;402589;2019-01-01;""terça-feira"";""22:10:00"";""SC"";101;208","1;""SAO JOSE"";""Não"";""Falta de Atenção à Condução"";2;""Queda de ocupante de veículo"";""Com Vítimas Feridas"";""Plena Noite"";""Decrescente"";""Céu Claro"";""Dupla"";""Desvio Temporário"";""Sim"";325212;""Motocicleta"";""YAMAHA/XTZ 250X"";2008;""Passageiro"";""Lesões Leves"";40;""Feminino"";0;1;0;0;-27",6101;-48,"6388;""SR-SC"";""DEL8/1"";""UOP01/SC"""
"182398;402589;2019-01-01;""terça-feira"";""22:10:00"";""SC"";101;208","1;""SAO JOSE"";""Sim"";""Objeto estático sobre o leito carroçável"";1;""Tombamento"";""Com Vítimas Feridas"";""Plena Noite"";""Decrescente"";""Céu Claro"";""Dupla"";""Desvio Temporário"";""Sim"";325212;""Motocicleta"";""YAMAHA/XTZ 250X"";2008;""Passageiro"";""Lesões Leves"";40;""Feminino"";0;1;0;0;-27",6101;-48,"6388;""SR-SC"";""DEL8/1"";""UOP01/SC"""
"182398;402589;2019-01-01;""terça-feira"";""22:10:00"";""SC"";101;208","1;""SAO JOSE"";""Não"";""Falta de Atenção à Condução"";1;""Tombamento"";""Com Vítimas Feridas"";""Plena Noite"";""Decrescente"";""Céu Claro"";""Dupla"";""Desvio Temporário"";""Sim"";325212;""Motocicleta"";""YAMAHA/XTZ 250X"";2008;""Passageiro"";""Lesões Leves"";40;""Feminino"";0;1;0;0;-27",6101;-48,"6388;""SR-SC"";""DEL8/1"";""UOP01/SC"""
"182399;402510;2019-01-01;""terça-feira"";""21:55:00"";""MG"";50;64","5;""UBERLANDIA"";""Sim"";""Animais na Pista"";1;""Saída de leito carroçável"";""Com Vítimas Feridas"";""Plena Noite"";""Crescente"";""Nublado"";""Dupla"";""Reta"";""Não"";325155;""Automóvel"";""I/FIAT SIENA EL FLEX"";2011;""Passageiro"";""Lesões Leves"";NA;""Feminino"";0;1;0;0;-18",8551;-48,"2537;""SR-MG"";""DEL4/15"";""UOP02/MG"""
"182399;402508;2019-01-01;""terça-feira"";""21:55:00"";""MG"";50;64","5;""UBERLANDIA"";""Sim"";""Animais na Pista"";1;""Saída de leito carroçável"";""Com Vítimas Feridas"";""Plena Noite"";""Crescente"";""Nublado"";""Dupla"";""Reta"";""Não"";325155;""Automóvel"";""I/FIAT SIENA EL FLEX"";2011;""Condutor"";""Lesões Leves"";61;""Masculino"";0;1;0;0;-18",8551;-48,"2537;""SR-MG"";""DEL4/15"";""UOP02/MG"""
"182400;405439;2019-01-01;""terça-feira"";""22:00:00"";""MG"";365;162","5;""PIRAPORA"";""Sim"";""Animais na Pista"";1;""Atropelamento de Animal"";""Com Vítimas Feridas"";""Plena Noite"";""Crescente"";""Nublado"";""Simples"";""Reta"";""Sim"";325213;""Automóvel"";""FIAT/UNO WAY 1.4"";2011;""Passageiro"";""Lesões Leves"";55;""Masculino"";0;1;0;0;-17",366352;-44,"937569;""SR-MG"";""DEL4/12"";""UOP01/MG"""
"182400;405437;2019-01-01;""terça-feira"";""22:00:00"";""MG"";365;162","5;""PIRAPORA"";""Sim"";""Animais na Pista"";1;""Atropelamento de Animal"";""Com Vítimas Feridas"";""Plena Noite"";""Crescente"";""Nublado"";""Simples"";""Reta"";""Sim"";325213;""Automóvel"";""FIAT/UNO WAY 1.4"";2011;""Passageiro"";""Ileso"";33;""Masculino"";1;0;0;0;-17",366352;-44,"937569;""SR-MG"";""DEL4/12"";""UOP01/MG"""
"182400;405436;2019-01-01;""terça-feira"";""22:00:00"";""MG"";365;162","5;""PIRAPORA"";""Sim"";""Animais na Pista"";1;""Atropelamento de Animal"";""Com Vítimas Feridas"";""Plena Noite"";""Crescente"";""Nublado"";""Simples"";""Reta"";""Sim"";325213;""Automóvel"";""FIAT/UNO WAY 1.4"";2011;""Passageiro"";""Ileso"";26;""Masculino"";1;0;0;0;-17",366352;-44,"937569;""SR-MG"";""DEL4/12"";""UOP01/MG"""