"id;""pesid"";""data_inversa"";""dia_semana"";""horario"";""uf"";""br"";""km"";""municipio"";""causa_principal"";""causa_acidente"";""ordem_tipo_acidente"";""tipo_acidente"";""classificacao_acidente"";""fase_dia"";""sentido_via"";""condicao_metereologica"";""tipo_pista"";""tracado_via"";""uso_solo"";""id_veiculo"";""tipo_veiculo"";""marca"";""ano_fabricacao_veiculo"";""tipo_envolvido"";""estado_fisico"";""idade"";""sexo"";""ilesos"";""feridos_leves"";""feridos_graves"";""mortos"";""latitude"";""longitude"";""regional"";""delegacia"";""uop""",,,
"182406;402604;2019-01-01;""terça-feira"";""22:30:00"";""PR"";277;434","6;""VIRMOND"";""Sim"";""Velocidade Incompatível"";1;""Saída de leito carroçável"";""Com Vítimas Feridas"";""Plena Noite"";""Crescente"";""Nublado"";""Simples"";""Curva"";""Não"";325176;""Automóvel"";""HONDA/CIVIC LXS FLEX"";2009;""Passageiro"";""Lesões Leves"";24;""Masculino"";0;1;0;0;-25",37256835;-52,"31758118;""SR-PR"";""DEL7/4"";""UOP03/PR"""
"182406;402603;2019-01-01;""terça-feira"";""22:30:00"";""PR"";277;434","6;""VIRMOND"";""Não"";""Avarias e/ou desgaste excessivo no pneu"";3;""Tombamento"";""Com Vítimas Feridas"";""Plena Noite"";""Crescente"";""Nublado"";""Simples"";""Curva"";""Não"";325176;""Automóvel"";""HONDA/CIVIC LXS FLEX"";2009;""Passageiro"";""Lesões Leves"";17;""Masculino"";0;1;0;0;-25",37256835;-52,"31758118;""SR-PR"";""DEL7/4"";""UOP03/PR"""
"182406;402603;2019-01-01;""terça-feira"";""22:30:00"";""PR"";277;434","6;""VIRMOND"";""Sim"";""Velocidade Incompatível"";3;""Tombamento"";""Com Vítimas Feridas"";""Plena Noite"";""Crescente"";""Nublado"";""Simples"";""Curva"";""Não"";325176;""Automóvel"";""HONDA/CIVIC LXS FLEX"";2009;""Passageiro"";""Lesões Leves"";17;""Masculino"";0;1;0;0;-25",37256835;-52,"31758118;""SR-PR"";""DEL7/4"";""UOP03/PR"""
"182406;402603;2019-01-01;""terça-feira"";""22:30:00"";""PR"";277;434","6;""VIRMOND"";""Não"";""Avarias e/ou desgaste excessivo no pneu"";2;""Colisão com objeto estático"";""Com Vítimas Feridas"";""Plena Noite"";""Crescente"";""Nublado"";""Simples"";""Curva"";""Não"";325176;""Automóvel"";""HONDA/CIVIC LXS FLEX"";2009;""Passageiro"";""Lesões Leves"";17;""Masculino"";0;1;0;0;-25",37256835;-52,"31758118;""SR-PR"";""DEL7/4"";""UOP03/PR"""
"182406;402603;2019-01-01;""terça-feira"";""22:30:00"";""PR"";277;434","6;""VIRMOND"";""Sim"";""Velocidade Incompatível"";2;""Colisão com objeto estático"";""Com Vítimas Feridas"";""Plena Noite"";""Crescente"";""Nublado"";""Simples"";""Curva"";""Não"";325176;""Automóvel"";""HONDA/CIVIC LXS FLEX"";2009;""Passageiro"";""Lesões Leves"";17;""Masculino"";0;1;0;0;-25",37256835;-52,"31758118;""SR-PR"";""DEL7/4"";""UOP03/PR"""
"182406;402603;2019-01-01;""terça-feira"";""22:30:00"";""PR"";277;434","6;""VIRMOND"";""Não"";""Avarias e/ou desgaste excessivo no pneu"";1;""Saída de leito carroçável"";""Com Vítimas Feridas"";""Plena Noite"";""Crescente"";""Nublado"";""Simples"";""Curva"";""Não"";325176;""Automóvel"";""HONDA/CIVIC LXS FLEX"";2009;""Passageiro"";""Lesões Leves"";17;""Masculino"";0;1;0;0;-25",37256835;-52,"31758118;""SR-PR"";""DEL7/4"";""UOP03/PR"""
"182406;402603;2019-01-01;""terça-feira"";""22:30:00"";""PR"";277;434","6;""VIRMOND"";""Sim"";""Velocidade Incompatível"";1;""Saída de leito carroçável"";""Com Vítimas Feridas"";""Plena Noite"";""Crescente"";""Nublado"";""Simples"";""Curva"";""Não"";325176;""Automóvel"";""HONDA/CIVIC LXS FLEX"";2009;""Passageiro"";""Lesões Leves"";17;""Masculino"";0;1;0;0;-25",37256835;-52,"31758118;""SR-PR"";""DEL7/4"";""UOP03/PR"""
"182406;402602;2019-01-01;""terça-feira"";""22:30:00"";""PR"";277;434","6;""VIRMOND"";""Não"";""Avarias e/ou desgaste excessivo no pneu"";3;""Tombamento"";""Com Vítimas Feridas"";""Plena Noite"";""Crescente"";""Nublado"";""Simples"";""Curva"";""Não"";325176;""Automóvel"";""HONDA/CIVIC LXS FLEX"";2009;""Passageiro"";""Lesões Graves"";18;""Feminino"";0;0;1;0;-25",37256835;-52,"31758118;""SR-PR"";""DEL7/4"";""UOP03/PR"""
"182406;402602;2019-01-01;""terça-feira"";""22:30:00"";""PR"";277;434","6;""VIRMOND"";""Sim"";""Velocidade Incompatível"";3;""Tombamento"";""Com Vítimas Feridas"";""Plena Noite"";""Crescente"";""Nublado"";""Simples"";""Curva"";""Não"";325176;""Automóvel"";""HONDA/CIVIC LXS FLEX"";2009;""Passageiro"";""Lesões Graves"";18;""Feminino"";0;0;1;0;-25",37256835;-52,"31758118;""SR-PR"";""DEL7/4"";""UOP03/PR"""
"182406;402602;2019-01-01;""terça-feira"";""22:30:00"";""PR"";277;434","6;""VIRMOND"";""Não"";""Avarias e/ou desgaste excessivo no pneu"";2;""Colisão com objeto estático"";""Com Vítimas Feridas"";""Plena Noite"";""Crescente"";""Nublado"";""Simples"";""Curva"";""Não"";325176;""Automóvel"";""HONDA/CIVIC LXS FLEX"";2009;""Passageiro"";""Lesões Graves"";18;""Feminino"";0;0;1;0;-25",37256835;-52,"31758118;""SR-PR"";""DEL7/4"";""UOP03/PR"""
"182406;402602;2019-01-01;""terça-feira"";""22:30:00"";""PR"";277;434","6;""VIRMOND"";""Sim"";""Velocidade Incompatível"";2;""Colisão com objeto estático"";""Com Vítimas Feridas"";""Plena Noite"";""Crescente"";""Nublado"";""Simples"";""Curva"";""Não"";325176;""Automóvel"";""HONDA/CIVIC LXS FLEX"";2009;""Passageiro"";""Lesões Graves"";18;""Feminino"";0;0;1;0;-25",37256835;-52,"31758118;""SR-PR"";""DEL7/4"";""UOP03/PR"""
"182406;402602;2019-01-01;""terça-feira"";""22:30:00"";""PR"";277;434","6;""VIRMOND"";""Não"";""Avarias e/ou desgaste excessivo no pneu"";1;""Saída de leito carroçável"";""Com Vítimas Feridas"";""Plena Noite"";""Crescente"";""Nublado"";""Simples"";""Curva"";""Não"";325176;""Automóvel"";""HONDA/CIVIC LXS FLEX"";2009;""Passageiro"";""Lesões Graves"";18;""Feminino"";0;0;1;0;-25",37256835;-52,"31758118;""SR-PR"";""DEL7/4"";""UOP03/PR"""
"182406;402602;2019-01-01;""terça-feira"";""22:30:00"";""PR"";277;434","6;""VIRMOND"";""Sim"";""Velocidade Incompatível"";1;""Saída de leito carroçável"";""Com Vítimas Feridas"";""Plena Noite"";""Crescente"";""Nublado"";""Simples"";""Curva"";""Não"";325176;""Automóvel"";""HONDA/CIVIC LXS FLEX"";2009;""Passageiro"";""Lesões Graves"";18;""Feminino"";0;0;1;0;-25",37256835;-52,"31758118;""SR-PR"";""DEL7/4"";""UOP03/PR"""
"182407;402512;2019-01-01;""terça-feira"";""20:00:00"";""RJ"";40;42;""AREAL"";""Sim"";""Não guardar distância de segurança"";1;""Colisão traseira"";""Com Vítimas Feridas"";""Plena Noite"";""Decrescente"";""Céu Claro"";""Dupla"";""Reta"";""Não"";325146;""Ônibus"";""VW/COMIL CAMPIONE R"";2002;""Passageiro"";""Lesões Leves"";33;""Feminino"";0;1;0;0;-22",2666;-43,"1093;""SR-RJ"";""DEL5/6"";""UOP01/RJ""",
"182407;402517;2019-01-01;""terça-feira"";""20:00:00"";""RJ"";40;42;""AREAL"";""Sim"";""Não guardar distância de segurança"";1;""Colisão traseira"";""Com Vítimas Feridas"";""Plena Noite"";""Decrescente"";""Céu Claro"";""Dupla"";""Reta"";""Não"";325146;""Ônibus"";""VW/COMIL CAMPIONE R"";2002;""Condutor"";""Ileso"";70;""Masculino"";1;0;0;0;-22",2666;-43,"1093;""SR-RJ"";""DEL5/6"";""UOP01/RJ""",
"182407;402516;2019-01-01;""terça-feira"";""20:00:00"";""RJ"";40;42;""AREAL"";""Sim"";""Não guardar distância de segurança"";1;""Colisão traseira"";""Com Vítimas Feridas"";""Plena Noite"";""Decrescente"";""Céu Claro"";""Dupla"";""Reta"";""Não"";325145;""Ônibus"";""M.BENZ/O 400 RSD PL"";1998;""Condutor"";""Ileso"";49;""Masculino"";1;0;0;0;-22",2666;-43,"1093;""SR-RJ"";""DEL5/6"";""UOP01/RJ""",
"182407;402499;2019-01-01;""terça-feira"";""20:00:00"";""RJ"";40;42;""AREAL"";""Sim"";""Não guardar distância de segurança"";1;""Colisão traseira"";""Com Vítimas Feridas"";""Plena Noite"";""Decrescente"";""Céu Claro"";""Dupla"";""Reta"";""Não"";325146;""Ônibus"";""VW/COMIL CAMPIONE R"";2002;""Testemunha"";""Não Informado"";NA;""Não Informado"";0;0;0;0;-22",2666;-43,"1093;""SR-RJ"";""DEL5/6"";""UOP01/RJ""",
"182407;402499;2019-01-01;""terça-feira"";""20:00:00"";""RJ"";40;42;""AREAL"";""Sim"";""Não guardar distância de segurança"";1;""Colisão traseira"";""Com Vítimas Feridas"";""Plena Noite"";""Decrescente"";""Céu Claro"";""Dupla"";""Reta"";""Não"";325145;""Ônibus"";""M.BENZ/O 400 RSD PL"";1998;""Testemunha"";""Não Informado"";NA;""Não Informado"";0;0;0;0;-22",2666;-43,"1093;""SR-RJ"";""DEL5/6"";""UOP01/RJ""",
"182407;402514;2019-01-01;""terça-feira"";""20:00:00"";""RJ"";40;42;""AREAL"";""Sim"";""Não guardar distância de segurança"";1;""Colisão traseira"";""Com Vítimas Feridas"";""Plena Noite"";""Decrescente"";""Céu Claro"";""Dupla"";""Reta"";""Não"";325146;""Ônibus"";""VW/COMIL CAMPIONE R"";2002;""Testemunha"";""Não Informado"";NA;""Não Informado"";0;0;0;0;-22",2666;-43,"1093;""SR-RJ"";""DEL5/6"";""UOP01/RJ""",
"182407;402514;2019-01-01;""terça-feira"";""20:00:00"";""RJ"";40;42;""AREAL"";""Sim"";""Não guardar distância de segurança"";1;""Colisão traseira"";""Com Vítimas Feridas"";""Plena Noite"";""Decrescente"";""Céu Claro"";""Dupla"";""Reta"";""Não"";325145;""Ônibus"";""M.BENZ/O 400 RSD PL"";1998;""Testemunha"";""Não Informado"";NA;""Não Informado"";0;0;0;0;-22",2666;-43,"1093;""SR-RJ"";""DEL5/6"";""UOP01/RJ""",
"182407;402497;2019-01-01;""terça-feira"";""20:00:00"";""RJ"";40;42;""AREAL"";""Sim"";""Não guardar distância de segurança"";1;""Colisão traseira"";""Com Vítimas Feridas"";""Plena Noite"";""Decrescente"";""Céu Claro"";""Dupla"";""Reta"";""Não"";325146;""Ônibus"";""VW/COMIL CAMPIONE R"";2002;""Testemunha"";""Não Informado"";NA;""Não Informado"";0;0;0;0;-22",2666;-43,"1093;""SR-RJ"";""DEL5/6"";""UOP01/RJ""",
"182407;402497;2019-01-01;""terça-feira"";""20:00:00"";""RJ"";40;42;""AREAL"";""Sim"";""Não guardar distância de segurança"";1;""Colisão traseira"";""Com Vítimas Feridas"";""Plena Noite"";""Decrescente"";""Céu Claro"";""Dupla"";""Reta"";""Não"";325145;""Ônibus"";""M.BENZ/O 400 RSD PL"";1998;""Testemunha"";""Não Informado"";NA;""Não Informado"";0;0;0;0;-22",2666;-43,"1093;""SR-RJ"";""DEL5/6"";""UOP01/RJ""",
"182408;404625;2019-01-01;""terça-feira"";""20:10:00"";""GO"";414;414","8;""ABADIANIA"";""Sim"";""Ingestão de Álcool"";1;""Tombamento"";""Com Vítimas Feridas"";""Plena Noite"";""Crescente"";""Ignorado"";""Simples"";""Não Informado"";""Não"";325271;""Automóvel"";""VW/POLO 1.6 NEXT"";2003;""Passageiro"";""Lesões Leves"";23;""Feminino"";0;1;0;0;-16",096623;-48,"854416;""SR-GO"";""DEL1/2"";""UOP01/GO"""
"182408;404624;2019-01-01;""terça-feira"";""20:10:00"";""GO"";414;414","8;""ABADIANIA"";""Sim"";""Ingestão de Álcool"";1;""Tombamento"";""Com Vítimas Feridas"";""Plena Noite"";""Crescente"";""Ignorado"";""Simples"";""Não Informado"";""Não"";325271;""Automóvel"";""VW/POLO 1.6 NEXT"";2003;""Passageiro"";""Ileso"";29;""Masculino"";1;0;0;0;-16",096623;-48,"854416;""SR-GO"";""DEL1/2"";""UOP01/GO"""
"182408;404623;2019-01-01;""terça-feira"";""20:10:00"";""GO"";414;414","8;""ABADIANIA"";""Sim"";""Ingestão de Álcool"";1;""Tombamento"";""Com Vítimas Feridas"";""Plena Noite"";""Crescente"";""Ignorado"";""Simples"";""Não Informado"";""Não"";325271;""Automóvel"";""VW/POLO 1.6 NEXT"";2003;""Condutor"";""Lesões Leves"";24;""Masculino"";0;1;0;0;-16",096623;-48,"854416;""SR-GO"";""DEL1/2"";""UOP01/GO"""
"182408;404627;2019-01-01;""terça-feira"";""20:10:00"";""GO"";414;414","8;""ABADIANIA"";""Sim"";""Ingestão de Álcool"";1;""Tombamento"";""Com Vítimas Feridas"";""Plena Noite"";""Crescente"";""Ignorado"";""Simples"";""Não Informado"";""Não"";325271;""Automóvel"";""VW/POLO 1.6 NEXT"";2003;""Passageiro"";""Ileso"";21;""Feminino"";1;0;0;0;-16",096623;-48,"854416;""SR-GO"";""DEL1/2"";""UOP01/GO"""
"182410;404399;2019-01-01;""terça-feira"";""12:00:00"";""MG"";40;454;""CAETANOPOLIS"";""Sim"";""Pista Escorregadia"";1;""Capotamento"";""Sem Vítimas"";""Pleno dia"";""Decrescente"";""Chuva"";""Dupla"";""Reta"";""Não"";325148;""Caminhão"";""M.BENZ/1214 C"";1998;""Condutor"";""Ileso"";48;""Masculino"";1;0;0;0;-19",3627;-44,"3402;""SR-MG"";""DEL4/2"";""UOP01/MG""",
"182411;402628;2019-01-01;""terça-feira"";""21:00:00"";""RS"";290;304","3;""CACAPAVA DO SUL"";""Sim"";""Desobediência às normas de trânsito pelo condutor"";1;""Colisão transversal"";""Sem Vítimas"";""Plena Noite"";""Crescente"";""Céu Claro"";""Simples"";""Curva"";""Não"";325157;""Automóvel"";""FIAT/UNO ELECTRONIC"";1995;""Condutor"";""Ileso"";44;""Masculino"";1;0;0;0;-30",325588;-53,"248913;""SR-RS"";""DEL9/9"";""UOP02/RS"""
"182411;402625;2019-01-01;""terça-feira"";""21:00:00"";""RS"";290;304","3;""CACAPAVA DO SUL"";""Sim"";""Desobediência às normas de trânsito pelo condutor"";1;""Colisão transversal"";""Sem Vítimas"";""Plena Noite"";""Crescente"";""Céu Claro"";""Simples"";""Curva"";""Não"";325156;""Automóvel"";""GM/PRISMA JOY"";2009;""Condutor"";""Não Informado"";NA;""Não Informado"";0;0;0;0;-30",325588;-53,"248913;""SR-RS"";""DEL9/9"";""UOP02/RS"""
"182413;402641;2019-01-01;""terça-feira"";""22:40:00"";""RS"";101;84","7;""OSORIO"";""Sim"";""Ingestão de Álcool"";2;""Colisão com objeto estático"";""Com Vítimas Feridas"";""Plena Noite"";""Decrescente"";""Céu Claro"";""Múltipla"";""Retorno Regulamentado"";""Sim"";325164;""Caminhonete"";""I/FORD RANGER XLS CS2 25"";2013;""Passageiro"";""Lesões Graves"";20;""Feminino"";0;0;1;0;-29",85929204;-50,"24833202;""SR-RS"";""DEL9/3"";""UOP01/RS"""
"182413;402641;2019-01-01;""terça-feira"";""22:40:00"";""RS"";101;84","7;""OSORIO"";""Sim"";""Ingestão de Álcool"";1;""Capotamento"";""Com Vítimas Feridas"";""Plena Noite"";""Decrescente"";""Céu Claro"";""Múltipla"";""Retorno Regulamentado"";""Sim"";325164;""Caminhonete"";""I/FORD RANGER XLS CS2 25"";2013;""Passageiro"";""Lesões Graves"";20;""Feminino"";0;0;1;0;-29",85929204;-50,"24833202;""SR-RS"";""DEL9/3"";""UOP01/RS"""
"182413;402525;2019-01-01;""terça-feira"";""22:40:00"";""RS"";101;84","7;""OSORIO"";""Sim"";""Ingestão de Álcool"";2;""Colisão com objeto estático"";""Com Vítimas Feridas"";""Plena Noite"";""Decrescente"";""Céu Claro"";""Múltipla"";""Retorno Regulamentado"";""Sim"";325164;""Caminhonete"";""I/FORD RANGER XLS CS2 25"";2013;""Condutor"";""Ileso"";32;""Masculino"";1;0;0;0;-29",85929204;-50,"24833202;""SR-RS"";""DEL9/3"";""UOP01/RS"""
"182413;402525;2019-01-01;""terça-feira"";""22:40:00"";""RS"";101;84","7;""OSORIO"";""Sim"";""Ingestão de Álcool"";1;""Capotamento"";""Com Vítimas Feridas"";""Plena Noite"";""Decrescente"";""Céu Claro"";""Múltipla"";""Retorno Regulamentado"";""Sim"";325164;""Caminhonete"";""I/FORD RANGER XLS CS2 25"";2013;""Condutor"";""Ileso"";32;""Masculino"";1;0;0;0;-29",85929204;-50,"24833202;""SR-RS"";""DEL9/3"";""UOP01/RS"""
"182414;404306;2019-01-01;""terça-feira"";""21:45:00"";""CE"";116;312;""JAGUARIBE"";""Sim"";""Defeito na Via"";2;""Queda de ocupante de veículo"";""Com Vítimas Feridas"";""Plena Noite"";""Crescente"";""Céu Claro"";""Simples"";""Reta"";""Não"";325177;""Motoneta"";""HONDA/BIZ 125 ES"";2007;""Condutor"";""Lesões Leves"";23;""Masculino"";0;1;0;0;-5",92584769;-38,"62931773;""SR-CE"";""DEL16/5"";""UOP02/CE""",
"182414;404306;2019-01-01;""terça-feira"";""21:45:00"";""CE"";116;312;""JAGUARIBE"";""Sim"";""Defeito na Via"";1;""Tombamento"";""Com Vítimas Feridas"";""Plena Noite"";""Crescente"";""Céu Claro"";""Simples"";""Reta"";""Não"";325177;""Motoneta"";""HONDA/BIZ 125 ES"";2007;""Condutor"";""Lesões Leves"";23;""Masculino"";0;1;0;0;-5",92584769;-38,"62931773;""SR-CE"";""DEL16/5"";""UOP02/CE""",
"182415;405072;2019-01-01;""terça-feira"";""22:25:00"";""RS"";101;51;""TERRA DE AREIA"";""Sim"";""Falta de Atenção à Condução"";2;""Colisão com objeto estático"";""Com Vítimas Feridas"";""Plena Noite"";""Crescente"";""Céu Claro"";""Dupla"";""Reta"";""Sim"";325172;""Automóvel"";""FORD/FIESTA SEDAN FLEX"";2007;""Passageiro"";""Lesões Leves"";8;""Masculino"";0;1;0;0;-29",615007;-50,"091541;""SR-RS"";""DEL9/3"";""UOP03/RS""",
"182415;405072;2019-01-01;""terça-feira"";""22:25:00"";""RS"";101;51;""TERRA DE AREIA"";""Sim"";""Falta de Atenção à Condução"";1;""Saída de leito carroçável"";""Com Vítimas Feridas"";""Plena Noite"";""Crescente"";""Céu Claro"";""Dupla"";""Reta"";""Sim"";325172;""Automóvel"";""FORD/FIESTA SEDAN FLEX"";2007;""Passageiro"";""Lesões Leves"";8;""Masculino"";0;1;0;0;-29",615007;-50,"091541;""SR-RS"";""DEL9/3"";""UOP03/RS""",
"182415;405069;2019-01-01;""terça-feira"";""22:25:00"";""RS"";101;51;""TERRA DE AREIA"";""Sim"";""Falta de Atenção à Condução"";2;""Colisão com objeto estático"";""Com Vítimas Feridas"";""Plena Noite"";""Crescente"";""Céu Claro"";""Dupla"";""Reta"";""Sim"";325172;""Automóvel"";""FORD/FIESTA SEDAN FLEX"";2007;""Condutor"";""Lesões Leves"";35;""Masculino"";0;1;0;0;-29",615007;-50,"091541;""SR-RS"";""DEL9/3"";""UOP03/RS""",
"182415;405069;2019-01-01;""terça-feira"";""22:25:00"";""RS"";101;51;""TERRA DE AREIA"";""Sim"";""Falta de Atenção à Condução"";1;""Saída de leito carroçável"";""Com Vítimas Feridas"";""Plena Noite"";""Crescente"";""Céu Claro"";""Dupla"";""Reta"";""Sim"";325172;""Automóvel"";""FORD/FIESTA SEDAN FLEX"";2007;""Condutor"";""Lesões Leves"";35;""Masculino"";0;1;0;0;-29",615007;-50,"091541;""SR-RS"";""DEL9/3"";""UOP03/RS""",
"182415;405073;2019-01-01;""terça-feira"";""22:25:00"";""RS"";101;51;""TERRA DE AREIA"";""Sim"";""Falta de Atenção à Condução"";2;""Colisão com objeto estático"";""Com Vítimas Feridas"";""Plena Noite"";""Crescente"";""Céu Claro"";""Dupla"";""Reta"";""Sim"";325172;""Automóvel"";""FORD/FIESTA SEDAN FLEX"";2007;""Passageiro"";""Lesões Leves"";55;""Feminino"";0;1;0;0;-29",615007;-50,"091541;""SR-RS"";""DEL9/3"";""UOP03/RS""",
"182415;405073;2019-01-01;""terça-feira"";""22:25:00"";""RS"";101;51;""TERRA DE AREIA"";""Sim"";""Falta de Atenção à Condução"";1;""Saída de leito carroçável"";""Com Vítimas Feridas"";""Plena Noite"";""Crescente"";""Céu Claro"";""Dupla"";""Reta"";""Sim"";325172;""Automóvel"";""FORD/FIESTA SEDAN FLEX"";2007;""Passageiro"";""Lesões Leves"";55;""Feminino"";0;1;0;0;-29",615007;-50,"091541;""SR-RS"";""DEL9/3"";""UOP03/RS""",
"182415;405070;2019-01-01;""terça-feira"";""22:25:00"";""RS"";101;51;""TERRA DE AREIA"";""Sim"";""Falta de Atenção à Condução"";2;""Colisão com objeto estático"";""Com Vítimas Feridas"";""Plena Noite"";""Crescente"";""Céu Claro"";""Dupla"";""Reta"";""Sim"";325172;""Automóvel"";""FORD/FIESTA SEDAN FLEX"";2007;""Passageiro"";""Lesões Leves"";30;""Feminino"";0;1;0;0;-29",615007;-50,"091541;""SR-RS"";""DEL9/3"";""UOP03/RS""",
"182415;405070;2019-01-01;""terça-feira"";""22:25:00"";""RS"";101;51;""TERRA DE AREIA"";""Sim"";""Falta de Atenção à Condução"";1;""Saída de leito carroçável"";""Com Vítimas Feridas"";""Plena Noite"";""Crescente"";""Céu Claro"";""Dupla"";""Reta"";""Sim"";325172;""Automóvel"";""FORD/FIESTA SEDAN FLEX"";2007;""Passageiro"";""Lesões Leves"";30;""Feminino"";0;1;0;0;-29",615007;-50,"091541;""SR-RS"";""DEL9/3"";""UOP03/RS""",
"182416;404307;2019-01-01;""terça-feira"";""23:00:00"";""RJ"";116;24","2;""SAPUCAIA"";""Sim"";""Velocidade Incompatível"";1;""Colisão frontal"";""Com Vítimas Fatais"";""Plena Noite"";""Crescente"";""Nublado"";""Simples"";""Curva"";""Não"";325232;""Automóvel"";""CHEV/PRISMA 1.4MT LTZ"";2014;""Passageiro"";""Ileso"";40;""Feminino"";1;0;0;0;-22",030649;-42,"777142;""SR-RJ"";""DEL5/4"";""UOP01/RJ"""
"182416;402616;2019-01-01;""terça-feira"";""23:00:00"";""RJ"";116;24","2;""SAPUCAIA"";""Sim"";""Velocidade Incompatível"";1;""Colisão frontal"";""Com Vítimas Fatais"";""Plena Noite"";""Crescente"";""Nublado"";""Simples"";""Curva"";""Não"";325231;""Motocicleta"";""HONDA/CG 125 FAN"";2008;""Condutor"";""Óbito"";30;""Masculino"";0;0;0;1;-22",030649;-42,"777142;""SR-RJ"";""DEL5/4"";""UOP01/RJ"""
"182416;404299;2019-01-01;""terça-feira"";""23:00:00"";""RJ"";116;24","2;""SAPUCAIA"";""Sim"";""Velocidade Incompatível"";1;""Colisão frontal"";""Com Vítimas Fatais"";""Plena Noite"";""Crescente"";""Nublado"";""Simples"";""Curva"";""Não"";325232;""Automóvel"";""CHEV/PRISMA 1.4MT LTZ"";2014;""Condutor"";""Ileso"";32;""Masculino"";1;0;0;0;-22",030649;-42,"777142;""SR-RJ"";""DEL5/4"";""UOP01/RJ"""
"182418;402618;2019-01-01;""terça-feira"";""21:30:00"";""RS"";285;122","8;""VACARIA"";""Sim"";""Desobediência às normas de trânsito pelo condutor"";1;""Colisão transversal"";""Sem Vítimas"";""Plena Noite"";""Decrescente"";""Céu Claro"";""Simples"";""Reta"";""Sim"";325171;""Automóvel"";""FIAT/UNO"";NA;""Condutor"";""Não Informado"";NA;""Não Informado"";0;0;0;0;-28",50090432;-50,"95029831;""SR-RS"";""DEL9/5"";""UOP03/RS"""
"182418;402619;2019-01-01;""terça-feira"";""21:30:00"";""RS"";285;122","8;""VACARIA"";""Sim"";""Desobediência às normas de trânsito pelo condutor"";1;""Colisão transversal"";""Sem Vítimas"";""Plena Noite"";""Decrescente"";""Céu Claro"";""Simples"";""Reta"";""Sim"";325170;""Automóvel"";""GM/CORSA WIND"";2000;""Testemunha"";""Não Informado"";NA;""Não Informado"";0;0;0;0;-28",50090432;-50,"95029831;""SR-RS"";""DEL9/5"";""UOP03/RS"""
"182418;402619;2019-01-01;""terça-feira"";""21:30:00"";""RS"";285;122","8;""VACARIA"";""Sim"";""Desobediência às normas de trânsito pelo condutor"";1;""Colisão transversal"";""Sem Vítimas"";""Plena Noite"";""Decrescente"";""Céu Claro"";""Simples"";""Reta"";""Sim"";325171;""Automóvel"";""FIAT/UNO"";NA;""Testemunha"";""Não Informado"";NA;""Não Informado"";0;0;0;0;-28",50090432;-50,"95029831;""SR-RS"";""DEL9/5"";""UOP03/RS"""
"182418;402617;2019-01-01;""terça-feira"";""21:30:00"";""RS"";285;122","8;""VACARIA"";""Sim"";""Desobediência às normas de trânsito pelo condutor"";1;""Colisão transversal"";""Sem Vítimas"";""Plena Noite"";""Decrescente"";""Céu Claro"";""Simples"";""Reta"";""Sim"";325170;""Automóvel"";""GM/CORSA WIND"";2000;""Condutor"";""Ileso"";79;""Masculino"";1;0;0;0;-28",50090432;-50,"95029831;""SR-RS"";""DEL9/5"";""UOP03/RS"""
"182419;404648;2019-01-01;""terça-feira"";""22:20:00"";""PE"";101;73;""RECIFE"";""Sim"";""Pista Escorregadia"";1;""Colisão frontal"";""Com Vítimas Feridas"";""Plena Noite"";""Crescente"";""Nublado"";""Simples"";""Curva"";""Sim"";325220;""Automóvel"";""GM/CORSA SEDAN PREMIUM"";2009;""Condutor"";""Lesões Leves"";36;""Masculino"";0;1;0;0;-8",1027;-34,"9483;""SR-PE"";""DEL11/1"";""UOP01/PE""",
"182419;404646;2019-01-01;""terça-feira"";""22:20:00"";""PE"";101;73;""RECIFE"";""Sim"";""Pista Escorregadia"";1;""Colisão frontal"";""Com Vítimas Feridas"";""Plena Noite"";""Crescente"";""Nublado"";""Simples"";""Curva"";""Sim"";325219;""Automóvel"";""I/NISSAN TIIDA SEDAN 18F"";2010;""Condutor"";""Ileso"";30;""Masculino"";1;0;0;0;-8",1027;-34,"9483;""SR-PE"";""DEL11/1"";""UOP01/PE""",
"182420;404651;2019-01-01;""terça-feira"";""21:30:00"";""PI"";316;5;""TERESINA"";""Sim"";""Falta de Atenção à Condução"";1;""Colisão com objeto estático"";""Com Vítimas Feridas"";""Plena Noite"";""Decrescente"";""Céu Claro"";""Múltipla"";""Reta"";""Não"";325173;""Automóvel"";""VW/FOX 1.0 GII"";2012;""Condutor"";""Lesões Leves"";NA;""Masculino"";0;1;0;0;-5",141744;-42,"781494;""SR-PI"";""DEL17/1"";""UOP02/PI""",
"182421;402561;2019-01-01;""terça-feira"";""23:30:00"";""MS"";163;9","3;""MUNDO NOVO"";""Sim"";""Animais na Pista"";1;""Atropelamento de Animal"";""Sem Vítimas"";""Plena Noite"";""Decrescente"";""Céu Claro"";""Simples"";""Reta"";""Não"";325196;""Caminhonete"";""CHEVROLET/MONTANA LS"";2010;""Passageiro"";""Ileso"";33;""Masculino"";1;0;0;0;-23",98653243;-54,"33132118;""SR-MS"";""DEL3/09"";""UOP02/MS"""