"id;""pesid"";""data_inversa"";""dia_semana"";""horario"";""uf"";""br"";""km"";""municipio"";""causa_principal"";""causa_acidente"";""ordem_tipo_acidente"";""tipo_acidente"";""classificacao_acidente"";""fase_dia"";""sentido_via"";""condicao_metereologica"";""tipo_pista"";""tracado_via"";""uso_solo"";""id_veiculo"";""tipo_veiculo"";""marca"";""ano_fabricacao_veiculo"";""tipo_envolvido"";""estado_fisico"";""idade"";""sexo"";""ilesos"";""feridos_leves"";""feridos_graves"";""mortos"";""latitude"";""longitude"";""regional"";""delegacia"";""uop""",,,
"182421;402560;2019-01-01;""terça-feira"";""23:30:00"";""MS"";163;9","3;""MUNDO NOVO"";""Sim"";""Animais na Pista"";1;""Atropelamento de Animal"";""Sem Vítimas"";""Plena Noite"";""Decrescente"";""Céu Claro"";""Simples"";""Reta"";""Não"";325196;""Caminhonete"";""CHEVROLET/MONTANA LS"";2010;""Condutor"";""Ileso"";34;""Masculino"";1;0;0;0;-23",98653243;-54,"33132118;""SR-MS"";""DEL3/09"";""UOP02/MS"""
"182422;402541;2019-01-01;""terça-feira"";""22:30:00"";""RJ"";116;302","6;""RESENDE"";""Sim"";""Falta de Atenção do Pedestre"";1;""Atropelamento de Pedestre"";""Com Vítimas Feridas"";""Plena Noite"";""Crescente"";""Céu Claro"";""Simples"";""Reta"";""Não"";325175;""Automóvel"";"""";NA;""Pedestre"";""Lesões Graves"";44;""Masculino"";0;0;1;0;-22",450125;-44,"330193;""SR-RJ"";""DEL5/7"";""UOP03/RJ"""
"182422;402540;2019-01-01;""terça-feira"";""22:30:00"";""RJ"";116;302","6;""RESENDE"";""Sim"";""Falta de Atenção do Pedestre"";1;""Atropelamento de Pedestre"";""Com Vítimas Feridas"";""Plena Noite"";""Crescente"";""Céu Claro"";""Simples"";""Reta"";""Não"";325175;""Automóvel"";"""";NA;""Condutor"";""Não Informado"";NA;""Não Informado"";0;0;0;0;-22",450125;-44,"330193;""SR-RJ"";""DEL5/7"";""UOP03/RJ"""
"182424;402547;2019-01-01;""terça-feira"";""21:30:00"";""MA"";135;7;""SAO LUIS"";""Sim"";""Falta de Atenção à Condução"";1;""Atropelamento de Pedestre"";""Com Vítimas Fatais"";""Plena Noite"";""Crescente"";""Céu Claro"";""Dupla"";""Desvio Temporário"";""Não"";325181;""Motocicleta"";"""";NA;""Pedestre"";""Óbito"";72;""Feminino"";0;0;0;1;-2",636088;-44,"268486;""SR-MA"";""DEL18/1"";""UOP01/MA""",
"182424;402551;2019-01-01;""terça-feira"";""21:30:00"";""MA"";135;7;""SAO LUIS"";""Sim"";""Falta de Atenção à Condução"";1;""Atropelamento de Pedestre"";""Com Vítimas Fatais"";""Plena Noite"";""Crescente"";""Céu Claro"";""Dupla"";""Desvio Temporário"";""Não"";325181;""Motocicleta"";"""";NA;""Condutor"";""Não Informado"";NA;""Não Informado"";0;0;0;0;-2",636088;-44,"268486;""SR-MA"";""DEL18/1"";""UOP01/MA""",
"182426;402564;2019-01-02;""quarta-feira"";""01:00:00"";""PR"";476;125","5;""CURITIBA"";""Sim"";""Falta de Atenção à Condução"";1;""Colisão com objeto estático"";""Com Vítimas Feridas"";""Plena Noite"";""Decrescente"";""Nublado"";""Dupla"";""Não Informado"";""Sim"";325198;""Automóvel"";""CHEV/SPIN 1.8L AT LT"";2013;""Condutor"";""Lesões Leves"";46;""Masculino"";0;1;0;0;-25",4083;-49,"219658;""SR-PR"";""DEL7/1"";""UOP06/PR"""
"182427;404667;2019-01-01;""terça-feira"";""21:30:00"";""SC"";470;172;""POUSO REDONDO"";""Sim"";""Ingestão de álcool e/ou substâncias psicoativas pelo pedestre"";1;""Tombamento"";""Com Vítimas Feridas"";""Plena Noite"";""Decrescente"";""Céu Claro"";""Simples"";""Interseção de vias"";""Sim"";325185;""Motocicleta"";""HONDA/CBX 250 TWISTER"";2008;""Condutor"";""Lesões Leves"";NA;""Masculino"";0;1;0;0;-27",25835102;-49,"91402887;""SR-SC"";""DEL8/4"";""UOP02/SC""",
"182428;402631;2019-01-01;""terça-feira"";""21:45:00"";""SC"";470;167","8;""POUSO REDONDO"";""Sim"";""Agressão Externa"";1;""Saída de leito carroçável"";""Com Vítimas Feridas"";""Plena Noite"";""Decrescente"";""Céu Claro"";""Múltipla"";""Não Informado"";""Não"";325186;""Automóvel"";""RENAULT/CLIO RL 1.0"";2001;""Passageiro"";""Lesões Leves"";34;""Feminino"";0;1;0;0;-27",269835;-49,"863087;""SR-SC"";""DEL8/4"";""UOP02/SC"""
"182428;402630;2019-01-01;""terça-feira"";""21:45:00"";""SC"";470;167","8;""POUSO REDONDO"";""Sim"";""Agressão Externa"";1;""Saída de leito carroçável"";""Com Vítimas Feridas"";""Plena Noite"";""Decrescente"";""Céu Claro"";""Múltipla"";""Não Informado"";""Não"";325186;""Automóvel"";""RENAULT/CLIO RL 1.0"";2001;""Condutor"";""Lesões Leves"";29;""Masculino"";0;1;0;0;-27",269835;-49,"863087;""SR-SC"";""DEL8/4"";""UOP02/SC"""
"182429;404361;2019-01-02;""quarta-feira"";""00:10:00"";""AP"";210;1","8;""MACAPA"";""Sim"";""Ingestão de Álcool"";2;""Tombamento"";""Com Vítimas Feridas"";""Plena Noite"";""Crescente"";""Nublado"";""Múltipla"";""Reta"";""Sim"";325216;""Motocicleta"";""HONDA/CG150 FAN ESDI"";2014;""Pedestre"";""Lesões Graves"";35;""Masculino"";0;0;1;0;0",08153943;-51,"07626696;""SR-AP"";""UOP01/AP"";"""""
"182429;404361;2019-01-02;""quarta-feira"";""00:10:00"";""AP"";210;1","8;""MACAPA"";""Não"";""Falta de Atenção à Condução"";2;""Tombamento"";""Com Vítimas Feridas"";""Plena Noite"";""Crescente"";""Nublado"";""Múltipla"";""Reta"";""Sim"";325216;""Motocicleta"";""HONDA/CG150 FAN ESDI"";2014;""Pedestre"";""Lesões Graves"";35;""Masculino"";0;0;1;0;0",08153943;-51,"07626696;""SR-AP"";""UOP01/AP"";"""""
"182429;404361;2019-01-02;""quarta-feira"";""00:10:00"";""AP"";210;1","8;""MACAPA"";""Sim"";""Ingestão de Álcool"";1;""Atropelamento de Pedestre"";""Com Vítimas Feridas"";""Plena Noite"";""Crescente"";""Nublado"";""Múltipla"";""Reta"";""Sim"";325216;""Motocicleta"";""HONDA/CG150 FAN ESDI"";2014;""Pedestre"";""Lesões Graves"";35;""Masculino"";0;0;1;0;0",08153943;-51,"07626696;""SR-AP"";""UOP01/AP"";"""""
"182429;404361;2019-01-02;""quarta-feira"";""00:10:00"";""AP"";210;1","8;""MACAPA"";""Não"";""Falta de Atenção à Condução"";1;""Atropelamento de Pedestre"";""Com Vítimas Feridas"";""Plena Noite"";""Crescente"";""Nublado"";""Múltipla"";""Reta"";""Sim"";325216;""Motocicleta"";""HONDA/CG150 FAN ESDI"";2014;""Pedestre"";""Lesões Graves"";35;""Masculino"";0;0;1;0;0",08153943;-51,"07626696;""SR-AP"";""UOP01/AP"";"""""
"182429;404361;2019-01-02;""quarta-feira"";""00:10:00"";""AP"";210;1","8;""MACAPA"";""Sim"";""Ingestão de Álcool"";2;""Tombamento"";""Com Vítimas Feridas"";""Plena Noite"";""Crescente"";""Nublado"";""Múltipla"";""Reta"";""Sim"";325217;""Automóvel"";""FIAT/PALIO FIRE FLEX"";2005;""Pedestre"";""Lesões Graves"";35;""Masculino"";0;0;1;0;0",08153943;-51,"07626696;""SR-AP"";""UOP01/AP"";"""""
"182429;404361;2019-01-02;""quarta-feira"";""00:10:00"";""AP"";210;1","8;""MACAPA"";""Não"";""Falta de Atenção à Condução"";2;""Tombamento"";""Com Vítimas Feridas"";""Plena Noite"";""Crescente"";""Nublado"";""Múltipla"";""Reta"";""Sim"";325217;""Automóvel"";""FIAT/PALIO FIRE FLEX"";2005;""Pedestre"";""Lesões Graves"";35;""Masculino"";0;0;1;0;0",08153943;-51,"07626696;""SR-AP"";""UOP01/AP"";"""""
"182429;404361;2019-01-02;""quarta-feira"";""00:10:00"";""AP"";210;1","8;""MACAPA"";""Sim"";""Ingestão de Álcool"";1;""Atropelamento de Pedestre"";""Com Vítimas Feridas"";""Plena Noite"";""Crescente"";""Nublado"";""Múltipla"";""Reta"";""Sim"";325217;""Automóvel"";""FIAT/PALIO FIRE FLEX"";2005;""Pedestre"";""Lesões Graves"";35;""Masculino"";0;0;1;0;0",08153943;-51,"07626696;""SR-AP"";""UOP01/AP"";"""""
"182429;404361;2019-01-02;""quarta-feira"";""00:10:00"";""AP"";210;1","8;""MACAPA"";""Não"";""Falta de Atenção à Condução"";1;""Atropelamento de Pedestre"";""Com Vítimas Feridas"";""Plena Noite"";""Crescente"";""Nublado"";""Múltipla"";""Reta"";""Sim"";325217;""Automóvel"";""FIAT/PALIO FIRE FLEX"";2005;""Pedestre"";""Lesões Graves"";35;""Masculino"";0;0;1;0;0",08153943;-51,"07626696;""SR-AP"";""UOP01/AP"";"""""
"182429;404362;2019-01-02;""quarta-feira"";""00:10:00"";""AP"";210;1","8;""MACAPA"";""Sim"";""Ingestão de Álcool"";2;""Tombamento"";""Com Vítimas Feridas"";""Plena Noite"";""Crescente"";""Nublado"";""Múltipla"";""Reta"";""Sim"";325216;""Motocicleta"";""HONDA/CG150 FAN ESDI"";2014;""Pedestre"";""Lesões Graves"";33;""Masculino"";0;0;1;0;0",08153943;-51,"07626696;""SR-AP"";""UOP01/AP"";"""""
"182429;404362;2019-01-02;""quarta-feira"";""00:10:00"";""AP"";210;1","8;""MACAPA"";""Não"";""Falta de Atenção à Condução"";2;""Tombamento"";""Com Vítimas Feridas"";""Plena Noite"";""Crescente"";""Nublado"";""Múltipla"";""Reta"";""Sim"";325216;""Motocicleta"";""HONDA/CG150 FAN ESDI"";2014;""Pedestre"";""Lesões Graves"";33;""Masculino"";0;0;1;0;0",08153943;-51,"07626696;""SR-AP"";""UOP01/AP"";"""""
"182429;404362;2019-01-02;""quarta-feira"";""00:10:00"";""AP"";210;1","8;""MACAPA"";""Sim"";""Ingestão de Álcool"";1;""Atropelamento de Pedestre"";""Com Vítimas Feridas"";""Plena Noite"";""Crescente"";""Nublado"";""Múltipla"";""Reta"";""Sim"";325216;""Motocicleta"";""HONDA/CG150 FAN ESDI"";2014;""Pedestre"";""Lesões Graves"";33;""Masculino"";0;0;1;0;0",08153943;-51,"07626696;""SR-AP"";""UOP01/AP"";"""""
"182429;404362;2019-01-02;""quarta-feira"";""00:10:00"";""AP"";210;1","8;""MACAPA"";""Não"";""Falta de Atenção à Condução"";1;""Atropelamento de Pedestre"";""Com Vítimas Feridas"";""Plena Noite"";""Crescente"";""Nublado"";""Múltipla"";""Reta"";""Sim"";325216;""Motocicleta"";""HONDA/CG150 FAN ESDI"";2014;""Pedestre"";""Lesões Graves"";33;""Masculino"";0;0;1;0;0",08153943;-51,"07626696;""SR-AP"";""UOP01/AP"";"""""
"182429;404362;2019-01-02;""quarta-feira"";""00:10:00"";""AP"";210;1","8;""MACAPA"";""Sim"";""Ingestão de Álcool"";2;""Tombamento"";""Com Vítimas Feridas"";""Plena Noite"";""Crescente"";""Nublado"";""Múltipla"";""Reta"";""Sim"";325217;""Automóvel"";""FIAT/PALIO FIRE FLEX"";2005;""Pedestre"";""Lesões Graves"";33;""Masculino"";0;0;1;0;0",08153943;-51,"07626696;""SR-AP"";""UOP01/AP"";"""""
"182429;404362;2019-01-02;""quarta-feira"";""00:10:00"";""AP"";210;1","8;""MACAPA"";""Não"";""Falta de Atenção à Condução"";2;""Tombamento"";""Com Vítimas Feridas"";""Plena Noite"";""Crescente"";""Nublado"";""Múltipla"";""Reta"";""Sim"";325217;""Automóvel"";""FIAT/PALIO FIRE FLEX"";2005;""Pedestre"";""Lesões Graves"";33;""Masculino"";0;0;1;0;0",08153943;-51,"07626696;""SR-AP"";""UOP01/AP"";"""""
"182429;404362;2019-01-02;""quarta-feira"";""00:10:00"";""AP"";210;1","8;""MACAPA"";""Sim"";""Ingestão de Álcool"";1;""Atropelamento de Pedestre"";""Com Vítimas Feridas"";""Plena Noite"";""Crescente"";""Nublado"";""Múltipla"";""Reta"";""Sim"";325217;""Automóvel"";""FIAT/PALIO FIRE FLEX"";2005;""Pedestre"";""Lesões Graves"";33;""Masculino"";0;0;1;0;0",08153943;-51,"07626696;""SR-AP"";""UOP01/AP"";"""""
"182429;404362;2019-01-02;""quarta-feira"";""00:10:00"";""AP"";210;1","8;""MACAPA"";""Não"";""Falta de Atenção à Condução"";1;""Atropelamento de Pedestre"";""Com Vítimas Feridas"";""Plena Noite"";""Crescente"";""Nublado"";""Múltipla"";""Reta"";""Sim"";325217;""Automóvel"";""FIAT/PALIO FIRE FLEX"";2005;""Pedestre"";""Lesões Graves"";33;""Masculino"";0;0;1;0;0",08153943;-51,"07626696;""SR-AP"";""UOP01/AP"";"""""
"182429;404366;2019-01-02;""quarta-feira"";""00:10:00"";""AP"";210;1","8;""MACAPA"";""Sim"";""Ingestão de Álcool"";2;""Tombamento"";""Com Vítimas Feridas"";""Plena Noite"";""Crescente"";""Nublado"";""Múltipla"";""Reta"";""Sim"";325216;""Motocicleta"";""HONDA/CG150 FAN ESDI"";2014;""Condutor"";""Ileso"";26;""Masculino"";1;0;0;0;0",08153943;-51,"07626696;""SR-AP"";""UOP01/AP"";"""""
"182429;404366;2019-01-02;""quarta-feira"";""00:10:00"";""AP"";210;1","8;""MACAPA"";""Não"";""Falta de Atenção à Condução"";2;""Tombamento"";""Com Vítimas Feridas"";""Plena Noite"";""Crescente"";""Nublado"";""Múltipla"";""Reta"";""Sim"";325216;""Motocicleta"";""HONDA/CG150 FAN ESDI"";2014;""Condutor"";""Ileso"";26;""Masculino"";1;0;0;0;0",08153943;-51,"07626696;""SR-AP"";""UOP01/AP"";"""""
"182429;404366;2019-01-02;""quarta-feira"";""00:10:00"";""AP"";210;1","8;""MACAPA"";""Sim"";""Ingestão de Álcool"";1;""Atropelamento de Pedestre"";""Com Vítimas Feridas"";""Plena Noite"";""Crescente"";""Nublado"";""Múltipla"";""Reta"";""Sim"";325216;""Motocicleta"";""HONDA/CG150 FAN ESDI"";2014;""Condutor"";""Ileso"";26;""Masculino"";1;0;0;0;0",08153943;-51,"07626696;""SR-AP"";""UOP01/AP"";"""""
"182429;404366;2019-01-02;""quarta-feira"";""00:10:00"";""AP"";210;1","8;""MACAPA"";""Não"";""Falta de Atenção à Condução"";1;""Atropelamento de Pedestre"";""Com Vítimas Feridas"";""Plena Noite"";""Crescente"";""Nublado"";""Múltipla"";""Reta"";""Sim"";325216;""Motocicleta"";""HONDA/CG150 FAN ESDI"";2014;""Condutor"";""Ileso"";26;""Masculino"";1;0;0;0;0",08153943;-51,"07626696;""SR-AP"";""UOP01/AP"";"""""
"182429;404369;2019-01-02;""quarta-feira"";""00:10:00"";""AP"";210;1","8;""MACAPA"";""Sim"";""Ingestão de Álcool"";2;""Tombamento"";""Com Vítimas Feridas"";""Plena Noite"";""Crescente"";""Nublado"";""Múltipla"";""Reta"";""Sim"";325217;""Automóvel"";""FIAT/PALIO FIRE FLEX"";2005;""Condutor"";""Ileso"";55;""Masculino"";1;0;0;0;0",08153943;-51,"07626696;""SR-AP"";""UOP01/AP"";"""""
"182429;404369;2019-01-02;""quarta-feira"";""00:10:00"";""AP"";210;1","8;""MACAPA"";""Não"";""Falta de Atenção à Condução"";2;""Tombamento"";""Com Vítimas Feridas"";""Plena Noite"";""Crescente"";""Nublado"";""Múltipla"";""Reta"";""Sim"";325217;""Automóvel"";""FIAT/PALIO FIRE FLEX"";2005;""Condutor"";""Ileso"";55;""Masculino"";1;0;0;0;0",08153943;-51,"07626696;""SR-AP"";""UOP01/AP"";"""""
"182429;404369;2019-01-02;""quarta-feira"";""00:10:00"";""AP"";210;1","8;""MACAPA"";""Sim"";""Ingestão de Álcool"";1;""Atropelamento de Pedestre"";""Com Vítimas Feridas"";""Plena Noite"";""Crescente"";""Nublado"";""Múltipla"";""Reta"";""Sim"";325217;""Automóvel"";""FIAT/PALIO FIRE FLEX"";2005;""Condutor"";""Ileso"";55;""Masculino"";1;0;0;0;0",08153943;-51,"07626696;""SR-AP"";""UOP01/AP"";"""""
"182429;404369;2019-01-02;""quarta-feira"";""00:10:00"";""AP"";210;1","8;""MACAPA"";""Não"";""Falta de Atenção à Condução"";1;""Atropelamento de Pedestre"";""Com Vítimas Feridas"";""Plena Noite"";""Crescente"";""Nublado"";""Múltipla"";""Reta"";""Sim"";325217;""Automóvel"";""FIAT/PALIO FIRE FLEX"";2005;""Condutor"";""Ileso"";55;""Masculino"";1;0;0;0;0",08153943;-51,"07626696;""SR-AP"";""UOP01/AP"";"""""
"182429;404367;2019-01-02;""quarta-feira"";""00:10:00"";""AP"";210;1","8;""MACAPA"";""Sim"";""Ingestão de Álcool"";2;""Tombamento"";""Com Vítimas Feridas"";""Plena Noite"";""Crescente"";""Nublado"";""Múltipla"";""Reta"";""Sim"";325216;""Motocicleta"";""HONDA/CG150 FAN ESDI"";2014;""Testemunha"";""Não Informado"";NA;""Não Informado"";0;0;0;0;0",08153943;-51,"07626696;""SR-AP"";""UOP01/AP"";"""""
"182429;404367;2019-01-02;""quarta-feira"";""00:10:00"";""AP"";210;1","8;""MACAPA"";""Não"";""Falta de Atenção à Condução"";2;""Tombamento"";""Com Vítimas Feridas"";""Plena Noite"";""Crescente"";""Nublado"";""Múltipla"";""Reta"";""Sim"";325216;""Motocicleta"";""HONDA/CG150 FAN ESDI"";2014;""Testemunha"";""Não Informado"";NA;""Não Informado"";0;0;0;0;0",08153943;-51,"07626696;""SR-AP"";""UOP01/AP"";"""""
"182429;404367;2019-01-02;""quarta-feira"";""00:10:00"";""AP"";210;1","8;""MACAPA"";""Sim"";""Ingestão de Álcool"";1;""Atropelamento de Pedestre"";""Com Vítimas Feridas"";""Plena Noite"";""Crescente"";""Nublado"";""Múltipla"";""Reta"";""Sim"";325216;""Motocicleta"";""HONDA/CG150 FAN ESDI"";2014;""Testemunha"";""Não Informado"";NA;""Não Informado"";0;0;0;0;0",08153943;-51,"07626696;""SR-AP"";""UOP01/AP"";"""""
"182429;404367;2019-01-02;""quarta-feira"";""00:10:00"";""AP"";210;1","8;""MACAPA"";""Não"";""Falta de Atenção à Condução"";1;""Atropelamento de Pedestre"";""Com Vítimas Feridas"";""Plena Noite"";""Crescente"";""Nublado"";""Múltipla"";""Reta"";""Sim"";325216;""Motocicleta"";""HONDA/CG150 FAN ESDI"";2014;""Testemunha"";""Não Informado"";NA;""Não Informado"";0;0;0;0;0",08153943;-51,"07626696;""SR-AP"";""UOP01/AP"";"""""
"182429;404367;2019-01-02;""quarta-feira"";""00:10:00"";""AP"";210;1","8;""MACAPA"";""Sim"";""Ingestão de Álcool"";2;""Tombamento"";""Com Vítimas Feridas"";""Plena Noite"";""Crescente"";""Nublado"";""Múltipla"";""Reta"";""Sim"";325217;""Automóvel"";""FIAT/PALIO FIRE FLEX"";2005;""Testemunha"";""Não Informado"";NA;""Não Informado"";0;0;0;0;0",08153943;-51,"07626696;""SR-AP"";""UOP01/AP"";"""""
"182429;404367;2019-01-02;""quarta-feira"";""00:10:00"";""AP"";210;1","8;""MACAPA"";""Não"";""Falta de Atenção à Condução"";2;""Tombamento"";""Com Vítimas Feridas"";""Plena Noite"";""Crescente"";""Nublado"";""Múltipla"";""Reta"";""Sim"";325217;""Automóvel"";""FIAT/PALIO FIRE FLEX"";2005;""Testemunha"";""Não Informado"";NA;""Não Informado"";0;0;0;0;0",08153943;-51,"07626696;""SR-AP"";""UOP01/AP"";"""""
"182429;404367;2019-01-02;""quarta-feira"";""00:10:00"";""AP"";210;1","8;""MACAPA"";""Sim"";""Ingestão de Álcool"";1;""Atropelamento de Pedestre"";""Com Vítimas Feridas"";""Plena Noite"";""Crescente"";""Nublado"";""Múltipla"";""Reta"";""Sim"";325217;""Automóvel"";""FIAT/PALIO FIRE FLEX"";2005;""Testemunha"";""Não Informado"";NA;""Não Informado"";0;0;0;0;0",08153943;-51,"07626696;""SR-AP"";""UOP01/AP"";"""""
"182429;404367;2019-01-02;""quarta-feira"";""00:10:00"";""AP"";210;1","8;""MACAPA"";""Não"";""Falta de Atenção à Condução"";1;""Atropelamento de Pedestre"";""Com Vítimas Feridas"";""Plena Noite"";""Crescente"";""Nublado"";""Múltipla"";""Reta"";""Sim"";325217;""Automóvel"";""FIAT/PALIO FIRE FLEX"";2005;""Testemunha"";""Não Informado"";NA;""Não Informado"";0;0;0;0;0",08153943;-51,"07626696;""SR-AP"";""UOP01/AP"";"""""
"182430;402556;2019-01-01;""terça-feira"";""22:30:00"";""ES"";101;329;""GUARAPARI"";""Sim"";""Ingestão de Álcool"";3;""Saída de leito carroçável"";""Com Vítimas Feridas"";""Plena Noite"";""Crescente"";""Céu Claro"";""Simples"";""Reta"";""Não"";325194;""Automóvel"";""FIAT/PALIO FIRE"";2015;""Condutor"";""Lesões Leves"";25;""Masculino"";0;1;0;0;-20",5869262;-40,"4977124;""SR-ES"";""DEL12/3"";""UOP01/ES""",
"182430;402556;2019-01-01;""terça-feira"";""22:30:00"";""ES"";101;329;""GUARAPARI"";""Sim"";""Ingestão de Álcool"";2;""Capotamento"";""Com Vítimas Feridas"";""Plena Noite"";""Crescente"";""Céu Claro"";""Simples"";""Reta"";""Não"";325194;""Automóvel"";""FIAT/PALIO FIRE"";2015;""Condutor"";""Lesões Leves"";25;""Masculino"";0;1;0;0;-20",5869262;-40,"4977124;""SR-ES"";""DEL12/3"";""UOP01/ES""",
"182430;402556;2019-01-01;""terça-feira"";""22:30:00"";""ES"";101;329;""GUARAPARI"";""Sim"";""Ingestão de Álcool"";1;""Colisão lateral"";""Com Vítimas Feridas"";""Plena Noite"";""Crescente"";""Céu Claro"";""Simples"";""Reta"";""Não"";325194;""Automóvel"";""FIAT/PALIO FIRE"";2015;""Condutor"";""Lesões Leves"";25;""Masculino"";0;1;0;0;-20",5869262;-40,"4977124;""SR-ES"";""DEL12/3"";""UOP01/ES""",
"182430;404363;2019-01-01;""terça-feira"";""22:30:00"";""ES"";101;329;""GUARAPARI"";""Sim"";""Ingestão de Álcool"";3;""Saída de leito carroçável"";""Com Vítimas Feridas"";""Plena Noite"";""Crescente"";""Céu Claro"";""Simples"";""Reta"";""Não"";325195;""Camioneta"";""I/HYUNDAI IX35 2.0"";2010;""Testemunha"";""Não Informado"";NA;""Não Informado"";0;0;0;0;-20",5869262;-40,"4977124;""SR-ES"";""DEL12/3"";""UOP01/ES""",
"182430;404363;2019-01-01;""terça-feira"";""22:30:00"";""ES"";101;329;""GUARAPARI"";""Sim"";""Ingestão de Álcool"";2;""Capotamento"";""Com Vítimas Feridas"";""Plena Noite"";""Crescente"";""Céu Claro"";""Simples"";""Reta"";""Não"";325195;""Camioneta"";""I/HYUNDAI IX35 2.0"";2010;""Testemunha"";""Não Informado"";NA;""Não Informado"";0;0;0;0;-20",5869262;-40,"4977124;""SR-ES"";""DEL12/3"";""UOP01/ES""",
"182430;404363;2019-01-01;""terça-feira"";""22:30:00"";""ES"";101;329;""GUARAPARI"";""Sim"";""Ingestão de Álcool"";1;""Colisão lateral"";""Com Vítimas Feridas"";""Plena Noite"";""Crescente"";""Céu Claro"";""Simples"";""Reta"";""Não"";325195;""Camioneta"";""I/HYUNDAI IX35 2.0"";2010;""Testemunha"";""Não Informado"";NA;""Não Informado"";0;0;0;0;-20",5869262;-40,"4977124;""SR-ES"";""DEL12/3"";""UOP01/ES""",
"182430;404363;2019-01-01;""terça-feira"";""22:30:00"";""ES"";101;329;""GUARAPARI"";""Sim"";""Ingestão de Álcool"";3;""Saída de leito carroçável"";""Com Vítimas Feridas"";""Plena Noite"";""Crescente"";""Céu Claro"";""Simples"";""Reta"";""Não"";325194;""Automóvel"";""FIAT/PALIO FIRE"";2015;""Testemunha"";""Não Informado"";NA;""Não Informado"";0;0;0;0;-20",5869262;-40,"4977124;""SR-ES"";""DEL12/3"";""UOP01/ES""",
"182430;404363;2019-01-01;""terça-feira"";""22:30:00"";""ES"";101;329;""GUARAPARI"";""Sim"";""Ingestão de Álcool"";2;""Capotamento"";""Com Vítimas Feridas"";""Plena Noite"";""Crescente"";""Céu Claro"";""Simples"";""Reta"";""Não"";325194;""Automóvel"";""FIAT/PALIO FIRE"";2015;""Testemunha"";""Não Informado"";NA;""Não Informado"";0;0;0;0;-20",5869262;-40,"4977124;""SR-ES"";""DEL12/3"";""UOP01/ES""",
"182430;404363;2019-01-01;""terça-feira"";""22:30:00"";""ES"";101;329;""GUARAPARI"";""Sim"";""Ingestão de Álcool"";1;""Colisão lateral"";""Com Vítimas Feridas"";""Plena Noite"";""Crescente"";""Céu Claro"";""Simples"";""Reta"";""Não"";325194;""Automóvel"";""FIAT/PALIO FIRE"";2015;""Testemunha"";""Não Informado"";NA;""Não Informado"";0;0;0;0;-20",5869262;-40,"4977124;""SR-ES"";""DEL12/3"";""UOP01/ES""",
"182430;402562;2019-01-01;""terça-feira"";""22:30:00"";""ES"";101;329;""GUARAPARI"";""Sim"";""Ingestão de Álcool"";3;""Saída de leito carroçável"";""Com Vítimas Feridas"";""Plena Noite"";""Crescente"";""Céu Claro"";""Simples"";""Reta"";""Não"";325195;""Camioneta"";""I/HYUNDAI IX35 2.0"";2010;""Condutor"";""Lesões Leves"";50;""Masculino"";0;1;0;0;-20",5869262;-40,"4977124;""SR-ES"";""DEL12/3"";""UOP01/ES""",
"182430;402562;2019-01-01;""terça-feira"";""22:30:00"";""ES"";101;329;""GUARAPARI"";""Sim"";""Ingestão de Álcool"";2;""Capotamento"";""Com Vítimas Feridas"";""Plena Noite"";""Crescente"";""Céu Claro"";""Simples"";""Reta"";""Não"";325195;""Camioneta"";""I/HYUNDAI IX35 2.0"";2010;""Condutor"";""Lesões Leves"";50;""Masculino"";0;1;0;0;-20",5869262;-40,"4977124;""SR-ES"";""DEL12/3"";""UOP01/ES""",
"182430;402562;2019-01-01;""terça-feira"";""22:30:00"";""ES"";101;329;""GUARAPARI"";""Sim"";""Ingestão de Álcool"";1;""Colisão lateral"";""Com Vítimas Feridas"";""Plena Noite"";""Crescente"";""Céu Claro"";""Simples"";""Reta"";""Não"";325195;""Camioneta"";""I/HYUNDAI IX35 2.0"";2010;""Condutor"";""Lesões Leves"";50;""Masculino"";0;1;0;0;-20",5869262;-40,"4977124;""SR-ES"";""DEL12/3"";""UOP01/ES""",
"182430;404314;2019-01-01;""terça-feira"";""22:30:00"";""ES"";101;329;""GUARAPARI"";""Sim"";""Ingestão de Álcool"";3;""Saída de leito carroçável"";""Com Vítimas Feridas"";""Plena Noite"";""Crescente"";""Céu Claro"";""Simples"";""Reta"";""Não"";325194;""Automóvel"";""FIAT/PALIO FIRE"";2015;""Passageiro"";""Lesões Leves"";NA;""Masculino"";0;1;0;0;-20",5869262;-40,"4977124;""SR-ES"";""DEL12/3"";""UOP01/ES""",
"182430;404314;2019-01-01;""terça-feira"";""22:30:00"";""ES"";101;329;""GUARAPARI"";""Sim"";""Ingestão de Álcool"";2;""Capotamento"";""Com Vítimas Feridas"";""Plena Noite"";""Crescente"";""Céu Claro"";""Simples"";""Reta"";""Não"";325194;""Automóvel"";""FIAT/PALIO FIRE"";2015;""Passageiro"";""Lesões Leves"";NA;""Masculino"";0;1;0;0;-20",5869262;-40,"4977124;""SR-ES"";""DEL12/3"";""UOP01/ES""",
"182430;404314;2019-01-01;""terça-feira"";""22:30:00"";""ES"";101;329;""GUARAPARI"";""Sim"";""Ingestão de Álcool"";1;""Colisão lateral"";""Com Vítimas Feridas"";""Plena Noite"";""Crescente"";""Céu Claro"";""Simples"";""Reta"";""Não"";325194;""Automóvel"";""FIAT/PALIO FIRE"";2015;""Passageiro"";""Lesões Leves"";NA;""Masculino"";0;1;0;0;-20",5869262;-40,"4977124;""SR-ES"";""DEL12/3"";""UOP01/ES""",