"id;""pesid"";""data_inversa"";""dia_semana"";""horario"";""uf"";""br"";""km"";""municipio"";""causa_principal"";""causa_acidente"";""ordem_tipo_acidente"";""tipo_acidente"";""classificacao_acidente"";""fase_dia"";""sentido_via"";""condicao_metereologica"";""tipo_pista"";""tracado_via"";""uso_solo"";""id_veiculo"";""tipo_veiculo"";""marca"";""ano_fabricacao_veiculo"";""tipo_envolvido"";""estado_fisico"";""idade"";""sexo"";""ilesos"";""feridos_leves"";""feridos_graves"";""mortos"";""latitude"";""longitude"";""regional"";""delegacia"";""uop""",,,
"182431;404596;2019-01-02;""quarta-feira"";""01:15:00"";""PR"";277;178","6;""PALMEIRA"";""Sim"";""Falta de Atenção à Condução"";1;""Saída de leito carroçável"";""Com Vítimas Feridas"";""Plena Noite"";""Decrescente"";""Nublado"";""Simples"";""Reta"";""Não"";325235;""Automóvel"";""FIAT/UNO ATTRACTIVE 1.4"";2010;""Passageiro"";""Lesões Leves"";39;""Feminino"";0;1;0;0;-25",42076669;-50,"08430958;""SR-PR"";""DEL7/3"";""UOP04/PR"""
"182431;404600;2019-01-02;""quarta-feira"";""01:15:00"";""PR"";277;178","6;""PALMEIRA"";""Sim"";""Falta de Atenção à Condução"";1;""Saída de leito carroçável"";""Com Vítimas Feridas"";""Plena Noite"";""Decrescente"";""Nublado"";""Simples"";""Reta"";""Não"";325235;""Automóvel"";""FIAT/UNO ATTRACTIVE 1.4"";2010;""Passageiro"";""Lesões Leves"";4;""Feminino"";0;1;0;0;-25",42076669;-50,"08430958;""SR-PR"";""DEL7/3"";""UOP04/PR"""
"182431;404431;2019-01-02;""quarta-feira"";""01:15:00"";""PR"";277;178","6;""PALMEIRA"";""Sim"";""Falta de Atenção à Condução"";1;""Saída de leito carroçável"";""Com Vítimas Feridas"";""Plena Noite"";""Decrescente"";""Nublado"";""Simples"";""Reta"";""Não"";325235;""Automóvel"";""FIAT/UNO ATTRACTIVE 1.4"";2010;""Condutor"";""Ileso"";27;""Masculino"";1;0;0;0;-25",42076669;-50,"08430958;""SR-PR"";""DEL7/3"";""UOP04/PR"""
"182432;402570;2019-01-02;""quarta-feira"";""01:10:00"";""BA"";116;8","1;""VITORIA DA CONQUISTA"";""Sim"";""Animais na Pista"";1;""Atropelamento de Animal"";""Com Vítimas Feridas"";""Plena Noite"";""Decrescente"";""Céu Claro"";""Simples"";""Reta"";""Sim"";325202;""Caminhonete"";""I/TOYOTA HILUX 4CDL SR"";2002;""Condutor"";""Lesões Leves"";63;""Masculino"";0;1;0;0;-14",85337941;-40,"88111401;""SR-BA"";""DEL10/8"";""UOP01/BA"""
"182432;402570;2019-01-02;""quarta-feira"";""01:10:00"";""BA"";116;8","1;""VITORIA DA CONQUISTA"";""Não"";""Velocidade Incompatível"";1;""Atropelamento de Animal"";""Com Vítimas Feridas"";""Plena Noite"";""Decrescente"";""Céu Claro"";""Simples"";""Reta"";""Sim"";325202;""Caminhonete"";""I/TOYOTA HILUX 4CDL SR"";2002;""Condutor"";""Lesões Leves"";63;""Masculino"";0;1;0;0;-14",85337941;-40,"88111401;""SR-BA"";""DEL10/8"";""UOP01/BA"""
"182433;404380;2019-01-01;""terça-feira"";""19:20:00"";""RJ"";40;106;""DUQUE DE CAXIAS"";""Sim"";""Ingestão de Álcool"";1;""Saída de leito carroçável"";""Sem Vítimas"";""Anoitecer"";""Crescente"";""Nublado"";""Simples"";""Reta"";""Não"";325199;""Caminhão-trator"";""IVECO/STRALIHD 450S38TN1"";2007;""Condutor"";""Ileso"";49;""Masculino"";1;0;0;0;-22",6565;-43,"2837;""SR-RJ"";""DEL5/1"";""UOP01/RJ""",
"182433;404552;2019-01-01;""terça-feira"";""19:20:00"";""RJ"";40;106;""DUQUE DE CAXIAS"";""Sim"";""Ingestão de Álcool"";1;""Saída de leito carroçável"";""Sem Vítimas"";""Anoitecer"";""Crescente"";""Nublado"";""Simples"";""Reta"";""Não"";326466;""Semireboque"";""SR/FACCHINI SRF CF"";2007;""Condutor"";""Não Informado"";NA;""Não Informado"";0;0;0;0;-22",6565;-43,"2837;""SR-RJ"";""DEL5/1"";""UOP01/RJ""",
"182434;404394;2019-01-01;""terça-feira"";""19:40:00"";""RJ"";40;105;""DUQUE DE CAXIAS"";""Sim"";""Falta de Atenção à Condução"";1;""Colisão frontal"";""Com Vítimas Feridas"";""Plena Noite"";""Decrescente"";""Nublado"";""Simples"";""Reta"";""Não"";325257;""Automóvel"";""IMP/PEUGEOT 106 PASSION"";1998;""Passageiro"";""Lesões Leves"";17;""Feminino"";0;1;0;0;-22",6476;-43,"2836;""SR-RJ"";""DEL5/1"";""UOP01/RJ""",
"182434;404396;2019-01-01;""terça-feira"";""19:40:00"";""RJ"";40;105;""DUQUE DE CAXIAS"";""Sim"";""Falta de Atenção à Condução"";1;""Colisão frontal"";""Com Vítimas Feridas"";""Plena Noite"";""Decrescente"";""Nublado"";""Simples"";""Reta"";""Não"";326370;""Automóvel"";""FIAT/PALIO WK TREKK 1.6"";2012;""Condutor"";""Lesões Leves"";41;""Masculino"";0;1;0;0;-22",6476;-43,"2836;""SR-RJ"";""DEL5/1"";""UOP01/RJ""",
"182434;404393;2019-01-01;""terça-feira"";""19:40:00"";""RJ"";40;105;""DUQUE DE CAXIAS"";""Sim"";""Falta de Atenção à Condução"";1;""Colisão frontal"";""Com Vítimas Feridas"";""Plena Noite"";""Decrescente"";""Nublado"";""Simples"";""Reta"";""Não"";325257;""Automóvel"";""IMP/PEUGEOT 106 PASSION"";1998;""Condutor"";""Lesões Leves"";53;""Masculino"";0;1;0;0;-22",6476;-43,"2836;""SR-RJ"";""DEL5/1"";""UOP01/RJ""",
"182434;404395;2019-01-01;""terça-feira"";""19:40:00"";""RJ"";40;105;""DUQUE DE CAXIAS"";""Sim"";""Falta de Atenção à Condução"";1;""Colisão frontal"";""Com Vítimas Feridas"";""Plena Noite"";""Decrescente"";""Nublado"";""Simples"";""Reta"";""Não"";325257;""Automóvel"";""IMP/PEUGEOT 106 PASSION"";1998;""Passageiro"";""Lesões Leves"";41;""Feminino"";0;1;0;0;-22",6476;-43,"2836;""SR-RJ"";""DEL5/1"";""UOP01/RJ""",
"182436;402624;2019-01-02;""quarta-feira"";""03:15:00"";""SP"";116;457","8;""PARIQUERA-ACU"";""Sim"";""Ingestão de Álcool"";2;""Queda de ocupante de veículo"";""Com Vítimas Feridas"";""Plena Noite"";""Decrescente"";""Nublado"";""Dupla"";""Reta"";""Não"";325233;""Motocicleta"";""YAMAHA/FACTOR PR YBR125K"";NA;""Condutor"";""Lesões Leves"";41;""Masculino"";0;1;0;0;-24",59521687;-47,"87748456;""SR-SP"";""DEL6/5"";""UOP01/SP"""
"182436;402624;2019-01-02;""quarta-feira"";""03:15:00"";""SP"";116;457","8;""PARIQUERA-ACU"";""Sim"";""Ingestão de Álcool"";1;""Tombamento"";""Com Vítimas Feridas"";""Plena Noite"";""Decrescente"";""Nublado"";""Dupla"";""Reta"";""Não"";325233;""Motocicleta"";""YAMAHA/FACTOR PR YBR125K"";NA;""Condutor"";""Lesões Leves"";41;""Masculino"";0;1;0;0;-24",59521687;-47,"87748456;""SR-SP"";""DEL6/5"";""UOP01/SP"""
"182438;402615;2019-01-01;""terça-feira"";""10:00:00"";""SC"";101;322;""PESCARIA BRAVA"";""Sim"";""Falta de Atenção à Condução"";1;""Saída de leito carroçável"";""Sem Vítimas"";""Pleno dia"";""Crescente"";""Céu Claro"";""Dupla"";""Reta"";""Sim"";325225;""Automóvel"";""FIAT/UNO ELECTRONIC"";1995;""Condutor"";""Não Informado"";NA;""Não Informado"";0;0;0;0;-28",4267;-48,"9086;""SR-SC"";""DEL8/2"";""UOP01/SC""",
"182441;403802;2019-01-01;""terça-feira"";""00:40:00"";""MG"";116;343;""CAMPANARIO"";""Sim"";""Falta de Atenção à Condução"";1;""Saída de leito carroçável"";""Com Vítimas Feridas"";""Plena Noite"";""Crescente"";""Nublado"";""Simples"";""Reta"";""Não"";325234;""Automóvel"";""RENAULT/LOGAN EXPR 10"";2018;""Passageiro"";""Lesões Leves"";32;""Feminino"";0;1;0;0;-18",30694391;-41,"75388336;""SR-MG"";""DEL4/11"";""UOP01/MG""",
"182441;403801;2019-01-01;""terça-feira"";""00:40:00"";""MG"";116;343;""CAMPANARIO"";""Sim"";""Falta de Atenção à Condução"";1;""Saída de leito carroçável"";""Com Vítimas Feridas"";""Plena Noite"";""Crescente"";""Nublado"";""Simples"";""Reta"";""Não"";325234;""Automóvel"";""RENAULT/LOGAN EXPR 10"";2018;""Passageiro"";""Ileso"";30;""Masculino"";1;0;0;0;-18",30694391;-41,"75388336;""SR-MG"";""DEL4/11"";""UOP01/MG""",
"182441;403799;2019-01-01;""terça-feira"";""00:40:00"";""MG"";116;343;""CAMPANARIO"";""Sim"";""Falta de Atenção à Condução"";1;""Saída de leito carroçável"";""Com Vítimas Feridas"";""Plena Noite"";""Crescente"";""Nublado"";""Simples"";""Reta"";""Não"";325234;""Automóvel"";""RENAULT/LOGAN EXPR 10"";2018;""Condutor"";""Ileso"";46;""Masculino"";1;0;0;0;-18",30694391;-41,"75388336;""SR-MG"";""DEL4/11"";""UOP01/MG""",
"182442;404655;2019-01-02;""quarta-feira"";""06:00:00"";""SC"";101;118;""ITAJAI"";""Sim"";""Não guardar distância de segurança"";1;""Colisão traseira"";""Com Vítimas Feridas"";""Pleno dia"";""Decrescente"";""Céu Claro"";""Dupla"";""Reta"";""Não"";326540;""Automóvel"";"""";NA;""Condutor"";""Não Informado"";NA;""Não Informado"";0;0;0;0;-26",9045;-48,"7153;""SR-SC"";""DEL8/4"";""UOP04/SC""",
"182442;404517;2019-01-02;""quarta-feira"";""06:00:00"";""SC"";101;118;""ITAJAI"";""Sim"";""Não guardar distância de segurança"";1;""Colisão traseira"";""Com Vítimas Feridas"";""Pleno dia"";""Decrescente"";""Céu Claro"";""Dupla"";""Reta"";""Não"";325243;""Automóvel"";""FORD/FIESTA SEDAN SC"";2004;""Passageiro"";""Lesões Leves"";53;""Feminino"";0;1;0;0;-26",9045;-48,"7153;""SR-SC"";""DEL8/4"";""UOP04/SC""",
"182442;404509;2019-01-02;""quarta-feira"";""06:00:00"";""SC"";101;118;""ITAJAI"";""Sim"";""Não guardar distância de segurança"";1;""Colisão traseira"";""Com Vítimas Feridas"";""Pleno dia"";""Decrescente"";""Céu Claro"";""Dupla"";""Reta"";""Não"";325243;""Automóvel"";""FORD/FIESTA SEDAN SC"";2004;""Condutor"";""Ileso"";32;""Masculino"";1;0;0;0;-26",9045;-48,"7153;""SR-SC"";""DEL8/4"";""UOP04/SC""",
"182442;404508;2019-01-02;""quarta-feira"";""06:00:00"";""SC"";101;118;""ITAJAI"";""Sim"";""Não guardar distância de segurança"";1;""Colisão traseira"";""Com Vítimas Feridas"";""Pleno dia"";""Decrescente"";""Céu Claro"";""Dupla"";""Reta"";""Não"";325242;""Utilitário"";""I/HYUNDAI SANTA FE V6"";2013;""Condutor"";""Ileso"";47;""Masculino"";1;0;0;0;-26",9045;-48,"7153;""SR-SC"";""DEL8/4"";""UOP04/SC""",
"182443;NA;2019-01-02;""quarta-feira"";""06:40:00"";""RJ"";116;227;""PIRAI"";""Sim"";""Carga excessiva e/ou mal acondicionada"";1;""Tombamento"";""Com Vítimas Feridas"";""Pleno dia"";""Decrescente"";""Céu Claro"";""Dupla"";""Curva"";""Não"";326434;""Semireboque"";""SR/RANDON SR FG"";2003;""Não Informado"";""Não Informado"";NA;""Não Informado"";0;0;0;0;-22",672081;-43,"817894;""SR-RJ"";""DEL5/7"";""UOP01/RJ""",
"182443;404484;2019-01-02;""quarta-feira"";""06:40:00"";""RJ"";116;227;""PIRAI"";""Sim"";""Carga excessiva e/ou mal acondicionada"";1;""Tombamento"";""Com Vítimas Feridas"";""Pleno dia"";""Decrescente"";""Céu Claro"";""Dupla"";""Curva"";""Não"";325276;""Caminhão-trator"";""VOLVO/FH12 380 4X2T"";2004;""Condutor"";""Lesões Leves"";42;""Masculino"";0;1;0;0;-22",672081;-43,"817894;""SR-RJ"";""DEL5/7"";""UOP01/RJ""",
"182444;404384;2019-01-02;""quarta-feira"";""07:15:00"";""RS"";285;458","7;""IJUI"";""Sim"";""Falta de Atenção à Condução"";1;""Colisão transversal"";""Com Vítimas Feridas"";""Pleno dia"";""Crescente"";""Céu Claro"";""Simples"";""Reta"";""Sim"";325252;""Motocicleta"";""HONDA/CG 125 FAN KS"";2009;""Condutor"";""Lesões Graves"";30;""Masculino"";0;0;1;0;-28",414484;-53,"910641;""SR-RS"";""DEL9/10"";""UOP01/RS"""
"182444;404381;2019-01-02;""quarta-feira"";""07:15:00"";""RS"";285;458","7;""IJUI"";""Sim"";""Falta de Atenção à Condução"";1;""Colisão transversal"";""Com Vítimas Feridas"";""Pleno dia"";""Crescente"";""Céu Claro"";""Simples"";""Reta"";""Sim"";325251;""Caminhonete"";""CHEVROLET/S10 LTZ DD4A"";2015;""Condutor"";""Ileso"";56;""Masculino"";1;0;0;0;-28",414484;-53,"910641;""SR-RS"";""DEL9/10"";""UOP01/RS"""
"182446;404768;2019-01-02;""quarta-feira"";""07:45:00"";""RS"";116;397","8;""CAMAQUA"";""Sim"";""Falta de Atenção à Condução"";2;""Tombamento"";""Com Vítimas Feridas"";""Amanhecer"";""Crescente"";""Céu Claro"";""Simples"";""Reta"";""Sim"";325256;""Motocicleta"";""HONDA/CG 125 TITAN"";1998;""Condutor"";""Lesões Leves"";58;""Masculino"";0;1;0;0;-30",85839496;-51,"78704023;""SR-RS"";""DEL9/2"";""UOP02/RS"""
"182446;404768;2019-01-02;""quarta-feira"";""07:45:00"";""RS"";116;397","8;""CAMAQUA"";""Sim"";""Falta de Atenção à Condução"";1;""Colisão lateral"";""Com Vítimas Feridas"";""Amanhecer"";""Crescente"";""Céu Claro"";""Simples"";""Reta"";""Sim"";325256;""Motocicleta"";""HONDA/CG 125 TITAN"";1998;""Condutor"";""Lesões Leves"";58;""Masculino"";0;1;0;0;-30",85839496;-51,"78704023;""SR-RS"";""DEL9/2"";""UOP02/RS"""
"182446;404764;2019-01-02;""quarta-feira"";""07:45:00"";""RS"";116;397","8;""CAMAQUA"";""Sim"";""Falta de Atenção à Condução"";2;""Tombamento"";""Com Vítimas Feridas"";""Amanhecer"";""Crescente"";""Céu Claro"";""Simples"";""Reta"";""Sim"";325255;""Automóvel"";""FIAT/PALIO EDX"";1997;""Condutor"";""Ileso"";31;""Masculino"";1;0;0;0;-30",85839496;-51,"78704023;""SR-RS"";""DEL9/2"";""UOP02/RS"""
"182446;404764;2019-01-02;""quarta-feira"";""07:45:00"";""RS"";116;397","8;""CAMAQUA"";""Sim"";""Falta de Atenção à Condução"";1;""Colisão lateral"";""Com Vítimas Feridas"";""Amanhecer"";""Crescente"";""Céu Claro"";""Simples"";""Reta"";""Sim"";325255;""Automóvel"";""FIAT/PALIO EDX"";1997;""Condutor"";""Ileso"";31;""Masculino"";1;0;0;0;-30",85839496;-51,"78704023;""SR-RS"";""DEL9/2"";""UOP02/RS"""
"182447;404582;2019-01-02;""quarta-feira"";""02:30:00"";""RJ"";101;518;""ANGRA DOS REIS"";""Sim"";""Desobediência às normas de trânsito pelo condutor"";1;""Incêndio"";""Sem Vítimas"";""Plena Noite"";""Decrescente"";""Nublado"";""Simples"";""Reta"";""Não"";325245;""Automóvel"";""FIAT/PALIO WEEKEND 16V"";1998;""Condutor"";""Ileso"";NA;""Ignorado"";1;0;0;0;-22",98115259;-44,"44519043;""SR-RJ"";""DEL5/3"";""UOP03/RJ""",
"182448;404020;2019-01-02;""quarta-feira"";""07:50:00"";""RS"";158;333","7;""SANTA MARIA"";""Sim"";""Falta de Atenção à Condução"";1;""Colisão transversal"";""Com Vítimas Feridas"";""Pleno dia"";""Crescente"";""Sol"";""Simples"";""Reta"";""Sim"";325309;""Motocicleta"";""HONDA/CB 500F"";2016;""Condutor"";""Lesões Leves"";62;""Masculino"";0;1;0;0;-29",708469;-53,"864265;""SR-RS"";""DEL9/9"";""UOP01/RS"""
"182448;404018;2019-01-02;""quarta-feira"";""07:50:00"";""RS"";158;333","7;""SANTA MARIA"";""Sim"";""Falta de Atenção à Condução"";1;""Colisão transversal"";""Com Vítimas Feridas"";""Pleno dia"";""Crescente"";""Sol"";""Simples"";""Reta"";""Sim"";325308;""Caminhonete"";""FIAT/STRADA WORKING"";2013;""Condutor"";""Lesões Leves"";66;""Masculino"";0;1;0;0;-29",708469;-53,"864265;""SR-RS"";""DEL9/9"";""UOP01/RS"""
"182449;405446;2019-01-01;""terça-feira"";""16:42:00"";""BA"";116;675;""JEQUIE"";""Sim"";""Falta de Atenção do Pedestre"";1;""Atropelamento de Pedestre"";""Com Vítimas Feridas"";""Pleno dia"";""Crescente"";""Céu Claro"";""Simples"";""Reta"";""Sim"";325253;""Outros"";"""";NA;""Condutor"";""Ileso"";NA;""Ignorado"";1;0;0;0;-13",87074672;-40,"09082794;""SR-BA"";""DEL10/3"";""UOP01/BA""",
"182449;402652;2019-01-01;""terça-feira"";""16:42:00"";""BA"";116;675;""JEQUIE"";""Sim"";""Falta de Atenção do Pedestre"";1;""Atropelamento de Pedestre"";""Com Vítimas Feridas"";""Pleno dia"";""Crescente"";""Céu Claro"";""Simples"";""Reta"";""Sim"";325253;""Outros"";"""";NA;""Pedestre"";""Lesões Leves"";35;""Masculino"";0;1;0;0;-13",87074672;-40,"09082794;""SR-BA"";""DEL10/3"";""UOP01/BA""",
"182450;402696;2019-01-02;""quarta-feira"";""08:05:00"";""MG"";381;775","1;""CAMPANHA"";""Sim"";""Falta de Atenção à Condução"";3;""Capotamento"";""Com Vítimas Feridas"";""Pleno dia"";""Decrescente"";""Sol"";""Dupla"";""Curva"";""Não"";325275;""Automóvel"";""PEUGEOT/207HB XS A"";2010;""Passageiro"";""Ileso"";NA;""Feminino"";1;0;0;0;-21",7953;-45,"453;""SR-MG"";""DEL09"";""UOP02/MG"""
"182450;402696;2019-01-02;""quarta-feira"";""08:05:00"";""MG"";381;775","1;""CAMPANHA"";""Sim"";""Falta de Atenção à Condução"";2;""Colisão com objeto estático"";""Com Vítimas Feridas"";""Pleno dia"";""Decrescente"";""Sol"";""Dupla"";""Curva"";""Não"";325275;""Automóvel"";""PEUGEOT/207HB XS A"";2010;""Passageiro"";""Ileso"";NA;""Feminino"";1;0;0;0;-21",7953;-45,"453;""SR-MG"";""DEL09"";""UOP02/MG"""
"182450;402696;2019-01-02;""quarta-feira"";""08:05:00"";""MG"";381;775","1;""CAMPANHA"";""Sim"";""Falta de Atenção à Condução"";1;""Saída de leito carroçável"";""Com Vítimas Feridas"";""Pleno dia"";""Decrescente"";""Sol"";""Dupla"";""Curva"";""Não"";325275;""Automóvel"";""PEUGEOT/207HB XS A"";2010;""Passageiro"";""Ileso"";NA;""Feminino"";1;0;0;0;-21",7953;-45,"453;""SR-MG"";""DEL09"";""UOP02/MG"""
"182450;402694;2019-01-02;""quarta-feira"";""08:05:00"";""MG"";381;775","1;""CAMPANHA"";""Sim"";""Falta de Atenção à Condução"";3;""Capotamento"";""Com Vítimas Feridas"";""Pleno dia"";""Decrescente"";""Sol"";""Dupla"";""Curva"";""Não"";325275;""Automóvel"";""PEUGEOT/207HB XS A"";2010;""Passageiro"";""Lesões Leves"";33;""Feminino"";0;1;0;0;-21",7953;-45,"453;""SR-MG"";""DEL09"";""UOP02/MG"""
"182450;402694;2019-01-02;""quarta-feira"";""08:05:00"";""MG"";381;775","1;""CAMPANHA"";""Sim"";""Falta de Atenção à Condução"";2;""Colisão com objeto estático"";""Com Vítimas Feridas"";""Pleno dia"";""Decrescente"";""Sol"";""Dupla"";""Curva"";""Não"";325275;""Automóvel"";""PEUGEOT/207HB XS A"";2010;""Passageiro"";""Lesões Leves"";33;""Feminino"";0;1;0;0;-21",7953;-45,"453;""SR-MG"";""DEL09"";""UOP02/MG"""
"182450;402694;2019-01-02;""quarta-feira"";""08:05:00"";""MG"";381;775","1;""CAMPANHA"";""Sim"";""Falta de Atenção à Condução"";1;""Saída de leito carroçável"";""Com Vítimas Feridas"";""Pleno dia"";""Decrescente"";""Sol"";""Dupla"";""Curva"";""Não"";325275;""Automóvel"";""PEUGEOT/207HB XS A"";2010;""Passageiro"";""Lesões Leves"";33;""Feminino"";0;1;0;0;-21",7953;-45,"453;""SR-MG"";""DEL09"";""UOP02/MG"""
"182450;402692;2019-01-02;""quarta-feira"";""08:05:00"";""MG"";381;775","1;""CAMPANHA"";""Sim"";""Falta de Atenção à Condução"";3;""Capotamento"";""Com Vítimas Feridas"";""Pleno dia"";""Decrescente"";""Sol"";""Dupla"";""Curva"";""Não"";325275;""Automóvel"";""PEUGEOT/207HB XS A"";2010;""Condutor"";""Ileso"";36;""Masculino"";1;0;0;0;-21",7953;-45,"453;""SR-MG"";""DEL09"";""UOP02/MG"""
"182450;402692;2019-01-02;""quarta-feira"";""08:05:00"";""MG"";381;775","1;""CAMPANHA"";""Sim"";""Falta de Atenção à Condução"";2;""Colisão com objeto estático"";""Com Vítimas Feridas"";""Pleno dia"";""Decrescente"";""Sol"";""Dupla"";""Curva"";""Não"";325275;""Automóvel"";""PEUGEOT/207HB XS A"";2010;""Condutor"";""Ileso"";36;""Masculino"";1;0;0;0;-21",7953;-45,"453;""SR-MG"";""DEL09"";""UOP02/MG"""
"182450;402692;2019-01-02;""quarta-feira"";""08:05:00"";""MG"";381;775","1;""CAMPANHA"";""Sim"";""Falta de Atenção à Condução"";1;""Saída de leito carroçável"";""Com Vítimas Feridas"";""Pleno dia"";""Decrescente"";""Sol"";""Dupla"";""Curva"";""Não"";325275;""Automóvel"";""PEUGEOT/207HB XS A"";2010;""Condutor"";""Ileso"";36;""Masculino"";1;0;0;0;-21",7953;-45,"453;""SR-MG"";""DEL09"";""UOP02/MG"""
"182451;NA;2019-01-02;""quarta-feira"";""07:35:00"";""RS"";386;365;""FAZENDA VILANOVA"";""Sim"";""Condutor Dormindo"";1;""Colisão traseira"";""Com Vítimas Feridas"";""Pleno dia"";""Decrescente"";""Céu Claro"";""Dupla"";""Reta"";""Não"";325264;""Semireboque"";""REB/ANTONINI"";1993;""Não Informado"";""Não Informado"";NA;""Não Informado"";0;0;0;0;-29",570097;-51,"865437;""SR-RS"";""DEL9/4"";""UOP02/RS""",
"182451;402664;2019-01-02;""quarta-feira"";""07:35:00"";""RS"";386;365;""FAZENDA VILANOVA"";""Sim"";""Condutor Dormindo"";1;""Colisão traseira"";""Com Vítimas Feridas"";""Pleno dia"";""Decrescente"";""Céu Claro"";""Dupla"";""Reta"";""Não"";325260;""Automóvel"";""HONDA/CITY LX FLEX"";2009;""Condutor"";""Lesões Leves"";55;""Masculino"";0;1;0;0;-29",570097;-51,"865437;""SR-RS"";""DEL9/4"";""UOP02/RS""",
"182451;404826;2019-01-02;""quarta-feira"";""07:35:00"";""RS"";386;365;""FAZENDA VILANOVA"";""Sim"";""Condutor Dormindo"";1;""Colisão traseira"";""Com Vítimas Feridas"";""Pleno dia"";""Decrescente"";""Céu Claro"";""Dupla"";""Reta"";""Não"";325260;""Automóvel"";""HONDA/CITY LX FLEX"";2009;""Passageiro"";""Lesões Leves"";58;""Feminino"";0;1;0;0;-29",570097;-51,"865437;""SR-RS"";""DEL9/4"";""UOP02/RS""",
"182451;404841;2019-01-02;""quarta-feira"";""07:35:00"";""RS"";386;365;""FAZENDA VILANOVA"";""Sim"";""Condutor Dormindo"";1;""Colisão traseira"";""Com Vítimas Feridas"";""Pleno dia"";""Decrescente"";""Céu Claro"";""Dupla"";""Reta"";""Não"";325260;""Automóvel"";""HONDA/CITY LX FLEX"";2009;""Passageiro"";""Lesões Leves"";71;""Feminino"";0;1;0;0;-29",570097;-51,"865437;""SR-RS"";""DEL9/4"";""UOP02/RS""",
"182451;402669;2019-01-02;""quarta-feira"";""07:35:00"";""RS"";386;365;""FAZENDA VILANOVA"";""Sim"";""Condutor Dormindo"";1;""Colisão traseira"";""Com Vítimas Feridas"";""Pleno dia"";""Decrescente"";""Céu Claro"";""Dupla"";""Reta"";""Não"";325261;""Caminhão-trator"";""M.BENZ/1938 S"";2004;""Condutor"";""Ileso"";40;""Masculino"";1;0;0;0;-29",570097;-51,"865437;""SR-RS"";""DEL9/4"";""UOP02/RS""",
"182452;403078;2019-01-02;""quarta-feira"";""08:20:00"";""RS"";116;295","4;""GUAIBA"";""Sim"";""Defeito na Via"";2;""Queda de ocupante de veículo"";""Com Vítimas Feridas"";""Pleno dia"";""Crescente"";""Céu Claro"";""Dupla"";""Reta"";""Sim"";325267;""Motocicleta"";""DAFRA/HORIZON 150"";2015;""Condutor"";""Lesões Leves"";25;""Masculino"";0;1;0;0;-30",07971;-51,"341549;""SR-RS"";""DEL9/2"";""UOP01/RS"""
"182452;403078;2019-01-02;""quarta-feira"";""08:20:00"";""RS"";116;295","4;""GUAIBA"";""Sim"";""Defeito na Via"";1;""Tombamento"";""Com Vítimas Feridas"";""Pleno dia"";""Crescente"";""Céu Claro"";""Dupla"";""Reta"";""Sim"";325267;""Motocicleta"";""DAFRA/HORIZON 150"";2015;""Condutor"";""Lesões Leves"";25;""Masculino"";0;1;0;0;-30",07971;-51,"341549;""SR-RS"";""DEL9/2"";""UOP01/RS"""
"182455;403302;2019-01-02;""quarta-feira"";""08:00:00"";""MG"";40;42","2;""PARACATU"";""Sim"";""Falta de Atenção à Condução"";3;""Queda de ocupante de veículo"";""Com Vítimas Feridas"";""Pleno dia"";""Crescente"";""Céu Claro"";""Simples"";""Não Informado"";""Sim"";325258;""Micro-ônibus"";""VW/KOMBI LOTAÇÃO"";2010;""Condutor"";""Ileso"";37;""Masculino"";1;0;0;0;-17",218784;-46,"866695;""SR-MG"";""DEL4/14"";""UOP01/MG"""
"182455;403302;2019-01-02;""quarta-feira"";""08:00:00"";""MG"";40;42","2;""PARACATU"";""Sim"";""Falta de Atenção à Condução"";2;""Tombamento"";""Com Vítimas Feridas"";""Pleno dia"";""Crescente"";""Céu Claro"";""Simples"";""Não Informado"";""Sim"";325258;""Micro-ônibus"";""VW/KOMBI LOTAÇÃO"";2010;""Condutor"";""Ileso"";37;""Masculino"";1;0;0;0;-17",218784;-46,"866695;""SR-MG"";""DEL4/14"";""UOP01/MG"""
"182455;403302;2019-01-02;""quarta-feira"";""08:00:00"";""MG"";40;42","2;""PARACATU"";""Sim"";""Falta de Atenção à Condução"";1;""Colisão transversal"";""Com Vítimas Feridas"";""Pleno dia"";""Crescente"";""Céu Claro"";""Simples"";""Não Informado"";""Sim"";325258;""Micro-ônibus"";""VW/KOMBI LOTAÇÃO"";2010;""Condutor"";""Ileso"";37;""Masculino"";1;0;0;0;-17",218784;-46,"866695;""SR-MG"";""DEL4/14"";""UOP01/MG"""
"182455;403301;2019-01-02;""quarta-feira"";""08:00:00"";""MG"";40;42","2;""PARACATU"";""Sim"";""Falta de Atenção à Condução"";3;""Queda de ocupante de veículo"";""Com Vítimas Feridas"";""Pleno dia"";""Crescente"";""Céu Claro"";""Simples"";""Não Informado"";""Sim"";325259;""Motocicleta"";""YAMAHA/XJ6 N ABS"";2018;""Condutor"";""Lesões Leves"";35;""Masculino"";0;1;0;0;-17",218784;-46,"866695;""SR-MG"";""DEL4/14"";""UOP01/MG"""
"182455;403301;2019-01-02;""quarta-feira"";""08:00:00"";""MG"";40;42","2;""PARACATU"";""Sim"";""Falta de Atenção à Condução"";2;""Tombamento"";""Com Vítimas Feridas"";""Pleno dia"";""Crescente"";""Céu Claro"";""Simples"";""Não Informado"";""Sim"";325259;""Motocicleta"";""YAMAHA/XJ6 N ABS"";2018;""Condutor"";""Lesões Leves"";35;""Masculino"";0;1;0;0;-17",218784;-46,"866695;""SR-MG"";""DEL4/14"";""UOP01/MG"""