"id;""pesid"";""data_inversa"";""dia_semana"";""horario"";""uf"";""br"";""km"";""municipio"";""causa_principal"";""causa_acidente"";""ordem_tipo_acidente"";""tipo_acidente"";""classificacao_acidente"";""fase_dia"";""sentido_via"";""condicao_metereologica"";""tipo_pista"";""tracado_via"";""uso_solo"";""id_veiculo"";""tipo_veiculo"";""marca"";""ano_fabricacao_veiculo"";""tipo_envolvido"";""estado_fisico"";""idade"";""sexo"";""ilesos"";""feridos_leves"";""feridos_graves"";""mortos"";""latitude"";""longitude"";""regional"";""delegacia"";""uop""",,,
"182455;403301;2019-01-02;""quarta-feira"";""08:00:00"";""MG"";40;42","2;""PARACATU"";""Sim"";""Falta de Atenção à Condução"";1;""Colisão transversal"";""Com Vítimas Feridas"";""Pleno dia"";""Crescente"";""Céu Claro"";""Simples"";""Não Informado"";""Sim"";325259;""Motocicleta"";""YAMAHA/XJ6 N ABS"";2018;""Condutor"";""Lesões Leves"";35;""Masculino"";0;1;0;0;-17",218784;-46,"866695;""SR-MG"";""DEL4/14"";""UOP01/MG"""
"182457;402667;2019-01-01;""terça-feira"";""19:00:00"";""RJ"";493;81;""JAPERI"";""Sim"";""Falta de Atenção à Condução"";2;""Capotamento"";""Sem Vítimas"";""Anoitecer"";""Crescente"";""Nublado"";""Dupla"";""Reta"";""Não"";325265;""Caminhonete"";""FIAT/STRADA FIRE FLEX"";2010;""Condutor"";""Não Informado"";NA;""Não Informado"";0;0;0;0;-22",66203175;-43,"62436473;""SR-RJ"";""DEL5/1"";""UOP03/RJ""",
"182457;402667;2019-01-01;""terça-feira"";""19:00:00"";""RJ"";493;81;""JAPERI"";""Sim"";""Falta de Atenção à Condução"";1;""Saída de leito carroçável"";""Sem Vítimas"";""Anoitecer"";""Crescente"";""Nublado"";""Dupla"";""Reta"";""Não"";325265;""Caminhonete"";""FIAT/STRADA FIRE FLEX"";2010;""Condutor"";""Não Informado"";NA;""Não Informado"";0;0;0;0;-22",66203175;-43,"62436473;""SR-RJ"";""DEL5/1"";""UOP03/RJ""",
"182458;403154;2019-01-02;""quarta-feira"";""07:30:00"";""RS"";290;41","1;""SANTO ANTONIO DA PATRULHA"";""Sim"";""Falta de Atenção à Condução"";2;""Colisão traseira"";""Com Vítimas Feridas"";""Pleno dia"";""Crescente"";""Céu Claro"";""Dupla"";""Reta"";""Não"";325277;""Automóvel"";""FIAT/PALIO EL"";1997;""Passageiro"";""Lesões Leves"";NA;""Feminino"";0;1;0;0;-29",886173;-50,"658577;""SR-RS"";""DEL9/3"";""UOP02/RS"""
"182458;403154;2019-01-02;""quarta-feira"";""07:30:00"";""RS"";290;41","1;""SANTO ANTONIO DA PATRULHA"";""Não"";""Desobediência às normas de trânsito pelo condutor"";2;""Colisão traseira"";""Com Vítimas Feridas"";""Pleno dia"";""Crescente"";""Céu Claro"";""Dupla"";""Reta"";""Não"";325277;""Automóvel"";""FIAT/PALIO EL"";1997;""Passageiro"";""Lesões Leves"";NA;""Feminino"";0;1;0;0;-29",886173;-50,"658577;""SR-RS"";""DEL9/3"";""UOP02/RS"""
"182458;403154;2019-01-02;""quarta-feira"";""07:30:00"";""RS"";290;41","1;""SANTO ANTONIO DA PATRULHA"";""Sim"";""Falta de Atenção à Condução"";1;""Colisão traseira"";""Com Vítimas Feridas"";""Pleno dia"";""Crescente"";""Céu Claro"";""Dupla"";""Reta"";""Não"";325277;""Automóvel"";""FIAT/PALIO EL"";1997;""Passageiro"";""Lesões Leves"";NA;""Feminino"";0;1;0;0;-29",886173;-50,"658577;""SR-RS"";""DEL9/3"";""UOP02/RS"""
"182458;403154;2019-01-02;""quarta-feira"";""07:30:00"";""RS"";290;41","1;""SANTO ANTONIO DA PATRULHA"";""Não"";""Desobediência às normas de trânsito pelo condutor"";1;""Colisão traseira"";""Com Vítimas Feridas"";""Pleno dia"";""Crescente"";""Céu Claro"";""Dupla"";""Reta"";""Não"";325277;""Automóvel"";""FIAT/PALIO EL"";1997;""Passageiro"";""Lesões Leves"";NA;""Feminino"";0;1;0;0;-29",886173;-50,"658577;""SR-RS"";""DEL9/3"";""UOP02/RS"""
"182458;402716;2019-01-02;""quarta-feira"";""07:30:00"";""RS"";290;41","1;""SANTO ANTONIO DA PATRULHA"";""Sim"";""Falta de Atenção à Condução"";2;""Colisão traseira"";""Com Vítimas Feridas"";""Pleno dia"";""Crescente"";""Céu Claro"";""Dupla"";""Reta"";""Não"";325280;""Automóvel"";""FORD/FIESTA 16TIT AT"";2017;""Condutor"";""Ileso"";28;""Feminino"";1;0;0;0;-29",886173;-50,"658577;""SR-RS"";""DEL9/3"";""UOP02/RS"""
"182458;402716;2019-01-02;""quarta-feira"";""07:30:00"";""RS"";290;41","1;""SANTO ANTONIO DA PATRULHA"";""Não"";""Desobediência às normas de trânsito pelo condutor"";2;""Colisão traseira"";""Com Vítimas Feridas"";""Pleno dia"";""Crescente"";""Céu Claro"";""Dupla"";""Reta"";""Não"";325280;""Automóvel"";""FORD/FIESTA 16TIT AT"";2017;""Condutor"";""Ileso"";28;""Feminino"";1;0;0;0;-29",886173;-50,"658577;""SR-RS"";""DEL9/3"";""UOP02/RS"""
"182458;402716;2019-01-02;""quarta-feira"";""07:30:00"";""RS"";290;41","1;""SANTO ANTONIO DA PATRULHA"";""Sim"";""Falta de Atenção à Condução"";1;""Colisão traseira"";""Com Vítimas Feridas"";""Pleno dia"";""Crescente"";""Céu Claro"";""Dupla"";""Reta"";""Não"";325280;""Automóvel"";""FORD/FIESTA 16TIT AT"";2017;""Condutor"";""Ileso"";28;""Feminino"";1;0;0;0;-29",886173;-50,"658577;""SR-RS"";""DEL9/3"";""UOP02/RS"""
"182458;402716;2019-01-02;""quarta-feira"";""07:30:00"";""RS"";290;41","1;""SANTO ANTONIO DA PATRULHA"";""Não"";""Desobediência às normas de trânsito pelo condutor"";1;""Colisão traseira"";""Com Vítimas Feridas"";""Pleno dia"";""Crescente"";""Céu Claro"";""Dupla"";""Reta"";""Não"";325280;""Automóvel"";""FORD/FIESTA 16TIT AT"";2017;""Condutor"";""Ileso"";28;""Feminino"";1;0;0;0;-29",886173;-50,"658577;""SR-RS"";""DEL9/3"";""UOP02/RS"""
"182458;402709;2019-01-02;""quarta-feira"";""07:30:00"";""RS"";290;41","1;""SANTO ANTONIO DA PATRULHA"";""Sim"";""Falta de Atenção à Condução"";2;""Colisão traseira"";""Com Vítimas Feridas"";""Pleno dia"";""Crescente"";""Céu Claro"";""Dupla"";""Reta"";""Não"";325278;""Automóvel"";""VW/CROSSFOX GII"";2011;""Condutor"";""Ileso"";20;""Masculino"";1;0;0;0;-29",886173;-50,"658577;""SR-RS"";""DEL9/3"";""UOP02/RS"""
"182458;402709;2019-01-02;""quarta-feira"";""07:30:00"";""RS"";290;41","1;""SANTO ANTONIO DA PATRULHA"";""Não"";""Desobediência às normas de trânsito pelo condutor"";2;""Colisão traseira"";""Com Vítimas Feridas"";""Pleno dia"";""Crescente"";""Céu Claro"";""Dupla"";""Reta"";""Não"";325278;""Automóvel"";""VW/CROSSFOX GII"";2011;""Condutor"";""Ileso"";20;""Masculino"";1;0;0;0;-29",886173;-50,"658577;""SR-RS"";""DEL9/3"";""UOP02/RS"""
"182458;402709;2019-01-02;""quarta-feira"";""07:30:00"";""RS"";290;41","1;""SANTO ANTONIO DA PATRULHA"";""Sim"";""Falta de Atenção à Condução"";1;""Colisão traseira"";""Com Vítimas Feridas"";""Pleno dia"";""Crescente"";""Céu Claro"";""Dupla"";""Reta"";""Não"";325278;""Automóvel"";""VW/CROSSFOX GII"";2011;""Condutor"";""Ileso"";20;""Masculino"";1;0;0;0;-29",886173;-50,"658577;""SR-RS"";""DEL9/3"";""UOP02/RS"""
"182458;402709;2019-01-02;""quarta-feira"";""07:30:00"";""RS"";290;41","1;""SANTO ANTONIO DA PATRULHA"";""Não"";""Desobediência às normas de trânsito pelo condutor"";1;""Colisão traseira"";""Com Vítimas Feridas"";""Pleno dia"";""Crescente"";""Céu Claro"";""Dupla"";""Reta"";""Não"";325278;""Automóvel"";""VW/CROSSFOX GII"";2011;""Condutor"";""Ileso"";20;""Masculino"";1;0;0;0;-29",886173;-50,"658577;""SR-RS"";""DEL9/3"";""UOP02/RS"""
"182458;402705;2019-01-02;""quarta-feira"";""07:30:00"";""RS"";290;41","1;""SANTO ANTONIO DA PATRULHA"";""Sim"";""Falta de Atenção à Condução"";2;""Colisão traseira"";""Com Vítimas Feridas"";""Pleno dia"";""Crescente"";""Céu Claro"";""Dupla"";""Reta"";""Não"";325277;""Automóvel"";""FIAT/PALIO EL"";1997;""Condutor"";""Ileso"";24;""Masculino"";1;0;0;0;-29",886173;-50,"658577;""SR-RS"";""DEL9/3"";""UOP02/RS"""
"182458;402705;2019-01-02;""quarta-feira"";""07:30:00"";""RS"";290;41","1;""SANTO ANTONIO DA PATRULHA"";""Não"";""Desobediência às normas de trânsito pelo condutor"";2;""Colisão traseira"";""Com Vítimas Feridas"";""Pleno dia"";""Crescente"";""Céu Claro"";""Dupla"";""Reta"";""Não"";325277;""Automóvel"";""FIAT/PALIO EL"";1997;""Condutor"";""Ileso"";24;""Masculino"";1;0;0;0;-29",886173;-50,"658577;""SR-RS"";""DEL9/3"";""UOP02/RS"""
"182458;402705;2019-01-02;""quarta-feira"";""07:30:00"";""RS"";290;41","1;""SANTO ANTONIO DA PATRULHA"";""Sim"";""Falta de Atenção à Condução"";1;""Colisão traseira"";""Com Vítimas Feridas"";""Pleno dia"";""Crescente"";""Céu Claro"";""Dupla"";""Reta"";""Não"";325277;""Automóvel"";""FIAT/PALIO EL"";1997;""Condutor"";""Ileso"";24;""Masculino"";1;0;0;0;-29",886173;-50,"658577;""SR-RS"";""DEL9/3"";""UOP02/RS"""
"182458;402705;2019-01-02;""quarta-feira"";""07:30:00"";""RS"";290;41","1;""SANTO ANTONIO DA PATRULHA"";""Não"";""Desobediência às normas de trânsito pelo condutor"";1;""Colisão traseira"";""Com Vítimas Feridas"";""Pleno dia"";""Crescente"";""Céu Claro"";""Dupla"";""Reta"";""Não"";325277;""Automóvel"";""FIAT/PALIO EL"";1997;""Condutor"";""Ileso"";24;""Masculino"";1;0;0;0;-29",886173;-50,"658577;""SR-RS"";""DEL9/3"";""UOP02/RS"""
"182459;402929;2019-01-02;""quarta-feira"";""08:50:00"";""MG"";262;101;""ABRE CAMPO"";""Não"";""Velocidade Incompatível"";1;""Incêndio"";""Sem Vítimas"";""Pleno dia"";""Decrescente"";""Céu Claro"";""Simples"";""Curva"";""Não"";325388;""Caminhão"";""IVECO/TECTOR 240E25"";2011;""Condutor"";""Ileso"";36;""Masculino"";1;0;0;0;-20",289152;-42,"523285;""SR-MG"";""DEL4/3"";""UOP03/MG""",
"182459;402929;2019-01-02;""quarta-feira"";""08:50:00"";""MG"";262;101;""ABRE CAMPO"";""Sim"";""Defeito Mecânico no Veículo"";1;""Incêndio"";""Sem Vítimas"";""Pleno dia"";""Decrescente"";""Céu Claro"";""Simples"";""Curva"";""Não"";325388;""Caminhão"";""IVECO/TECTOR 240E25"";2011;""Condutor"";""Ileso"";36;""Masculino"";1;0;0;0;-20",289152;-42,"523285;""SR-MG"";""DEL4/3"";""UOP03/MG""",
"182459;403072;2019-01-02;""quarta-feira"";""08:50:00"";""MG"";262;101;""ABRE CAMPO"";""Não"";""Velocidade Incompatível"";1;""Incêndio"";""Sem Vítimas"";""Pleno dia"";""Decrescente"";""Céu Claro"";""Simples"";""Curva"";""Não"";325388;""Caminhão"";""IVECO/TECTOR 240E25"";2011;""Passageiro"";""Ileso"";30;""Masculino"";1;0;0;0;-20",289152;-42,"523285;""SR-MG"";""DEL4/3"";""UOP03/MG""",
"182459;403072;2019-01-02;""quarta-feira"";""08:50:00"";""MG"";262;101;""ABRE CAMPO"";""Sim"";""Defeito Mecânico no Veículo"";1;""Incêndio"";""Sem Vítimas"";""Pleno dia"";""Decrescente"";""Céu Claro"";""Simples"";""Curva"";""Não"";325388;""Caminhão"";""IVECO/TECTOR 240E25"";2011;""Passageiro"";""Ileso"";30;""Masculino"";1;0;0;0;-20",289152;-42,"523285;""SR-MG"";""DEL4/3"";""UOP03/MG""",
"182460;402875;2019-01-02;""quarta-feira"";""09:10:00"";""PR"";376;176","4;""MARINGA"";""Não"";""Avarias e/ou desgaste excessivo no pneu"";1;""Queda de ocupante de veículo"";""Com Vítimas Feridas"";""Pleno dia"";""Crescente"";""Nublado"";""Dupla"";""Interseção de vias"";""Sim"";325357;""Motocicleta"";""HONDA/CG 125 TITAN"";1996;""Condutor"";""Lesões Leves"";33;""Masculino"";0;1;0;0;-23",41115363;-51,"93649292;""SR-PR"";""DEL7/7"";""UOP04/PR"""
"182460;402875;2019-01-02;""quarta-feira"";""09:10:00"";""PR"";376;176","4;""MARINGA"";""Sim"";""Pista Escorregadia"";1;""Queda de ocupante de veículo"";""Com Vítimas Feridas"";""Pleno dia"";""Crescente"";""Nublado"";""Dupla"";""Interseção de vias"";""Sim"";325357;""Motocicleta"";""HONDA/CG 125 TITAN"";1996;""Condutor"";""Lesões Leves"";33;""Masculino"";0;1;0;0;-23",41115363;-51,"93649292;""SR-PR"";""DEL7/7"";""UOP04/PR"""
"182461;402868;2019-01-02;""quarta-feira"";""09:10:00"";""SC"";282;142","1;""BOM RETIRO"";""Sim"";""Ultrapassagem Indevida"";2;""Capotamento"";""Com Vítimas Feridas"";""Pleno dia"";""Crescente"";""Céu Claro"";""Simples"";""Reta"";""Não"";325328;""Camioneta"";""I/HYUNDAI SANTA FE 3.5"";2011;""Condutor"";""Lesões Graves"";51;""Masculino"";0;0;1;0;-27",813843;-49,"606209;""SR-SC"";""DEL8/5"";""UOP01/SC"""
"182461;402868;2019-01-02;""quarta-feira"";""09:10:00"";""SC"";282;142","1;""BOM RETIRO"";""Não"";""Ingestão de Substâncias Psicoativas"";2;""Capotamento"";""Com Vítimas Feridas"";""Pleno dia"";""Crescente"";""Céu Claro"";""Simples"";""Reta"";""Não"";325328;""Camioneta"";""I/HYUNDAI SANTA FE 3.5"";2011;""Condutor"";""Lesões Graves"";51;""Masculino"";0;0;1;0;-27",813843;-49,"606209;""SR-SC"";""DEL8/5"";""UOP01/SC"""
"182461;402868;2019-01-02;""quarta-feira"";""09:10:00"";""SC"";282;142","1;""BOM RETIRO"";""Sim"";""Ultrapassagem Indevida"";1;""Saída de leito carroçável"";""Com Vítimas Feridas"";""Pleno dia"";""Crescente"";""Céu Claro"";""Simples"";""Reta"";""Não"";325328;""Camioneta"";""I/HYUNDAI SANTA FE 3.5"";2011;""Condutor"";""Lesões Graves"";51;""Masculino"";0;0;1;0;-27",813843;-49,"606209;""SR-SC"";""DEL8/5"";""UOP01/SC"""
"182461;402868;2019-01-02;""quarta-feira"";""09:10:00"";""SC"";282;142","1;""BOM RETIRO"";""Não"";""Ingestão de Substâncias Psicoativas"";1;""Saída de leito carroçável"";""Com Vítimas Feridas"";""Pleno dia"";""Crescente"";""Céu Claro"";""Simples"";""Reta"";""Não"";325328;""Camioneta"";""I/HYUNDAI SANTA FE 3.5"";2011;""Condutor"";""Lesões Graves"";51;""Masculino"";0;0;1;0;-27",813843;-49,"606209;""SR-SC"";""DEL8/5"";""UOP01/SC"""
"182462;402953;2019-01-02;""quarta-feira"";""07:50:00"";""CE"";116;9;""FORTALEZA"";""Sim"";""Falta de Atenção do Pedestre"";2;""Queda de ocupante de veículo"";""Com Vítimas Feridas"";""Pleno dia"";""Decrescente"";""Céu Claro"";""Múltipla"";""Reta"";""Não"";325307;""Motocicleta"";""HONDA/NXR150 BROS ESD"";2012;""Pedestre"";""Lesões Leves"";75;""Masculino"";0;1;0;0;-3",8384;-38,"5013;""SR-CE"";""DEL16/1"";""UOP02/CE""",
"182462;402953;2019-01-02;""quarta-feira"";""07:50:00"";""CE"";116;9;""FORTALEZA"";""Não"";""Falta de Atenção à Condução"";2;""Queda de ocupante de veículo"";""Com Vítimas Feridas"";""Pleno dia"";""Decrescente"";""Céu Claro"";""Múltipla"";""Reta"";""Não"";325307;""Motocicleta"";""HONDA/NXR150 BROS ESD"";2012;""Pedestre"";""Lesões Leves"";75;""Masculino"";0;1;0;0;-3",8384;-38,"5013;""SR-CE"";""DEL16/1"";""UOP02/CE""",
"182462;402953;2019-01-02;""quarta-feira"";""07:50:00"";""CE"";116;9;""FORTALEZA"";""Sim"";""Falta de Atenção do Pedestre"";1;""Atropelamento de Pedestre"";""Com Vítimas Feridas"";""Pleno dia"";""Decrescente"";""Céu Claro"";""Múltipla"";""Reta"";""Não"";325307;""Motocicleta"";""HONDA/NXR150 BROS ESD"";2012;""Pedestre"";""Lesões Leves"";75;""Masculino"";0;1;0;0;-3",8384;-38,"5013;""SR-CE"";""DEL16/1"";""UOP02/CE""",
"182462;402953;2019-01-02;""quarta-feira"";""07:50:00"";""CE"";116;9;""FORTALEZA"";""Não"";""Falta de Atenção à Condução"";1;""Atropelamento de Pedestre"";""Com Vítimas Feridas"";""Pleno dia"";""Decrescente"";""Céu Claro"";""Múltipla"";""Reta"";""Não"";325307;""Motocicleta"";""HONDA/NXR150 BROS ESD"";2012;""Pedestre"";""Lesões Leves"";75;""Masculino"";0;1;0;0;-3",8384;-38,"5013;""SR-CE"";""DEL16/1"";""UOP02/CE""",
"182462;402951;2019-01-02;""quarta-feira"";""07:50:00"";""CE"";116;9;""FORTALEZA"";""Sim"";""Falta de Atenção do Pedestre"";2;""Queda de ocupante de veículo"";""Com Vítimas Feridas"";""Pleno dia"";""Decrescente"";""Céu Claro"";""Múltipla"";""Reta"";""Não"";325307;""Motocicleta"";""HONDA/NXR150 BROS ESD"";2012;""Condutor"";""Lesões Leves"";32;""Masculino"";0;1;0;0;-3",8384;-38,"5013;""SR-CE"";""DEL16/1"";""UOP02/CE""",
"182462;402951;2019-01-02;""quarta-feira"";""07:50:00"";""CE"";116;9;""FORTALEZA"";""Não"";""Falta de Atenção à Condução"";2;""Queda de ocupante de veículo"";""Com Vítimas Feridas"";""Pleno dia"";""Decrescente"";""Céu Claro"";""Múltipla"";""Reta"";""Não"";325307;""Motocicleta"";""HONDA/NXR150 BROS ESD"";2012;""Condutor"";""Lesões Leves"";32;""Masculino"";0;1;0;0;-3",8384;-38,"5013;""SR-CE"";""DEL16/1"";""UOP02/CE""",
"182462;402951;2019-01-02;""quarta-feira"";""07:50:00"";""CE"";116;9;""FORTALEZA"";""Sim"";""Falta de Atenção do Pedestre"";1;""Atropelamento de Pedestre"";""Com Vítimas Feridas"";""Pleno dia"";""Decrescente"";""Céu Claro"";""Múltipla"";""Reta"";""Não"";325307;""Motocicleta"";""HONDA/NXR150 BROS ESD"";2012;""Condutor"";""Lesões Leves"";32;""Masculino"";0;1;0;0;-3",8384;-38,"5013;""SR-CE"";""DEL16/1"";""UOP02/CE""",
"182462;402951;2019-01-02;""quarta-feira"";""07:50:00"";""CE"";116;9;""FORTALEZA"";""Não"";""Falta de Atenção à Condução"";1;""Atropelamento de Pedestre"";""Com Vítimas Feridas"";""Pleno dia"";""Decrescente"";""Céu Claro"";""Múltipla"";""Reta"";""Não"";325307;""Motocicleta"";""HONDA/NXR150 BROS ESD"";2012;""Condutor"";""Lesões Leves"";32;""Masculino"";0;1;0;0;-3",8384;-38,"5013;""SR-CE"";""DEL16/1"";""UOP02/CE""",
"182464;402969;2019-01-02;""quarta-feira"";""09:10:00"";""PR"";116;102;""SAO JOSE DOS PINHAIS"";""Sim"";""Falta de Atenção à Condução"";1;""Colisão traseira"";""Sem Vítimas"";""Pleno dia"";""Crescente"";""Céu Claro"";""Dupla"";""Reta"";""Não"";325429;""Automóvel"";""GM/MERIVA MAXX"";2011;""Condutor"";""Ileso"";38;""Masculino"";1;0;0;0;-25",550711;-49,"150246;""SR-PR"";""DEL7/1"";""UOP01/PR""",
"182464;402968;2019-01-02;""quarta-feira"";""09:10:00"";""PR"";116;102;""SAO JOSE DOS PINHAIS"";""Sim"";""Falta de Atenção à Condução"";1;""Colisão traseira"";""Sem Vítimas"";""Pleno dia"";""Crescente"";""Céu Claro"";""Dupla"";""Reta"";""Não"";325428;""Automóvel"";""PEUGEOT/206 SELECTION"";2002;""Condutor"";""Ileso"";21;""Masculino"";1;0;0;0;-25",550711;-49,"150246;""SR-PR"";""DEL7/1"";""UOP01/PR""",
"182465;402999;2019-01-02;""quarta-feira"";""07:30:00"";""RN"";110;3","9;""AREIA BRANCA"";""Sim"";""Ingestão de Álcool"";2;""Tombamento"";""Com Vítimas Feridas"";""Pleno dia"";""Decrescente"";""Sol"";""Simples"";""Curva"";""Não"";325353;""Caminhonete"";""I/TOYOTA HILUX CDSRVA4FD"";2015;""Condutor"";""Ileso"";35;""Masculino"";1;0;0;0;-4",946104;-37,"100868;""SR-RN"";""DEL15/4"";""UOP01/RN"""
"182465;402999;2019-01-02;""quarta-feira"";""07:30:00"";""RN"";110;3","9;""AREIA BRANCA"";""Sim"";""Ingestão de Álcool"";1;""Colisão lateral"";""Com Vítimas Feridas"";""Pleno dia"";""Decrescente"";""Sol"";""Simples"";""Curva"";""Não"";325353;""Caminhonete"";""I/TOYOTA HILUX CDSRVA4FD"";2015;""Condutor"";""Ileso"";35;""Masculino"";1;0;0;0;-4",946104;-37,"100868;""SR-RN"";""DEL15/4"";""UOP01/RN"""
"182465;403000;2019-01-02;""quarta-feira"";""07:30:00"";""RN"";110;3","9;""AREIA BRANCA"";""Sim"";""Ingestão de Álcool"";2;""Tombamento"";""Com Vítimas Feridas"";""Pleno dia"";""Decrescente"";""Sol"";""Simples"";""Curva"";""Não"";325354;""Motocicleta"";""HONDA/POP100"";2011;""Condutor"";""Lesões Leves"";30;""Masculino"";0;1;0;0;-4",946104;-37,"100868;""SR-RN"";""DEL15/4"";""UOP01/RN"""
"182465;403000;2019-01-02;""quarta-feira"";""07:30:00"";""RN"";110;3","9;""AREIA BRANCA"";""Sim"";""Ingestão de Álcool"";1;""Colisão lateral"";""Com Vítimas Feridas"";""Pleno dia"";""Decrescente"";""Sol"";""Simples"";""Curva"";""Não"";325354;""Motocicleta"";""HONDA/POP100"";2011;""Condutor"";""Lesões Leves"";30;""Masculino"";0;1;0;0;-4",946104;-37,"100868;""SR-RN"";""DEL15/4"";""UOP01/RN"""
"182466;404421;2019-01-02;""quarta-feira"";""08:20:00"";""RJ"";40;117;""DUQUE DE CAXIAS"";""Sim"";""Falta de Atenção à Condução"";1;""Colisão traseira"";""Com Vítimas Feridas"";""Pleno dia"";""Decrescente"";""Céu Claro"";""Múltipla"";""Reta"";""Sim"";325279;""Caminhonete"";""VW/NOVA SAVEIRO CE"";2013;""Condutor"";""Lesões Leves"";41;""Masculino"";0;1;0;0;-22",7556;-43,"2871;""SR-RJ"";""DEL5/1"";""UOP01/RJ""",
"182466;404516;2019-01-02;""quarta-feira"";""08:20:00"";""RJ"";40;117;""DUQUE DE CAXIAS"";""Sim"";""Falta de Atenção à Condução"";1;""Colisão traseira"";""Com Vítimas Feridas"";""Pleno dia"";""Decrescente"";""Céu Claro"";""Múltipla"";""Reta"";""Sim"";326393;""Ônibus"";"""";NA;""Condutor"";""Não Informado"";NA;""Não Informado"";0;0;0;0;-22",7556;-43,"2871;""SR-RJ"";""DEL5/1"";""UOP01/RJ""",
"182468;402997;2019-01-02;""quarta-feira"";""08:45:00"";""CE"";116;358","7;""ICO"";""Não"";""Desobediência às normas de trânsito pelo condutor"";1;""Colisão lateral"";""Com Vítimas Feridas"";""Pleno dia"";""Crescente"";""Céu Claro"";""Simples"";""Reta"";""Não"";325331;""Automóvel"";""I/FORD FOCUS HC FLEX"";2010;""Passageiro"";""Ileso"";29;""Masculino"";1;0;0;0;-6",317;-38,"732;""SR-CE"";""DEL16/5"";""UOP02/CE"""
"182468;402997;2019-01-02;""quarta-feira"";""08:45:00"";""CE"";116;358","7;""ICO"";""Sim"";""Defeito na Via"";1;""Colisão lateral"";""Com Vítimas Feridas"";""Pleno dia"";""Crescente"";""Céu Claro"";""Simples"";""Reta"";""Não"";325331;""Automóvel"";""I/FORD FOCUS HC FLEX"";2010;""Passageiro"";""Ileso"";29;""Masculino"";1;0;0;0;-6",317;-38,"732;""SR-CE"";""DEL16/5"";""UOP02/CE"""
"182468;402997;2019-01-02;""quarta-feira"";""08:45:00"";""CE"";116;358","7;""ICO"";""Não"";""Desobediência às normas de trânsito pelo condutor"";2;""Saída de leito carroçável"";""Com Vítimas Feridas"";""Pleno dia"";""Crescente"";""Céu Claro"";""Simples"";""Reta"";""Não"";325331;""Automóvel"";""I/FORD FOCUS HC FLEX"";2010;""Passageiro"";""Ileso"";29;""Masculino"";1;0;0;0;-6",317;-38,"732;""SR-CE"";""DEL16/5"";""UOP02/CE"""
"182468;402997;2019-01-02;""quarta-feira"";""08:45:00"";""CE"";116;358","7;""ICO"";""Sim"";""Defeito na Via"";2;""Saída de leito carroçável"";""Com Vítimas Feridas"";""Pleno dia"";""Crescente"";""Céu Claro"";""Simples"";""Reta"";""Não"";325331;""Automóvel"";""I/FORD FOCUS HC FLEX"";2010;""Passageiro"";""Ileso"";29;""Masculino"";1;0;0;0;-6",317;-38,"732;""SR-CE"";""DEL16/5"";""UOP02/CE"""
"182468;402997;2019-01-02;""quarta-feira"";""08:45:00"";""CE"";116;358","7;""ICO"";""Não"";""Desobediência às normas de trânsito pelo condutor"";3;""Incêndio"";""Com Vítimas Feridas"";""Pleno dia"";""Crescente"";""Céu Claro"";""Simples"";""Reta"";""Não"";325331;""Automóvel"";""I/FORD FOCUS HC FLEX"";2010;""Passageiro"";""Ileso"";29;""Masculino"";1;0;0;0;-6",317;-38,"732;""SR-CE"";""DEL16/5"";""UOP02/CE"""
"182468;402997;2019-01-02;""quarta-feira"";""08:45:00"";""CE"";116;358","7;""ICO"";""Sim"";""Defeito na Via"";3;""Incêndio"";""Com Vítimas Feridas"";""Pleno dia"";""Crescente"";""Céu Claro"";""Simples"";""Reta"";""Não"";325331;""Automóvel"";""I/FORD FOCUS HC FLEX"";2010;""Passageiro"";""Ileso"";29;""Masculino"";1;0;0;0;-6",317;-38,"732;""SR-CE"";""DEL16/5"";""UOP02/CE"""
"182468;402997;2019-01-02;""quarta-feira"";""08:45:00"";""CE"";116;358","7;""ICO"";""Não"";""Desobediência às normas de trânsito pelo condutor"";4;""Saída de leito carroçável"";""Com Vítimas Feridas"";""Pleno dia"";""Crescente"";""Céu Claro"";""Simples"";""Reta"";""Não"";325331;""Automóvel"";""I/FORD FOCUS HC FLEX"";2010;""Passageiro"";""Ileso"";29;""Masculino"";1;0;0;0;-6",317;-38,"732;""SR-CE"";""DEL16/5"";""UOP02/CE"""
"182468;402997;2019-01-02;""quarta-feira"";""08:45:00"";""CE"";116;358","7;""ICO"";""Sim"";""Defeito na Via"";4;""Saída de leito carroçável"";""Com Vítimas Feridas"";""Pleno dia"";""Crescente"";""Céu Claro"";""Simples"";""Reta"";""Não"";325331;""Automóvel"";""I/FORD FOCUS HC FLEX"";2010;""Passageiro"";""Ileso"";29;""Masculino"";1;0;0;0;-6",317;-38,"732;""SR-CE"";""DEL16/5"";""UOP02/CE"""
"182468;402997;2019-01-02;""quarta-feira"";""08:45:00"";""CE"";116;358","7;""ICO"";""Não"";""Desobediência às normas de trânsito pelo condutor"";5;""Colisão com objeto estático"";""Com Vítimas Feridas"";""Pleno dia"";""Crescente"";""Céu Claro"";""Simples"";""Reta"";""Não"";325331;""Automóvel"";""I/FORD FOCUS HC FLEX"";2010;""Passageiro"";""Ileso"";29;""Masculino"";1;0;0;0;-6",317;-38,"732;""SR-CE"";""DEL16/5"";""UOP02/CE"""
"182468;402997;2019-01-02;""quarta-feira"";""08:45:00"";""CE"";116;358","7;""ICO"";""Sim"";""Defeito na Via"";5;""Colisão com objeto estático"";""Com Vítimas Feridas"";""Pleno dia"";""Crescente"";""Céu Claro"";""Simples"";""Reta"";""Não"";325331;""Automóvel"";""I/FORD FOCUS HC FLEX"";2010;""Passageiro"";""Ileso"";29;""Masculino"";1;0;0;0;-6",317;-38,"732;""SR-CE"";""DEL16/5"";""UOP02/CE"""