"id;""pesid"";""data_inversa"";""dia_semana"";""horario"";""uf"";""br"";""km"";""municipio"";""causa_principal"";""causa_acidente"";""ordem_tipo_acidente"";""tipo_acidente"";""classificacao_acidente"";""fase_dia"";""sentido_via"";""condicao_metereologica"";""tipo_pista"";""tracado_via"";""uso_solo"";""id_veiculo"";""tipo_veiculo"";""marca"";""ano_fabricacao_veiculo"";""tipo_envolvido"";""estado_fisico"";""idade"";""sexo"";""ilesos"";""feridos_leves"";""feridos_graves"";""mortos"";""latitude"";""longitude"";""regional"";""delegacia"";""uop""",,,
"182468;402996;2019-01-02;""quarta-feira"";""08:45:00"";""CE"";116;358","7;""ICO"";""Não"";""Desobediência às normas de trânsito pelo condutor"";1;""Colisão lateral"";""Com Vítimas Feridas"";""Pleno dia"";""Crescente"";""Céu Claro"";""Simples"";""Reta"";""Não"";325331;""Automóvel"";""I/FORD FOCUS HC FLEX"";2010;""Condutor"";""Ileso"";31;""Feminino"";1;0;0;0;-6",317;-38,"732;""SR-CE"";""DEL16/5"";""UOP02/CE"""
"182468;402996;2019-01-02;""quarta-feira"";""08:45:00"";""CE"";116;358","7;""ICO"";""Sim"";""Defeito na Via"";1;""Colisão lateral"";""Com Vítimas Feridas"";""Pleno dia"";""Crescente"";""Céu Claro"";""Simples"";""Reta"";""Não"";325331;""Automóvel"";""I/FORD FOCUS HC FLEX"";2010;""Condutor"";""Ileso"";31;""Feminino"";1;0;0;0;-6",317;-38,"732;""SR-CE"";""DEL16/5"";""UOP02/CE"""
"182468;402996;2019-01-02;""quarta-feira"";""08:45:00"";""CE"";116;358","7;""ICO"";""Não"";""Desobediência às normas de trânsito pelo condutor"";2;""Saída de leito carroçável"";""Com Vítimas Feridas"";""Pleno dia"";""Crescente"";""Céu Claro"";""Simples"";""Reta"";""Não"";325331;""Automóvel"";""I/FORD FOCUS HC FLEX"";2010;""Condutor"";""Ileso"";31;""Feminino"";1;0;0;0;-6",317;-38,"732;""SR-CE"";""DEL16/5"";""UOP02/CE"""
"182468;402996;2019-01-02;""quarta-feira"";""08:45:00"";""CE"";116;358","7;""ICO"";""Sim"";""Defeito na Via"";2;""Saída de leito carroçável"";""Com Vítimas Feridas"";""Pleno dia"";""Crescente"";""Céu Claro"";""Simples"";""Reta"";""Não"";325331;""Automóvel"";""I/FORD FOCUS HC FLEX"";2010;""Condutor"";""Ileso"";31;""Feminino"";1;0;0;0;-6",317;-38,"732;""SR-CE"";""DEL16/5"";""UOP02/CE"""
"182468;402996;2019-01-02;""quarta-feira"";""08:45:00"";""CE"";116;358","7;""ICO"";""Não"";""Desobediência às normas de trânsito pelo condutor"";3;""Incêndio"";""Com Vítimas Feridas"";""Pleno dia"";""Crescente"";""Céu Claro"";""Simples"";""Reta"";""Não"";325331;""Automóvel"";""I/FORD FOCUS HC FLEX"";2010;""Condutor"";""Ileso"";31;""Feminino"";1;0;0;0;-6",317;-38,"732;""SR-CE"";""DEL16/5"";""UOP02/CE"""
"182468;402996;2019-01-02;""quarta-feira"";""08:45:00"";""CE"";116;358","7;""ICO"";""Sim"";""Defeito na Via"";3;""Incêndio"";""Com Vítimas Feridas"";""Pleno dia"";""Crescente"";""Céu Claro"";""Simples"";""Reta"";""Não"";325331;""Automóvel"";""I/FORD FOCUS HC FLEX"";2010;""Condutor"";""Ileso"";31;""Feminino"";1;0;0;0;-6",317;-38,"732;""SR-CE"";""DEL16/5"";""UOP02/CE"""
"182468;402996;2019-01-02;""quarta-feira"";""08:45:00"";""CE"";116;358","7;""ICO"";""Não"";""Desobediência às normas de trânsito pelo condutor"";4;""Saída de leito carroçável"";""Com Vítimas Feridas"";""Pleno dia"";""Crescente"";""Céu Claro"";""Simples"";""Reta"";""Não"";325331;""Automóvel"";""I/FORD FOCUS HC FLEX"";2010;""Condutor"";""Ileso"";31;""Feminino"";1;0;0;0;-6",317;-38,"732;""SR-CE"";""DEL16/5"";""UOP02/CE"""
"182468;402996;2019-01-02;""quarta-feira"";""08:45:00"";""CE"";116;358","7;""ICO"";""Sim"";""Defeito na Via"";4;""Saída de leito carroçável"";""Com Vítimas Feridas"";""Pleno dia"";""Crescente"";""Céu Claro"";""Simples"";""Reta"";""Não"";325331;""Automóvel"";""I/FORD FOCUS HC FLEX"";2010;""Condutor"";""Ileso"";31;""Feminino"";1;0;0;0;-6",317;-38,"732;""SR-CE"";""DEL16/5"";""UOP02/CE"""
"182468;402996;2019-01-02;""quarta-feira"";""08:45:00"";""CE"";116;358","7;""ICO"";""Não"";""Desobediência às normas de trânsito pelo condutor"";5;""Colisão com objeto estático"";""Com Vítimas Feridas"";""Pleno dia"";""Crescente"";""Céu Claro"";""Simples"";""Reta"";""Não"";325331;""Automóvel"";""I/FORD FOCUS HC FLEX"";2010;""Condutor"";""Ileso"";31;""Feminino"";1;0;0;0;-6",317;-38,"732;""SR-CE"";""DEL16/5"";""UOP02/CE"""
"182468;402996;2019-01-02;""quarta-feira"";""08:45:00"";""CE"";116;358","7;""ICO"";""Sim"";""Defeito na Via"";5;""Colisão com objeto estático"";""Com Vítimas Feridas"";""Pleno dia"";""Crescente"";""Céu Claro"";""Simples"";""Reta"";""Não"";325331;""Automóvel"";""I/FORD FOCUS HC FLEX"";2010;""Condutor"";""Ileso"";31;""Feminino"";1;0;0;0;-6",317;-38,"732;""SR-CE"";""DEL16/5"";""UOP02/CE"""
"182468;402990;2019-01-02;""quarta-feira"";""08:45:00"";""CE"";116;358","7;""ICO"";""Não"";""Desobediência às normas de trânsito pelo condutor"";1;""Colisão lateral"";""Com Vítimas Feridas"";""Pleno dia"";""Crescente"";""Céu Claro"";""Simples"";""Reta"";""Não"";325330;""Automóvel"";""CITROEN/C3 GLX 14 FLEX"";2010;""Passageiro"";""Ileso"";21;""Masculino"";1;0;0;0;-6",317;-38,"732;""SR-CE"";""DEL16/5"";""UOP02/CE"""
"182468;402990;2019-01-02;""quarta-feira"";""08:45:00"";""CE"";116;358","7;""ICO"";""Sim"";""Defeito na Via"";1;""Colisão lateral"";""Com Vítimas Feridas"";""Pleno dia"";""Crescente"";""Céu Claro"";""Simples"";""Reta"";""Não"";325330;""Automóvel"";""CITROEN/C3 GLX 14 FLEX"";2010;""Passageiro"";""Ileso"";21;""Masculino"";1;0;0;0;-6",317;-38,"732;""SR-CE"";""DEL16/5"";""UOP02/CE"""
"182468;402990;2019-01-02;""quarta-feira"";""08:45:00"";""CE"";116;358","7;""ICO"";""Não"";""Desobediência às normas de trânsito pelo condutor"";2;""Saída de leito carroçável"";""Com Vítimas Feridas"";""Pleno dia"";""Crescente"";""Céu Claro"";""Simples"";""Reta"";""Não"";325330;""Automóvel"";""CITROEN/C3 GLX 14 FLEX"";2010;""Passageiro"";""Ileso"";21;""Masculino"";1;0;0;0;-6",317;-38,"732;""SR-CE"";""DEL16/5"";""UOP02/CE"""
"182468;402990;2019-01-02;""quarta-feira"";""08:45:00"";""CE"";116;358","7;""ICO"";""Sim"";""Defeito na Via"";2;""Saída de leito carroçável"";""Com Vítimas Feridas"";""Pleno dia"";""Crescente"";""Céu Claro"";""Simples"";""Reta"";""Não"";325330;""Automóvel"";""CITROEN/C3 GLX 14 FLEX"";2010;""Passageiro"";""Ileso"";21;""Masculino"";1;0;0;0;-6",317;-38,"732;""SR-CE"";""DEL16/5"";""UOP02/CE"""
"182468;402990;2019-01-02;""quarta-feira"";""08:45:00"";""CE"";116;358","7;""ICO"";""Não"";""Desobediência às normas de trânsito pelo condutor"";3;""Incêndio"";""Com Vítimas Feridas"";""Pleno dia"";""Crescente"";""Céu Claro"";""Simples"";""Reta"";""Não"";325330;""Automóvel"";""CITROEN/C3 GLX 14 FLEX"";2010;""Passageiro"";""Ileso"";21;""Masculino"";1;0;0;0;-6",317;-38,"732;""SR-CE"";""DEL16/5"";""UOP02/CE"""
"182468;402990;2019-01-02;""quarta-feira"";""08:45:00"";""CE"";116;358","7;""ICO"";""Sim"";""Defeito na Via"";3;""Incêndio"";""Com Vítimas Feridas"";""Pleno dia"";""Crescente"";""Céu Claro"";""Simples"";""Reta"";""Não"";325330;""Automóvel"";""CITROEN/C3 GLX 14 FLEX"";2010;""Passageiro"";""Ileso"";21;""Masculino"";1;0;0;0;-6",317;-38,"732;""SR-CE"";""DEL16/5"";""UOP02/CE"""
"182468;402990;2019-01-02;""quarta-feira"";""08:45:00"";""CE"";116;358","7;""ICO"";""Não"";""Desobediência às normas de trânsito pelo condutor"";4;""Saída de leito carroçável"";""Com Vítimas Feridas"";""Pleno dia"";""Crescente"";""Céu Claro"";""Simples"";""Reta"";""Não"";325330;""Automóvel"";""CITROEN/C3 GLX 14 FLEX"";2010;""Passageiro"";""Ileso"";21;""Masculino"";1;0;0;0;-6",317;-38,"732;""SR-CE"";""DEL16/5"";""UOP02/CE"""
"182468;402990;2019-01-02;""quarta-feira"";""08:45:00"";""CE"";116;358","7;""ICO"";""Sim"";""Defeito na Via"";4;""Saída de leito carroçável"";""Com Vítimas Feridas"";""Pleno dia"";""Crescente"";""Céu Claro"";""Simples"";""Reta"";""Não"";325330;""Automóvel"";""CITROEN/C3 GLX 14 FLEX"";2010;""Passageiro"";""Ileso"";21;""Masculino"";1;0;0;0;-6",317;-38,"732;""SR-CE"";""DEL16/5"";""UOP02/CE"""
"182468;402990;2019-01-02;""quarta-feira"";""08:45:00"";""CE"";116;358","7;""ICO"";""Não"";""Desobediência às normas de trânsito pelo condutor"";5;""Colisão com objeto estático"";""Com Vítimas Feridas"";""Pleno dia"";""Crescente"";""Céu Claro"";""Simples"";""Reta"";""Não"";325330;""Automóvel"";""CITROEN/C3 GLX 14 FLEX"";2010;""Passageiro"";""Ileso"";21;""Masculino"";1;0;0;0;-6",317;-38,"732;""SR-CE"";""DEL16/5"";""UOP02/CE"""
"182468;402990;2019-01-02;""quarta-feira"";""08:45:00"";""CE"";116;358","7;""ICO"";""Sim"";""Defeito na Via"";5;""Colisão com objeto estático"";""Com Vítimas Feridas"";""Pleno dia"";""Crescente"";""Céu Claro"";""Simples"";""Reta"";""Não"";325330;""Automóvel"";""CITROEN/C3 GLX 14 FLEX"";2010;""Passageiro"";""Ileso"";21;""Masculino"";1;0;0;0;-6",317;-38,"732;""SR-CE"";""DEL16/5"";""UOP02/CE"""
"182468;402992;2019-01-02;""quarta-feira"";""08:45:00"";""CE"";116;358","7;""ICO"";""Não"";""Desobediência às normas de trânsito pelo condutor"";1;""Colisão lateral"";""Com Vítimas Feridas"";""Pleno dia"";""Crescente"";""Céu Claro"";""Simples"";""Reta"";""Não"";325330;""Automóvel"";""CITROEN/C3 GLX 14 FLEX"";2010;""Passageiro"";""Ileso"";22;""Feminino"";1;0;0;0;-6",317;-38,"732;""SR-CE"";""DEL16/5"";""UOP02/CE"""
"182468;402992;2019-01-02;""quarta-feira"";""08:45:00"";""CE"";116;358","7;""ICO"";""Sim"";""Defeito na Via"";1;""Colisão lateral"";""Com Vítimas Feridas"";""Pleno dia"";""Crescente"";""Céu Claro"";""Simples"";""Reta"";""Não"";325330;""Automóvel"";""CITROEN/C3 GLX 14 FLEX"";2010;""Passageiro"";""Ileso"";22;""Feminino"";1;0;0;0;-6",317;-38,"732;""SR-CE"";""DEL16/5"";""UOP02/CE"""
"182468;402992;2019-01-02;""quarta-feira"";""08:45:00"";""CE"";116;358","7;""ICO"";""Não"";""Desobediência às normas de trânsito pelo condutor"";2;""Saída de leito carroçável"";""Com Vítimas Feridas"";""Pleno dia"";""Crescente"";""Céu Claro"";""Simples"";""Reta"";""Não"";325330;""Automóvel"";""CITROEN/C3 GLX 14 FLEX"";2010;""Passageiro"";""Ileso"";22;""Feminino"";1;0;0;0;-6",317;-38,"732;""SR-CE"";""DEL16/5"";""UOP02/CE"""
"182468;402992;2019-01-02;""quarta-feira"";""08:45:00"";""CE"";116;358","7;""ICO"";""Sim"";""Defeito na Via"";2;""Saída de leito carroçável"";""Com Vítimas Feridas"";""Pleno dia"";""Crescente"";""Céu Claro"";""Simples"";""Reta"";""Não"";325330;""Automóvel"";""CITROEN/C3 GLX 14 FLEX"";2010;""Passageiro"";""Ileso"";22;""Feminino"";1;0;0;0;-6",317;-38,"732;""SR-CE"";""DEL16/5"";""UOP02/CE"""
"182468;402992;2019-01-02;""quarta-feira"";""08:45:00"";""CE"";116;358","7;""ICO"";""Não"";""Desobediência às normas de trânsito pelo condutor"";3;""Incêndio"";""Com Vítimas Feridas"";""Pleno dia"";""Crescente"";""Céu Claro"";""Simples"";""Reta"";""Não"";325330;""Automóvel"";""CITROEN/C3 GLX 14 FLEX"";2010;""Passageiro"";""Ileso"";22;""Feminino"";1;0;0;0;-6",317;-38,"732;""SR-CE"";""DEL16/5"";""UOP02/CE"""
"182468;402992;2019-01-02;""quarta-feira"";""08:45:00"";""CE"";116;358","7;""ICO"";""Sim"";""Defeito na Via"";3;""Incêndio"";""Com Vítimas Feridas"";""Pleno dia"";""Crescente"";""Céu Claro"";""Simples"";""Reta"";""Não"";325330;""Automóvel"";""CITROEN/C3 GLX 14 FLEX"";2010;""Passageiro"";""Ileso"";22;""Feminino"";1;0;0;0;-6",317;-38,"732;""SR-CE"";""DEL16/5"";""UOP02/CE"""
"182468;402992;2019-01-02;""quarta-feira"";""08:45:00"";""CE"";116;358","7;""ICO"";""Não"";""Desobediência às normas de trânsito pelo condutor"";4;""Saída de leito carroçável"";""Com Vítimas Feridas"";""Pleno dia"";""Crescente"";""Céu Claro"";""Simples"";""Reta"";""Não"";325330;""Automóvel"";""CITROEN/C3 GLX 14 FLEX"";2010;""Passageiro"";""Ileso"";22;""Feminino"";1;0;0;0;-6",317;-38,"732;""SR-CE"";""DEL16/5"";""UOP02/CE"""
"182468;402992;2019-01-02;""quarta-feira"";""08:45:00"";""CE"";116;358","7;""ICO"";""Sim"";""Defeito na Via"";4;""Saída de leito carroçável"";""Com Vítimas Feridas"";""Pleno dia"";""Crescente"";""Céu Claro"";""Simples"";""Reta"";""Não"";325330;""Automóvel"";""CITROEN/C3 GLX 14 FLEX"";2010;""Passageiro"";""Ileso"";22;""Feminino"";1;0;0;0;-6",317;-38,"732;""SR-CE"";""DEL16/5"";""UOP02/CE"""
"182468;402992;2019-01-02;""quarta-feira"";""08:45:00"";""CE"";116;358","7;""ICO"";""Não"";""Desobediência às normas de trânsito pelo condutor"";5;""Colisão com objeto estático"";""Com Vítimas Feridas"";""Pleno dia"";""Crescente"";""Céu Claro"";""Simples"";""Reta"";""Não"";325330;""Automóvel"";""CITROEN/C3 GLX 14 FLEX"";2010;""Passageiro"";""Ileso"";22;""Feminino"";1;0;0;0;-6",317;-38,"732;""SR-CE"";""DEL16/5"";""UOP02/CE"""
"182468;402992;2019-01-02;""quarta-feira"";""08:45:00"";""CE"";116;358","7;""ICO"";""Sim"";""Defeito na Via"";5;""Colisão com objeto estático"";""Com Vítimas Feridas"";""Pleno dia"";""Crescente"";""Céu Claro"";""Simples"";""Reta"";""Não"";325330;""Automóvel"";""CITROEN/C3 GLX 14 FLEX"";2010;""Passageiro"";""Ileso"";22;""Feminino"";1;0;0;0;-6",317;-38,"732;""SR-CE"";""DEL16/5"";""UOP02/CE"""
"182468;402986;2019-01-02;""quarta-feira"";""08:45:00"";""CE"";116;358","7;""ICO"";""Não"";""Desobediência às normas de trânsito pelo condutor"";1;""Colisão lateral"";""Com Vítimas Feridas"";""Pleno dia"";""Crescente"";""Céu Claro"";""Simples"";""Reta"";""Não"";325329;""Automóvel"";""TOYOTA/COROLLA XLI16VVT"";2006;""Passageiro"";""Lesões Leves"";14;""Masculino"";0;1;0;0;-6",317;-38,"732;""SR-CE"";""DEL16/5"";""UOP02/CE"""
"182468;402986;2019-01-02;""quarta-feira"";""08:45:00"";""CE"";116;358","7;""ICO"";""Sim"";""Defeito na Via"";1;""Colisão lateral"";""Com Vítimas Feridas"";""Pleno dia"";""Crescente"";""Céu Claro"";""Simples"";""Reta"";""Não"";325329;""Automóvel"";""TOYOTA/COROLLA XLI16VVT"";2006;""Passageiro"";""Lesões Leves"";14;""Masculino"";0;1;0;0;-6",317;-38,"732;""SR-CE"";""DEL16/5"";""UOP02/CE"""
"182468;402986;2019-01-02;""quarta-feira"";""08:45:00"";""CE"";116;358","7;""ICO"";""Não"";""Desobediência às normas de trânsito pelo condutor"";2;""Saída de leito carroçável"";""Com Vítimas Feridas"";""Pleno dia"";""Crescente"";""Céu Claro"";""Simples"";""Reta"";""Não"";325329;""Automóvel"";""TOYOTA/COROLLA XLI16VVT"";2006;""Passageiro"";""Lesões Leves"";14;""Masculino"";0;1;0;0;-6",317;-38,"732;""SR-CE"";""DEL16/5"";""UOP02/CE"""
"182468;402986;2019-01-02;""quarta-feira"";""08:45:00"";""CE"";116;358","7;""ICO"";""Sim"";""Defeito na Via"";2;""Saída de leito carroçável"";""Com Vítimas Feridas"";""Pleno dia"";""Crescente"";""Céu Claro"";""Simples"";""Reta"";""Não"";325329;""Automóvel"";""TOYOTA/COROLLA XLI16VVT"";2006;""Passageiro"";""Lesões Leves"";14;""Masculino"";0;1;0;0;-6",317;-38,"732;""SR-CE"";""DEL16/5"";""UOP02/CE"""
"182468;402986;2019-01-02;""quarta-feira"";""08:45:00"";""CE"";116;358","7;""ICO"";""Não"";""Desobediência às normas de trânsito pelo condutor"";3;""Incêndio"";""Com Vítimas Feridas"";""Pleno dia"";""Crescente"";""Céu Claro"";""Simples"";""Reta"";""Não"";325329;""Automóvel"";""TOYOTA/COROLLA XLI16VVT"";2006;""Passageiro"";""Lesões Leves"";14;""Masculino"";0;1;0;0;-6",317;-38,"732;""SR-CE"";""DEL16/5"";""UOP02/CE"""
"182468;402986;2019-01-02;""quarta-feira"";""08:45:00"";""CE"";116;358","7;""ICO"";""Sim"";""Defeito na Via"";3;""Incêndio"";""Com Vítimas Feridas"";""Pleno dia"";""Crescente"";""Céu Claro"";""Simples"";""Reta"";""Não"";325329;""Automóvel"";""TOYOTA/COROLLA XLI16VVT"";2006;""Passageiro"";""Lesões Leves"";14;""Masculino"";0;1;0;0;-6",317;-38,"732;""SR-CE"";""DEL16/5"";""UOP02/CE"""
"182468;402986;2019-01-02;""quarta-feira"";""08:45:00"";""CE"";116;358","7;""ICO"";""Não"";""Desobediência às normas de trânsito pelo condutor"";4;""Saída de leito carroçável"";""Com Vítimas Feridas"";""Pleno dia"";""Crescente"";""Céu Claro"";""Simples"";""Reta"";""Não"";325329;""Automóvel"";""TOYOTA/COROLLA XLI16VVT"";2006;""Passageiro"";""Lesões Leves"";14;""Masculino"";0;1;0;0;-6",317;-38,"732;""SR-CE"";""DEL16/5"";""UOP02/CE"""
"182468;402986;2019-01-02;""quarta-feira"";""08:45:00"";""CE"";116;358","7;""ICO"";""Sim"";""Defeito na Via"";4;""Saída de leito carroçável"";""Com Vítimas Feridas"";""Pleno dia"";""Crescente"";""Céu Claro"";""Simples"";""Reta"";""Não"";325329;""Automóvel"";""TOYOTA/COROLLA XLI16VVT"";2006;""Passageiro"";""Lesões Leves"";14;""Masculino"";0;1;0;0;-6",317;-38,"732;""SR-CE"";""DEL16/5"";""UOP02/CE"""
"182468;402986;2019-01-02;""quarta-feira"";""08:45:00"";""CE"";116;358","7;""ICO"";""Não"";""Desobediência às normas de trânsito pelo condutor"";5;""Colisão com objeto estático"";""Com Vítimas Feridas"";""Pleno dia"";""Crescente"";""Céu Claro"";""Simples"";""Reta"";""Não"";325329;""Automóvel"";""TOYOTA/COROLLA XLI16VVT"";2006;""Passageiro"";""Lesões Leves"";14;""Masculino"";0;1;0;0;-6",317;-38,"732;""SR-CE"";""DEL16/5"";""UOP02/CE"""
"182468;402986;2019-01-02;""quarta-feira"";""08:45:00"";""CE"";116;358","7;""ICO"";""Sim"";""Defeito na Via"";5;""Colisão com objeto estático"";""Com Vítimas Feridas"";""Pleno dia"";""Crescente"";""Céu Claro"";""Simples"";""Reta"";""Não"";325329;""Automóvel"";""TOYOTA/COROLLA XLI16VVT"";2006;""Passageiro"";""Lesões Leves"";14;""Masculino"";0;1;0;0;-6",317;-38,"732;""SR-CE"";""DEL16/5"";""UOP02/CE"""
"182468;402983;2019-01-02;""quarta-feira"";""08:45:00"";""CE"";116;358","7;""ICO"";""Não"";""Desobediência às normas de trânsito pelo condutor"";1;""Colisão lateral"";""Com Vítimas Feridas"";""Pleno dia"";""Crescente"";""Céu Claro"";""Simples"";""Reta"";""Não"";325329;""Automóvel"";""TOYOTA/COROLLA XLI16VVT"";2006;""Condutor"";""Ileso"";47;""Masculino"";1;0;0;0;-6",317;-38,"732;""SR-CE"";""DEL16/5"";""UOP02/CE"""
"182468;402983;2019-01-02;""quarta-feira"";""08:45:00"";""CE"";116;358","7;""ICO"";""Sim"";""Defeito na Via"";1;""Colisão lateral"";""Com Vítimas Feridas"";""Pleno dia"";""Crescente"";""Céu Claro"";""Simples"";""Reta"";""Não"";325329;""Automóvel"";""TOYOTA/COROLLA XLI16VVT"";2006;""Condutor"";""Ileso"";47;""Masculino"";1;0;0;0;-6",317;-38,"732;""SR-CE"";""DEL16/5"";""UOP02/CE"""
"182468;402983;2019-01-02;""quarta-feira"";""08:45:00"";""CE"";116;358","7;""ICO"";""Não"";""Desobediência às normas de trânsito pelo condutor"";2;""Saída de leito carroçável"";""Com Vítimas Feridas"";""Pleno dia"";""Crescente"";""Céu Claro"";""Simples"";""Reta"";""Não"";325329;""Automóvel"";""TOYOTA/COROLLA XLI16VVT"";2006;""Condutor"";""Ileso"";47;""Masculino"";1;0;0;0;-6",317;-38,"732;""SR-CE"";""DEL16/5"";""UOP02/CE"""
"182468;402983;2019-01-02;""quarta-feira"";""08:45:00"";""CE"";116;358","7;""ICO"";""Sim"";""Defeito na Via"";2;""Saída de leito carroçável"";""Com Vítimas Feridas"";""Pleno dia"";""Crescente"";""Céu Claro"";""Simples"";""Reta"";""Não"";325329;""Automóvel"";""TOYOTA/COROLLA XLI16VVT"";2006;""Condutor"";""Ileso"";47;""Masculino"";1;0;0;0;-6",317;-38,"732;""SR-CE"";""DEL16/5"";""UOP02/CE"""
"182468;402983;2019-01-02;""quarta-feira"";""08:45:00"";""CE"";116;358","7;""ICO"";""Não"";""Desobediência às normas de trânsito pelo condutor"";3;""Incêndio"";""Com Vítimas Feridas"";""Pleno dia"";""Crescente"";""Céu Claro"";""Simples"";""Reta"";""Não"";325329;""Automóvel"";""TOYOTA/COROLLA XLI16VVT"";2006;""Condutor"";""Ileso"";47;""Masculino"";1;0;0;0;-6",317;-38,"732;""SR-CE"";""DEL16/5"";""UOP02/CE"""
"182468;402983;2019-01-02;""quarta-feira"";""08:45:00"";""CE"";116;358","7;""ICO"";""Sim"";""Defeito na Via"";3;""Incêndio"";""Com Vítimas Feridas"";""Pleno dia"";""Crescente"";""Céu Claro"";""Simples"";""Reta"";""Não"";325329;""Automóvel"";""TOYOTA/COROLLA XLI16VVT"";2006;""Condutor"";""Ileso"";47;""Masculino"";1;0;0;0;-6",317;-38,"732;""SR-CE"";""DEL16/5"";""UOP02/CE"""
"182468;402983;2019-01-02;""quarta-feira"";""08:45:00"";""CE"";116;358","7;""ICO"";""Não"";""Desobediência às normas de trânsito pelo condutor"";4;""Saída de leito carroçável"";""Com Vítimas Feridas"";""Pleno dia"";""Crescente"";""Céu Claro"";""Simples"";""Reta"";""Não"";325329;""Automóvel"";""TOYOTA/COROLLA XLI16VVT"";2006;""Condutor"";""Ileso"";47;""Masculino"";1;0;0;0;-6",317;-38,"732;""SR-CE"";""DEL16/5"";""UOP02/CE"""
"182468;402983;2019-01-02;""quarta-feira"";""08:45:00"";""CE"";116;358","7;""ICO"";""Sim"";""Defeito na Via"";4;""Saída de leito carroçável"";""Com Vítimas Feridas"";""Pleno dia"";""Crescente"";""Céu Claro"";""Simples"";""Reta"";""Não"";325329;""Automóvel"";""TOYOTA/COROLLA XLI16VVT"";2006;""Condutor"";""Ileso"";47;""Masculino"";1;0;0;0;-6",317;-38,"732;""SR-CE"";""DEL16/5"";""UOP02/CE"""
"182468;402983;2019-01-02;""quarta-feira"";""08:45:00"";""CE"";116;358","7;""ICO"";""Não"";""Desobediência às normas de trânsito pelo condutor"";5;""Colisão com objeto estático"";""Com Vítimas Feridas"";""Pleno dia"";""Crescente"";""Céu Claro"";""Simples"";""Reta"";""Não"";325329;""Automóvel"";""TOYOTA/COROLLA XLI16VVT"";2006;""Condutor"";""Ileso"";47;""Masculino"";1;0;0;0;-6",317;-38,"732;""SR-CE"";""DEL16/5"";""UOP02/CE"""
"182468;402983;2019-01-02;""quarta-feira"";""08:45:00"";""CE"";116;358","7;""ICO"";""Sim"";""Defeito na Via"";5;""Colisão com objeto estático"";""Com Vítimas Feridas"";""Pleno dia"";""Crescente"";""Céu Claro"";""Simples"";""Reta"";""Não"";325329;""Automóvel"";""TOYOTA/COROLLA XLI16VVT"";2006;""Condutor"";""Ileso"";47;""Masculino"";1;0;0;0;-6",317;-38,"732;""SR-CE"";""DEL16/5"";""UOP02/CE"""
"182468;402993;2019-01-02;""quarta-feira"";""08:45:00"";""CE"";116;358","7;""ICO"";""Não"";""Desobediência às normas de trânsito pelo condutor"";1;""Colisão lateral"";""Com Vítimas Feridas"";""Pleno dia"";""Crescente"";""Céu Claro"";""Simples"";""Reta"";""Não"";325330;""Automóvel"";""CITROEN/C3 GLX 14 FLEX"";2010;""Passageiro"";""Ileso"";41;""Feminino"";1;0;0;0;-6",317;-38,"732;""SR-CE"";""DEL16/5"";""UOP02/CE"""
"182468;402993;2019-01-02;""quarta-feira"";""08:45:00"";""CE"";116;358","7;""ICO"";""Sim"";""Defeito na Via"";1;""Colisão lateral"";""Com Vítimas Feridas"";""Pleno dia"";""Crescente"";""Céu Claro"";""Simples"";""Reta"";""Não"";325330;""Automóvel"";""CITROEN/C3 GLX 14 FLEX"";2010;""Passageiro"";""Ileso"";41;""Feminino"";1;0;0;0;-6",317;-38,"732;""SR-CE"";""DEL16/5"";""UOP02/CE"""
"182468;402993;2019-01-02;""quarta-feira"";""08:45:00"";""CE"";116;358","7;""ICO"";""Não"";""Desobediência às normas de trânsito pelo condutor"";2;""Saída de leito carroçável"";""Com Vítimas Feridas"";""Pleno dia"";""Crescente"";""Céu Claro"";""Simples"";""Reta"";""Não"";325330;""Automóvel"";""CITROEN/C3 GLX 14 FLEX"";2010;""Passageiro"";""Ileso"";41;""Feminino"";1;0;0;0;-6",317;-38,"732;""SR-CE"";""DEL16/5"";""UOP02/CE"""
"182468;402993;2019-01-02;""quarta-feira"";""08:45:00"";""CE"";116;358","7;""ICO"";""Sim"";""Defeito na Via"";2;""Saída de leito carroçável"";""Com Vítimas Feridas"";""Pleno dia"";""Crescente"";""Céu Claro"";""Simples"";""Reta"";""Não"";325330;""Automóvel"";""CITROEN/C3 GLX 14 FLEX"";2010;""Passageiro"";""Ileso"";41;""Feminino"";1;0;0;0;-6",317;-38,"732;""SR-CE"";""DEL16/5"";""UOP02/CE"""
"182468;402993;2019-01-02;""quarta-feira"";""08:45:00"";""CE"";116;358","7;""ICO"";""Não"";""Desobediência às normas de trânsito pelo condutor"";3;""Incêndio"";""Com Vítimas Feridas"";""Pleno dia"";""Crescente"";""Céu Claro"";""Simples"";""Reta"";""Não"";325330;""Automóvel"";""CITROEN/C3 GLX 14 FLEX"";2010;""Passageiro"";""Ileso"";41;""Feminino"";1;0;0;0;-6",317;-38,"732;""SR-CE"";""DEL16/5"";""UOP02/CE"""
"182468;402993;2019-01-02;""quarta-feira"";""08:45:00"";""CE"";116;358","7;""ICO"";""Sim"";""Defeito na Via"";3;""Incêndio"";""Com Vítimas Feridas"";""Pleno dia"";""Crescente"";""Céu Claro"";""Simples"";""Reta"";""Não"";325330;""Automóvel"";""CITROEN/C3 GLX 14 FLEX"";2010;""Passageiro"";""Ileso"";41;""Feminino"";1;0;0;0;-6",317;-38,"732;""SR-CE"";""DEL16/5"";""UOP02/CE"""