"id;""pesid"";""data_inversa"";""dia_semana"";""horario"";""uf"";""br"";""km"";""municipio"";""causa_principal"";""causa_acidente"";""ordem_tipo_acidente"";""tipo_acidente"";""classificacao_acidente"";""fase_dia"";""sentido_via"";""condicao_metereologica"";""tipo_pista"";""tracado_via"";""uso_solo"";""id_veiculo"";""tipo_veiculo"";""marca"";""ano_fabricacao_veiculo"";""tipo_envolvido"";""estado_fisico"";""idade"";""sexo"";""ilesos"";""feridos_leves"";""feridos_graves"";""mortos"";""latitude"";""longitude"";""regional"";""delegacia"";""uop""",,,
"182468;402993;2019-01-02;""quarta-feira"";""08:45:00"";""CE"";116;358","7;""ICO"";""Não"";""Desobediência às normas de trânsito pelo condutor"";4;""Saída de leito carroçável"";""Com Vítimas Feridas"";""Pleno dia"";""Crescente"";""Céu Claro"";""Simples"";""Reta"";""Não"";325330;""Automóvel"";""CITROEN/C3 GLX 14 FLEX"";2010;""Passageiro"";""Ileso"";41;""Feminino"";1;0;0;0;-6",317;-38,"732;""SR-CE"";""DEL16/5"";""UOP02/CE"""
"182468;402993;2019-01-02;""quarta-feira"";""08:45:00"";""CE"";116;358","7;""ICO"";""Sim"";""Defeito na Via"";4;""Saída de leito carroçável"";""Com Vítimas Feridas"";""Pleno dia"";""Crescente"";""Céu Claro"";""Simples"";""Reta"";""Não"";325330;""Automóvel"";""CITROEN/C3 GLX 14 FLEX"";2010;""Passageiro"";""Ileso"";41;""Feminino"";1;0;0;0;-6",317;-38,"732;""SR-CE"";""DEL16/5"";""UOP02/CE"""
"182468;402993;2019-01-02;""quarta-feira"";""08:45:00"";""CE"";116;358","7;""ICO"";""Não"";""Desobediência às normas de trânsito pelo condutor"";5;""Colisão com objeto estático"";""Com Vítimas Feridas"";""Pleno dia"";""Crescente"";""Céu Claro"";""Simples"";""Reta"";""Não"";325330;""Automóvel"";""CITROEN/C3 GLX 14 FLEX"";2010;""Passageiro"";""Ileso"";41;""Feminino"";1;0;0;0;-6",317;-38,"732;""SR-CE"";""DEL16/5"";""UOP02/CE"""
"182468;402993;2019-01-02;""quarta-feira"";""08:45:00"";""CE"";116;358","7;""ICO"";""Sim"";""Defeito na Via"";5;""Colisão com objeto estático"";""Com Vítimas Feridas"";""Pleno dia"";""Crescente"";""Céu Claro"";""Simples"";""Reta"";""Não"";325330;""Automóvel"";""CITROEN/C3 GLX 14 FLEX"";2010;""Passageiro"";""Ileso"";41;""Feminino"";1;0;0;0;-6",317;-38,"732;""SR-CE"";""DEL16/5"";""UOP02/CE"""
"182468;402989;2019-01-02;""quarta-feira"";""08:45:00"";""CE"";116;358","7;""ICO"";""Não"";""Desobediência às normas de trânsito pelo condutor"";1;""Colisão lateral"";""Com Vítimas Feridas"";""Pleno dia"";""Crescente"";""Céu Claro"";""Simples"";""Reta"";""Não"";325330;""Automóvel"";""CITROEN/C3 GLX 14 FLEX"";2010;""Condutor"";""Ileso"";48;""Masculino"";1;0;0;0;-6",317;-38,"732;""SR-CE"";""DEL16/5"";""UOP02/CE"""
"182468;402989;2019-01-02;""quarta-feira"";""08:45:00"";""CE"";116;358","7;""ICO"";""Sim"";""Defeito na Via"";1;""Colisão lateral"";""Com Vítimas Feridas"";""Pleno dia"";""Crescente"";""Céu Claro"";""Simples"";""Reta"";""Não"";325330;""Automóvel"";""CITROEN/C3 GLX 14 FLEX"";2010;""Condutor"";""Ileso"";48;""Masculino"";1;0;0;0;-6",317;-38,"732;""SR-CE"";""DEL16/5"";""UOP02/CE"""
"182468;402989;2019-01-02;""quarta-feira"";""08:45:00"";""CE"";116;358","7;""ICO"";""Não"";""Desobediência às normas de trânsito pelo condutor"";2;""Saída de leito carroçável"";""Com Vítimas Feridas"";""Pleno dia"";""Crescente"";""Céu Claro"";""Simples"";""Reta"";""Não"";325330;""Automóvel"";""CITROEN/C3 GLX 14 FLEX"";2010;""Condutor"";""Ileso"";48;""Masculino"";1;0;0;0;-6",317;-38,"732;""SR-CE"";""DEL16/5"";""UOP02/CE"""
"182468;402989;2019-01-02;""quarta-feira"";""08:45:00"";""CE"";116;358","7;""ICO"";""Sim"";""Defeito na Via"";2;""Saída de leito carroçável"";""Com Vítimas Feridas"";""Pleno dia"";""Crescente"";""Céu Claro"";""Simples"";""Reta"";""Não"";325330;""Automóvel"";""CITROEN/C3 GLX 14 FLEX"";2010;""Condutor"";""Ileso"";48;""Masculino"";1;0;0;0;-6",317;-38,"732;""SR-CE"";""DEL16/5"";""UOP02/CE"""
"182468;402989;2019-01-02;""quarta-feira"";""08:45:00"";""CE"";116;358","7;""ICO"";""Não"";""Desobediência às normas de trânsito pelo condutor"";3;""Incêndio"";""Com Vítimas Feridas"";""Pleno dia"";""Crescente"";""Céu Claro"";""Simples"";""Reta"";""Não"";325330;""Automóvel"";""CITROEN/C3 GLX 14 FLEX"";2010;""Condutor"";""Ileso"";48;""Masculino"";1;0;0;0;-6",317;-38,"732;""SR-CE"";""DEL16/5"";""UOP02/CE"""
"182468;402989;2019-01-02;""quarta-feira"";""08:45:00"";""CE"";116;358","7;""ICO"";""Sim"";""Defeito na Via"";3;""Incêndio"";""Com Vítimas Feridas"";""Pleno dia"";""Crescente"";""Céu Claro"";""Simples"";""Reta"";""Não"";325330;""Automóvel"";""CITROEN/C3 GLX 14 FLEX"";2010;""Condutor"";""Ileso"";48;""Masculino"";1;0;0;0;-6",317;-38,"732;""SR-CE"";""DEL16/5"";""UOP02/CE"""
"182468;402989;2019-01-02;""quarta-feira"";""08:45:00"";""CE"";116;358","7;""ICO"";""Não"";""Desobediência às normas de trânsito pelo condutor"";4;""Saída de leito carroçável"";""Com Vítimas Feridas"";""Pleno dia"";""Crescente"";""Céu Claro"";""Simples"";""Reta"";""Não"";325330;""Automóvel"";""CITROEN/C3 GLX 14 FLEX"";2010;""Condutor"";""Ileso"";48;""Masculino"";1;0;0;0;-6",317;-38,"732;""SR-CE"";""DEL16/5"";""UOP02/CE"""
"182468;402989;2019-01-02;""quarta-feira"";""08:45:00"";""CE"";116;358","7;""ICO"";""Sim"";""Defeito na Via"";4;""Saída de leito carroçável"";""Com Vítimas Feridas"";""Pleno dia"";""Crescente"";""Céu Claro"";""Simples"";""Reta"";""Não"";325330;""Automóvel"";""CITROEN/C3 GLX 14 FLEX"";2010;""Condutor"";""Ileso"";48;""Masculino"";1;0;0;0;-6",317;-38,"732;""SR-CE"";""DEL16/5"";""UOP02/CE"""
"182468;402989;2019-01-02;""quarta-feira"";""08:45:00"";""CE"";116;358","7;""ICO"";""Não"";""Desobediência às normas de trânsito pelo condutor"";5;""Colisão com objeto estático"";""Com Vítimas Feridas"";""Pleno dia"";""Crescente"";""Céu Claro"";""Simples"";""Reta"";""Não"";325330;""Automóvel"";""CITROEN/C3 GLX 14 FLEX"";2010;""Condutor"";""Ileso"";48;""Masculino"";1;0;0;0;-6",317;-38,"732;""SR-CE"";""DEL16/5"";""UOP02/CE"""
"182468;402989;2019-01-02;""quarta-feira"";""08:45:00"";""CE"";116;358","7;""ICO"";""Sim"";""Defeito na Via"";5;""Colisão com objeto estático"";""Com Vítimas Feridas"";""Pleno dia"";""Crescente"";""Céu Claro"";""Simples"";""Reta"";""Não"";325330;""Automóvel"";""CITROEN/C3 GLX 14 FLEX"";2010;""Condutor"";""Ileso"";48;""Masculino"";1;0;0;0;-6",317;-38,"732;""SR-CE"";""DEL16/5"";""UOP02/CE"""
"182468;402984;2019-01-02;""quarta-feira"";""08:45:00"";""CE"";116;358","7;""ICO"";""Não"";""Desobediência às normas de trânsito pelo condutor"";1;""Colisão lateral"";""Com Vítimas Feridas"";""Pleno dia"";""Crescente"";""Céu Claro"";""Simples"";""Reta"";""Não"";325329;""Automóvel"";""TOYOTA/COROLLA XLI16VVT"";2006;""Passageiro"";""Ileso"";45;""Feminino"";1;0;0;0;-6",317;-38,"732;""SR-CE"";""DEL16/5"";""UOP02/CE"""
"182468;402984;2019-01-02;""quarta-feira"";""08:45:00"";""CE"";116;358","7;""ICO"";""Sim"";""Defeito na Via"";1;""Colisão lateral"";""Com Vítimas Feridas"";""Pleno dia"";""Crescente"";""Céu Claro"";""Simples"";""Reta"";""Não"";325329;""Automóvel"";""TOYOTA/COROLLA XLI16VVT"";2006;""Passageiro"";""Ileso"";45;""Feminino"";1;0;0;0;-6",317;-38,"732;""SR-CE"";""DEL16/5"";""UOP02/CE"""
"182468;402984;2019-01-02;""quarta-feira"";""08:45:00"";""CE"";116;358","7;""ICO"";""Não"";""Desobediência às normas de trânsito pelo condutor"";2;""Saída de leito carroçável"";""Com Vítimas Feridas"";""Pleno dia"";""Crescente"";""Céu Claro"";""Simples"";""Reta"";""Não"";325329;""Automóvel"";""TOYOTA/COROLLA XLI16VVT"";2006;""Passageiro"";""Ileso"";45;""Feminino"";1;0;0;0;-6",317;-38,"732;""SR-CE"";""DEL16/5"";""UOP02/CE"""
"182468;402984;2019-01-02;""quarta-feira"";""08:45:00"";""CE"";116;358","7;""ICO"";""Sim"";""Defeito na Via"";2;""Saída de leito carroçável"";""Com Vítimas Feridas"";""Pleno dia"";""Crescente"";""Céu Claro"";""Simples"";""Reta"";""Não"";325329;""Automóvel"";""TOYOTA/COROLLA XLI16VVT"";2006;""Passageiro"";""Ileso"";45;""Feminino"";1;0;0;0;-6",317;-38,"732;""SR-CE"";""DEL16/5"";""UOP02/CE"""
"182468;402984;2019-01-02;""quarta-feira"";""08:45:00"";""CE"";116;358","7;""ICO"";""Não"";""Desobediência às normas de trânsito pelo condutor"";3;""Incêndio"";""Com Vítimas Feridas"";""Pleno dia"";""Crescente"";""Céu Claro"";""Simples"";""Reta"";""Não"";325329;""Automóvel"";""TOYOTA/COROLLA XLI16VVT"";2006;""Passageiro"";""Ileso"";45;""Feminino"";1;0;0;0;-6",317;-38,"732;""SR-CE"";""DEL16/5"";""UOP02/CE"""
"182468;402984;2019-01-02;""quarta-feira"";""08:45:00"";""CE"";116;358","7;""ICO"";""Sim"";""Defeito na Via"";3;""Incêndio"";""Com Vítimas Feridas"";""Pleno dia"";""Crescente"";""Céu Claro"";""Simples"";""Reta"";""Não"";325329;""Automóvel"";""TOYOTA/COROLLA XLI16VVT"";2006;""Passageiro"";""Ileso"";45;""Feminino"";1;0;0;0;-6",317;-38,"732;""SR-CE"";""DEL16/5"";""UOP02/CE"""
"182468;402984;2019-01-02;""quarta-feira"";""08:45:00"";""CE"";116;358","7;""ICO"";""Não"";""Desobediência às normas de trânsito pelo condutor"";4;""Saída de leito carroçável"";""Com Vítimas Feridas"";""Pleno dia"";""Crescente"";""Céu Claro"";""Simples"";""Reta"";""Não"";325329;""Automóvel"";""TOYOTA/COROLLA XLI16VVT"";2006;""Passageiro"";""Ileso"";45;""Feminino"";1;0;0;0;-6",317;-38,"732;""SR-CE"";""DEL16/5"";""UOP02/CE"""
"182468;402984;2019-01-02;""quarta-feira"";""08:45:00"";""CE"";116;358","7;""ICO"";""Sim"";""Defeito na Via"";4;""Saída de leito carroçável"";""Com Vítimas Feridas"";""Pleno dia"";""Crescente"";""Céu Claro"";""Simples"";""Reta"";""Não"";325329;""Automóvel"";""TOYOTA/COROLLA XLI16VVT"";2006;""Passageiro"";""Ileso"";45;""Feminino"";1;0;0;0;-6",317;-38,"732;""SR-CE"";""DEL16/5"";""UOP02/CE"""
"182468;402984;2019-01-02;""quarta-feira"";""08:45:00"";""CE"";116;358","7;""ICO"";""Não"";""Desobediência às normas de trânsito pelo condutor"";5;""Colisão com objeto estático"";""Com Vítimas Feridas"";""Pleno dia"";""Crescente"";""Céu Claro"";""Simples"";""Reta"";""Não"";325329;""Automóvel"";""TOYOTA/COROLLA XLI16VVT"";2006;""Passageiro"";""Ileso"";45;""Feminino"";1;0;0;0;-6",317;-38,"732;""SR-CE"";""DEL16/5"";""UOP02/CE"""
"182468;402984;2019-01-02;""quarta-feira"";""08:45:00"";""CE"";116;358","7;""ICO"";""Sim"";""Defeito na Via"";5;""Colisão com objeto estático"";""Com Vítimas Feridas"";""Pleno dia"";""Crescente"";""Céu Claro"";""Simples"";""Reta"";""Não"";325329;""Automóvel"";""TOYOTA/COROLLA XLI16VVT"";2006;""Passageiro"";""Ileso"";45;""Feminino"";1;0;0;0;-6",317;-38,"732;""SR-CE"";""DEL16/5"";""UOP02/CE"""
"182471;403069;2019-01-02;""quarta-feira"";""08:45:00"";""PI"";343;15;""PARNAIBA"";""Sim"";""Falta de Atenção à Condução"";1;""Atropelamento de Pedestre"";""Com Vítimas Feridas"";""Pleno dia"";""Crescente"";""Sol"";""Dupla"";""Reta"";""Sim"";325501;""Bicicleta"";"""";NA;""Condutor"";""Lesões Leves"";70;""Masculino"";0;1;0;0;-2",93659;-41,"754936;""SR-PI"";""DEL17/5"";""UOP01/PI""",
"182471;403068;2019-01-02;""quarta-feira"";""08:45:00"";""PI"";343;15;""PARNAIBA"";""Sim"";""Falta de Atenção à Condução"";1;""Atropelamento de Pedestre"";""Com Vítimas Feridas"";""Pleno dia"";""Crescente"";""Sol"";""Dupla"";""Reta"";""Sim"";325500;""Motocicleta"";"""";NA;""Condutor"";""Ileso"";NA;""Feminino"";1;0;0;0;-2",93659;-41,"754936;""SR-PI"";""DEL17/5"";""UOP01/PI""",
"182472;405394;2019-01-02;""quarta-feira"";""08:25:00"";""CE"";116;162;""RUSSAS"";""Sim"";""Falta de Atenção à Condução"";1;""Colisão lateral"";""Sem Vítimas"";""Pleno dia"";""Decrescente"";""Céu Claro"";""Simples"";""Reta"";""Sim"";325283;""Automóvel"";""CHEV/PRISMA 10MT JOYE"";2016;""Condutor"";""Ileso"";51;""Masculino"";1;0;0;0;-4",929619;-37,"989922;""SR-CE"";""DEL16/3"";""UOP01/CE""",
"182472;405393;2019-01-02;""quarta-feira"";""08:25:00"";""CE"";116;162;""RUSSAS"";""Sim"";""Falta de Atenção à Condução"";1;""Colisão lateral"";""Sem Vítimas"";""Pleno dia"";""Decrescente"";""Céu Claro"";""Simples"";""Reta"";""Sim"";325282;""Caminhão-trator"";""VOLVO/FH 400 4X2T"";2006;""Condutor"";""Ileso"";43;""Masculino"";1;0;0;0;-4",929619;-37,"989922;""SR-CE"";""DEL16/3"";""UOP01/CE""",
"182473;402747;2019-01-01;""terça-feira"";""07:30:00"";""MG"";50;171","9;""UBERABA"";""Sim"";""Condutor Dormindo"";1;""Colisão com objeto estático"";""Sem Vítimas"";""Pleno dia"";""Crescente"";""Céu Claro"";""Dupla"";""Reta"";""Não"";325284;""Automóvel"";""GM/CELTA 2P LIFE"";2008;""Condutor"";""Ileso"";25;""Masculino"";1;0;0;0;-19",7539;-47,"9807;""SR-MG"";""DEL13"";""UOP01/MG"""
"182473;402747;2019-01-01;""terça-feira"";""07:30:00"";""MG"";50;171","9;""UBERABA"";""Não"";""Ingestão de Álcool"";1;""Colisão com objeto estático"";""Sem Vítimas"";""Pleno dia"";""Crescente"";""Céu Claro"";""Dupla"";""Reta"";""Não"";325284;""Automóvel"";""GM/CELTA 2P LIFE"";2008;""Condutor"";""Ileso"";25;""Masculino"";1;0;0;0;-19",7539;-47,"9807;""SR-MG"";""DEL13"";""UOP01/MG"""
"182474;403249;2019-01-02;""quarta-feira"";""09:15:00"";""TO"";230;138","4;""ARAGUATINS"";""Sim"";""Condutor Dormindo"";3;""Tombamento"";""Com Vítimas Feridas"";""Pleno dia"";""Crescente"";""Céu Claro"";""Simples"";""Reta"";""Não"";325453;""Caminhonete"";""I/FORD RANGER XLS CD4 32"";2014;""Passageiro"";""Ileso"";7;""Feminino"";1;0;0;0;-5",733399;-48,"097221;""SR-TO"";""UOP05/TO"";"""""
"182474;403249;2019-01-02;""quarta-feira"";""09:15:00"";""TO"";230;138","4;""ARAGUATINS"";""Sim"";""Condutor Dormindo"";2;""Saída de leito carroçável"";""Com Vítimas Feridas"";""Pleno dia"";""Crescente"";""Céu Claro"";""Simples"";""Reta"";""Não"";325453;""Caminhonete"";""I/FORD RANGER XLS CD4 32"";2014;""Passageiro"";""Ileso"";7;""Feminino"";1;0;0;0;-5",733399;-48,"097221;""SR-TO"";""UOP05/TO"";"""""
"182474;403249;2019-01-02;""quarta-feira"";""09:15:00"";""TO"";230;138","4;""ARAGUATINS"";""Sim"";""Condutor Dormindo"";1;""Colisão frontal"";""Com Vítimas Feridas"";""Pleno dia"";""Crescente"";""Céu Claro"";""Simples"";""Reta"";""Não"";325453;""Caminhonete"";""I/FORD RANGER XLS CD4 32"";2014;""Passageiro"";""Ileso"";7;""Feminino"";1;0;0;0;-5",733399;-48,"097221;""SR-TO"";""UOP05/TO"";"""""
"182474;403248;2019-01-02;""quarta-feira"";""09:15:00"";""TO"";230;138","4;""ARAGUATINS"";""Sim"";""Condutor Dormindo"";3;""Tombamento"";""Com Vítimas Feridas"";""Pleno dia"";""Crescente"";""Céu Claro"";""Simples"";""Reta"";""Não"";325453;""Caminhonete"";""I/FORD RANGER XLS CD4 32"";2014;""Passageiro"";""Ileso"";8;""Feminino"";1;0;0;0;-5",733399;-48,"097221;""SR-TO"";""UOP05/TO"";"""""
"182474;403248;2019-01-02;""quarta-feira"";""09:15:00"";""TO"";230;138","4;""ARAGUATINS"";""Sim"";""Condutor Dormindo"";2;""Saída de leito carroçável"";""Com Vítimas Feridas"";""Pleno dia"";""Crescente"";""Céu Claro"";""Simples"";""Reta"";""Não"";325453;""Caminhonete"";""I/FORD RANGER XLS CD4 32"";2014;""Passageiro"";""Ileso"";8;""Feminino"";1;0;0;0;-5",733399;-48,"097221;""SR-TO"";""UOP05/TO"";"""""
"182474;403248;2019-01-02;""quarta-feira"";""09:15:00"";""TO"";230;138","4;""ARAGUATINS"";""Sim"";""Condutor Dormindo"";1;""Colisão frontal"";""Com Vítimas Feridas"";""Pleno dia"";""Crescente"";""Céu Claro"";""Simples"";""Reta"";""Não"";325453;""Caminhonete"";""I/FORD RANGER XLS CD4 32"";2014;""Passageiro"";""Ileso"";8;""Feminino"";1;0;0;0;-5",733399;-48,"097221;""SR-TO"";""UOP05/TO"";"""""
"182474;403247;2019-01-02;""quarta-feira"";""09:15:00"";""TO"";230;138","4;""ARAGUATINS"";""Sim"";""Condutor Dormindo"";3;""Tombamento"";""Com Vítimas Feridas"";""Pleno dia"";""Crescente"";""Céu Claro"";""Simples"";""Reta"";""Não"";325453;""Caminhonete"";""I/FORD RANGER XLS CD4 32"";2014;""Passageiro"";""Ileso"";44;""Feminino"";1;0;0;0;-5",733399;-48,"097221;""SR-TO"";""UOP05/TO"";"""""
"182474;403247;2019-01-02;""quarta-feira"";""09:15:00"";""TO"";230;138","4;""ARAGUATINS"";""Sim"";""Condutor Dormindo"";2;""Saída de leito carroçável"";""Com Vítimas Feridas"";""Pleno dia"";""Crescente"";""Céu Claro"";""Simples"";""Reta"";""Não"";325453;""Caminhonete"";""I/FORD RANGER XLS CD4 32"";2014;""Passageiro"";""Ileso"";44;""Feminino"";1;0;0;0;-5",733399;-48,"097221;""SR-TO"";""UOP05/TO"";"""""
"182474;403247;2019-01-02;""quarta-feira"";""09:15:00"";""TO"";230;138","4;""ARAGUATINS"";""Sim"";""Condutor Dormindo"";1;""Colisão frontal"";""Com Vítimas Feridas"";""Pleno dia"";""Crescente"";""Céu Claro"";""Simples"";""Reta"";""Não"";325453;""Caminhonete"";""I/FORD RANGER XLS CD4 32"";2014;""Passageiro"";""Ileso"";44;""Feminino"";1;0;0;0;-5",733399;-48,"097221;""SR-TO"";""UOP05/TO"";"""""
"182474;403246;2019-01-02;""quarta-feira"";""09:15:00"";""TO"";230;138","4;""ARAGUATINS"";""Sim"";""Condutor Dormindo"";3;""Tombamento"";""Com Vítimas Feridas"";""Pleno dia"";""Crescente"";""Céu Claro"";""Simples"";""Reta"";""Não"";325453;""Caminhonete"";""I/FORD RANGER XLS CD4 32"";2014;""Condutor"";""Ileso"";44;""Masculino"";1;0;0;0;-5",733399;-48,"097221;""SR-TO"";""UOP05/TO"";"""""
"182474;403246;2019-01-02;""quarta-feira"";""09:15:00"";""TO"";230;138","4;""ARAGUATINS"";""Sim"";""Condutor Dormindo"";2;""Saída de leito carroçável"";""Com Vítimas Feridas"";""Pleno dia"";""Crescente"";""Céu Claro"";""Simples"";""Reta"";""Não"";325453;""Caminhonete"";""I/FORD RANGER XLS CD4 32"";2014;""Condutor"";""Ileso"";44;""Masculino"";1;0;0;0;-5",733399;-48,"097221;""SR-TO"";""UOP05/TO"";"""""
"182474;403246;2019-01-02;""quarta-feira"";""09:15:00"";""TO"";230;138","4;""ARAGUATINS"";""Sim"";""Condutor Dormindo"";1;""Colisão frontal"";""Com Vítimas Feridas"";""Pleno dia"";""Crescente"";""Céu Claro"";""Simples"";""Reta"";""Não"";325453;""Caminhonete"";""I/FORD RANGER XLS CD4 32"";2014;""Condutor"";""Ileso"";44;""Masculino"";1;0;0;0;-5",733399;-48,"097221;""SR-TO"";""UOP05/TO"";"""""
"182474;403245;2019-01-02;""quarta-feira"";""09:15:00"";""TO"";230;138","4;""ARAGUATINS"";""Sim"";""Condutor Dormindo"";3;""Tombamento"";""Com Vítimas Feridas"";""Pleno dia"";""Crescente"";""Céu Claro"";""Simples"";""Reta"";""Não"";325452;""Automóvel"";""I/CHEVROLET AGILE LTZ"";2011;""Condutor"";""Lesões Leves"";31;""Masculino"";0;1;0;0;-5",733399;-48,"097221;""SR-TO"";""UOP05/TO"";"""""
"182474;403245;2019-01-02;""quarta-feira"";""09:15:00"";""TO"";230;138","4;""ARAGUATINS"";""Sim"";""Condutor Dormindo"";2;""Saída de leito carroçável"";""Com Vítimas Feridas"";""Pleno dia"";""Crescente"";""Céu Claro"";""Simples"";""Reta"";""Não"";325452;""Automóvel"";""I/CHEVROLET AGILE LTZ"";2011;""Condutor"";""Lesões Leves"";31;""Masculino"";0;1;0;0;-5",733399;-48,"097221;""SR-TO"";""UOP05/TO"";"""""
"182474;403245;2019-01-02;""quarta-feira"";""09:15:00"";""TO"";230;138","4;""ARAGUATINS"";""Sim"";""Condutor Dormindo"";1;""Colisão frontal"";""Com Vítimas Feridas"";""Pleno dia"";""Crescente"";""Céu Claro"";""Simples"";""Reta"";""Não"";325452;""Automóvel"";""I/CHEVROLET AGILE LTZ"";2011;""Condutor"";""Lesões Leves"";31;""Masculino"";0;1;0;0;-5",733399;-48,"097221;""SR-TO"";""UOP05/TO"";"""""
"182480;403083;2019-01-02;""quarta-feira"";""07:30:00"";""PB"";230;57;""CRUZ DO ESPIRITO SANTO"";""Sim"";""Velocidade Incompatível"";1;""Colisão traseira"";""Com Vítimas Feridas"";""Pleno dia"";""Crescente"";""Sol"";""Dupla"";""Reta"";""Não"";325392;""Motocicleta"";""HONDA/CG150 START"";2015;""Condutor"";""Lesões Leves"";34;""Masculino"";0;1;0;0;-7",2028;-35,"1125;""SR-PB"";""DEL14/1"";""UOP02/PB""",
"182480;403083;2019-01-02;""quarta-feira"";""07:30:00"";""PB"";230;57;""CRUZ DO ESPIRITO SANTO"";""Não"";""Falta de Atenção à Condução"";1;""Colisão traseira"";""Com Vítimas Feridas"";""Pleno dia"";""Crescente"";""Sol"";""Dupla"";""Reta"";""Não"";325392;""Motocicleta"";""HONDA/CG150 START"";2015;""Condutor"";""Lesões Leves"";34;""Masculino"";0;1;0;0;-7",2028;-35,"1125;""SR-PB"";""DEL14/1"";""UOP02/PB""",
"182480;403081;2019-01-02;""quarta-feira"";""07:30:00"";""PB"";230;57;""CRUZ DO ESPIRITO SANTO"";""Sim"";""Velocidade Incompatível"";1;""Colisão traseira"";""Com Vítimas Feridas"";""Pleno dia"";""Crescente"";""Sol"";""Dupla"";""Reta"";""Não"";325391;""Automóvel"";""I/VW SPACEFOX"";2008;""Condutor"";""Ileso"";43;""Masculino"";1;0;0;0;-7",2028;-35,"1125;""SR-PB"";""DEL14/1"";""UOP02/PB""",
"182480;403081;2019-01-02;""quarta-feira"";""07:30:00"";""PB"";230;57;""CRUZ DO ESPIRITO SANTO"";""Não"";""Falta de Atenção à Condução"";1;""Colisão traseira"";""Com Vítimas Feridas"";""Pleno dia"";""Crescente"";""Sol"";""Dupla"";""Reta"";""Não"";325391;""Automóvel"";""I/VW SPACEFOX"";2008;""Condutor"";""Ileso"";43;""Masculino"";1;0;0;0;-7",2028;-35,"1125;""SR-PB"";""DEL14/1"";""UOP02/PB""",
"182481;402942;2019-01-02;""quarta-feira"";""10:30:00"";""MG"";40;456;""CAETANOPOLIS"";""Sim"";""Falta de Atenção à Condução"";1;""Colisão traseira"";""Sem Vítimas"";""Pleno dia"";""Decrescente"";""Céu Claro"";""Dupla"";""Reta"";""Sim"";325383;""Automóvel"";""VW/FOX 1.6 GII"";2014;""Condutor"";""Ileso"";45;""Masculino"";1;0;0;0;-19",3794;-44,"338;""SR-MG"";""DEL4/2"";""UOP01/MG""",
"182481;402918;2019-01-02;""quarta-feira"";""10:30:00"";""MG"";40;456;""CAETANOPOLIS"";""Sim"";""Falta de Atenção à Condução"";1;""Colisão traseira"";""Sem Vítimas"";""Pleno dia"";""Decrescente"";""Céu Claro"";""Dupla"";""Reta"";""Sim"";325382;""Automóvel"";""VW/GOL 1.0 GIV"";2013;""Condutor"";""Ileso"";29;""Masculino"";1;0;0;0;-19",3794;-44,"338;""SR-MG"";""DEL4/2"";""UOP01/MG""",
"182482;402995;2019-01-02;""quarta-feira"";""10:20:00"";""PR"";376;619","6;""SAO JOSE DOS PINHAIS"";""Sim"";""Falta de Atenção à Condução"";1;""Colisão traseira"";""Com Vítimas Feridas"";""Pleno dia"";""Crescente"";""Céu Claro"";""Múltipla"";""Reta"";""Sim"";325338;""Automóvel"";""GM/ASTRA GL"";2000;""Passageiro"";""Lesões Leves"";40;""Feminino"";0;1;0;0;-25",61027215;-49,"17178988;""SR-PR"";""DEL7/1"";""UOP08/PR"""
"182482;402998;2019-01-02;""quarta-feira"";""10:20:00"";""PR"";376;619","6;""SAO JOSE DOS PINHAIS"";""Sim"";""Falta de Atenção à Condução"";1;""Colisão traseira"";""Com Vítimas Feridas"";""Pleno dia"";""Crescente"";""Céu Claro"";""Múltipla"";""Reta"";""Sim"";325339;""Automóvel"";""VW/GOLF 1.6 SPORTLINE"";2009;""Condutor"";""Ileso"";30;""Masculino"";1;0;0;0;-25",61027215;-49,"17178988;""SR-PR"";""DEL7/1"";""UOP08/PR"""
"182482;402994;2019-01-02;""quarta-feira"";""10:20:00"";""PR"";376;619","6;""SAO JOSE DOS PINHAIS"";""Sim"";""Falta de Atenção à Condução"";1;""Colisão traseira"";""Com Vítimas Feridas"";""Pleno dia"";""Crescente"";""Céu Claro"";""Múltipla"";""Reta"";""Sim"";325338;""Automóvel"";""GM/ASTRA GL"";2000;""Condutor"";""Ileso"";41;""Masculino"";1;0;0;0;-25",61027215;-49,"17178988;""SR-PR"";""DEL7/1"";""UOP08/PR"""
"182484;402991;2019-01-02;""quarta-feira"";""10:10:00"";""RJ"";101;503;""ANGRA DOS REIS"";""Sim"";""Falta de Atenção à Condução"";1;""Colisão transversal"";""Com Vítimas Feridas"";""Pleno dia"";""Crescente"";""Céu Claro"";""Simples"";""Reta"";""Sim"";325447;""Automóvel"";""FIAT/UNO S 1.5"";1992;""Condutor"";""Ileso"";53;""Masculino"";1;0;0;0;-22",9306898;-44,"38461006;""SR-RJ"";""DEL5/3"";""UOP02/RJ""",
"182484;403216;2019-01-02;""quarta-feira"";""10:10:00"";""RJ"";101;503;""ANGRA DOS REIS"";""Sim"";""Falta de Atenção à Condução"";1;""Colisão transversal"";""Com Vítimas Feridas"";""Pleno dia"";""Crescente"";""Céu Claro"";""Simples"";""Reta"";""Sim"";325448;""Motocicleta"";""JTA/SUZUKI EN125 YES"";2008;""Condutor"";""Lesões Graves"";32;""Masculino"";0;0;1;0;-22",9306898;-44,"38461006;""SR-RJ"";""DEL5/3"";""UOP02/RJ""",
"182485;403136;2019-01-02;""quarta-feira"";""10:30:00"";""ES"";101;300;""CARIACICA"";""Sim"";""Falta de Atenção à Condução"";1;""Colisão lateral"";""Com Vítimas Feridas"";""Pleno dia"";""Decrescente"";""Céu Claro"";""Dupla"";""Reta"";""Sim"";325564;""Automóvel"";""FIAT/SIENA 6 MARCHAS"";1999;""Passageiro"";""Lesões Graves"";74;""Feminino"";0;0;1;0;-20",35930984;-40,"43293119;""SR-ES"";""DEL12/1"";""UOP01/ES""",