"id;""pesid"";""data_inversa"";""dia_semana"";""horario"";""uf"";""br"";""km"";""municipio"";""causa_principal"";""causa_acidente"";""ordem_tipo_acidente"";""tipo_acidente"";""classificacao_acidente"";""fase_dia"";""sentido_via"";""condicao_metereologica"";""tipo_pista"";""tracado_via"";""uso_solo"";""id_veiculo"";""tipo_veiculo"";""marca"";""ano_fabricacao_veiculo"";""tipo_envolvido"";""estado_fisico"";""idade"";""sexo"";""ilesos"";""feridos_leves"";""feridos_graves"";""mortos"";""latitude"";""longitude"";""regional"";""delegacia"";""uop""",,,
"182485;403137;2019-01-02;""quarta-feira"";""10:30:00"";""ES"";101;300;""CARIACICA"";""Sim"";""Falta de Atenção à Condução"";1;""Colisão lateral"";""Com Vítimas Feridas"";""Pleno dia"";""Decrescente"";""Céu Claro"";""Dupla"";""Reta"";""Sim"";325565;""Automóvel"";""HYUNDAI/HB20 1.6M COMF"";2014;""Condutor"";""Ileso"";38;""Masculino"";1;0;0;0;-20",35930984;-40,"43293119;""SR-ES"";""DEL12/1"";""UOP01/ES""",
"182485;403135;2019-01-02;""quarta-feira"";""10:30:00"";""ES"";101;300;""CARIACICA"";""Sim"";""Falta de Atenção à Condução"";1;""Colisão lateral"";""Com Vítimas Feridas"";""Pleno dia"";""Decrescente"";""Céu Claro"";""Dupla"";""Reta"";""Sim"";325564;""Automóvel"";""FIAT/SIENA 6 MARCHAS"";1999;""Condutor"";""Ileso"";69;""Masculino"";1;0;0;0;-20",35930984;-40,"43293119;""SR-ES"";""DEL12/1"";""UOP01/ES""",
"182486;403142;2019-01-02;""quarta-feira"";""10:45:00"";""SP"";116;311;""SAO LOURENCO DA SERRA"";""Sim"";""Condutor Dormindo"";1;""Atropelamento de Pedestre"";""Com Vítimas Feridas"";""Pleno dia"";""Crescente"";""Sol"";""Dupla"";""Reta"";""Não"";325377;""Caminhão"";""M.BENZ/915C"";2011;""Pedestre"";""Lesões Leves"";48;""Feminino"";0;1;0;0;-23",86912046;-46,"9569397;""SR-SP"";""DEL6/4"";""UOP01/SP""",
"182486;402972;2019-01-02;""quarta-feira"";""10:45:00"";""SP"";116;311;""SAO LOURENCO DA SERRA"";""Sim"";""Condutor Dormindo"";1;""Atropelamento de Pedestre"";""Com Vítimas Feridas"";""Pleno dia"";""Crescente"";""Sol"";""Dupla"";""Reta"";""Não"";325377;""Caminhão"";""M.BENZ/915C"";2011;""Condutor"";""Ileso"";39;""Masculino"";1;0;0;0;-23",86912046;-46,"9569397;""SR-SP"";""DEL6/4"";""UOP01/SP""",
"182486;403140;2019-01-02;""quarta-feira"";""10:45:00"";""SP"";116;311;""SAO LOURENCO DA SERRA"";""Sim"";""Condutor Dormindo"";1;""Atropelamento de Pedestre"";""Com Vítimas Feridas"";""Pleno dia"";""Crescente"";""Sol"";""Dupla"";""Reta"";""Não"";325377;""Caminhão"";""M.BENZ/915C"";2011;""Passageiro"";""Ileso"";26;""Masculino"";1;0;0;0;-23",86912046;-46,"9569397;""SR-SP"";""DEL6/4"";""UOP01/SP""",
"182486;403139;2019-01-02;""quarta-feira"";""10:45:00"";""SP"";116;311;""SAO LOURENCO DA SERRA"";""Sim"";""Condutor Dormindo"";1;""Atropelamento de Pedestre"";""Com Vítimas Feridas"";""Pleno dia"";""Crescente"";""Sol"";""Dupla"";""Reta"";""Não"";325377;""Caminhão"";""M.BENZ/915C"";2011;""Passageiro"";""Ileso"";34;""Masculino"";1;0;0;0;-23",86912046;-46,"9569397;""SR-SP"";""DEL6/4"";""UOP01/SP""",
"182487;403127;2019-01-02;""quarta-feira"";""08:38:00"";""SP"";116;3","7;""QUELUZ"";""Sim"";""Defeito na Via"";1;""Colisão com objeto estático"";""Com Vítimas Feridas"";""Pleno dia"";""Decrescente"";""Céu Claro"";""Dupla"";""Curva"";""Não"";325325;""Automóvel"";""FORD/KA SE 1.0 HA B"";2018;""Condutor"";""Lesões Leves"";27;""Feminino"";0;1;0;0;-22",523844;-44,"72633;""SR-SP"";""DEL6/8"";""UOP01/SP"""
"182489;402821;2019-01-01;""terça-feira"";""00:02:00"";""CE"";20;429","5;""FORTALEZA"";""Sim"";""Ingestão de Álcool"";3;""Queda de ocupante de veículo"";""Com Vítimas Feridas"";""Plena Noite"";""Decrescente"";""Nublado"";""Dupla"";""Viaduto"";""Sim"";325310;""Motocicleta"";""HONDA/CG 150 TITAN EX"";2012;""Passageiro"";""Lesões Leves"";NA;""Masculino"";0;1;0;0;-3",76999;-38,"670063;""SR-CE"";""DEL16/1"";""UOP02/CE"""
"182489;402821;2019-01-01;""terça-feira"";""00:02:00"";""CE"";20;429","5;""FORTALEZA"";""Não"";""Falta de Atenção do Pedestre"";3;""Queda de ocupante de veículo"";""Com Vítimas Feridas"";""Plena Noite"";""Decrescente"";""Nublado"";""Dupla"";""Viaduto"";""Sim"";325310;""Motocicleta"";""HONDA/CG 150 TITAN EX"";2012;""Passageiro"";""Lesões Leves"";NA;""Masculino"";0;1;0;0;-3",76999;-38,"670063;""SR-CE"";""DEL16/1"";""UOP02/CE"""
"182489;402821;2019-01-01;""terça-feira"";""00:02:00"";""CE"";20;429","5;""FORTALEZA"";""Sim"";""Ingestão de Álcool"";2;""Atropelamento de Pedestre"";""Com Vítimas Feridas"";""Plena Noite"";""Decrescente"";""Nublado"";""Dupla"";""Viaduto"";""Sim"";325310;""Motocicleta"";""HONDA/CG 150 TITAN EX"";2012;""Passageiro"";""Lesões Leves"";NA;""Masculino"";0;1;0;0;-3",76999;-38,"670063;""SR-CE"";""DEL16/1"";""UOP02/CE"""
"182489;402821;2019-01-01;""terça-feira"";""00:02:00"";""CE"";20;429","5;""FORTALEZA"";""Não"";""Falta de Atenção do Pedestre"";2;""Atropelamento de Pedestre"";""Com Vítimas Feridas"";""Plena Noite"";""Decrescente"";""Nublado"";""Dupla"";""Viaduto"";""Sim"";325310;""Motocicleta"";""HONDA/CG 150 TITAN EX"";2012;""Passageiro"";""Lesões Leves"";NA;""Masculino"";0;1;0;0;-3",76999;-38,"670063;""SR-CE"";""DEL16/1"";""UOP02/CE"""
"182489;402821;2019-01-01;""terça-feira"";""00:02:00"";""CE"";20;429","5;""FORTALEZA"";""Sim"";""Ingestão de Álcool"";1;""Colisão lateral"";""Com Vítimas Feridas"";""Plena Noite"";""Decrescente"";""Nublado"";""Dupla"";""Viaduto"";""Sim"";325310;""Motocicleta"";""HONDA/CG 150 TITAN EX"";2012;""Passageiro"";""Lesões Leves"";NA;""Masculino"";0;1;0;0;-3",76999;-38,"670063;""SR-CE"";""DEL16/1"";""UOP02/CE"""
"182489;402821;2019-01-01;""terça-feira"";""00:02:00"";""CE"";20;429","5;""FORTALEZA"";""Não"";""Falta de Atenção do Pedestre"";1;""Colisão lateral"";""Com Vítimas Feridas"";""Plena Noite"";""Decrescente"";""Nublado"";""Dupla"";""Viaduto"";""Sim"";325310;""Motocicleta"";""HONDA/CG 150 TITAN EX"";2012;""Passageiro"";""Lesões Leves"";NA;""Masculino"";0;1;0;0;-3",76999;-38,"670063;""SR-CE"";""DEL16/1"";""UOP02/CE"""
"182489;402822;2019-01-01;""terça-feira"";""00:02:00"";""CE"";20;429","5;""FORTALEZA"";""Sim"";""Ingestão de Álcool"";3;""Queda de ocupante de veículo"";""Com Vítimas Feridas"";""Plena Noite"";""Decrescente"";""Nublado"";""Dupla"";""Viaduto"";""Sim"";325310;""Motocicleta"";""HONDA/CG 150 TITAN EX"";2012;""Pedestre"";""Lesões Graves"";45;""Masculino"";0;0;1;0;-3",76999;-38,"670063;""SR-CE"";""DEL16/1"";""UOP02/CE"""
"182489;402822;2019-01-01;""terça-feira"";""00:02:00"";""CE"";20;429","5;""FORTALEZA"";""Não"";""Falta de Atenção do Pedestre"";3;""Queda de ocupante de veículo"";""Com Vítimas Feridas"";""Plena Noite"";""Decrescente"";""Nublado"";""Dupla"";""Viaduto"";""Sim"";325310;""Motocicleta"";""HONDA/CG 150 TITAN EX"";2012;""Pedestre"";""Lesões Graves"";45;""Masculino"";0;0;1;0;-3",76999;-38,"670063;""SR-CE"";""DEL16/1"";""UOP02/CE"""
"182489;402822;2019-01-01;""terça-feira"";""00:02:00"";""CE"";20;429","5;""FORTALEZA"";""Sim"";""Ingestão de Álcool"";2;""Atropelamento de Pedestre"";""Com Vítimas Feridas"";""Plena Noite"";""Decrescente"";""Nublado"";""Dupla"";""Viaduto"";""Sim"";325310;""Motocicleta"";""HONDA/CG 150 TITAN EX"";2012;""Pedestre"";""Lesões Graves"";45;""Masculino"";0;0;1;0;-3",76999;-38,"670063;""SR-CE"";""DEL16/1"";""UOP02/CE"""
"182489;402822;2019-01-01;""terça-feira"";""00:02:00"";""CE"";20;429","5;""FORTALEZA"";""Não"";""Falta de Atenção do Pedestre"";2;""Atropelamento de Pedestre"";""Com Vítimas Feridas"";""Plena Noite"";""Decrescente"";""Nublado"";""Dupla"";""Viaduto"";""Sim"";325310;""Motocicleta"";""HONDA/CG 150 TITAN EX"";2012;""Pedestre"";""Lesões Graves"";45;""Masculino"";0;0;1;0;-3",76999;-38,"670063;""SR-CE"";""DEL16/1"";""UOP02/CE"""
"182489;402822;2019-01-01;""terça-feira"";""00:02:00"";""CE"";20;429","5;""FORTALEZA"";""Sim"";""Ingestão de Álcool"";1;""Colisão lateral"";""Com Vítimas Feridas"";""Plena Noite"";""Decrescente"";""Nublado"";""Dupla"";""Viaduto"";""Sim"";325310;""Motocicleta"";""HONDA/CG 150 TITAN EX"";2012;""Pedestre"";""Lesões Graves"";45;""Masculino"";0;0;1;0;-3",76999;-38,"670063;""SR-CE"";""DEL16/1"";""UOP02/CE"""
"182489;402822;2019-01-01;""terça-feira"";""00:02:00"";""CE"";20;429","5;""FORTALEZA"";""Não"";""Falta de Atenção do Pedestre"";1;""Colisão lateral"";""Com Vítimas Feridas"";""Plena Noite"";""Decrescente"";""Nublado"";""Dupla"";""Viaduto"";""Sim"";325310;""Motocicleta"";""HONDA/CG 150 TITAN EX"";2012;""Pedestre"";""Lesões Graves"";45;""Masculino"";0;0;1;0;-3",76999;-38,"670063;""SR-CE"";""DEL16/1"";""UOP02/CE"""
"182489;402822;2019-01-01;""terça-feira"";""00:02:00"";""CE"";20;429","5;""FORTALEZA"";""Sim"";""Ingestão de Álcool"";3;""Queda de ocupante de veículo"";""Com Vítimas Feridas"";""Plena Noite"";""Decrescente"";""Nublado"";""Dupla"";""Viaduto"";""Sim"";325376;""Automóvel"";""TOYOTA/COROLLA XEI20FLEX"";2011;""Pedestre"";""Lesões Graves"";45;""Masculino"";0;0;1;0;-3",76999;-38,"670063;""SR-CE"";""DEL16/1"";""UOP02/CE"""
"182489;402822;2019-01-01;""terça-feira"";""00:02:00"";""CE"";20;429","5;""FORTALEZA"";""Não"";""Falta de Atenção do Pedestre"";3;""Queda de ocupante de veículo"";""Com Vítimas Feridas"";""Plena Noite"";""Decrescente"";""Nublado"";""Dupla"";""Viaduto"";""Sim"";325376;""Automóvel"";""TOYOTA/COROLLA XEI20FLEX"";2011;""Pedestre"";""Lesões Graves"";45;""Masculino"";0;0;1;0;-3",76999;-38,"670063;""SR-CE"";""DEL16/1"";""UOP02/CE"""
"182489;402822;2019-01-01;""terça-feira"";""00:02:00"";""CE"";20;429","5;""FORTALEZA"";""Sim"";""Ingestão de Álcool"";2;""Atropelamento de Pedestre"";""Com Vítimas Feridas"";""Plena Noite"";""Decrescente"";""Nublado"";""Dupla"";""Viaduto"";""Sim"";325376;""Automóvel"";""TOYOTA/COROLLA XEI20FLEX"";2011;""Pedestre"";""Lesões Graves"";45;""Masculino"";0;0;1;0;-3",76999;-38,"670063;""SR-CE"";""DEL16/1"";""UOP02/CE"""
"182489;402822;2019-01-01;""terça-feira"";""00:02:00"";""CE"";20;429","5;""FORTALEZA"";""Não"";""Falta de Atenção do Pedestre"";2;""Atropelamento de Pedestre"";""Com Vítimas Feridas"";""Plena Noite"";""Decrescente"";""Nublado"";""Dupla"";""Viaduto"";""Sim"";325376;""Automóvel"";""TOYOTA/COROLLA XEI20FLEX"";2011;""Pedestre"";""Lesões Graves"";45;""Masculino"";0;0;1;0;-3",76999;-38,"670063;""SR-CE"";""DEL16/1"";""UOP02/CE"""
"182489;402822;2019-01-01;""terça-feira"";""00:02:00"";""CE"";20;429","5;""FORTALEZA"";""Sim"";""Ingestão de Álcool"";1;""Colisão lateral"";""Com Vítimas Feridas"";""Plena Noite"";""Decrescente"";""Nublado"";""Dupla"";""Viaduto"";""Sim"";325376;""Automóvel"";""TOYOTA/COROLLA XEI20FLEX"";2011;""Pedestre"";""Lesões Graves"";45;""Masculino"";0;0;1;0;-3",76999;-38,"670063;""SR-CE"";""DEL16/1"";""UOP02/CE"""
"182489;402822;2019-01-01;""terça-feira"";""00:02:00"";""CE"";20;429","5;""FORTALEZA"";""Não"";""Falta de Atenção do Pedestre"";1;""Colisão lateral"";""Com Vítimas Feridas"";""Plena Noite"";""Decrescente"";""Nublado"";""Dupla"";""Viaduto"";""Sim"";325376;""Automóvel"";""TOYOTA/COROLLA XEI20FLEX"";2011;""Pedestre"";""Lesões Graves"";45;""Masculino"";0;0;1;0;-3",76999;-38,"670063;""SR-CE"";""DEL16/1"";""UOP02/CE"""
"182489;402820;2019-01-01;""terça-feira"";""00:02:00"";""CE"";20;429","5;""FORTALEZA"";""Sim"";""Ingestão de Álcool"";3;""Queda de ocupante de veículo"";""Com Vítimas Feridas"";""Plena Noite"";""Decrescente"";""Nublado"";""Dupla"";""Viaduto"";""Sim"";325310;""Motocicleta"";""HONDA/CG 150 TITAN EX"";2012;""Condutor"";""Lesões Leves"";30;""Masculino"";0;1;0;0;-3",76999;-38,"670063;""SR-CE"";""DEL16/1"";""UOP02/CE"""
"182489;402820;2019-01-01;""terça-feira"";""00:02:00"";""CE"";20;429","5;""FORTALEZA"";""Não"";""Falta de Atenção do Pedestre"";3;""Queda de ocupante de veículo"";""Com Vítimas Feridas"";""Plena Noite"";""Decrescente"";""Nublado"";""Dupla"";""Viaduto"";""Sim"";325310;""Motocicleta"";""HONDA/CG 150 TITAN EX"";2012;""Condutor"";""Lesões Leves"";30;""Masculino"";0;1;0;0;-3",76999;-38,"670063;""SR-CE"";""DEL16/1"";""UOP02/CE"""
"182489;402820;2019-01-01;""terça-feira"";""00:02:00"";""CE"";20;429","5;""FORTALEZA"";""Sim"";""Ingestão de Álcool"";2;""Atropelamento de Pedestre"";""Com Vítimas Feridas"";""Plena Noite"";""Decrescente"";""Nublado"";""Dupla"";""Viaduto"";""Sim"";325310;""Motocicleta"";""HONDA/CG 150 TITAN EX"";2012;""Condutor"";""Lesões Leves"";30;""Masculino"";0;1;0;0;-3",76999;-38,"670063;""SR-CE"";""DEL16/1"";""UOP02/CE"""
"182489;402820;2019-01-01;""terça-feira"";""00:02:00"";""CE"";20;429","5;""FORTALEZA"";""Não"";""Falta de Atenção do Pedestre"";2;""Atropelamento de Pedestre"";""Com Vítimas Feridas"";""Plena Noite"";""Decrescente"";""Nublado"";""Dupla"";""Viaduto"";""Sim"";325310;""Motocicleta"";""HONDA/CG 150 TITAN EX"";2012;""Condutor"";""Lesões Leves"";30;""Masculino"";0;1;0;0;-3",76999;-38,"670063;""SR-CE"";""DEL16/1"";""UOP02/CE"""
"182489;402820;2019-01-01;""terça-feira"";""00:02:00"";""CE"";20;429","5;""FORTALEZA"";""Sim"";""Ingestão de Álcool"";1;""Colisão lateral"";""Com Vítimas Feridas"";""Plena Noite"";""Decrescente"";""Nublado"";""Dupla"";""Viaduto"";""Sim"";325310;""Motocicleta"";""HONDA/CG 150 TITAN EX"";2012;""Condutor"";""Lesões Leves"";30;""Masculino"";0;1;0;0;-3",76999;-38,"670063;""SR-CE"";""DEL16/1"";""UOP02/CE"""
"182489;402820;2019-01-01;""terça-feira"";""00:02:00"";""CE"";20;429","5;""FORTALEZA"";""Não"";""Falta de Atenção do Pedestre"";1;""Colisão lateral"";""Com Vítimas Feridas"";""Plena Noite"";""Decrescente"";""Nublado"";""Dupla"";""Viaduto"";""Sim"";325310;""Motocicleta"";""HONDA/CG 150 TITAN EX"";2012;""Condutor"";""Lesões Leves"";30;""Masculino"";0;1;0;0;-3",76999;-38,"670063;""SR-CE"";""DEL16/1"";""UOP02/CE"""
"182489;402895;2019-01-01;""terça-feira"";""00:02:00"";""CE"";20;429","5;""FORTALEZA"";""Sim"";""Ingestão de Álcool"";3;""Queda de ocupante de veículo"";""Com Vítimas Feridas"";""Plena Noite"";""Decrescente"";""Nublado"";""Dupla"";""Viaduto"";""Sim"";325376;""Automóvel"";""TOYOTA/COROLLA XEI20FLEX"";2011;""Condutor"";""Lesões Leves"";NA;""Feminino"";0;1;0;0;-3",76999;-38,"670063;""SR-CE"";""DEL16/1"";""UOP02/CE"""
"182489;402895;2019-01-01;""terça-feira"";""00:02:00"";""CE"";20;429","5;""FORTALEZA"";""Não"";""Falta de Atenção do Pedestre"";3;""Queda de ocupante de veículo"";""Com Vítimas Feridas"";""Plena Noite"";""Decrescente"";""Nublado"";""Dupla"";""Viaduto"";""Sim"";325376;""Automóvel"";""TOYOTA/COROLLA XEI20FLEX"";2011;""Condutor"";""Lesões Leves"";NA;""Feminino"";0;1;0;0;-3",76999;-38,"670063;""SR-CE"";""DEL16/1"";""UOP02/CE"""
"182489;402895;2019-01-01;""terça-feira"";""00:02:00"";""CE"";20;429","5;""FORTALEZA"";""Sim"";""Ingestão de Álcool"";2;""Atropelamento de Pedestre"";""Com Vítimas Feridas"";""Plena Noite"";""Decrescente"";""Nublado"";""Dupla"";""Viaduto"";""Sim"";325376;""Automóvel"";""TOYOTA/COROLLA XEI20FLEX"";2011;""Condutor"";""Lesões Leves"";NA;""Feminino"";0;1;0;0;-3",76999;-38,"670063;""SR-CE"";""DEL16/1"";""UOP02/CE"""
"182489;402895;2019-01-01;""terça-feira"";""00:02:00"";""CE"";20;429","5;""FORTALEZA"";""Não"";""Falta de Atenção do Pedestre"";2;""Atropelamento de Pedestre"";""Com Vítimas Feridas"";""Plena Noite"";""Decrescente"";""Nublado"";""Dupla"";""Viaduto"";""Sim"";325376;""Automóvel"";""TOYOTA/COROLLA XEI20FLEX"";2011;""Condutor"";""Lesões Leves"";NA;""Feminino"";0;1;0;0;-3",76999;-38,"670063;""SR-CE"";""DEL16/1"";""UOP02/CE"""
"182489;402895;2019-01-01;""terça-feira"";""00:02:00"";""CE"";20;429","5;""FORTALEZA"";""Sim"";""Ingestão de Álcool"";1;""Colisão lateral"";""Com Vítimas Feridas"";""Plena Noite"";""Decrescente"";""Nublado"";""Dupla"";""Viaduto"";""Sim"";325376;""Automóvel"";""TOYOTA/COROLLA XEI20FLEX"";2011;""Condutor"";""Lesões Leves"";NA;""Feminino"";0;1;0;0;-3",76999;-38,"670063;""SR-CE"";""DEL16/1"";""UOP02/CE"""
"182489;402895;2019-01-01;""terça-feira"";""00:02:00"";""CE"";20;429","5;""FORTALEZA"";""Não"";""Falta de Atenção do Pedestre"";1;""Colisão lateral"";""Com Vítimas Feridas"";""Plena Noite"";""Decrescente"";""Nublado"";""Dupla"";""Viaduto"";""Sim"";325376;""Automóvel"";""TOYOTA/COROLLA XEI20FLEX"";2011;""Condutor"";""Lesões Leves"";NA;""Feminino"";0;1;0;0;-3",76999;-38,"670063;""SR-CE"";""DEL16/1"";""UOP02/CE"""
"182491;402858;2019-01-02;""quarta-feira"";""11:15:00"";""MG"";50;45;""ARAGUARI"";""Sim"";""Falta de Atenção à Condução"";3;""Capotamento"";""Com Vítimas Feridas"";""Pleno dia"";""Crescente"";""Nublado"";""Dupla"";""Não Informado"";""Não"";325326;""Automóvel"";""FIAT/UNO MILLE WAY ECON"";2011;""Passageiro"";""Lesões Leves"";68;""Feminino"";0;1;0;0;-18",7214;-48,"203;""SR-MG"";""DEL4/15"";""UOP02/MG""",
"182491;402858;2019-01-02;""quarta-feira"";""11:15:00"";""MG"";50;45;""ARAGUARI"";""Não"";""Velocidade Incompatível"";3;""Capotamento"";""Com Vítimas Feridas"";""Pleno dia"";""Crescente"";""Nublado"";""Dupla"";""Não Informado"";""Não"";325326;""Automóvel"";""FIAT/UNO MILLE WAY ECON"";2011;""Passageiro"";""Lesões Leves"";68;""Feminino"";0;1;0;0;-18",7214;-48,"203;""SR-MG"";""DEL4/15"";""UOP02/MG""",
"182491;402858;2019-01-02;""quarta-feira"";""11:15:00"";""MG"";50;45;""ARAGUARI"";""Sim"";""Falta de Atenção à Condução"";2;""Colisão com objeto estático"";""Com Vítimas Feridas"";""Pleno dia"";""Crescente"";""Nublado"";""Dupla"";""Não Informado"";""Não"";325326;""Automóvel"";""FIAT/UNO MILLE WAY ECON"";2011;""Passageiro"";""Lesões Leves"";68;""Feminino"";0;1;0;0;-18",7214;-48,"203;""SR-MG"";""DEL4/15"";""UOP02/MG""",
"182491;402858;2019-01-02;""quarta-feira"";""11:15:00"";""MG"";50;45;""ARAGUARI"";""Não"";""Velocidade Incompatível"";2;""Colisão com objeto estático"";""Com Vítimas Feridas"";""Pleno dia"";""Crescente"";""Nublado"";""Dupla"";""Não Informado"";""Não"";325326;""Automóvel"";""FIAT/UNO MILLE WAY ECON"";2011;""Passageiro"";""Lesões Leves"";68;""Feminino"";0;1;0;0;-18",7214;-48,"203;""SR-MG"";""DEL4/15"";""UOP02/MG""",
"182491;402858;2019-01-02;""quarta-feira"";""11:15:00"";""MG"";50;45;""ARAGUARI"";""Sim"";""Falta de Atenção à Condução"";1;""Saída de leito carroçável"";""Com Vítimas Feridas"";""Pleno dia"";""Crescente"";""Nublado"";""Dupla"";""Não Informado"";""Não"";325326;""Automóvel"";""FIAT/UNO MILLE WAY ECON"";2011;""Passageiro"";""Lesões Leves"";68;""Feminino"";0;1;0;0;-18",7214;-48,"203;""SR-MG"";""DEL4/15"";""UOP02/MG""",
"182491;402858;2019-01-02;""quarta-feira"";""11:15:00"";""MG"";50;45;""ARAGUARI"";""Não"";""Velocidade Incompatível"";1;""Saída de leito carroçável"";""Com Vítimas Feridas"";""Pleno dia"";""Crescente"";""Nublado"";""Dupla"";""Não Informado"";""Não"";325326;""Automóvel"";""FIAT/UNO MILLE WAY ECON"";2011;""Passageiro"";""Lesões Leves"";68;""Feminino"";0;1;0;0;-18",7214;-48,"203;""SR-MG"";""DEL4/15"";""UOP02/MG""",
"182491;402861;2019-01-02;""quarta-feira"";""11:15:00"";""MG"";50;45;""ARAGUARI"";""Sim"";""Falta de Atenção à Condução"";3;""Capotamento"";""Com Vítimas Feridas"";""Pleno dia"";""Crescente"";""Nublado"";""Dupla"";""Não Informado"";""Não"";325326;""Automóvel"";""FIAT/UNO MILLE WAY ECON"";2011;""Passageiro"";""Lesões Leves"";15;""Feminino"";0;1;0;0;-18",7214;-48,"203;""SR-MG"";""DEL4/15"";""UOP02/MG""",
"182491;402861;2019-01-02;""quarta-feira"";""11:15:00"";""MG"";50;45;""ARAGUARI"";""Não"";""Velocidade Incompatível"";3;""Capotamento"";""Com Vítimas Feridas"";""Pleno dia"";""Crescente"";""Nublado"";""Dupla"";""Não Informado"";""Não"";325326;""Automóvel"";""FIAT/UNO MILLE WAY ECON"";2011;""Passageiro"";""Lesões Leves"";15;""Feminino"";0;1;0;0;-18",7214;-48,"203;""SR-MG"";""DEL4/15"";""UOP02/MG""",
"182491;402861;2019-01-02;""quarta-feira"";""11:15:00"";""MG"";50;45;""ARAGUARI"";""Sim"";""Falta de Atenção à Condução"";2;""Colisão com objeto estático"";""Com Vítimas Feridas"";""Pleno dia"";""Crescente"";""Nublado"";""Dupla"";""Não Informado"";""Não"";325326;""Automóvel"";""FIAT/UNO MILLE WAY ECON"";2011;""Passageiro"";""Lesões Leves"";15;""Feminino"";0;1;0;0;-18",7214;-48,"203;""SR-MG"";""DEL4/15"";""UOP02/MG""",
"182491;402861;2019-01-02;""quarta-feira"";""11:15:00"";""MG"";50;45;""ARAGUARI"";""Não"";""Velocidade Incompatível"";2;""Colisão com objeto estático"";""Com Vítimas Feridas"";""Pleno dia"";""Crescente"";""Nublado"";""Dupla"";""Não Informado"";""Não"";325326;""Automóvel"";""FIAT/UNO MILLE WAY ECON"";2011;""Passageiro"";""Lesões Leves"";15;""Feminino"";0;1;0;0;-18",7214;-48,"203;""SR-MG"";""DEL4/15"";""UOP02/MG""",
"182491;402861;2019-01-02;""quarta-feira"";""11:15:00"";""MG"";50;45;""ARAGUARI"";""Sim"";""Falta de Atenção à Condução"";1;""Saída de leito carroçável"";""Com Vítimas Feridas"";""Pleno dia"";""Crescente"";""Nublado"";""Dupla"";""Não Informado"";""Não"";325326;""Automóvel"";""FIAT/UNO MILLE WAY ECON"";2011;""Passageiro"";""Lesões Leves"";15;""Feminino"";0;1;0;0;-18",7214;-48,"203;""SR-MG"";""DEL4/15"";""UOP02/MG""",
"182491;402861;2019-01-02;""quarta-feira"";""11:15:00"";""MG"";50;45;""ARAGUARI"";""Não"";""Velocidade Incompatível"";1;""Saída de leito carroçável"";""Com Vítimas Feridas"";""Pleno dia"";""Crescente"";""Nublado"";""Dupla"";""Não Informado"";""Não"";325326;""Automóvel"";""FIAT/UNO MILLE WAY ECON"";2011;""Passageiro"";""Lesões Leves"";15;""Feminino"";0;1;0;0;-18",7214;-48,"203;""SR-MG"";""DEL4/15"";""UOP02/MG""",
"182491;402853;2019-01-02;""quarta-feira"";""11:15:00"";""MG"";50;45;""ARAGUARI"";""Sim"";""Falta de Atenção à Condução"";3;""Capotamento"";""Com Vítimas Feridas"";""Pleno dia"";""Crescente"";""Nublado"";""Dupla"";""Não Informado"";""Não"";325326;""Automóvel"";""FIAT/UNO MILLE WAY ECON"";2011;""Condutor"";""Lesões Leves"";72;""Masculino"";0;1;0;0;-18",7214;-48,"203;""SR-MG"";""DEL4/15"";""UOP02/MG""",
"182491;402853;2019-01-02;""quarta-feira"";""11:15:00"";""MG"";50;45;""ARAGUARI"";""Não"";""Velocidade Incompatível"";3;""Capotamento"";""Com Vítimas Feridas"";""Pleno dia"";""Crescente"";""Nublado"";""Dupla"";""Não Informado"";""Não"";325326;""Automóvel"";""FIAT/UNO MILLE WAY ECON"";2011;""Condutor"";""Lesões Leves"";72;""Masculino"";0;1;0;0;-18",7214;-48,"203;""SR-MG"";""DEL4/15"";""UOP02/MG""",
"182491;402853;2019-01-02;""quarta-feira"";""11:15:00"";""MG"";50;45;""ARAGUARI"";""Sim"";""Falta de Atenção à Condução"";2;""Colisão com objeto estático"";""Com Vítimas Feridas"";""Pleno dia"";""Crescente"";""Nublado"";""Dupla"";""Não Informado"";""Não"";325326;""Automóvel"";""FIAT/UNO MILLE WAY ECON"";2011;""Condutor"";""Lesões Leves"";72;""Masculino"";0;1;0;0;-18",7214;-48,"203;""SR-MG"";""DEL4/15"";""UOP02/MG""",
"182491;402853;2019-01-02;""quarta-feira"";""11:15:00"";""MG"";50;45;""ARAGUARI"";""Não"";""Velocidade Incompatível"";2;""Colisão com objeto estático"";""Com Vítimas Feridas"";""Pleno dia"";""Crescente"";""Nublado"";""Dupla"";""Não Informado"";""Não"";325326;""Automóvel"";""FIAT/UNO MILLE WAY ECON"";2011;""Condutor"";""Lesões Leves"";72;""Masculino"";0;1;0;0;-18",7214;-48,"203;""SR-MG"";""DEL4/15"";""UOP02/MG""",
"182491;402853;2019-01-02;""quarta-feira"";""11:15:00"";""MG"";50;45;""ARAGUARI"";""Sim"";""Falta de Atenção à Condução"";1;""Saída de leito carroçável"";""Com Vítimas Feridas"";""Pleno dia"";""Crescente"";""Nublado"";""Dupla"";""Não Informado"";""Não"";325326;""Automóvel"";""FIAT/UNO MILLE WAY ECON"";2011;""Condutor"";""Lesões Leves"";72;""Masculino"";0;1;0;0;-18",7214;-48,"203;""SR-MG"";""DEL4/15"";""UOP02/MG""",