"id;""pesid"";""data_inversa"";""dia_semana"";""horario"";""uf"";""br"";""km"";""municipio"";""causa_principal"";""causa_acidente"";""ordem_tipo_acidente"";""tipo_acidente"";""classificacao_acidente"";""fase_dia"";""sentido_via"";""condicao_metereologica"";""tipo_pista"";""tracado_via"";""uso_solo"";""id_veiculo"";""tipo_veiculo"";""marca"";""ano_fabricacao_veiculo"";""tipo_envolvido"";""estado_fisico"";""idade"";""sexo"";""ilesos"";""feridos_leves"";""feridos_graves"";""mortos"";""latitude"";""longitude"";""regional"";""delegacia"";""uop""",,,
"182503;403033;2019-01-02;""quarta-feira"";""12:00:00"";""SP"";101;48","6;""UBATUBA"";""Não"";""Falta de Atenção à Condução"";1;""Colisão transversal"";""Com Vítimas Feridas"";""Pleno dia"";""Decrescente"";""Céu Claro"";""Simples"";""Reta"";""Sim"";325368;""Automóvel"";""NISSAN/KICKS SV CVT"";2017;""Passageiro"";""Ileso"";58;""Feminino"";1;0;0;0;-23",44441776;-45,"08342743;""SR-SP"";""DEL6"";""UOP03/SP"""
"182503;402888;2019-01-02;""quarta-feira"";""12:00:00"";""SP"";101;48","6;""UBATUBA"";""Sim"";""Desobediência às normas de trânsito pelo condutor"";2;""Colisão traseira"";""Com Vítimas Feridas"";""Pleno dia"";""Decrescente"";""Céu Claro"";""Simples"";""Reta"";""Sim"";325367;""Motocicleta"";""HONDA/CG150 START"";2014;""Condutor"";""Lesões Leves"";26;""Masculino"";0;1;0;0;-23",44441776;-45,"08342743;""SR-SP"";""DEL6"";""UOP03/SP"""
"182503;402888;2019-01-02;""quarta-feira"";""12:00:00"";""SP"";101;48","6;""UBATUBA"";""Não"";""Falta de Atenção à Condução"";2;""Colisão traseira"";""Com Vítimas Feridas"";""Pleno dia"";""Decrescente"";""Céu Claro"";""Simples"";""Reta"";""Sim"";325367;""Motocicleta"";""HONDA/CG150 START"";2014;""Condutor"";""Lesões Leves"";26;""Masculino"";0;1;0;0;-23",44441776;-45,"08342743;""SR-SP"";""DEL6"";""UOP03/SP"""
"182503;402888;2019-01-02;""quarta-feira"";""12:00:00"";""SP"";101;48","6;""UBATUBA"";""Sim"";""Desobediência às normas de trânsito pelo condutor"";1;""Colisão transversal"";""Com Vítimas Feridas"";""Pleno dia"";""Decrescente"";""Céu Claro"";""Simples"";""Reta"";""Sim"";325367;""Motocicleta"";""HONDA/CG150 START"";2014;""Condutor"";""Lesões Leves"";26;""Masculino"";0;1;0;0;-23",44441776;-45,"08342743;""SR-SP"";""DEL6"";""UOP03/SP"""
"182503;402888;2019-01-02;""quarta-feira"";""12:00:00"";""SP"";101;48","6;""UBATUBA"";""Não"";""Falta de Atenção à Condução"";1;""Colisão transversal"";""Com Vítimas Feridas"";""Pleno dia"";""Decrescente"";""Céu Claro"";""Simples"";""Reta"";""Sim"";325367;""Motocicleta"";""HONDA/CG150 START"";2014;""Condutor"";""Lesões Leves"";26;""Masculino"";0;1;0;0;-23",44441776;-45,"08342743;""SR-SP"";""DEL6"";""UOP03/SP"""
"182503;402890;2019-01-02;""quarta-feira"";""12:00:00"";""SP"";101;48","6;""UBATUBA"";""Sim"";""Desobediência às normas de trânsito pelo condutor"";2;""Colisão traseira"";""Com Vítimas Feridas"";""Pleno dia"";""Decrescente"";""Céu Claro"";""Simples"";""Reta"";""Sim"";325368;""Automóvel"";""NISSAN/KICKS SV CVT"";2017;""Condutor"";""Ileso"";63;""Masculino"";1;0;0;0;-23",44441776;-45,"08342743;""SR-SP"";""DEL6"";""UOP03/SP"""
"182503;402890;2019-01-02;""quarta-feira"";""12:00:00"";""SP"";101;48","6;""UBATUBA"";""Não"";""Falta de Atenção à Condução"";2;""Colisão traseira"";""Com Vítimas Feridas"";""Pleno dia"";""Decrescente"";""Céu Claro"";""Simples"";""Reta"";""Sim"";325368;""Automóvel"";""NISSAN/KICKS SV CVT"";2017;""Condutor"";""Ileso"";63;""Masculino"";1;0;0;0;-23",44441776;-45,"08342743;""SR-SP"";""DEL6"";""UOP03/SP"""
"182503;402890;2019-01-02;""quarta-feira"";""12:00:00"";""SP"";101;48","6;""UBATUBA"";""Sim"";""Desobediência às normas de trânsito pelo condutor"";1;""Colisão transversal"";""Com Vítimas Feridas"";""Pleno dia"";""Decrescente"";""Céu Claro"";""Simples"";""Reta"";""Sim"";325368;""Automóvel"";""NISSAN/KICKS SV CVT"";2017;""Condutor"";""Ileso"";63;""Masculino"";1;0;0;0;-23",44441776;-45,"08342743;""SR-SP"";""DEL6"";""UOP03/SP"""
"182503;402890;2019-01-02;""quarta-feira"";""12:00:00"";""SP"";101;48","6;""UBATUBA"";""Não"";""Falta de Atenção à Condução"";1;""Colisão transversal"";""Com Vítimas Feridas"";""Pleno dia"";""Decrescente"";""Céu Claro"";""Simples"";""Reta"";""Sim"";325368;""Automóvel"";""NISSAN/KICKS SV CVT"";2017;""Condutor"";""Ileso"";63;""Masculino"";1;0;0;0;-23",44441776;-45,"08342743;""SR-SP"";""DEL6"";""UOP03/SP"""
"182504;NA;2019-01-02;""quarta-feira"";""10:15:00"";""BA"";367;72;""PORTO SEGURO"";""Sim"";""Desobediência às normas de trânsito pelo condutor"";1;""Colisão frontal"";""Com Vítimas Feridas"";""Pleno dia"";""Crescente"";""Céu Claro"";""Simples"";""Curva"";""Não"";325588;""Semireboque"";""SR/FACCHINI SRF CT"";2007;""Não Informado"";""Não Informado"";NA;""Não Informado"";0;0;0;0;-16",387493;-39,"481358;""SR-BA"";""DEL10/9"";""UOP01/BA""",
"182504;403161;2019-01-02;""quarta-feira"";""10:15:00"";""BA"";367;72;""PORTO SEGURO"";""Sim"";""Desobediência às normas de trânsito pelo condutor"";1;""Colisão frontal"";""Com Vítimas Feridas"";""Pleno dia"";""Crescente"";""Céu Claro"";""Simples"";""Curva"";""Não"";325316;""Automóvel"";""VW/PARATI 2.0"";1999;""Condutor"";""Lesões Leves"";59;""Masculino"";0;1;0;0;-16",387493;-39,"481358;""SR-BA"";""DEL10/9"";""UOP01/BA""",
"182504;403174;2019-01-02;""quarta-feira"";""10:15:00"";""BA"";367;72;""PORTO SEGURO"";""Sim"";""Desobediência às normas de trânsito pelo condutor"";1;""Colisão frontal"";""Com Vítimas Feridas"";""Pleno dia"";""Crescente"";""Céu Claro"";""Simples"";""Curva"";""Não"";325587;""Caminhão-trator"";""M.BENZ/LS 1634"";2007;""Condutor"";""Ileso"";34;""Masculino"";1;0;0;0;-16",387493;-39,"481358;""SR-BA"";""DEL10/9"";""UOP01/BA""",
"182504;403164;2019-01-02;""quarta-feira"";""10:15:00"";""BA"";367;72;""PORTO SEGURO"";""Sim"";""Desobediência às normas de trânsito pelo condutor"";1;""Colisão frontal"";""Com Vítimas Feridas"";""Pleno dia"";""Crescente"";""Céu Claro"";""Simples"";""Curva"";""Não"";325316;""Automóvel"";""VW/PARATI 2.0"";1999;""Passageiro"";""Lesões Leves"";12;""Feminino"";0;1;0;0;-16",387493;-39,"481358;""SR-BA"";""DEL10/9"";""UOP01/BA""",
"182505;402980;2019-01-02;""quarta-feira"";""11:50:00"";""SC"";101;148;""ITAPEMA"";""Sim"";""Falta de Atenção à Condução"";1;""Colisão lateral"";""Com Vítimas Feridas"";""Pleno dia"";""Decrescente"";""Sol"";""Dupla"";""Reta"";""Não"";325454;""Automóvel"";""I/CHEV CRUZE LTZ NB AT"";2016;""Condutor"";""Ileso"";47;""Masculino"";1;0;0;0;-27",109;-48,"6126;""SR-SC"";""DEL8/4"";""UOP03/SC""",
"182505;402979;2019-01-02;""quarta-feira"";""11:50:00"";""SC"";101;148;""ITAPEMA"";""Sim"";""Falta de Atenção à Condução"";1;""Colisão lateral"";""Com Vítimas Feridas"";""Pleno dia"";""Decrescente"";""Sol"";""Dupla"";""Reta"";""Não"";325451;""Motocicleta"";""HONDA/CB 250F TWISTER"";2016;""Condutor"";""Lesões Leves"";50;""Masculino"";0;1;0;0;-27",109;-48,"6126;""SR-SC"";""DEL8/4"";""UOP03/SC""",
"182506;402878;2019-01-02;""quarta-feira"";""11:05:00"";""ES"";101;270","5;""SERRA"";""Sim"";""Falta de Atenção à Condução"";1;""Colisão lateral"";""Com Vítimas Feridas"";""Pleno dia"";""Decrescente"";""Céu Claro"";""Múltipla"";""Interseção de vias"";""Sim"";325361;""Motoneta"";""HONDA/C100 BIZ"";2000;""Condutor"";""Lesões Leves"";65;""Masculino"";0;1;0;0;-20",23007439;-40,"27263972;""SR-ES"";""DEL12/2"";""UOP01/ES"""
"182506;402876;2019-01-02;""quarta-feira"";""11:05:00"";""ES"";101;270","5;""SERRA"";""Sim"";""Falta de Atenção à Condução"";1;""Colisão lateral"";""Com Vítimas Feridas"";""Pleno dia"";""Decrescente"";""Céu Claro"";""Múltipla"";""Interseção de vias"";""Sim"";325356;""Automóvel"";""HONDA/HR-V EXL CVT"";2015;""Condutor"";""Ileso"";67;""Masculino"";1;0;0;0;-20",23007439;-40,"27263972;""SR-ES"";""DEL12/2"";""UOP01/ES"""
"182507;403153;2019-01-02;""quarta-feira"";""09:20:00"";""BA"";101;490","5;""ITAJUIPE"";""Sim"";""Falta de Atenção à Condução"";1;""Colisão traseira"";""Com Vítimas Feridas"";""Pleno dia"";""Crescente"";""Céu Claro"";""Simples"";""Interseção de vias"";""Não"";325320;""Motocicleta"";""JTA/SUZUKI EN125 YES SE"";2011;""Condutor"";""Lesões Graves"";20;""Masculino"";0;0;1;0;-14",69581758;-39,"36538696;""SR-BA"";""DEL10/5"";""UOP01/BA"""
"182507;402835;2019-01-02;""quarta-feira"";""09:20:00"";""BA"";101;490","5;""ITAJUIPE"";""Sim"";""Falta de Atenção à Condução"";1;""Colisão traseira"";""Com Vítimas Feridas"";""Pleno dia"";""Crescente"";""Céu Claro"";""Simples"";""Interseção de vias"";""Não"";325319;""Automóvel"";""VW/GOLF"";2000;""Condutor"";""Ileso"";39;""Masculino"";1;0;0;0;-14",69581758;-39,"36538696;""SR-BA"";""DEL10/5"";""UOP01/BA"""
"182510;NA;2019-01-02;""quarta-feira"";""11:47:00"";""RJ"";493;60;""DUQUE DE CAXIAS"";""Sim"";""Condutor Dormindo"";1;""Tombamento"";""Com Vítimas Feridas"";""Pleno dia"";""Crescente"";""Céu Claro"";""Dupla"";""Reta"";""Não"";325380;""Semireboque"";""SR/GUERRA AG PC"";2008;""Não Informado"";""Não Informado"";NA;""Não Informado"";0;0;0;0;-22",672079;-43,"285179;""SR-RJ"";""DEL5/1"";""UOP03/RJ""",
"182510;NA;2019-01-02;""quarta-feira"";""11:47:00"";""RJ"";493;60;""DUQUE DE CAXIAS"";""Não"";""Velocidade Incompatível"";1;""Tombamento"";""Com Vítimas Feridas"";""Pleno dia"";""Crescente"";""Céu Claro"";""Dupla"";""Reta"";""Não"";325380;""Semireboque"";""SR/GUERRA AG PC"";2008;""Não Informado"";""Não Informado"";NA;""Não Informado"";0;0;0;0;-22",672079;-43,"285179;""SR-RJ"";""DEL5/1"";""UOP03/RJ""",
"182510;NA;2019-01-02;""quarta-feira"";""11:47:00"";""RJ"";493;60;""DUQUE DE CAXIAS"";""Sim"";""Condutor Dormindo"";1;""Tombamento"";""Com Vítimas Feridas"";""Pleno dia"";""Crescente"";""Céu Claro"";""Dupla"";""Reta"";""Não"";325379;""Semireboque"";""SR/GUERRA AG PC"";2008;""Não Informado"";""Não Informado"";NA;""Não Informado"";0;0;0;0;-22",672079;-43,"285179;""SR-RJ"";""DEL5/1"";""UOP03/RJ""",
"182510;NA;2019-01-02;""quarta-feira"";""11:47:00"";""RJ"";493;60;""DUQUE DE CAXIAS"";""Não"";""Velocidade Incompatível"";1;""Tombamento"";""Com Vítimas Feridas"";""Pleno dia"";""Crescente"";""Céu Claro"";""Dupla"";""Reta"";""Não"";325379;""Semireboque"";""SR/GUERRA AG PC"";2008;""Não Informado"";""Não Informado"";NA;""Não Informado"";0;0;0;0;-22",672079;-43,"285179;""SR-RJ"";""DEL5/1"";""UOP03/RJ""",
"182510;402901;2019-01-02;""quarta-feira"";""11:47:00"";""RJ"";493;60;""DUQUE DE CAXIAS"";""Sim"";""Condutor Dormindo"";1;""Tombamento"";""Com Vítimas Feridas"";""Pleno dia"";""Crescente"";""Céu Claro"";""Dupla"";""Reta"";""Não"";325378;""Caminhão-trator"";""SCANIA/T113 H 4X2 360"";1995;""Condutor"";""Lesões Leves"";39;""Masculino"";0;1;0;0;-22",672079;-43,"285179;""SR-RJ"";""DEL5/1"";""UOP03/RJ""",
"182510;402901;2019-01-02;""quarta-feira"";""11:47:00"";""RJ"";493;60;""DUQUE DE CAXIAS"";""Não"";""Velocidade Incompatível"";1;""Tombamento"";""Com Vítimas Feridas"";""Pleno dia"";""Crescente"";""Céu Claro"";""Dupla"";""Reta"";""Não"";325378;""Caminhão-trator"";""SCANIA/T113 H 4X2 360"";1995;""Condutor"";""Lesões Leves"";39;""Masculino"";0;1;0;0;-22",672079;-43,"285179;""SR-RJ"";""DEL5/1"";""UOP03/RJ""",
"182511;403093;2019-01-02;""quarta-feira"";""11:10:00"";""BA"";116;794","5;""VITORIA DA CONQUISTA"";""Sim"";""Defeito Mecânico no Veículo"";2;""Colisão frontal"";""Com Vítimas Feridas"";""Pleno dia"";""Crescente"";""Nublado"";""Simples"";""Reta"";""Não"";325355;""Automóvel"";""HONDA/FIT LX"";2005;""Passageiro"";""Lesões Leves"";39;""Feminino"";0;1;0;0;-14",72229833;-40,"62483166;""SR-BA"";""DEL10/8"";""UOP02/BA"""
"182511;403093;2019-01-02;""quarta-feira"";""11:10:00"";""BA"";116;794","5;""VITORIA DA CONQUISTA"";""Sim"";""Defeito Mecânico no Veículo"";1;""Saída de leito carroçável"";""Com Vítimas Feridas"";""Pleno dia"";""Crescente"";""Nublado"";""Simples"";""Reta"";""Não"";325355;""Automóvel"";""HONDA/FIT LX"";2005;""Passageiro"";""Lesões Leves"";39;""Feminino"";0;1;0;0;-14",72229833;-40,"62483166;""SR-BA"";""DEL10/8"";""UOP02/BA"""
"182511;403092;2019-01-02;""quarta-feira"";""11:10:00"";""BA"";116;794","5;""VITORIA DA CONQUISTA"";""Sim"";""Defeito Mecânico no Veículo"";2;""Colisão frontal"";""Com Vítimas Feridas"";""Pleno dia"";""Crescente"";""Nublado"";""Simples"";""Reta"";""Não"";325355;""Automóvel"";""HONDA/FIT LX"";2005;""Condutor"";""Ileso"";41;""Masculino"";1;0;0;0;-14",72229833;-40,"62483166;""SR-BA"";""DEL10/8"";""UOP02/BA"""
"182511;403092;2019-01-02;""quarta-feira"";""11:10:00"";""BA"";116;794","5;""VITORIA DA CONQUISTA"";""Sim"";""Defeito Mecânico no Veículo"";1;""Saída de leito carroçável"";""Com Vítimas Feridas"";""Pleno dia"";""Crescente"";""Nublado"";""Simples"";""Reta"";""Não"";325355;""Automóvel"";""HONDA/FIT LX"";2005;""Condutor"";""Ileso"";41;""Masculino"";1;0;0;0;-14",72229833;-40,"62483166;""SR-BA"";""DEL10/8"";""UOP02/BA"""
"182512;403090;2019-01-02;""quarta-feira"";""12:20:00"";""MG"";40;428","3;""PARAOPEBA"";""Sim"";""Falta de Atenção à Condução"";3;""Capotamento"";""Com Vítimas Feridas"";""Pleno dia"";""Crescente"";""Céu Claro"";""Dupla"";""Reta"";""Não"";325386;""Automóvel"";""VW/CROSSFOX"";2009;""Passageiro"";""Lesões Leves"";18;""Feminino"";0;1;0;0;-19",1888;-44,"4909;""SR-MG"";""DEL4/2"";""UOP01/MG"""
"182512;403090;2019-01-02;""quarta-feira"";""12:20:00"";""MG"";40;428","3;""PARAOPEBA"";""Sim"";""Falta de Atenção à Condução"";2;""Colisão com objeto estático"";""Com Vítimas Feridas"";""Pleno dia"";""Crescente"";""Céu Claro"";""Dupla"";""Reta"";""Não"";325386;""Automóvel"";""VW/CROSSFOX"";2009;""Passageiro"";""Lesões Leves"";18;""Feminino"";0;1;0;0;-19",1888;-44,"4909;""SR-MG"";""DEL4/2"";""UOP01/MG"""
"182512;403090;2019-01-02;""quarta-feira"";""12:20:00"";""MG"";40;428","3;""PARAOPEBA"";""Sim"";""Falta de Atenção à Condução"";1;""Saída de leito carroçável"";""Com Vítimas Feridas"";""Pleno dia"";""Crescente"";""Céu Claro"";""Dupla"";""Reta"";""Não"";325386;""Automóvel"";""VW/CROSSFOX"";2009;""Passageiro"";""Lesões Leves"";18;""Feminino"";0;1;0;0;-19",1888;-44,"4909;""SR-MG"";""DEL4/2"";""UOP01/MG"""
"182512;403088;2019-01-02;""quarta-feira"";""12:20:00"";""MG"";40;428","3;""PARAOPEBA"";""Sim"";""Falta de Atenção à Condução"";3;""Capotamento"";""Com Vítimas Feridas"";""Pleno dia"";""Crescente"";""Céu Claro"";""Dupla"";""Reta"";""Não"";325386;""Automóvel"";""VW/CROSSFOX"";2009;""Condutor"";""Lesões Leves"";55;""Feminino"";0;1;0;0;-19",1888;-44,"4909;""SR-MG"";""DEL4/2"";""UOP01/MG"""
"182512;403088;2019-01-02;""quarta-feira"";""12:20:00"";""MG"";40;428","3;""PARAOPEBA"";""Sim"";""Falta de Atenção à Condução"";2;""Colisão com objeto estático"";""Com Vítimas Feridas"";""Pleno dia"";""Crescente"";""Céu Claro"";""Dupla"";""Reta"";""Não"";325386;""Automóvel"";""VW/CROSSFOX"";2009;""Condutor"";""Lesões Leves"";55;""Feminino"";0;1;0;0;-19",1888;-44,"4909;""SR-MG"";""DEL4/2"";""UOP01/MG"""
"182512;403088;2019-01-02;""quarta-feira"";""12:20:00"";""MG"";40;428","3;""PARAOPEBA"";""Sim"";""Falta de Atenção à Condução"";1;""Saída de leito carroçável"";""Com Vítimas Feridas"";""Pleno dia"";""Crescente"";""Céu Claro"";""Dupla"";""Reta"";""Não"";325386;""Automóvel"";""VW/CROSSFOX"";2009;""Condutor"";""Lesões Leves"";55;""Feminino"";0;1;0;0;-19",1888;-44,"4909;""SR-MG"";""DEL4/2"";""UOP01/MG"""
"182513;403063;2019-01-02;""quarta-feira"";""12:40:00"";""PR"";277;191","1;""PALMEIRA"";""Sim"";""Falta de Atenção à Condução"";2;""Capotamento"";""Com Vítimas Feridas"";""Pleno dia"";""Crescente"";""Céu Claro"";""Simples"";""Reta"";""Não"";325413;""Automóvel"";""HONDA/CIVIC LXL"";2004;""Passageiro"";""Lesões Leves"";53;""Feminino"";0;1;0;0;-25",45567494;-50,"20614624;""SR-PR"";""DEL7/3"";""UOP04/PR"""
"182513;403063;2019-01-02;""quarta-feira"";""12:40:00"";""PR"";277;191","1;""PALMEIRA"";""Sim"";""Falta de Atenção à Condução"";1;""Saída de leito carroçável"";""Com Vítimas Feridas"";""Pleno dia"";""Crescente"";""Céu Claro"";""Simples"";""Reta"";""Não"";325413;""Automóvel"";""HONDA/CIVIC LXL"";2004;""Passageiro"";""Lesões Leves"";53;""Feminino"";0;1;0;0;-25",45567494;-50,"20614624;""SR-PR"";""DEL7/3"";""UOP04/PR"""
"182513;403026;2019-01-02;""quarta-feira"";""12:40:00"";""PR"";277;191","1;""PALMEIRA"";""Sim"";""Falta de Atenção à Condução"";2;""Capotamento"";""Com Vítimas Feridas"";""Pleno dia"";""Crescente"";""Céu Claro"";""Simples"";""Reta"";""Não"";325413;""Automóvel"";""HONDA/CIVIC LXL"";2004;""Condutor"";""Ileso"";64;""Masculino"";1;0;0;0;-25",45567494;-50,"20614624;""SR-PR"";""DEL7/3"";""UOP04/PR"""
"182513;403026;2019-01-02;""quarta-feira"";""12:40:00"";""PR"";277;191","1;""PALMEIRA"";""Sim"";""Falta de Atenção à Condução"";1;""Saída de leito carroçável"";""Com Vítimas Feridas"";""Pleno dia"";""Crescente"";""Céu Claro"";""Simples"";""Reta"";""Não"";325413;""Automóvel"";""HONDA/CIVIC LXL"";2004;""Condutor"";""Ileso"";64;""Masculino"";1;0;0;0;-25",45567494;-50,"20614624;""SR-PR"";""DEL7/3"";""UOP04/PR"""
"182514;403032;2019-01-02;""quarta-feira"";""11:15:00"";""ES"";101;41;""CONCEICAO DA BARRA"";""Sim"";""Avarias e/ou desgaste excessivo no pneu"";1;""Queda de ocupante de veículo"";""Com Vítimas Feridas"";""Pleno dia"";""Decrescente"";""Céu Claro"";""Simples"";""Reta"";""Não"";325466;""Motocicleta"";""HONDA/CG 150 TITAN ES"";2006;""Passageiro"";""Lesões Leves"";43;""Feminino"";0;1;0;0;-18",508413;-39,"915905;""SR-ES"";""DEL12/4"";""UOP02/ES""",
"182514;403030;2019-01-02;""quarta-feira"";""11:15:00"";""ES"";101;41;""CONCEICAO DA BARRA"";""Sim"";""Avarias e/ou desgaste excessivo no pneu"";1;""Queda de ocupante de veículo"";""Com Vítimas Feridas"";""Pleno dia"";""Decrescente"";""Céu Claro"";""Simples"";""Reta"";""Não"";325466;""Motocicleta"";""HONDA/CG 150 TITAN ES"";2006;""Condutor"";""Lesões Leves"";44;""Masculino"";0;1;0;0;-18",508413;-39,"915905;""SR-ES"";""DEL12/4"";""UOP02/ES""",
"182515;404923;2019-01-02;""quarta-feira"";""12:40:00"";""RJ"";40;113;""DUQUE DE CAXIAS"";""Sim"";""Falta de Atenção à Condução"";1;""Colisão traseira"";""Com Vítimas Feridas"";""Pleno dia"";""Decrescente"";""Céu Claro"";""Múltipla"";""Reta"";""Sim"";326690;""Automóvel"";""VW/FOX TL MCV"";2017;""Passageiro"";""Lesões Leves"";NA;""Masculino"";0;1;0;0;-22",7192;-43,"2896;""SR-RJ"";""DEL5/1"";""UOP01/RJ""",
"182515;404897;2019-01-02;""quarta-feira"";""12:40:00"";""RJ"";40;113;""DUQUE DE CAXIAS"";""Sim"";""Falta de Atenção à Condução"";1;""Colisão traseira"";""Com Vítimas Feridas"";""Pleno dia"";""Decrescente"";""Céu Claro"";""Múltipla"";""Reta"";""Sim"";326689;""Automóvel"";""CHEV/PRISMA 1.4MT LT"";2017;""Passageiro"";""Lesões Leves"";44;""Masculino"";0;1;0;0;-22",7192;-43,"2896;""SR-RJ"";""DEL5/1"";""UOP01/RJ""",
"182515;404925;2019-01-02;""quarta-feira"";""12:40:00"";""RJ"";40;113;""DUQUE DE CAXIAS"";""Sim"";""Falta de Atenção à Condução"";1;""Colisão traseira"";""Com Vítimas Feridas"";""Pleno dia"";""Decrescente"";""Céu Claro"";""Múltipla"";""Reta"";""Sim"";326690;""Automóvel"";""VW/FOX TL MCV"";2017;""Passageiro"";""Lesões Leves"";NA;""Masculino"";0;1;0;0;-22",7192;-43,"2896;""SR-RJ"";""DEL5/1"";""UOP01/RJ""",
"182515;404922;2019-01-02;""quarta-feira"";""12:40:00"";""RJ"";40;113;""DUQUE DE CAXIAS"";""Sim"";""Falta de Atenção à Condução"";1;""Colisão traseira"";""Com Vítimas Feridas"";""Pleno dia"";""Decrescente"";""Céu Claro"";""Múltipla"";""Reta"";""Sim"";326690;""Automóvel"";""VW/FOX TL MCV"";2017;""Passageiro"";""Lesões Leves"";28;""Feminino"";0;1;0;0;-22",7192;-43,"2896;""SR-RJ"";""DEL5/1"";""UOP01/RJ""",
"182515;404900;2019-01-02;""quarta-feira"";""12:40:00"";""RJ"";40;113;""DUQUE DE CAXIAS"";""Sim"";""Falta de Atenção à Condução"";1;""Colisão traseira"";""Com Vítimas Feridas"";""Pleno dia"";""Decrescente"";""Céu Claro"";""Múltipla"";""Reta"";""Sim"";326690;""Automóvel"";""VW/FOX TL MCV"";2017;""Condutor"";""Ileso"";29;""Masculino"";1;0;0;0;-22",7192;-43,"2896;""SR-RJ"";""DEL5/1"";""UOP01/RJ""",
"182515;404899;2019-01-02;""quarta-feira"";""12:40:00"";""RJ"";40;113;""DUQUE DE CAXIAS"";""Sim"";""Falta de Atenção à Condução"";1;""Colisão traseira"";""Com Vítimas Feridas"";""Pleno dia"";""Decrescente"";""Céu Claro"";""Múltipla"";""Reta"";""Sim"";326689;""Automóvel"";""CHEV/PRISMA 1.4MT LT"";2017;""Passageiro"";""Lesões Leves"";NA;""Feminino"";0;1;0;0;-22",7192;-43,"2896;""SR-RJ"";""DEL5/1"";""UOP01/RJ""",
"182515;404896;2019-01-02;""quarta-feira"";""12:40:00"";""RJ"";40;113;""DUQUE DE CAXIAS"";""Sim"";""Falta de Atenção à Condução"";1;""Colisão traseira"";""Com Vítimas Feridas"";""Pleno dia"";""Decrescente"";""Céu Claro"";""Múltipla"";""Reta"";""Sim"";326689;""Automóvel"";""CHEV/PRISMA 1.4MT LT"";2017;""Condutor"";""Ileso"";57;""Masculino"";1;0;0;0;-22",7192;-43,"2896;""SR-RJ"";""DEL5/1"";""UOP01/RJ""",
"182515;404895;2019-01-02;""quarta-feira"";""12:40:00"";""RJ"";40;113;""DUQUE DE CAXIAS"";""Sim"";""Falta de Atenção à Condução"";1;""Colisão traseira"";""Com Vítimas Feridas"";""Pleno dia"";""Decrescente"";""Céu Claro"";""Múltipla"";""Reta"";""Sim"";326688;""Automóvel"";""NISSAN/LIVINA XGEAR 18"";2014;""Condutor"";""Ileso"";59;""Feminino"";1;0;0;0;-22",7192;-43,"2896;""SR-RJ"";""DEL5/1"";""UOP01/RJ""",
"182518;403134;2019-01-02;""quarta-feira"";""10:59:00"";""RO"";319;60","9;""PORTO VELHO"";""Sim"";""Falta de Atenção à Condução"";1;""Colisão transversal"";""Com Vítimas Feridas"";""Pleno dia"";""Decrescente"";""Céu Claro"";""Dupla"";""Rotatória"";""Sim"";325562;""Motocicleta"";""HONDA/CB 300R"";2012;""Condutor"";""Lesões Leves"";43;""Feminino"";0;1;0;0;-8",73994904;-63,"88991833;""SR-RO"";""DEL21/1"";""UOP01/RO"""
"182518;403133;2019-01-02;""quarta-feira"";""10:59:00"";""RO"";319;60","9;""PORTO VELHO"";""Sim"";""Falta de Atenção à Condução"";1;""Colisão transversal"";""Com Vítimas Feridas"";""Pleno dia"";""Decrescente"";""Céu Claro"";""Dupla"";""Rotatória"";""Sim"";325561;""Automóvel"";""TOYOTA/COROLLA XLI16VVT"";2006;""Condutor"";""Ileso"";68;""Masculino"";1;0;0;0;-8",73994904;-63,"88991833;""SR-RO"";""DEL21/1"";""UOP01/RO"""
"182521;403920;2019-01-02;""quarta-feira"";""12:45:00"";""RS"";471;538;""RIO GRANDE"";""Sim"";""Falta de Atenção à Condução"";1;""Saída de leito carroçável"";""Sem Vítimas"";""Pleno dia"";""Decrescente"";""Céu Claro"";""Simples"";""Reta"";""Não"";325487;""Automóvel"";""IMP/TOYOTA"";2018;""Condutor"";""Ileso"";50;""Feminino"";1;0;0;0;-32",60991983;-52,"57188482;""SR-RS"";""DEL9/7"";""UOP02/RS""",
"182522;403177;2019-01-02;""quarta-feira"";""13:40:00"";""MG"";381;1;""BETIM"";""Sim"";""Desobediência às normas de trânsito pelo condutor"";1;""Colisão lateral"";""Sem Vítimas"";""Pleno dia"";""Crescente"";""Sol"";""Dupla"";""Reta"";""Não"";325350;""Automóvel"";""I/KIA CERATO FF SX3 ATNB"";2013;""Testemunha"";""Não Informado"";NA;""Não Informado"";0;0;0;0;-19",96825;-44,"198708;""SR-MG"";""DEL4/1"";""UOP03/MG""",
"182522;403177;2019-01-02;""quarta-feira"";""13:40:00"";""MG"";381;1;""BETIM"";""Sim"";""Desobediência às normas de trânsito pelo condutor"";1;""Colisão lateral"";""Sem Vítimas"";""Pleno dia"";""Crescente"";""Sol"";""Dupla"";""Reta"";""Não"";325351;""Automóvel"";""VW/NOVO GOL TL MCV"";2016;""Testemunha"";""Não Informado"";NA;""Não Informado"";0;0;0;0;-19",96825;-44,"198708;""SR-MG"";""DEL4/1"";""UOP03/MG""",