"id;""pesid"";""data_inversa"";""dia_semana"";""horario"";""uf"";""br"";""km"";""municipio"";""causa_principal"";""causa_acidente"";""ordem_tipo_acidente"";""tipo_acidente"";""classificacao_acidente"";""fase_dia"";""sentido_via"";""condicao_metereologica"";""tipo_pista"";""tracado_via"";""uso_solo"";""id_veiculo"";""tipo_veiculo"";""marca"";""ano_fabricacao_veiculo"";""tipo_envolvido"";""estado_fisico"";""idade"";""sexo"";""ilesos"";""feridos_leves"";""feridos_graves"";""mortos"";""latitude"";""longitude"";""regional"";""delegacia"";""uop""",,,
"182531;404319;2019-01-02;""quarta-feira"";""14:55:00"";""PR"";277;7","2;""PARANAGUA"";""Sim"";""Velocidade Incompatível"";6;""Saída de leito carroçável"";""Com Vítimas Fatais"";""Pleno dia"";""Decrescente"";""Sol"";""Dupla"";""Reta"";""Não"";325470;""Automóvel"";""CHEV/SPIN 1.8L AT LT ADV"";2018;""Passageiro"";""Lesões Leves"";54;""Feminino"";0;1;0;0;-25",56187787;-48,"5869503;""SR-PR"";""DEL7/1"";""UOP07/PR"""
"182531;404319;2019-01-02;""quarta-feira"";""14:55:00"";""PR"";277;7","2;""PARANAGUA"";""Sim"";""Velocidade Incompatível"";5;""Colisão lateral"";""Com Vítimas Fatais"";""Pleno dia"";""Decrescente"";""Sol"";""Dupla"";""Reta"";""Não"";325470;""Automóvel"";""CHEV/SPIN 1.8L AT LT ADV"";2018;""Passageiro"";""Lesões Leves"";54;""Feminino"";0;1;0;0;-25",56187787;-48,"5869503;""SR-PR"";""DEL7/1"";""UOP07/PR"""
"182531;404319;2019-01-02;""quarta-feira"";""14:55:00"";""PR"";277;7","2;""PARANAGUA"";""Sim"";""Velocidade Incompatível"";4;""Colisão frontal"";""Com Vítimas Fatais"";""Pleno dia"";""Decrescente"";""Sol"";""Dupla"";""Reta"";""Não"";325470;""Automóvel"";""CHEV/SPIN 1.8L AT LT ADV"";2018;""Passageiro"";""Lesões Leves"";54;""Feminino"";0;1;0;0;-25",56187787;-48,"5869503;""SR-PR"";""DEL7/1"";""UOP07/PR"""
"182531;404319;2019-01-02;""quarta-feira"";""14:55:00"";""PR"";277;7","2;""PARANAGUA"";""Sim"";""Velocidade Incompatível"";3;""Colisão frontal"";""Com Vítimas Fatais"";""Pleno dia"";""Decrescente"";""Sol"";""Dupla"";""Reta"";""Não"";325470;""Automóvel"";""CHEV/SPIN 1.8L AT LT ADV"";2018;""Passageiro"";""Lesões Leves"";54;""Feminino"";0;1;0;0;-25",56187787;-48,"5869503;""SR-PR"";""DEL7/1"";""UOP07/PR"""
"182531;404319;2019-01-02;""quarta-feira"";""14:55:00"";""PR"";277;7","2;""PARANAGUA"";""Sim"";""Velocidade Incompatível"";2;""Colisão frontal"";""Com Vítimas Fatais"";""Pleno dia"";""Decrescente"";""Sol"";""Dupla"";""Reta"";""Não"";325470;""Automóvel"";""CHEV/SPIN 1.8L AT LT ADV"";2018;""Passageiro"";""Lesões Leves"";54;""Feminino"";0;1;0;0;-25",56187787;-48,"5869503;""SR-PR"";""DEL7/1"";""UOP07/PR"""
"182531;404319;2019-01-02;""quarta-feira"";""14:55:00"";""PR"";277;7","2;""PARANAGUA"";""Sim"";""Velocidade Incompatível"";1;""Saída de leito carroçável"";""Com Vítimas Fatais"";""Pleno dia"";""Decrescente"";""Sol"";""Dupla"";""Reta"";""Não"";325470;""Automóvel"";""CHEV/SPIN 1.8L AT LT ADV"";2018;""Passageiro"";""Lesões Leves"";54;""Feminino"";0;1;0;0;-25",56187787;-48,"5869503;""SR-PR"";""DEL7/1"";""UOP07/PR"""
"182531;404317;2019-01-02;""quarta-feira"";""14:55:00"";""PR"";277;7","2;""PARANAGUA"";""Sim"";""Velocidade Incompatível"";7;""Saída de leito carroçável"";""Com Vítimas Fatais"";""Pleno dia"";""Decrescente"";""Sol"";""Dupla"";""Reta"";""Não"";325469;""Automóvel"";""I/CITROEN C4 PIC GLXA 5L"";2013;""Passageiro"";""Lesões Graves"";2;""Masculino"";0;0;1;0;-25",56187787;-48,"5869503;""SR-PR"";""DEL7/1"";""UOP07/PR"""
"182531;404317;2019-01-02;""quarta-feira"";""14:55:00"";""PR"";277;7","2;""PARANAGUA"";""Sim"";""Velocidade Incompatível"";6;""Saída de leito carroçável"";""Com Vítimas Fatais"";""Pleno dia"";""Decrescente"";""Sol"";""Dupla"";""Reta"";""Não"";325469;""Automóvel"";""I/CITROEN C4 PIC GLXA 5L"";2013;""Passageiro"";""Lesões Graves"";2;""Masculino"";0;0;1;0;-25",56187787;-48,"5869503;""SR-PR"";""DEL7/1"";""UOP07/PR"""
"182531;404317;2019-01-02;""quarta-feira"";""14:55:00"";""PR"";277;7","2;""PARANAGUA"";""Sim"";""Velocidade Incompatível"";5;""Colisão lateral"";""Com Vítimas Fatais"";""Pleno dia"";""Decrescente"";""Sol"";""Dupla"";""Reta"";""Não"";325469;""Automóvel"";""I/CITROEN C4 PIC GLXA 5L"";2013;""Passageiro"";""Lesões Graves"";2;""Masculino"";0;0;1;0;-25",56187787;-48,"5869503;""SR-PR"";""DEL7/1"";""UOP07/PR"""
"182531;404317;2019-01-02;""quarta-feira"";""14:55:00"";""PR"";277;7","2;""PARANAGUA"";""Sim"";""Velocidade Incompatível"";4;""Colisão frontal"";""Com Vítimas Fatais"";""Pleno dia"";""Decrescente"";""Sol"";""Dupla"";""Reta"";""Não"";325469;""Automóvel"";""I/CITROEN C4 PIC GLXA 5L"";2013;""Passageiro"";""Lesões Graves"";2;""Masculino"";0;0;1;0;-25",56187787;-48,"5869503;""SR-PR"";""DEL7/1"";""UOP07/PR"""
"182531;404317;2019-01-02;""quarta-feira"";""14:55:00"";""PR"";277;7","2;""PARANAGUA"";""Sim"";""Velocidade Incompatível"";3;""Colisão frontal"";""Com Vítimas Fatais"";""Pleno dia"";""Decrescente"";""Sol"";""Dupla"";""Reta"";""Não"";325469;""Automóvel"";""I/CITROEN C4 PIC GLXA 5L"";2013;""Passageiro"";""Lesões Graves"";2;""Masculino"";0;0;1;0;-25",56187787;-48,"5869503;""SR-PR"";""DEL7/1"";""UOP07/PR"""
"182531;404317;2019-01-02;""quarta-feira"";""14:55:00"";""PR"";277;7","2;""PARANAGUA"";""Sim"";""Velocidade Incompatível"";2;""Colisão frontal"";""Com Vítimas Fatais"";""Pleno dia"";""Decrescente"";""Sol"";""Dupla"";""Reta"";""Não"";325469;""Automóvel"";""I/CITROEN C4 PIC GLXA 5L"";2013;""Passageiro"";""Lesões Graves"";2;""Masculino"";0;0;1;0;-25",56187787;-48,"5869503;""SR-PR"";""DEL7/1"";""UOP07/PR"""
"182531;404317;2019-01-02;""quarta-feira"";""14:55:00"";""PR"";277;7","2;""PARANAGUA"";""Sim"";""Velocidade Incompatível"";1;""Saída de leito carroçável"";""Com Vítimas Fatais"";""Pleno dia"";""Decrescente"";""Sol"";""Dupla"";""Reta"";""Não"";325469;""Automóvel"";""I/CITROEN C4 PIC GLXA 5L"";2013;""Passageiro"";""Lesões Graves"";2;""Masculino"";0;0;1;0;-25",56187787;-48,"5869503;""SR-PR"";""DEL7/1"";""UOP07/PR"""
"182531;404330;2019-01-02;""quarta-feira"";""14:55:00"";""PR"";277;7","2;""PARANAGUA"";""Sim"";""Velocidade Incompatível"";7;""Saída de leito carroçável"";""Com Vítimas Fatais"";""Pleno dia"";""Decrescente"";""Sol"";""Dupla"";""Reta"";""Não"";325472;""Automóvel"";""RENAULT/SANDERO EXP 16"";2010;""Passageiro"";""Ileso"";53;""Feminino"";1;0;0;0;-25",56187787;-48,"5869503;""SR-PR"";""DEL7/1"";""UOP07/PR"""
"182531;404330;2019-01-02;""quarta-feira"";""14:55:00"";""PR"";277;7","2;""PARANAGUA"";""Sim"";""Velocidade Incompatível"";6;""Saída de leito carroçável"";""Com Vítimas Fatais"";""Pleno dia"";""Decrescente"";""Sol"";""Dupla"";""Reta"";""Não"";325472;""Automóvel"";""RENAULT/SANDERO EXP 16"";2010;""Passageiro"";""Ileso"";53;""Feminino"";1;0;0;0;-25",56187787;-48,"5869503;""SR-PR"";""DEL7/1"";""UOP07/PR"""
"182531;404330;2019-01-02;""quarta-feira"";""14:55:00"";""PR"";277;7","2;""PARANAGUA"";""Sim"";""Velocidade Incompatível"";5;""Colisão lateral"";""Com Vítimas Fatais"";""Pleno dia"";""Decrescente"";""Sol"";""Dupla"";""Reta"";""Não"";325472;""Automóvel"";""RENAULT/SANDERO EXP 16"";2010;""Passageiro"";""Ileso"";53;""Feminino"";1;0;0;0;-25",56187787;-48,"5869503;""SR-PR"";""DEL7/1"";""UOP07/PR"""
"182531;404330;2019-01-02;""quarta-feira"";""14:55:00"";""PR"";277;7","2;""PARANAGUA"";""Sim"";""Velocidade Incompatível"";4;""Colisão frontal"";""Com Vítimas Fatais"";""Pleno dia"";""Decrescente"";""Sol"";""Dupla"";""Reta"";""Não"";325472;""Automóvel"";""RENAULT/SANDERO EXP 16"";2010;""Passageiro"";""Ileso"";53;""Feminino"";1;0;0;0;-25",56187787;-48,"5869503;""SR-PR"";""DEL7/1"";""UOP07/PR"""
"182531;404330;2019-01-02;""quarta-feira"";""14:55:00"";""PR"";277;7","2;""PARANAGUA"";""Sim"";""Velocidade Incompatível"";3;""Colisão frontal"";""Com Vítimas Fatais"";""Pleno dia"";""Decrescente"";""Sol"";""Dupla"";""Reta"";""Não"";325472;""Automóvel"";""RENAULT/SANDERO EXP 16"";2010;""Passageiro"";""Ileso"";53;""Feminino"";1;0;0;0;-25",56187787;-48,"5869503;""SR-PR"";""DEL7/1"";""UOP07/PR"""
"182531;404330;2019-01-02;""quarta-feira"";""14:55:00"";""PR"";277;7","2;""PARANAGUA"";""Sim"";""Velocidade Incompatível"";2;""Colisão frontal"";""Com Vítimas Fatais"";""Pleno dia"";""Decrescente"";""Sol"";""Dupla"";""Reta"";""Não"";325472;""Automóvel"";""RENAULT/SANDERO EXP 16"";2010;""Passageiro"";""Ileso"";53;""Feminino"";1;0;0;0;-25",56187787;-48,"5869503;""SR-PR"";""DEL7/1"";""UOP07/PR"""
"182531;404330;2019-01-02;""quarta-feira"";""14:55:00"";""PR"";277;7","2;""PARANAGUA"";""Sim"";""Velocidade Incompatível"";1;""Saída de leito carroçável"";""Com Vítimas Fatais"";""Pleno dia"";""Decrescente"";""Sol"";""Dupla"";""Reta"";""Não"";325472;""Automóvel"";""RENAULT/SANDERO EXP 16"";2010;""Passageiro"";""Ileso"";53;""Feminino"";1;0;0;0;-25",56187787;-48,"5869503;""SR-PR"";""DEL7/1"";""UOP07/PR"""
"182531;404325;2019-01-02;""quarta-feira"";""14:55:00"";""PR"";277;7","2;""PARANAGUA"";""Sim"";""Velocidade Incompatível"";7;""Saída de leito carroçável"";""Com Vítimas Fatais"";""Pleno dia"";""Decrescente"";""Sol"";""Dupla"";""Reta"";""Não"";325471;""Automóvel"";""I/FIAT SIENA FIRE FLEX"";2009;""Passageiro"";""Lesões Leves"";38;""Feminino"";0;1;0;0;-25",56187787;-48,"5869503;""SR-PR"";""DEL7/1"";""UOP07/PR"""
"182531;404325;2019-01-02;""quarta-feira"";""14:55:00"";""PR"";277;7","2;""PARANAGUA"";""Sim"";""Velocidade Incompatível"";6;""Saída de leito carroçável"";""Com Vítimas Fatais"";""Pleno dia"";""Decrescente"";""Sol"";""Dupla"";""Reta"";""Não"";325471;""Automóvel"";""I/FIAT SIENA FIRE FLEX"";2009;""Passageiro"";""Lesões Leves"";38;""Feminino"";0;1;0;0;-25",56187787;-48,"5869503;""SR-PR"";""DEL7/1"";""UOP07/PR"""
"182531;404325;2019-01-02;""quarta-feira"";""14:55:00"";""PR"";277;7","2;""PARANAGUA"";""Sim"";""Velocidade Incompatível"";5;""Colisão lateral"";""Com Vítimas Fatais"";""Pleno dia"";""Decrescente"";""Sol"";""Dupla"";""Reta"";""Não"";325471;""Automóvel"";""I/FIAT SIENA FIRE FLEX"";2009;""Passageiro"";""Lesões Leves"";38;""Feminino"";0;1;0;0;-25",56187787;-48,"5869503;""SR-PR"";""DEL7/1"";""UOP07/PR"""
"182531;404325;2019-01-02;""quarta-feira"";""14:55:00"";""PR"";277;7","2;""PARANAGUA"";""Sim"";""Velocidade Incompatível"";4;""Colisão frontal"";""Com Vítimas Fatais"";""Pleno dia"";""Decrescente"";""Sol"";""Dupla"";""Reta"";""Não"";325471;""Automóvel"";""I/FIAT SIENA FIRE FLEX"";2009;""Passageiro"";""Lesões Leves"";38;""Feminino"";0;1;0;0;-25",56187787;-48,"5869503;""SR-PR"";""DEL7/1"";""UOP07/PR"""
"182531;404325;2019-01-02;""quarta-feira"";""14:55:00"";""PR"";277;7","2;""PARANAGUA"";""Sim"";""Velocidade Incompatível"";3;""Colisão frontal"";""Com Vítimas Fatais"";""Pleno dia"";""Decrescente"";""Sol"";""Dupla"";""Reta"";""Não"";325471;""Automóvel"";""I/FIAT SIENA FIRE FLEX"";2009;""Passageiro"";""Lesões Leves"";38;""Feminino"";0;1;0;0;-25",56187787;-48,"5869503;""SR-PR"";""DEL7/1"";""UOP07/PR"""
"182531;404325;2019-01-02;""quarta-feira"";""14:55:00"";""PR"";277;7","2;""PARANAGUA"";""Sim"";""Velocidade Incompatível"";2;""Colisão frontal"";""Com Vítimas Fatais"";""Pleno dia"";""Decrescente"";""Sol"";""Dupla"";""Reta"";""Não"";325471;""Automóvel"";""I/FIAT SIENA FIRE FLEX"";2009;""Passageiro"";""Lesões Leves"";38;""Feminino"";0;1;0;0;-25",56187787;-48,"5869503;""SR-PR"";""DEL7/1"";""UOP07/PR"""
"182531;404325;2019-01-02;""quarta-feira"";""14:55:00"";""PR"";277;7","2;""PARANAGUA"";""Sim"";""Velocidade Incompatível"";1;""Saída de leito carroçável"";""Com Vítimas Fatais"";""Pleno dia"";""Decrescente"";""Sol"";""Dupla"";""Reta"";""Não"";325471;""Automóvel"";""I/FIAT SIENA FIRE FLEX"";2009;""Passageiro"";""Lesões Leves"";38;""Feminino"";0;1;0;0;-25",56187787;-48,"5869503;""SR-PR"";""DEL7/1"";""UOP07/PR"""
"182531;403224;2019-01-02;""quarta-feira"";""14:55:00"";""PR"";277;7","2;""PARANAGUA"";""Sim"";""Velocidade Incompatível"";7;""Saída de leito carroçável"";""Com Vítimas Fatais"";""Pleno dia"";""Decrescente"";""Sol"";""Dupla"";""Reta"";""Não"";325473;""Caminhão-trator"";""FORD/CARGO 4331 S"";2005;""Condutor"";""Lesões Leves"";35;""Masculino"";0;1;0;0;-25",56187787;-48,"5869503;""SR-PR"";""DEL7/1"";""UOP07/PR"""
"182531;403224;2019-01-02;""quarta-feira"";""14:55:00"";""PR"";277;7","2;""PARANAGUA"";""Sim"";""Velocidade Incompatível"";6;""Saída de leito carroçável"";""Com Vítimas Fatais"";""Pleno dia"";""Decrescente"";""Sol"";""Dupla"";""Reta"";""Não"";325473;""Caminhão-trator"";""FORD/CARGO 4331 S"";2005;""Condutor"";""Lesões Leves"";35;""Masculino"";0;1;0;0;-25",56187787;-48,"5869503;""SR-PR"";""DEL7/1"";""UOP07/PR"""
"182531;403224;2019-01-02;""quarta-feira"";""14:55:00"";""PR"";277;7","2;""PARANAGUA"";""Sim"";""Velocidade Incompatível"";5;""Colisão lateral"";""Com Vítimas Fatais"";""Pleno dia"";""Decrescente"";""Sol"";""Dupla"";""Reta"";""Não"";325473;""Caminhão-trator"";""FORD/CARGO 4331 S"";2005;""Condutor"";""Lesões Leves"";35;""Masculino"";0;1;0;0;-25",56187787;-48,"5869503;""SR-PR"";""DEL7/1"";""UOP07/PR"""
"182531;403224;2019-01-02;""quarta-feira"";""14:55:00"";""PR"";277;7","2;""PARANAGUA"";""Sim"";""Velocidade Incompatível"";4;""Colisão frontal"";""Com Vítimas Fatais"";""Pleno dia"";""Decrescente"";""Sol"";""Dupla"";""Reta"";""Não"";325473;""Caminhão-trator"";""FORD/CARGO 4331 S"";2005;""Condutor"";""Lesões Leves"";35;""Masculino"";0;1;0;0;-25",56187787;-48,"5869503;""SR-PR"";""DEL7/1"";""UOP07/PR"""
"182531;403224;2019-01-02;""quarta-feira"";""14:55:00"";""PR"";277;7","2;""PARANAGUA"";""Sim"";""Velocidade Incompatível"";3;""Colisão frontal"";""Com Vítimas Fatais"";""Pleno dia"";""Decrescente"";""Sol"";""Dupla"";""Reta"";""Não"";325473;""Caminhão-trator"";""FORD/CARGO 4331 S"";2005;""Condutor"";""Lesões Leves"";35;""Masculino"";0;1;0;0;-25",56187787;-48,"5869503;""SR-PR"";""DEL7/1"";""UOP07/PR"""
"182531;403224;2019-01-02;""quarta-feira"";""14:55:00"";""PR"";277;7","2;""PARANAGUA"";""Sim"";""Velocidade Incompatível"";2;""Colisão frontal"";""Com Vítimas Fatais"";""Pleno dia"";""Decrescente"";""Sol"";""Dupla"";""Reta"";""Não"";325473;""Caminhão-trator"";""FORD/CARGO 4331 S"";2005;""Condutor"";""Lesões Leves"";35;""Masculino"";0;1;0;0;-25",56187787;-48,"5869503;""SR-PR"";""DEL7/1"";""UOP07/PR"""
"182531;403224;2019-01-02;""quarta-feira"";""14:55:00"";""PR"";277;7","2;""PARANAGUA"";""Sim"";""Velocidade Incompatível"";1;""Saída de leito carroçável"";""Com Vítimas Fatais"";""Pleno dia"";""Decrescente"";""Sol"";""Dupla"";""Reta"";""Não"";325473;""Caminhão-trator"";""FORD/CARGO 4331 S"";2005;""Condutor"";""Lesões Leves"";35;""Masculino"";0;1;0;0;-25",56187787;-48,"5869503;""SR-PR"";""DEL7/1"";""UOP07/PR"""
"182531;403215;2019-01-02;""quarta-feira"";""14:55:00"";""PR"";277;7","2;""PARANAGUA"";""Sim"";""Velocidade Incompatível"";7;""Saída de leito carroçável"";""Com Vítimas Fatais"";""Pleno dia"";""Decrescente"";""Sol"";""Dupla"";""Reta"";""Não"";325470;""Automóvel"";""CHEV/SPIN 1.8L AT LT ADV"";2018;""Condutor"";""Ileso"";63;""Masculino"";1;0;0;0;-25",56187787;-48,"5869503;""SR-PR"";""DEL7/1"";""UOP07/PR"""
"182531;403215;2019-01-02;""quarta-feira"";""14:55:00"";""PR"";277;7","2;""PARANAGUA"";""Sim"";""Velocidade Incompatível"";6;""Saída de leito carroçável"";""Com Vítimas Fatais"";""Pleno dia"";""Decrescente"";""Sol"";""Dupla"";""Reta"";""Não"";325470;""Automóvel"";""CHEV/SPIN 1.8L AT LT ADV"";2018;""Condutor"";""Ileso"";63;""Masculino"";1;0;0;0;-25",56187787;-48,"5869503;""SR-PR"";""DEL7/1"";""UOP07/PR"""
"182531;403215;2019-01-02;""quarta-feira"";""14:55:00"";""PR"";277;7","2;""PARANAGUA"";""Sim"";""Velocidade Incompatível"";5;""Colisão lateral"";""Com Vítimas Fatais"";""Pleno dia"";""Decrescente"";""Sol"";""Dupla"";""Reta"";""Não"";325470;""Automóvel"";""CHEV/SPIN 1.8L AT LT ADV"";2018;""Condutor"";""Ileso"";63;""Masculino"";1;0;0;0;-25",56187787;-48,"5869503;""SR-PR"";""DEL7/1"";""UOP07/PR"""
"182531;403215;2019-01-02;""quarta-feira"";""14:55:00"";""PR"";277;7","2;""PARANAGUA"";""Sim"";""Velocidade Incompatível"";4;""Colisão frontal"";""Com Vítimas Fatais"";""Pleno dia"";""Decrescente"";""Sol"";""Dupla"";""Reta"";""Não"";325470;""Automóvel"";""CHEV/SPIN 1.8L AT LT ADV"";2018;""Condutor"";""Ileso"";63;""Masculino"";1;0;0;0;-25",56187787;-48,"5869503;""SR-PR"";""DEL7/1"";""UOP07/PR"""
"182531;403215;2019-01-02;""quarta-feira"";""14:55:00"";""PR"";277;7","2;""PARANAGUA"";""Sim"";""Velocidade Incompatível"";3;""Colisão frontal"";""Com Vítimas Fatais"";""Pleno dia"";""Decrescente"";""Sol"";""Dupla"";""Reta"";""Não"";325470;""Automóvel"";""CHEV/SPIN 1.8L AT LT ADV"";2018;""Condutor"";""Ileso"";63;""Masculino"";1;0;0;0;-25",56187787;-48,"5869503;""SR-PR"";""DEL7/1"";""UOP07/PR"""
"182531;403215;2019-01-02;""quarta-feira"";""14:55:00"";""PR"";277;7","2;""PARANAGUA"";""Sim"";""Velocidade Incompatível"";2;""Colisão frontal"";""Com Vítimas Fatais"";""Pleno dia"";""Decrescente"";""Sol"";""Dupla"";""Reta"";""Não"";325470;""Automóvel"";""CHEV/SPIN 1.8L AT LT ADV"";2018;""Condutor"";""Ileso"";63;""Masculino"";1;0;0;0;-25",56187787;-48,"5869503;""SR-PR"";""DEL7/1"";""UOP07/PR"""
"182531;403215;2019-01-02;""quarta-feira"";""14:55:00"";""PR"";277;7","2;""PARANAGUA"";""Sim"";""Velocidade Incompatível"";1;""Saída de leito carroçável"";""Com Vítimas Fatais"";""Pleno dia"";""Decrescente"";""Sol"";""Dupla"";""Reta"";""Não"";325470;""Automóvel"";""CHEV/SPIN 1.8L AT LT ADV"";2018;""Condutor"";""Ileso"";63;""Masculino"";1;0;0;0;-25",56187787;-48,"5869503;""SR-PR"";""DEL7/1"";""UOP07/PR"""
"182531;403219;2019-01-02;""quarta-feira"";""14:55:00"";""PR"";277;7","2;""PARANAGUA"";""Sim"";""Velocidade Incompatível"";7;""Saída de leito carroçável"";""Com Vítimas Fatais"";""Pleno dia"";""Decrescente"";""Sol"";""Dupla"";""Reta"";""Não"";325472;""Automóvel"";""RENAULT/SANDERO EXP 16"";2010;""Condutor"";""Ileso"";55;""Masculino"";1;0;0;0;-25",56187787;-48,"5869503;""SR-PR"";""DEL7/1"";""UOP07/PR"""
"182531;403219;2019-01-02;""quarta-feira"";""14:55:00"";""PR"";277;7","2;""PARANAGUA"";""Sim"";""Velocidade Incompatível"";6;""Saída de leito carroçável"";""Com Vítimas Fatais"";""Pleno dia"";""Decrescente"";""Sol"";""Dupla"";""Reta"";""Não"";325472;""Automóvel"";""RENAULT/SANDERO EXP 16"";2010;""Condutor"";""Ileso"";55;""Masculino"";1;0;0;0;-25",56187787;-48,"5869503;""SR-PR"";""DEL7/1"";""UOP07/PR"""
"182531;403219;2019-01-02;""quarta-feira"";""14:55:00"";""PR"";277;7","2;""PARANAGUA"";""Sim"";""Velocidade Incompatível"";5;""Colisão lateral"";""Com Vítimas Fatais"";""Pleno dia"";""Decrescente"";""Sol"";""Dupla"";""Reta"";""Não"";325472;""Automóvel"";""RENAULT/SANDERO EXP 16"";2010;""Condutor"";""Ileso"";55;""Masculino"";1;0;0;0;-25",56187787;-48,"5869503;""SR-PR"";""DEL7/1"";""UOP07/PR"""
"182531;403219;2019-01-02;""quarta-feira"";""14:55:00"";""PR"";277;7","2;""PARANAGUA"";""Sim"";""Velocidade Incompatível"";4;""Colisão frontal"";""Com Vítimas Fatais"";""Pleno dia"";""Decrescente"";""Sol"";""Dupla"";""Reta"";""Não"";325472;""Automóvel"";""RENAULT/SANDERO EXP 16"";2010;""Condutor"";""Ileso"";55;""Masculino"";1;0;0;0;-25",56187787;-48,"5869503;""SR-PR"";""DEL7/1"";""UOP07/PR"""
"182531;403219;2019-01-02;""quarta-feira"";""14:55:00"";""PR"";277;7","2;""PARANAGUA"";""Sim"";""Velocidade Incompatível"";3;""Colisão frontal"";""Com Vítimas Fatais"";""Pleno dia"";""Decrescente"";""Sol"";""Dupla"";""Reta"";""Não"";325472;""Automóvel"";""RENAULT/SANDERO EXP 16"";2010;""Condutor"";""Ileso"";55;""Masculino"";1;0;0;0;-25",56187787;-48,"5869503;""SR-PR"";""DEL7/1"";""UOP07/PR"""
"182531;403219;2019-01-02;""quarta-feira"";""14:55:00"";""PR"";277;7","2;""PARANAGUA"";""Sim"";""Velocidade Incompatível"";2;""Colisão frontal"";""Com Vítimas Fatais"";""Pleno dia"";""Decrescente"";""Sol"";""Dupla"";""Reta"";""Não"";325472;""Automóvel"";""RENAULT/SANDERO EXP 16"";2010;""Condutor"";""Ileso"";55;""Masculino"";1;0;0;0;-25",56187787;-48,"5869503;""SR-PR"";""DEL7/1"";""UOP07/PR"""
"182531;403219;2019-01-02;""quarta-feira"";""14:55:00"";""PR"";277;7","2;""PARANAGUA"";""Sim"";""Velocidade Incompatível"";1;""Saída de leito carroçável"";""Com Vítimas Fatais"";""Pleno dia"";""Decrescente"";""Sol"";""Dupla"";""Reta"";""Não"";325472;""Automóvel"";""RENAULT/SANDERO EXP 16"";2010;""Condutor"";""Ileso"";55;""Masculino"";1;0;0;0;-25",56187787;-48,"5869503;""SR-PR"";""DEL7/1"";""UOP07/PR"""
"182531;403001;2019-01-02;""quarta-feira"";""14:55:00"";""PR"";277;7","2;""PARANAGUA"";""Sim"";""Velocidade Incompatível"";7;""Saída de leito carroçável"";""Com Vítimas Fatais"";""Pleno dia"";""Decrescente"";""Sol"";""Dupla"";""Reta"";""Não"";325469;""Automóvel"";""I/CITROEN C4 PIC GLXA 5L"";2013;""Condutor"";""Óbito"";34;""Masculino"";0;0;0;1;-25",56187787;-48,"5869503;""SR-PR"";""DEL7/1"";""UOP07/PR"""
"182531;403001;2019-01-02;""quarta-feira"";""14:55:00"";""PR"";277;7","2;""PARANAGUA"";""Sim"";""Velocidade Incompatível"";6;""Saída de leito carroçável"";""Com Vítimas Fatais"";""Pleno dia"";""Decrescente"";""Sol"";""Dupla"";""Reta"";""Não"";325469;""Automóvel"";""I/CITROEN C4 PIC GLXA 5L"";2013;""Condutor"";""Óbito"";34;""Masculino"";0;0;0;1;-25",56187787;-48,"5869503;""SR-PR"";""DEL7/1"";""UOP07/PR"""
"182531;403001;2019-01-02;""quarta-feira"";""14:55:00"";""PR"";277;7","2;""PARANAGUA"";""Sim"";""Velocidade Incompatível"";5;""Colisão lateral"";""Com Vítimas Fatais"";""Pleno dia"";""Decrescente"";""Sol"";""Dupla"";""Reta"";""Não"";325469;""Automóvel"";""I/CITROEN C4 PIC GLXA 5L"";2013;""Condutor"";""Óbito"";34;""Masculino"";0;0;0;1;-25",56187787;-48,"5869503;""SR-PR"";""DEL7/1"";""UOP07/PR"""
"182531;403001;2019-01-02;""quarta-feira"";""14:55:00"";""PR"";277;7","2;""PARANAGUA"";""Sim"";""Velocidade Incompatível"";4;""Colisão frontal"";""Com Vítimas Fatais"";""Pleno dia"";""Decrescente"";""Sol"";""Dupla"";""Reta"";""Não"";325469;""Automóvel"";""I/CITROEN C4 PIC GLXA 5L"";2013;""Condutor"";""Óbito"";34;""Masculino"";0;0;0;1;-25",56187787;-48,"5869503;""SR-PR"";""DEL7/1"";""UOP07/PR"""
"182531;403001;2019-01-02;""quarta-feira"";""14:55:00"";""PR"";277;7","2;""PARANAGUA"";""Sim"";""Velocidade Incompatível"";3;""Colisão frontal"";""Com Vítimas Fatais"";""Pleno dia"";""Decrescente"";""Sol"";""Dupla"";""Reta"";""Não"";325469;""Automóvel"";""I/CITROEN C4 PIC GLXA 5L"";2013;""Condutor"";""Óbito"";34;""Masculino"";0;0;0;1;-25",56187787;-48,"5869503;""SR-PR"";""DEL7/1"";""UOP07/PR"""
"182531;403001;2019-01-02;""quarta-feira"";""14:55:00"";""PR"";277;7","2;""PARANAGUA"";""Sim"";""Velocidade Incompatível"";2;""Colisão frontal"";""Com Vítimas Fatais"";""Pleno dia"";""Decrescente"";""Sol"";""Dupla"";""Reta"";""Não"";325469;""Automóvel"";""I/CITROEN C4 PIC GLXA 5L"";2013;""Condutor"";""Óbito"";34;""Masculino"";0;0;0;1;-25",56187787;-48,"5869503;""SR-PR"";""DEL7/1"";""UOP07/PR"""
"182531;403001;2019-01-02;""quarta-feira"";""14:55:00"";""PR"";277;7","2;""PARANAGUA"";""Sim"";""Velocidade Incompatível"";1;""Saída de leito carroçável"";""Com Vítimas Fatais"";""Pleno dia"";""Decrescente"";""Sol"";""Dupla"";""Reta"";""Não"";325469;""Automóvel"";""I/CITROEN C4 PIC GLXA 5L"";2013;""Condutor"";""Óbito"";34;""Masculino"";0;0;0;1;-25",56187787;-48,"5869503;""SR-PR"";""DEL7/1"";""UOP07/PR"""
"182532;403100;2019-01-02;""quarta-feira"";""14:15:00"";""RS"";116;264;""CANOAS"";""Sim"";""Falta de Atenção à Condução"";2;""Tombamento"";""Com Vítimas Feridas"";""Pleno dia"";""Crescente"";""Céu Claro"";""Múltipla"";""Reta"";""Sim"";325524;""Motocicleta"";""JTA/SUZUKI GSXR750"";2015;""Condutor"";""Lesões Leves"";33;""Feminino"";0;1;0;0;-29",914425;-51,"177544;""SR-RS"";""DEL9/1"";""UOP01/RS""",