"id;""pesid"";""data_inversa"";""dia_semana"";""horario"";""uf"";""br"";""km"";""municipio"";""causa_principal"";""causa_acidente"";""ordem_tipo_acidente"";""tipo_acidente"";""classificacao_acidente"";""fase_dia"";""sentido_via"";""condicao_metereologica"";""tipo_pista"";""tracado_via"";""uso_solo"";""id_veiculo"";""tipo_veiculo"";""marca"";""ano_fabricacao_veiculo"";""tipo_envolvido"";""estado_fisico"";""idade"";""sexo"";""ilesos"";""feridos_leves"";""feridos_graves"";""mortos"";""latitude"";""longitude"";""regional"";""delegacia"";""uop""",,,
"182568;403070;2019-01-02;""quarta-feira"";""17:50:00"";""RJ"";101;67","3;""CAMPOS DOS GOYTACAZES"";""Sim"";""Desobediência às normas de trânsito pelo condutor"";1;""Colisão transversal"";""Com Vítimas Feridas"";""Pleno dia"";""Crescente"";""Sol"";""Simples"";""Reta"";""Sim"";325498;""Caminhonete"";""FIAT/STRADA FIRE FLEX"";2012;""Condutor"";""Ileso"";43;""Masculino"";1;0;0;0;-21",767511;-41,"348763;""SR-RJ"";""DEL5/8"";""UOP02/RJ"""
"182569;410037;2019-01-02;""quarta-feira"";""16:10:00"";""RJ"";116;40;""TERESOPOLIS"";""Sim"";""Falta de Atenção à Condução"";1;""Colisão transversal"";""Com Vítimas Feridas"";""Pleno dia"";""Crescente"";""Céu Claro"";""Simples"";""Interseção de vias"";""Não"";330456;""Caminhonete"";""VW/SAVEIRO CL 1.8"";1995;""Condutor"";""Ileso"";85;""Masculino"";1;0;0;0;-22",133427;-42,"779522;""SR-RJ"";""DEL5/4"";""UOP01/RJ""",
"182569;410026;2019-01-02;""quarta-feira"";""16:10:00"";""RJ"";116;40;""TERESOPOLIS"";""Sim"";""Falta de Atenção à Condução"";1;""Colisão transversal"";""Com Vítimas Feridas"";""Pleno dia"";""Crescente"";""Céu Claro"";""Simples"";""Interseção de vias"";""Não"";325506;""Automóvel"";""I/FORD FOCUS 2L HC FLEX"";2010;""Passageiro"";""Lesões Leves"";64;""Feminino"";0;1;0;0;-22",133427;-42,"779522;""SR-RJ"";""DEL5/4"";""UOP01/RJ""",
"182569;410025;2019-01-02;""quarta-feira"";""16:10:00"";""RJ"";116;40;""TERESOPOLIS"";""Sim"";""Falta de Atenção à Condução"";1;""Colisão transversal"";""Com Vítimas Feridas"";""Pleno dia"";""Crescente"";""Céu Claro"";""Simples"";""Interseção de vias"";""Não"";325506;""Automóvel"";""I/FORD FOCUS 2L HC FLEX"";2010;""Passageiro"";""Lesões Leves"";27;""Feminino"";0;1;0;0;-22",133427;-42,"779522;""SR-RJ"";""DEL5/4"";""UOP01/RJ""",
"182569;410027;2019-01-02;""quarta-feira"";""16:10:00"";""RJ"";116;40;""TERESOPOLIS"";""Sim"";""Falta de Atenção à Condução"";1;""Colisão transversal"";""Com Vítimas Feridas"";""Pleno dia"";""Crescente"";""Céu Claro"";""Simples"";""Interseção de vias"";""Não"";325506;""Automóvel"";""I/FORD FOCUS 2L HC FLEX"";2010;""Passageiro"";""Lesões Leves"";40;""Masculino"";0;1;0;0;-22",133427;-42,"779522;""SR-RJ"";""DEL5/4"";""UOP01/RJ""",
"182569;410024;2019-01-02;""quarta-feira"";""16:10:00"";""RJ"";116;40;""TERESOPOLIS"";""Sim"";""Falta de Atenção à Condução"";1;""Colisão transversal"";""Com Vítimas Feridas"";""Pleno dia"";""Crescente"";""Céu Claro"";""Simples"";""Interseção de vias"";""Não"";325506;""Automóvel"";""I/FORD FOCUS 2L HC FLEX"";2010;""Condutor"";""Ileso"";28;""Masculino"";1;0;0;0;-22",133427;-42,"779522;""SR-RJ"";""DEL5/4"";""UOP01/RJ""",
"182570;403158;2019-01-02;""quarta-feira"";""17:10:00"";""MS"";163;362","9;""NOVA ALVORADA DO SUL"";""Sim"";""Ingestão de Álcool"";2;""Capotamento"";""Com Vítimas Feridas"";""Pleno dia"";""Crescente"";""Céu Claro"";""Simples"";""Reta"";""Sim"";325585;""Caminhonete"";""IMP/GM SILVERADO CONQ"";1998;""Passageiro"";""Lesões Leves"";53;""Masculino"";0;1;0;0;-21",48728498;-54,"39136863;""SR-MS"";""DEL2"";""UOP02/MS"""
"182570;403158;2019-01-02;""quarta-feira"";""17:10:00"";""MS"";163;362","9;""NOVA ALVORADA DO SUL"";""Sim"";""Ingestão de Álcool"";1;""Saída de leito carroçável"";""Com Vítimas Feridas"";""Pleno dia"";""Crescente"";""Céu Claro"";""Simples"";""Reta"";""Sim"";325585;""Caminhonete"";""IMP/GM SILVERADO CONQ"";1998;""Passageiro"";""Lesões Leves"";53;""Masculino"";0;1;0;0;-21",48728498;-54,"39136863;""SR-MS"";""DEL2"";""UOP02/MS"""
"182570;403157;2019-01-02;""quarta-feira"";""17:10:00"";""MS"";163;362","9;""NOVA ALVORADA DO SUL"";""Sim"";""Ingestão de Álcool"";2;""Capotamento"";""Com Vítimas Feridas"";""Pleno dia"";""Crescente"";""Céu Claro"";""Simples"";""Reta"";""Sim"";325585;""Caminhonete"";""IMP/GM SILVERADO CONQ"";1998;""Condutor"";""Lesões Graves"";61;""Masculino"";0;0;1;0;-21",48728498;-54,"39136863;""SR-MS"";""DEL2"";""UOP02/MS"""
"182570;403157;2019-01-02;""quarta-feira"";""17:10:00"";""MS"";163;362","9;""NOVA ALVORADA DO SUL"";""Sim"";""Ingestão de Álcool"";1;""Saída de leito carroçável"";""Com Vítimas Feridas"";""Pleno dia"";""Crescente"";""Céu Claro"";""Simples"";""Reta"";""Sim"";325585;""Caminhonete"";""IMP/GM SILVERADO CONQ"";1998;""Condutor"";""Lesões Graves"";61;""Masculino"";0;0;1;0;-21",48728498;-54,"39136863;""SR-MS"";""DEL2"";""UOP02/MS"""
"182571;402982;2019-01-02;""quarta-feira"";""17:40:00"";""ES"";101;146","7;""LINHARES"";""Sim"";""Não guardar distância de segurança"";1;""Colisão traseira"";""Com Vítimas Feridas"";""Pleno dia"";""Decrescente"";""Céu Claro"";""Simples"";""Reta"";""Sim"";325450;""Automóvel"";""CHEVROLET/COBALT 1.4 LTZ"";2014;""Condutor"";""Lesões Leves"";34;""Masculino"";0;1;0;0;-19",37721255;-40,"06620711;""SR-ES"";""DEL12/4"";""UOP01/ES"""
"182571;402981;2019-01-02;""quarta-feira"";""17:40:00"";""ES"";101;146","7;""LINHARES"";""Sim"";""Não guardar distância de segurança"";1;""Colisão traseira"";""Com Vítimas Feridas"";""Pleno dia"";""Decrescente"";""Céu Claro"";""Simples"";""Reta"";""Sim"";325449;""Caminhonete"";""I/TOYOTA HILUX CD4X4 STD"";2014;""Condutor"";""Ileso"";36;""Masculino"";1;0;0;0;-19",37721255;-40,"06620711;""SR-ES"";""DEL12/4"";""UOP01/ES"""
"182572;403150;2019-01-02;""quarta-feira"";""16:30:00"";""BA"";242;832;""BARREIRAS"";""Sim"";""Ultrapassagem Indevida"";2;""Saída de leito carroçável"";""Com Vítimas Feridas"";""Pleno dia"";""Crescente"";""Sol"";""Simples"";""Reta"";""Não"";325574;""Caminhonete"";""I/FORD RANGER LTDCD4A32C"";2017;""Passageiro"";""Ileso"";59;""Masculino"";1;0;0;0;-12",10304;-45,"332823;""SR-BA"";""DEL10/10"";""UOP01/BA""",
"182572;403150;2019-01-02;""quarta-feira"";""16:30:00"";""BA"";242;832;""BARREIRAS"";""Não"";""Desobediência às normas de trânsito pelo condutor"";2;""Saída de leito carroçável"";""Com Vítimas Feridas"";""Pleno dia"";""Crescente"";""Sol"";""Simples"";""Reta"";""Não"";325574;""Caminhonete"";""I/FORD RANGER LTDCD4A32C"";2017;""Passageiro"";""Ileso"";59;""Masculino"";1;0;0;0;-12",10304;-45,"332823;""SR-BA"";""DEL10/10"";""UOP01/BA""",
"182572;403150;2019-01-02;""quarta-feira"";""16:30:00"";""BA"";242;832;""BARREIRAS"";""Sim"";""Ultrapassagem Indevida"";1;""Colisão lateral"";""Com Vítimas Feridas"";""Pleno dia"";""Crescente"";""Sol"";""Simples"";""Reta"";""Não"";325574;""Caminhonete"";""I/FORD RANGER LTDCD4A32C"";2017;""Passageiro"";""Ileso"";59;""Masculino"";1;0;0;0;-12",10304;-45,"332823;""SR-BA"";""DEL10/10"";""UOP01/BA""",
"182572;403150;2019-01-02;""quarta-feira"";""16:30:00"";""BA"";242;832;""BARREIRAS"";""Não"";""Desobediência às normas de trânsito pelo condutor"";1;""Colisão lateral"";""Com Vítimas Feridas"";""Pleno dia"";""Crescente"";""Sol"";""Simples"";""Reta"";""Não"";325574;""Caminhonete"";""I/FORD RANGER LTDCD4A32C"";2017;""Passageiro"";""Ileso"";59;""Masculino"";1;0;0;0;-12",10304;-45,"332823;""SR-BA"";""DEL10/10"";""UOP01/BA""",
"182572;403151;2019-01-02;""quarta-feira"";""16:30:00"";""BA"";242;832;""BARREIRAS"";""Sim"";""Ultrapassagem Indevida"";2;""Saída de leito carroçável"";""Com Vítimas Feridas"";""Pleno dia"";""Crescente"";""Sol"";""Simples"";""Reta"";""Não"";325574;""Caminhonete"";""I/FORD RANGER LTDCD4A32C"";2017;""Passageiro"";""Ileso"";32;""Masculino"";1;0;0;0;-12",10304;-45,"332823;""SR-BA"";""DEL10/10"";""UOP01/BA""",
"182572;403151;2019-01-02;""quarta-feira"";""16:30:00"";""BA"";242;832;""BARREIRAS"";""Não"";""Desobediência às normas de trânsito pelo condutor"";2;""Saída de leito carroçável"";""Com Vítimas Feridas"";""Pleno dia"";""Crescente"";""Sol"";""Simples"";""Reta"";""Não"";325574;""Caminhonete"";""I/FORD RANGER LTDCD4A32C"";2017;""Passageiro"";""Ileso"";32;""Masculino"";1;0;0;0;-12",10304;-45,"332823;""SR-BA"";""DEL10/10"";""UOP01/BA""",
"182572;403151;2019-01-02;""quarta-feira"";""16:30:00"";""BA"";242;832;""BARREIRAS"";""Sim"";""Ultrapassagem Indevida"";1;""Colisão lateral"";""Com Vítimas Feridas"";""Pleno dia"";""Crescente"";""Sol"";""Simples"";""Reta"";""Não"";325574;""Caminhonete"";""I/FORD RANGER LTDCD4A32C"";2017;""Passageiro"";""Ileso"";32;""Masculino"";1;0;0;0;-12",10304;-45,"332823;""SR-BA"";""DEL10/10"";""UOP01/BA""",
"182572;403151;2019-01-02;""quarta-feira"";""16:30:00"";""BA"";242;832;""BARREIRAS"";""Não"";""Desobediência às normas de trânsito pelo condutor"";1;""Colisão lateral"";""Com Vítimas Feridas"";""Pleno dia"";""Crescente"";""Sol"";""Simples"";""Reta"";""Não"";325574;""Caminhonete"";""I/FORD RANGER LTDCD4A32C"";2017;""Passageiro"";""Ileso"";32;""Masculino"";1;0;0;0;-12",10304;-45,"332823;""SR-BA"";""DEL10/10"";""UOP01/BA""",
"182572;403143;2019-01-02;""quarta-feira"";""16:30:00"";""BA"";242;832;""BARREIRAS"";""Sim"";""Ultrapassagem Indevida"";2;""Saída de leito carroçável"";""Com Vítimas Feridas"";""Pleno dia"";""Crescente"";""Sol"";""Simples"";""Reta"";""Não"";325477;""Automóvel"";""FIAT/SIENA EL 1.0 FLEX"";2012;""Condutor"";""Lesões Leves"";59;""Masculino"";0;1;0;0;-12",10304;-45,"332823;""SR-BA"";""DEL10/10"";""UOP01/BA""",
"182572;403143;2019-01-02;""quarta-feira"";""16:30:00"";""BA"";242;832;""BARREIRAS"";""Não"";""Desobediência às normas de trânsito pelo condutor"";2;""Saída de leito carroçável"";""Com Vítimas Feridas"";""Pleno dia"";""Crescente"";""Sol"";""Simples"";""Reta"";""Não"";325477;""Automóvel"";""FIAT/SIENA EL 1.0 FLEX"";2012;""Condutor"";""Lesões Leves"";59;""Masculino"";0;1;0;0;-12",10304;-45,"332823;""SR-BA"";""DEL10/10"";""UOP01/BA""",
"182572;403143;2019-01-02;""quarta-feira"";""16:30:00"";""BA"";242;832;""BARREIRAS"";""Sim"";""Ultrapassagem Indevida"";1;""Colisão lateral"";""Com Vítimas Feridas"";""Pleno dia"";""Crescente"";""Sol"";""Simples"";""Reta"";""Não"";325477;""Automóvel"";""FIAT/SIENA EL 1.0 FLEX"";2012;""Condutor"";""Lesões Leves"";59;""Masculino"";0;1;0;0;-12",10304;-45,"332823;""SR-BA"";""DEL10/10"";""UOP01/BA""",
"182572;403143;2019-01-02;""quarta-feira"";""16:30:00"";""BA"";242;832;""BARREIRAS"";""Não"";""Desobediência às normas de trânsito pelo condutor"";1;""Colisão lateral"";""Com Vítimas Feridas"";""Pleno dia"";""Crescente"";""Sol"";""Simples"";""Reta"";""Não"";325477;""Automóvel"";""FIAT/SIENA EL 1.0 FLEX"";2012;""Condutor"";""Lesões Leves"";59;""Masculino"";0;1;0;0;-12",10304;-45,"332823;""SR-BA"";""DEL10/10"";""UOP01/BA""",
"182572;403149;2019-01-02;""quarta-feira"";""16:30:00"";""BA"";242;832;""BARREIRAS"";""Sim"";""Ultrapassagem Indevida"";2;""Saída de leito carroçável"";""Com Vítimas Feridas"";""Pleno dia"";""Crescente"";""Sol"";""Simples"";""Reta"";""Não"";325574;""Caminhonete"";""I/FORD RANGER LTDCD4A32C"";2017;""Passageiro"";""Ileso"";33;""Masculino"";1;0;0;0;-12",10304;-45,"332823;""SR-BA"";""DEL10/10"";""UOP01/BA""",
"182572;403149;2019-01-02;""quarta-feira"";""16:30:00"";""BA"";242;832;""BARREIRAS"";""Não"";""Desobediência às normas de trânsito pelo condutor"";2;""Saída de leito carroçável"";""Com Vítimas Feridas"";""Pleno dia"";""Crescente"";""Sol"";""Simples"";""Reta"";""Não"";325574;""Caminhonete"";""I/FORD RANGER LTDCD4A32C"";2017;""Passageiro"";""Ileso"";33;""Masculino"";1;0;0;0;-12",10304;-45,"332823;""SR-BA"";""DEL10/10"";""UOP01/BA""",
"182572;403149;2019-01-02;""quarta-feira"";""16:30:00"";""BA"";242;832;""BARREIRAS"";""Sim"";""Ultrapassagem Indevida"";1;""Colisão lateral"";""Com Vítimas Feridas"";""Pleno dia"";""Crescente"";""Sol"";""Simples"";""Reta"";""Não"";325574;""Caminhonete"";""I/FORD RANGER LTDCD4A32C"";2017;""Passageiro"";""Ileso"";33;""Masculino"";1;0;0;0;-12",10304;-45,"332823;""SR-BA"";""DEL10/10"";""UOP01/BA""",
"182572;403149;2019-01-02;""quarta-feira"";""16:30:00"";""BA"";242;832;""BARREIRAS"";""Não"";""Desobediência às normas de trânsito pelo condutor"";1;""Colisão lateral"";""Com Vítimas Feridas"";""Pleno dia"";""Crescente"";""Sol"";""Simples"";""Reta"";""Não"";325574;""Caminhonete"";""I/FORD RANGER LTDCD4A32C"";2017;""Passageiro"";""Ileso"";33;""Masculino"";1;0;0;0;-12",10304;-45,"332823;""SR-BA"";""DEL10/10"";""UOP01/BA""",
"182572;403152;2019-01-02;""quarta-feira"";""16:30:00"";""BA"";242;832;""BARREIRAS"";""Sim"";""Ultrapassagem Indevida"";2;""Saída de leito carroçável"";""Com Vítimas Feridas"";""Pleno dia"";""Crescente"";""Sol"";""Simples"";""Reta"";""Não"";325574;""Caminhonete"";""I/FORD RANGER LTDCD4A32C"";2017;""Passageiro"";""Ileso"";54;""Masculino"";1;0;0;0;-12",10304;-45,"332823;""SR-BA"";""DEL10/10"";""UOP01/BA""",
"182572;403152;2019-01-02;""quarta-feira"";""16:30:00"";""BA"";242;832;""BARREIRAS"";""Não"";""Desobediência às normas de trânsito pelo condutor"";2;""Saída de leito carroçável"";""Com Vítimas Feridas"";""Pleno dia"";""Crescente"";""Sol"";""Simples"";""Reta"";""Não"";325574;""Caminhonete"";""I/FORD RANGER LTDCD4A32C"";2017;""Passageiro"";""Ileso"";54;""Masculino"";1;0;0;0;-12",10304;-45,"332823;""SR-BA"";""DEL10/10"";""UOP01/BA""",
"182572;403152;2019-01-02;""quarta-feira"";""16:30:00"";""BA"";242;832;""BARREIRAS"";""Sim"";""Ultrapassagem Indevida"";1;""Colisão lateral"";""Com Vítimas Feridas"";""Pleno dia"";""Crescente"";""Sol"";""Simples"";""Reta"";""Não"";325574;""Caminhonete"";""I/FORD RANGER LTDCD4A32C"";2017;""Passageiro"";""Ileso"";54;""Masculino"";1;0;0;0;-12",10304;-45,"332823;""SR-BA"";""DEL10/10"";""UOP01/BA""",
"182572;403152;2019-01-02;""quarta-feira"";""16:30:00"";""BA"";242;832;""BARREIRAS"";""Não"";""Desobediência às normas de trânsito pelo condutor"";1;""Colisão lateral"";""Com Vítimas Feridas"";""Pleno dia"";""Crescente"";""Sol"";""Simples"";""Reta"";""Não"";325574;""Caminhonete"";""I/FORD RANGER LTDCD4A32C"";2017;""Passageiro"";""Ileso"";54;""Masculino"";1;0;0;0;-12",10304;-45,"332823;""SR-BA"";""DEL10/10"";""UOP01/BA""",
"182572;403144;2019-01-02;""quarta-feira"";""16:30:00"";""BA"";242;832;""BARREIRAS"";""Sim"";""Ultrapassagem Indevida"";2;""Saída de leito carroçável"";""Com Vítimas Feridas"";""Pleno dia"";""Crescente"";""Sol"";""Simples"";""Reta"";""Não"";325477;""Automóvel"";""FIAT/SIENA EL 1.0 FLEX"";2012;""Passageiro"";""Ileso"";30;""Masculino"";1;0;0;0;-12",10304;-45,"332823;""SR-BA"";""DEL10/10"";""UOP01/BA""",
"182572;403144;2019-01-02;""quarta-feira"";""16:30:00"";""BA"";242;832;""BARREIRAS"";""Não"";""Desobediência às normas de trânsito pelo condutor"";2;""Saída de leito carroçável"";""Com Vítimas Feridas"";""Pleno dia"";""Crescente"";""Sol"";""Simples"";""Reta"";""Não"";325477;""Automóvel"";""FIAT/SIENA EL 1.0 FLEX"";2012;""Passageiro"";""Ileso"";30;""Masculino"";1;0;0;0;-12",10304;-45,"332823;""SR-BA"";""DEL10/10"";""UOP01/BA""",
"182572;403144;2019-01-02;""quarta-feira"";""16:30:00"";""BA"";242;832;""BARREIRAS"";""Sim"";""Ultrapassagem Indevida"";1;""Colisão lateral"";""Com Vítimas Feridas"";""Pleno dia"";""Crescente"";""Sol"";""Simples"";""Reta"";""Não"";325477;""Automóvel"";""FIAT/SIENA EL 1.0 FLEX"";2012;""Passageiro"";""Ileso"";30;""Masculino"";1;0;0;0;-12",10304;-45,"332823;""SR-BA"";""DEL10/10"";""UOP01/BA""",
"182572;403144;2019-01-02;""quarta-feira"";""16:30:00"";""BA"";242;832;""BARREIRAS"";""Não"";""Desobediência às normas de trânsito pelo condutor"";1;""Colisão lateral"";""Com Vítimas Feridas"";""Pleno dia"";""Crescente"";""Sol"";""Simples"";""Reta"";""Não"";325477;""Automóvel"";""FIAT/SIENA EL 1.0 FLEX"";2012;""Passageiro"";""Ileso"";30;""Masculino"";1;0;0;0;-12",10304;-45,"332823;""SR-BA"";""DEL10/10"";""UOP01/BA""",
"182572;403146;2019-01-02;""quarta-feira"";""16:30:00"";""BA"";242;832;""BARREIRAS"";""Sim"";""Ultrapassagem Indevida"";2;""Saída de leito carroçável"";""Com Vítimas Feridas"";""Pleno dia"";""Crescente"";""Sol"";""Simples"";""Reta"";""Não"";325477;""Automóvel"";""FIAT/SIENA EL 1.0 FLEX"";2012;""Passageiro"";""Ileso"";45;""Masculino"";1;0;0;0;-12",10304;-45,"332823;""SR-BA"";""DEL10/10"";""UOP01/BA""",
"182572;403146;2019-01-02;""quarta-feira"";""16:30:00"";""BA"";242;832;""BARREIRAS"";""Não"";""Desobediência às normas de trânsito pelo condutor"";2;""Saída de leito carroçável"";""Com Vítimas Feridas"";""Pleno dia"";""Crescente"";""Sol"";""Simples"";""Reta"";""Não"";325477;""Automóvel"";""FIAT/SIENA EL 1.0 FLEX"";2012;""Passageiro"";""Ileso"";45;""Masculino"";1;0;0;0;-12",10304;-45,"332823;""SR-BA"";""DEL10/10"";""UOP01/BA""",
"182572;403146;2019-01-02;""quarta-feira"";""16:30:00"";""BA"";242;832;""BARREIRAS"";""Sim"";""Ultrapassagem Indevida"";1;""Colisão lateral"";""Com Vítimas Feridas"";""Pleno dia"";""Crescente"";""Sol"";""Simples"";""Reta"";""Não"";325477;""Automóvel"";""FIAT/SIENA EL 1.0 FLEX"";2012;""Passageiro"";""Ileso"";45;""Masculino"";1;0;0;0;-12",10304;-45,"332823;""SR-BA"";""DEL10/10"";""UOP01/BA""",
"182572;403146;2019-01-02;""quarta-feira"";""16:30:00"";""BA"";242;832;""BARREIRAS"";""Não"";""Desobediência às normas de trânsito pelo condutor"";1;""Colisão lateral"";""Com Vítimas Feridas"";""Pleno dia"";""Crescente"";""Sol"";""Simples"";""Reta"";""Não"";325477;""Automóvel"";""FIAT/SIENA EL 1.0 FLEX"";2012;""Passageiro"";""Ileso"";45;""Masculino"";1;0;0;0;-12",10304;-45,"332823;""SR-BA"";""DEL10/10"";""UOP01/BA""",
"182572;403147;2019-01-02;""quarta-feira"";""16:30:00"";""BA"";242;832;""BARREIRAS"";""Sim"";""Ultrapassagem Indevida"";2;""Saída de leito carroçável"";""Com Vítimas Feridas"";""Pleno dia"";""Crescente"";""Sol"";""Simples"";""Reta"";""Não"";325574;""Caminhonete"";""I/FORD RANGER LTDCD4A32C"";2017;""Condutor"";""Ileso"";60;""Masculino"";1;0;0;0;-12",10304;-45,"332823;""SR-BA"";""DEL10/10"";""UOP01/BA""",
"182572;403147;2019-01-02;""quarta-feira"";""16:30:00"";""BA"";242;832;""BARREIRAS"";""Não"";""Desobediência às normas de trânsito pelo condutor"";2;""Saída de leito carroçável"";""Com Vítimas Feridas"";""Pleno dia"";""Crescente"";""Sol"";""Simples"";""Reta"";""Não"";325574;""Caminhonete"";""I/FORD RANGER LTDCD4A32C"";2017;""Condutor"";""Ileso"";60;""Masculino"";1;0;0;0;-12",10304;-45,"332823;""SR-BA"";""DEL10/10"";""UOP01/BA""",
"182572;403147;2019-01-02;""quarta-feira"";""16:30:00"";""BA"";242;832;""BARREIRAS"";""Sim"";""Ultrapassagem Indevida"";1;""Colisão lateral"";""Com Vítimas Feridas"";""Pleno dia"";""Crescente"";""Sol"";""Simples"";""Reta"";""Não"";325574;""Caminhonete"";""I/FORD RANGER LTDCD4A32C"";2017;""Condutor"";""Ileso"";60;""Masculino"";1;0;0;0;-12",10304;-45,"332823;""SR-BA"";""DEL10/10"";""UOP01/BA""",
"182572;403147;2019-01-02;""quarta-feira"";""16:30:00"";""BA"";242;832;""BARREIRAS"";""Não"";""Desobediência às normas de trânsito pelo condutor"";1;""Colisão lateral"";""Com Vítimas Feridas"";""Pleno dia"";""Crescente"";""Sol"";""Simples"";""Reta"";""Não"";325574;""Caminhonete"";""I/FORD RANGER LTDCD4A32C"";2017;""Condutor"";""Ileso"";60;""Masculino"";1;0;0;0;-12",10304;-45,"332823;""SR-BA"";""DEL10/10"";""UOP01/BA""",
"182572;403145;2019-01-02;""quarta-feira"";""16:30:00"";""BA"";242;832;""BARREIRAS"";""Sim"";""Ultrapassagem Indevida"";2;""Saída de leito carroçável"";""Com Vítimas Feridas"";""Pleno dia"";""Crescente"";""Sol"";""Simples"";""Reta"";""Não"";325477;""Automóvel"";""FIAT/SIENA EL 1.0 FLEX"";2012;""Passageiro"";""Ileso"";29;""Masculino"";1;0;0;0;-12",10304;-45,"332823;""SR-BA"";""DEL10/10"";""UOP01/BA""",
"182572;403145;2019-01-02;""quarta-feira"";""16:30:00"";""BA"";242;832;""BARREIRAS"";""Não"";""Desobediência às normas de trânsito pelo condutor"";2;""Saída de leito carroçável"";""Com Vítimas Feridas"";""Pleno dia"";""Crescente"";""Sol"";""Simples"";""Reta"";""Não"";325477;""Automóvel"";""FIAT/SIENA EL 1.0 FLEX"";2012;""Passageiro"";""Ileso"";29;""Masculino"";1;0;0;0;-12",10304;-45,"332823;""SR-BA"";""DEL10/10"";""UOP01/BA""",
"182572;403145;2019-01-02;""quarta-feira"";""16:30:00"";""BA"";242;832;""BARREIRAS"";""Sim"";""Ultrapassagem Indevida"";1;""Colisão lateral"";""Com Vítimas Feridas"";""Pleno dia"";""Crescente"";""Sol"";""Simples"";""Reta"";""Não"";325477;""Automóvel"";""FIAT/SIENA EL 1.0 FLEX"";2012;""Passageiro"";""Ileso"";29;""Masculino"";1;0;0;0;-12",10304;-45,"332823;""SR-BA"";""DEL10/10"";""UOP01/BA""",
"182572;403145;2019-01-02;""quarta-feira"";""16:30:00"";""BA"";242;832;""BARREIRAS"";""Não"";""Desobediência às normas de trânsito pelo condutor"";1;""Colisão lateral"";""Com Vítimas Feridas"";""Pleno dia"";""Crescente"";""Sol"";""Simples"";""Reta"";""Não"";325477;""Automóvel"";""FIAT/SIENA EL 1.0 FLEX"";2012;""Passageiro"";""Ileso"";29;""Masculino"";1;0;0;0;-12",10304;-45,"332823;""SR-BA"";""DEL10/10"";""UOP01/BA""",
"182573;402974;2019-01-02;""quarta-feira"";""17:15:00"";""SC"";101;35","7;""JOINVILLE"";""Não"";""Defeito Mecânico no Veículo"";2;""Tombamento"";""Com Vítimas Feridas"";""Pleno dia"";""Decrescente"";""Céu Claro"";""Dupla"";""Reta"";""Não"";325443;""Motoneta"";""HONDA/BIZ 125 ES"";2015;""Passageiro"";""Lesões Leves"";32;""Feminino"";0;1;0;0;-26",2766;-48,"8928;""SR-SC"";""DEL8/3"";""UOP01/SC"""
"182573;402974;2019-01-02;""quarta-feira"";""17:15:00"";""SC"";101;35","7;""JOINVILLE"";""Sim"";""Desobediência às normas de trânsito pelo condutor"";2;""Tombamento"";""Com Vítimas Feridas"";""Pleno dia"";""Decrescente"";""Céu Claro"";""Dupla"";""Reta"";""Não"";325443;""Motoneta"";""HONDA/BIZ 125 ES"";2015;""Passageiro"";""Lesões Leves"";32;""Feminino"";0;1;0;0;-26",2766;-48,"8928;""SR-SC"";""DEL8/3"";""UOP01/SC"""
"182573;402974;2019-01-02;""quarta-feira"";""17:15:00"";""SC"";101;35","7;""JOINVILLE"";""Não"";""Defeito Mecânico no Veículo"";1;""Queda de ocupante de veículo"";""Com Vítimas Feridas"";""Pleno dia"";""Decrescente"";""Céu Claro"";""Dupla"";""Reta"";""Não"";325443;""Motoneta"";""HONDA/BIZ 125 ES"";2015;""Passageiro"";""Lesões Leves"";32;""Feminino"";0;1;0;0;-26",2766;-48,"8928;""SR-SC"";""DEL8/3"";""UOP01/SC"""
"182573;402974;2019-01-02;""quarta-feira"";""17:15:00"";""SC"";101;35","7;""JOINVILLE"";""Sim"";""Desobediência às normas de trânsito pelo condutor"";1;""Queda de ocupante de veículo"";""Com Vítimas Feridas"";""Pleno dia"";""Decrescente"";""Céu Claro"";""Dupla"";""Reta"";""Não"";325443;""Motoneta"";""HONDA/BIZ 125 ES"";2015;""Passageiro"";""Lesões Leves"";32;""Feminino"";0;1;0;0;-26",2766;-48,"8928;""SR-SC"";""DEL8/3"";""UOP01/SC"""
"182573;402973;2019-01-02;""quarta-feira"";""17:15:00"";""SC"";101;35","7;""JOINVILLE"";""Não"";""Defeito Mecânico no Veículo"";2;""Tombamento"";""Com Vítimas Feridas"";""Pleno dia"";""Decrescente"";""Céu Claro"";""Dupla"";""Reta"";""Não"";325443;""Motoneta"";""HONDA/BIZ 125 ES"";2015;""Condutor"";""Lesões Leves"";37;""Masculino"";0;1;0;0;-26",2766;-48,"8928;""SR-SC"";""DEL8/3"";""UOP01/SC"""
"182573;402973;2019-01-02;""quarta-feira"";""17:15:00"";""SC"";101;35","7;""JOINVILLE"";""Sim"";""Desobediência às normas de trânsito pelo condutor"";2;""Tombamento"";""Com Vítimas Feridas"";""Pleno dia"";""Decrescente"";""Céu Claro"";""Dupla"";""Reta"";""Não"";325443;""Motoneta"";""HONDA/BIZ 125 ES"";2015;""Condutor"";""Lesões Leves"";37;""Masculino"";0;1;0;0;-26",2766;-48,"8928;""SR-SC"";""DEL8/3"";""UOP01/SC"""