"id;""pesid"";""data_inversa"";""dia_semana"";""horario"";""uf"";""br"";""km"";""municipio"";""causa_principal"";""causa_acidente"";""ordem_tipo_acidente"";""tipo_acidente"";""classificacao_acidente"";""fase_dia"";""sentido_via"";""condicao_metereologica"";""tipo_pista"";""tracado_via"";""uso_solo"";""id_veiculo"";""tipo_veiculo"";""marca"";""ano_fabricacao_veiculo"";""tipo_envolvido"";""estado_fisico"";""idade"";""sexo"";""ilesos"";""feridos_leves"";""feridos_graves"";""mortos"";""latitude"";""longitude"";""regional"";""delegacia"";""uop""",,,
"182573;402973;2019-01-02;""quarta-feira"";""17:15:00"";""SC"";101;35","7;""JOINVILLE"";""Não"";""Defeito Mecânico no Veículo"";1;""Queda de ocupante de veículo"";""Com Vítimas Feridas"";""Pleno dia"";""Decrescente"";""Céu Claro"";""Dupla"";""Reta"";""Não"";325443;""Motoneta"";""HONDA/BIZ 125 ES"";2015;""Condutor"";""Lesões Leves"";37;""Masculino"";0;1;0;0;-26",2766;-48,"8928;""SR-SC"";""DEL8/3"";""UOP01/SC"""
"182573;402973;2019-01-02;""quarta-feira"";""17:15:00"";""SC"";101;35","7;""JOINVILLE"";""Sim"";""Desobediência às normas de trânsito pelo condutor"";1;""Queda de ocupante de veículo"";""Com Vítimas Feridas"";""Pleno dia"";""Decrescente"";""Céu Claro"";""Dupla"";""Reta"";""Não"";325443;""Motoneta"";""HONDA/BIZ 125 ES"";2015;""Condutor"";""Lesões Leves"";37;""Masculino"";0;1;0;0;-26",2766;-48,"8928;""SR-SC"";""DEL8/3"";""UOP01/SC"""
"182575;403089;2019-01-02;""quarta-feira"";""16:00:00"";""RJ"";40;116;""DUQUE DE CAXIAS"";""Sim"";""Falta de Atenção à Condução"";1;""Capotamento"";""Com Vítimas Feridas"";""Pleno dia"";""Decrescente"";""Céu Claro"";""Múltipla"";""Reta"";""Sim"";325442;""Automóvel"";""VW/NOVO VOYAGE 1.6"";2013;""Condutor"";""Lesões Leves"";31;""Masculino"";0;1;0;0;-22",7468;-43,"2878;""SR-RJ"";""DEL5/1"";""UOP01/RJ""",
"182575;403089;2019-01-02;""quarta-feira"";""16:00:00"";""RJ"";40;116;""DUQUE DE CAXIAS"";""Não"";""Não guardar distância de segurança"";1;""Capotamento"";""Com Vítimas Feridas"";""Pleno dia"";""Decrescente"";""Céu Claro"";""Múltipla"";""Reta"";""Sim"";325442;""Automóvel"";""VW/NOVO VOYAGE 1.6"";2013;""Condutor"";""Lesões Leves"";31;""Masculino"";0;1;0;0;-22",7468;-43,"2878;""SR-RJ"";""DEL5/1"";""UOP01/RJ""",
"182576;403168;2019-01-02;""quarta-feira"";""16:40:00"";""SP"";116;417","2;""JUQUIA"";""Sim"";""Falta de Atenção à Condução"";1;""Colisão com objeto estático"";""Com Vítimas Feridas"";""Pleno dia"";""Crescente"";""Chuva"";""Dupla"";""Curva"";""Sim"";325479;""Automóvel"";""VW/GOL 1.0"";2009;""Condutor"";""Ileso"";43;""Masculino"";1;0;0;0;-24",34834778;-47,"65100956;""SR-SP"";""DEL6/5"";""UOP01/SP"""
"182576;403172;2019-01-02;""quarta-feira"";""16:40:00"";""SP"";116;417","2;""JUQUIA"";""Sim"";""Falta de Atenção à Condução"";1;""Colisão com objeto estático"";""Com Vítimas Feridas"";""Pleno dia"";""Crescente"";""Chuva"";""Dupla"";""Curva"";""Sim"";325479;""Automóvel"";""VW/GOL 1.0"";2009;""Passageiro"";""Lesões Leves"";7;""Feminino"";0;1;0;0;-24",34834778;-47,"65100956;""SR-SP"";""DEL6/5"";""UOP01/SP"""
"182576;403171;2019-01-02;""quarta-feira"";""16:40:00"";""SP"";116;417","2;""JUQUIA"";""Sim"";""Falta de Atenção à Condução"";1;""Colisão com objeto estático"";""Com Vítimas Feridas"";""Pleno dia"";""Crescente"";""Chuva"";""Dupla"";""Curva"";""Sim"";325479;""Automóvel"";""VW/GOL 1.0"";2009;""Passageiro"";""Lesões Leves"";32;""Feminino"";0;1;0;0;-24",34834778;-47,"65100956;""SR-SP"";""DEL6/5"";""UOP01/SP"""
"182577;405044;2019-01-02;""quarta-feira"";""16:30:00"";""PB"";104;100;""SAO SEBASTIAO DE LAGOA DE  ROCA"";""Sim"";""Falta de Atenção à Condução"";1;""Colisão traseira"";""Sem Vítimas"";""Pleno dia"";""Decrescente"";""Sol"";""Simples"";""Reta"";""Não"";325491;""Caminhonete"";""I/VW AMAROK CD 4X4 HIGH"";2017;""Condutor"";""Ileso"";39;""Masculino"";1;0;0;0;-7",045145;-35,"857178;""SR-PB"";""DEL14/2"";""UOP04/PB""",
"182577;405045;2019-01-02;""quarta-feira"";""16:30:00"";""PB"";104;100;""SAO SEBASTIAO DE LAGOA DE  ROCA"";""Sim"";""Falta de Atenção à Condução"";1;""Colisão traseira"";""Sem Vítimas"";""Pleno dia"";""Decrescente"";""Sol"";""Simples"";""Reta"";""Não"";325608;""Caminhão"";""M.BENZ/ACCELO 815"";2013;""Condutor"";""Ileso"";24;""Masculino"";1;0;0;0;-7",045145;-35,"857178;""SR-PB"";""DEL14/2"";""UOP04/PB""",
"182578;403082;2019-01-02;""quarta-feira"";""18:45:00"";""SP"";116;285;""ITAPECERICA DA SERRA"";""Sim"";""Falta de Atenção à Condução"";1;""Colisão traseira"";""Com Vítimas Feridas"";""Pleno dia"";""Decrescente"";""Sol"";""Dupla"";""Reta"";""Sim"";325461;""Automóvel"";""FIAT/SIENA FIRE FLEX"";2006;""Passageiro"";""Lesões Leves"";63;""Feminino"";0;1;0;0;-23",6891079;-46,"86172128;""SR-SP"";""DEL6/4"";""UOP01/SP""",
"182578;403084;2019-01-02;""quarta-feira"";""18:45:00"";""SP"";116;285;""ITAPECERICA DA SERRA"";""Sim"";""Falta de Atenção à Condução"";1;""Colisão traseira"";""Com Vítimas Feridas"";""Pleno dia"";""Decrescente"";""Sol"";""Dupla"";""Reta"";""Sim"";325462;""Automóvel"";""VW/GOL 1.0 GIV"";2008;""Condutor"";""Ileso"";38;""Masculino"";1;0;0;0;-23",6891079;-46,"86172128;""SR-SP"";""DEL6/4"";""UOP01/SP""",
"182578;403080;2019-01-02;""quarta-feira"";""18:45:00"";""SP"";116;285;""ITAPECERICA DA SERRA"";""Sim"";""Falta de Atenção à Condução"";1;""Colisão traseira"";""Com Vítimas Feridas"";""Pleno dia"";""Decrescente"";""Sol"";""Dupla"";""Reta"";""Sim"";325461;""Automóvel"";""FIAT/SIENA FIRE FLEX"";2006;""Condutor"";""Ileso"";56;""Masculino"";1;0;0;0;-23",6891079;-46,"86172128;""SR-SP"";""DEL6/4"";""UOP01/SP""",
"182578;403079;2019-01-02;""quarta-feira"";""18:45:00"";""SP"";116;285;""ITAPECERICA DA SERRA"";""Sim"";""Falta de Atenção à Condução"";1;""Colisão traseira"";""Com Vítimas Feridas"";""Pleno dia"";""Decrescente"";""Sol"";""Dupla"";""Reta"";""Sim"";325460;""Utilitário"";""MMC/PAJERO TR4 FLEX HP"";2010;""Condutor"";""Ileso"";64;""Masculino"";1;0;0;0;-23",6891079;-46,"86172128;""SR-SP"";""DEL6/4"";""UOP01/SP""",
"182579;NA;2019-01-02;""quarta-feira"";""18:45:00"";""MG"";381;528","3;""BRUMADINHO"";""Sim"";""Velocidade Incompatível"";2;""Derramamento de carga"";""Com Vítimas Feridas"";""Anoitecer"";""Crescente"";""Chuva"";""Dupla"";""Curva"";""Não"";325602;""Semireboque"";""SR/SOUFER CA 3E"";2014;""Não Informado"";""Não Informado"";NA;""Não Informado"";0;0;0;0;-20",1634;-44,"3399;""SR-MG"";""DEL4/4"";""UOP03/MG"""
"182579;NA;2019-01-02;""quarta-feira"";""18:45:00"";""MG"";381;528","3;""BRUMADINHO"";""Não"";""Carga excessiva e/ou mal acondicionada"";2;""Derramamento de carga"";""Com Vítimas Feridas"";""Anoitecer"";""Crescente"";""Chuva"";""Dupla"";""Curva"";""Não"";325602;""Semireboque"";""SR/SOUFER CA 3E"";2014;""Não Informado"";""Não Informado"";NA;""Não Informado"";0;0;0;0;-20",1634;-44,"3399;""SR-MG"";""DEL4/4"";""UOP03/MG"""
"182579;NA;2019-01-02;""quarta-feira"";""18:45:00"";""MG"";381;528","3;""BRUMADINHO"";""Sim"";""Velocidade Incompatível"";1;""Tombamento"";""Com Vítimas Feridas"";""Anoitecer"";""Crescente"";""Chuva"";""Dupla"";""Curva"";""Não"";325602;""Semireboque"";""SR/SOUFER CA 3E"";2014;""Não Informado"";""Não Informado"";NA;""Não Informado"";0;0;0;0;-20",1634;-44,"3399;""SR-MG"";""DEL4/4"";""UOP03/MG"""
"182579;NA;2019-01-02;""quarta-feira"";""18:45:00"";""MG"";381;528","3;""BRUMADINHO"";""Não"";""Carga excessiva e/ou mal acondicionada"";1;""Tombamento"";""Com Vítimas Feridas"";""Anoitecer"";""Crescente"";""Chuva"";""Dupla"";""Curva"";""Não"";325602;""Semireboque"";""SR/SOUFER CA 3E"";2014;""Não Informado"";""Não Informado"";NA;""Não Informado"";0;0;0;0;-20",1634;-44,"3399;""SR-MG"";""DEL4/4"";""UOP03/MG"""
"182579;NA;2019-01-02;""quarta-feira"";""18:45:00"";""MG"";381;528","3;""BRUMADINHO"";""Sim"";""Velocidade Incompatível"";2;""Derramamento de carga"";""Com Vítimas Feridas"";""Anoitecer"";""Crescente"";""Chuva"";""Dupla"";""Curva"";""Não"";325604;""Semireboque"";""R/RANDON SR BA"";2010;""Não Informado"";""Não Informado"";NA;""Não Informado"";0;0;0;0;-20",1634;-44,"3399;""SR-MG"";""DEL4/4"";""UOP03/MG"""
"182579;NA;2019-01-02;""quarta-feira"";""18:45:00"";""MG"";381;528","3;""BRUMADINHO"";""Não"";""Carga excessiva e/ou mal acondicionada"";2;""Derramamento de carga"";""Com Vítimas Feridas"";""Anoitecer"";""Crescente"";""Chuva"";""Dupla"";""Curva"";""Não"";325604;""Semireboque"";""R/RANDON SR BA"";2010;""Não Informado"";""Não Informado"";NA;""Não Informado"";0;0;0;0;-20",1634;-44,"3399;""SR-MG"";""DEL4/4"";""UOP03/MG"""
"182579;NA;2019-01-02;""quarta-feira"";""18:45:00"";""MG"";381;528","3;""BRUMADINHO"";""Sim"";""Velocidade Incompatível"";1;""Tombamento"";""Com Vítimas Feridas"";""Anoitecer"";""Crescente"";""Chuva"";""Dupla"";""Curva"";""Não"";325604;""Semireboque"";""R/RANDON SR BA"";2010;""Não Informado"";""Não Informado"";NA;""Não Informado"";0;0;0;0;-20",1634;-44,"3399;""SR-MG"";""DEL4/4"";""UOP03/MG"""
"182579;NA;2019-01-02;""quarta-feira"";""18:45:00"";""MG"";381;528","3;""BRUMADINHO"";""Não"";""Carga excessiva e/ou mal acondicionada"";1;""Tombamento"";""Com Vítimas Feridas"";""Anoitecer"";""Crescente"";""Chuva"";""Dupla"";""Curva"";""Não"";325604;""Semireboque"";""R/RANDON SR BA"";2010;""Não Informado"";""Não Informado"";NA;""Não Informado"";0;0;0;0;-20",1634;-44,"3399;""SR-MG"";""DEL4/4"";""UOP03/MG"""
"182579;NA;2019-01-02;""quarta-feira"";""18:45:00"";""MG"";381;528","3;""BRUMADINHO"";""Sim"";""Velocidade Incompatível"";2;""Derramamento de carga"";""Com Vítimas Feridas"";""Anoitecer"";""Crescente"";""Chuva"";""Dupla"";""Curva"";""Não"";325603;""Semireboque"";""R/RANDON SR BA"";2011;""Não Informado"";""Não Informado"";NA;""Não Informado"";0;0;0;0;-20",1634;-44,"3399;""SR-MG"";""DEL4/4"";""UOP03/MG"""
"182579;NA;2019-01-02;""quarta-feira"";""18:45:00"";""MG"";381;528","3;""BRUMADINHO"";""Não"";""Carga excessiva e/ou mal acondicionada"";2;""Derramamento de carga"";""Com Vítimas Feridas"";""Anoitecer"";""Crescente"";""Chuva"";""Dupla"";""Curva"";""Não"";325603;""Semireboque"";""R/RANDON SR BA"";2011;""Não Informado"";""Não Informado"";NA;""Não Informado"";0;0;0;0;-20",1634;-44,"3399;""SR-MG"";""DEL4/4"";""UOP03/MG"""
"182579;NA;2019-01-02;""quarta-feira"";""18:45:00"";""MG"";381;528","3;""BRUMADINHO"";""Sim"";""Velocidade Incompatível"";1;""Tombamento"";""Com Vítimas Feridas"";""Anoitecer"";""Crescente"";""Chuva"";""Dupla"";""Curva"";""Não"";325603;""Semireboque"";""R/RANDON SR BA"";2011;""Não Informado"";""Não Informado"";NA;""Não Informado"";0;0;0;0;-20",1634;-44,"3399;""SR-MG"";""DEL4/4"";""UOP03/MG"""
"182579;NA;2019-01-02;""quarta-feira"";""18:45:00"";""MG"";381;528","3;""BRUMADINHO"";""Não"";""Carga excessiva e/ou mal acondicionada"";1;""Tombamento"";""Com Vítimas Feridas"";""Anoitecer"";""Crescente"";""Chuva"";""Dupla"";""Curva"";""Não"";325603;""Semireboque"";""R/RANDON SR BA"";2011;""Não Informado"";""Não Informado"";NA;""Não Informado"";0;0;0;0;-20",1634;-44,"3399;""SR-MG"";""DEL4/4"";""UOP03/MG"""
"182579;404870;2019-01-02;""quarta-feira"";""18:45:00"";""MG"";381;528","3;""BRUMADINHO"";""Sim"";""Velocidade Incompatível"";2;""Derramamento de carga"";""Com Vítimas Feridas"";""Anoitecer"";""Crescente"";""Chuva"";""Dupla"";""Curva"";""Não"";325519;""Caminhão-trator"";""VOLVO/FH 460 6X2T"";2012;""Condutor"";""Lesões Leves"";37;""Masculino"";0;1;0;0;-20",1634;-44,"3399;""SR-MG"";""DEL4/4"";""UOP03/MG"""
"182579;404870;2019-01-02;""quarta-feira"";""18:45:00"";""MG"";381;528","3;""BRUMADINHO"";""Não"";""Carga excessiva e/ou mal acondicionada"";2;""Derramamento de carga"";""Com Vítimas Feridas"";""Anoitecer"";""Crescente"";""Chuva"";""Dupla"";""Curva"";""Não"";325519;""Caminhão-trator"";""VOLVO/FH 460 6X2T"";2012;""Condutor"";""Lesões Leves"";37;""Masculino"";0;1;0;0;-20",1634;-44,"3399;""SR-MG"";""DEL4/4"";""UOP03/MG"""
"182579;404870;2019-01-02;""quarta-feira"";""18:45:00"";""MG"";381;528","3;""BRUMADINHO"";""Sim"";""Velocidade Incompatível"";1;""Tombamento"";""Com Vítimas Feridas"";""Anoitecer"";""Crescente"";""Chuva"";""Dupla"";""Curva"";""Não"";325519;""Caminhão-trator"";""VOLVO/FH 460 6X2T"";2012;""Condutor"";""Lesões Leves"";37;""Masculino"";0;1;0;0;-20",1634;-44,"3399;""SR-MG"";""DEL4/4"";""UOP03/MG"""
"182579;404870;2019-01-02;""quarta-feira"";""18:45:00"";""MG"";381;528","3;""BRUMADINHO"";""Não"";""Carga excessiva e/ou mal acondicionada"";1;""Tombamento"";""Com Vítimas Feridas"";""Anoitecer"";""Crescente"";""Chuva"";""Dupla"";""Curva"";""Não"";325519;""Caminhão-trator"";""VOLVO/FH 460 6X2T"";2012;""Condutor"";""Lesões Leves"";37;""Masculino"";0;1;0;0;-20",1634;-44,"3399;""SR-MG"";""DEL4/4"";""UOP03/MG"""
"182579;404871;2019-01-02;""quarta-feira"";""18:45:00"";""MG"";381;528","3;""BRUMADINHO"";""Sim"";""Velocidade Incompatível"";2;""Derramamento de carga"";""Com Vítimas Feridas"";""Anoitecer"";""Crescente"";""Chuva"";""Dupla"";""Curva"";""Não"";325519;""Caminhão-trator"";""VOLVO/FH 460 6X2T"";2012;""Passageiro"";""Lesões Graves"";35;""Masculino"";0;0;1;0;-20",1634;-44,"3399;""SR-MG"";""DEL4/4"";""UOP03/MG"""
"182579;404871;2019-01-02;""quarta-feira"";""18:45:00"";""MG"";381;528","3;""BRUMADINHO"";""Não"";""Carga excessiva e/ou mal acondicionada"";2;""Derramamento de carga"";""Com Vítimas Feridas"";""Anoitecer"";""Crescente"";""Chuva"";""Dupla"";""Curva"";""Não"";325519;""Caminhão-trator"";""VOLVO/FH 460 6X2T"";2012;""Passageiro"";""Lesões Graves"";35;""Masculino"";0;0;1;0;-20",1634;-44,"3399;""SR-MG"";""DEL4/4"";""UOP03/MG"""
"182579;404871;2019-01-02;""quarta-feira"";""18:45:00"";""MG"";381;528","3;""BRUMADINHO"";""Sim"";""Velocidade Incompatível"";1;""Tombamento"";""Com Vítimas Feridas"";""Anoitecer"";""Crescente"";""Chuva"";""Dupla"";""Curva"";""Não"";325519;""Caminhão-trator"";""VOLVO/FH 460 6X2T"";2012;""Passageiro"";""Lesões Graves"";35;""Masculino"";0;0;1;0;-20",1634;-44,"3399;""SR-MG"";""DEL4/4"";""UOP03/MG"""
"182579;404871;2019-01-02;""quarta-feira"";""18:45:00"";""MG"";381;528","3;""BRUMADINHO"";""Não"";""Carga excessiva e/ou mal acondicionada"";1;""Tombamento"";""Com Vítimas Feridas"";""Anoitecer"";""Crescente"";""Chuva"";""Dupla"";""Curva"";""Não"";325519;""Caminhão-trator"";""VOLVO/FH 460 6X2T"";2012;""Passageiro"";""Lesões Graves"";35;""Masculino"";0;0;1;0;-20",1634;-44,"3399;""SR-MG"";""DEL4/4"";""UOP03/MG"""
"182579;403209;2019-01-02;""quarta-feira"";""18:45:00"";""MG"";381;528","3;""BRUMADINHO"";""Sim"";""Velocidade Incompatível"";2;""Derramamento de carga"";""Com Vítimas Feridas"";""Anoitecer"";""Crescente"";""Chuva"";""Dupla"";""Curva"";""Não"";325521;""Caminhão-trator"";""SCANIA/T113 H 4X2 360"";1997;""Condutor"";""Ileso"";37;""Masculino"";1;0;0;0;-20",1634;-44,"3399;""SR-MG"";""DEL4/4"";""UOP03/MG"""
"182579;403209;2019-01-02;""quarta-feira"";""18:45:00"";""MG"";381;528","3;""BRUMADINHO"";""Não"";""Carga excessiva e/ou mal acondicionada"";2;""Derramamento de carga"";""Com Vítimas Feridas"";""Anoitecer"";""Crescente"";""Chuva"";""Dupla"";""Curva"";""Não"";325521;""Caminhão-trator"";""SCANIA/T113 H 4X2 360"";1997;""Condutor"";""Ileso"";37;""Masculino"";1;0;0;0;-20",1634;-44,"3399;""SR-MG"";""DEL4/4"";""UOP03/MG"""
"182579;403209;2019-01-02;""quarta-feira"";""18:45:00"";""MG"";381;528","3;""BRUMADINHO"";""Sim"";""Velocidade Incompatível"";1;""Tombamento"";""Com Vítimas Feridas"";""Anoitecer"";""Crescente"";""Chuva"";""Dupla"";""Curva"";""Não"";325521;""Caminhão-trator"";""SCANIA/T113 H 4X2 360"";1997;""Condutor"";""Ileso"";37;""Masculino"";1;0;0;0;-20",1634;-44,"3399;""SR-MG"";""DEL4/4"";""UOP03/MG"""
"182579;403209;2019-01-02;""quarta-feira"";""18:45:00"";""MG"";381;528","3;""BRUMADINHO"";""Não"";""Carga excessiva e/ou mal acondicionada"";1;""Tombamento"";""Com Vítimas Feridas"";""Anoitecer"";""Crescente"";""Chuva"";""Dupla"";""Curva"";""Não"";325521;""Caminhão-trator"";""SCANIA/T113 H 4X2 360"";1997;""Condutor"";""Ileso"";37;""Masculino"";1;0;0;0;-20",1634;-44,"3399;""SR-MG"";""DEL4/4"";""UOP03/MG"""
"182579;403211;2019-01-02;""quarta-feira"";""18:45:00"";""MG"";381;528","3;""BRUMADINHO"";""Sim"";""Velocidade Incompatível"";2;""Derramamento de carga"";""Com Vítimas Feridas"";""Anoitecer"";""Crescente"";""Chuva"";""Dupla"";""Curva"";""Não"";325519;""Caminhão-trator"";""VOLVO/FH 460 6X2T"";2012;""Passageiro"";""Lesões Graves"";39;""Masculino"";0;0;1;0;-20",1634;-44,"3399;""SR-MG"";""DEL4/4"";""UOP03/MG"""
"182579;403211;2019-01-02;""quarta-feira"";""18:45:00"";""MG"";381;528","3;""BRUMADINHO"";""Não"";""Carga excessiva e/ou mal acondicionada"";2;""Derramamento de carga"";""Com Vítimas Feridas"";""Anoitecer"";""Crescente"";""Chuva"";""Dupla"";""Curva"";""Não"";325519;""Caminhão-trator"";""VOLVO/FH 460 6X2T"";2012;""Passageiro"";""Lesões Graves"";39;""Masculino"";0;0;1;0;-20",1634;-44,"3399;""SR-MG"";""DEL4/4"";""UOP03/MG"""
"182579;403211;2019-01-02;""quarta-feira"";""18:45:00"";""MG"";381;528","3;""BRUMADINHO"";""Sim"";""Velocidade Incompatível"";1;""Tombamento"";""Com Vítimas Feridas"";""Anoitecer"";""Crescente"";""Chuva"";""Dupla"";""Curva"";""Não"";325519;""Caminhão-trator"";""VOLVO/FH 460 6X2T"";2012;""Passageiro"";""Lesões Graves"";39;""Masculino"";0;0;1;0;-20",1634;-44,"3399;""SR-MG"";""DEL4/4"";""UOP03/MG"""
"182579;403211;2019-01-02;""quarta-feira"";""18:45:00"";""MG"";381;528","3;""BRUMADINHO"";""Não"";""Carga excessiva e/ou mal acondicionada"";1;""Tombamento"";""Com Vítimas Feridas"";""Anoitecer"";""Crescente"";""Chuva"";""Dupla"";""Curva"";""Não"";325519;""Caminhão-trator"";""VOLVO/FH 460 6X2T"";2012;""Passageiro"";""Lesões Graves"";39;""Masculino"";0;0;1;0;-20",1634;-44,"3399;""SR-MG"";""DEL4/4"";""UOP03/MG"""
"182579;403208;2019-01-02;""quarta-feira"";""18:45:00"";""MG"";381;528","3;""BRUMADINHO"";""Sim"";""Velocidade Incompatível"";2;""Derramamento de carga"";""Com Vítimas Feridas"";""Anoitecer"";""Crescente"";""Chuva"";""Dupla"";""Curva"";""Não"";325520;""Caminhão-trator"";""SCANIA/G 420 A6X2"";2011;""Condutor"";""Ileso"";42;""Masculino"";1;0;0;0;-20",1634;-44,"3399;""SR-MG"";""DEL4/4"";""UOP03/MG"""
"182579;403208;2019-01-02;""quarta-feira"";""18:45:00"";""MG"";381;528","3;""BRUMADINHO"";""Não"";""Carga excessiva e/ou mal acondicionada"";2;""Derramamento de carga"";""Com Vítimas Feridas"";""Anoitecer"";""Crescente"";""Chuva"";""Dupla"";""Curva"";""Não"";325520;""Caminhão-trator"";""SCANIA/G 420 A6X2"";2011;""Condutor"";""Ileso"";42;""Masculino"";1;0;0;0;-20",1634;-44,"3399;""SR-MG"";""DEL4/4"";""UOP03/MG"""
"182579;403208;2019-01-02;""quarta-feira"";""18:45:00"";""MG"";381;528","3;""BRUMADINHO"";""Sim"";""Velocidade Incompatível"";1;""Tombamento"";""Com Vítimas Feridas"";""Anoitecer"";""Crescente"";""Chuva"";""Dupla"";""Curva"";""Não"";325520;""Caminhão-trator"";""SCANIA/G 420 A6X2"";2011;""Condutor"";""Ileso"";42;""Masculino"";1;0;0;0;-20",1634;-44,"3399;""SR-MG"";""DEL4/4"";""UOP03/MG"""
"182579;403208;2019-01-02;""quarta-feira"";""18:45:00"";""MG"";381;528","3;""BRUMADINHO"";""Não"";""Carga excessiva e/ou mal acondicionada"";1;""Tombamento"";""Com Vítimas Feridas"";""Anoitecer"";""Crescente"";""Chuva"";""Dupla"";""Curva"";""Não"";325520;""Caminhão-trator"";""SCANIA/G 420 A6X2"";2011;""Condutor"";""Ileso"";42;""Masculino"";1;0;0;0;-20",1634;-44,"3399;""SR-MG"";""DEL4/4"";""UOP03/MG"""
"182580;405022;2019-01-02;""quarta-feira"";""18:00:00"";""SC"";101;147;""ITAPEMA"";""Sim"";""Falta de Atenção à Condução"";1;""Colisão transversal"";""Com Vítimas Feridas"";""Pleno dia"";""Decrescente"";""Céu Claro"";""Dupla"";""Reta"";""Sim"";325513;""Motocicleta"";""HONDA/CG 160 START"";2017;""Condutor"";""Lesões Leves"";19;""Masculino"";0;1;0;0;-27",1012;-48,"618;""SR-SC"";""DEL8/4"";""UOP03/SC""",
"182580;405023;2019-01-02;""quarta-feira"";""18:00:00"";""SC"";101;147;""ITAPEMA"";""Sim"";""Falta de Atenção à Condução"";1;""Colisão transversal"";""Com Vítimas Feridas"";""Pleno dia"";""Decrescente"";""Céu Claro"";""Dupla"";""Reta"";""Sim"";325513;""Motocicleta"";""HONDA/CG 160 START"";2017;""Passageiro"";""Lesões Leves"";19;""Feminino"";0;1;0;0;-27",1012;-48,"618;""SR-SC"";""DEL8/4"";""UOP03/SC""",
"182580;405003;2019-01-02;""quarta-feira"";""18:00:00"";""SC"";101;147;""ITAPEMA"";""Sim"";""Falta de Atenção à Condução"";1;""Colisão transversal"";""Com Vítimas Feridas"";""Pleno dia"";""Decrescente"";""Céu Claro"";""Dupla"";""Reta"";""Sim"";325512;""Automóvel"";""FIAT/UNO VIVACE 1.0"";2010;""Condutor"";""Ileso"";21;""Masculino"";1;0;0;0;-27",1012;-48,"618;""SR-SC"";""DEL8/4"";""UOP03/SC""",
"182581;403012;2019-01-02;""quarta-feira"";""16:30:00"";""RJ"";101;46","9;""CAMPOS DOS GOYTACAZES"";""Sim"";""Falta de Atenção à Condução"";1;""Colisão transversal"";""Com Vítimas Feridas"";""Pleno dia"";""Crescente"";""Céu Claro"";""Simples"";""Interseção de vias"";""Sim"";325475;""Automóvel"";""FORD/FIESTA GL"";2001;""Condutor"";""Lesões Leves"";47;""Feminino"";0;1;0;0;-21",60639025;-41,"31675839;""SR-RJ"";""DEL5/8"";""UOP01/RJ"""
"182581;403013;2019-01-02;""quarta-feira"";""16:30:00"";""RJ"";101;46","9;""CAMPOS DOS GOYTACAZES"";""Sim"";""Falta de Atenção à Condução"";1;""Colisão transversal"";""Com Vítimas Feridas"";""Pleno dia"";""Crescente"";""Céu Claro"";""Simples"";""Interseção de vias"";""Sim"";325475;""Automóvel"";""FORD/FIESTA GL"";2001;""Passageiro"";""Lesões Leves"";40;""Feminino"";0;1;0;0;-21",60639025;-41,"31675839;""SR-RJ"";""DEL5/8"";""UOP01/RJ"""
"182581;403008;2019-01-02;""quarta-feira"";""16:30:00"";""RJ"";101;46","9;""CAMPOS DOS GOYTACAZES"";""Sim"";""Falta de Atenção à Condução"";1;""Colisão transversal"";""Com Vítimas Feridas"";""Pleno dia"";""Crescente"";""Céu Claro"";""Simples"";""Interseção de vias"";""Sim"";325474;""Automóvel"";""TOYOTA/ETIOS SD XS 15 MT"";2016;""Condutor"";""Ileso"";53;""Masculino"";1;0;0;0;-21",60639025;-41,"31675839;""SR-RJ"";""DEL5/8"";""UOP01/RJ"""
"182581;403015;2019-01-02;""quarta-feira"";""16:30:00"";""RJ"";101;46","9;""CAMPOS DOS GOYTACAZES"";""Sim"";""Falta de Atenção à Condução"";1;""Colisão transversal"";""Com Vítimas Feridas"";""Pleno dia"";""Crescente"";""Céu Claro"";""Simples"";""Interseção de vias"";""Sim"";325475;""Automóvel"";""FORD/FIESTA GL"";2001;""Passageiro"";""Ileso"";63;""Masculino"";1;0;0;0;-21",60639025;-41,"31675839;""SR-RJ"";""DEL5/8"";""UOP01/RJ"""
"182581;403011;2019-01-02;""quarta-feira"";""16:30:00"";""RJ"";101;46","9;""CAMPOS DOS GOYTACAZES"";""Sim"";""Falta de Atenção à Condução"";1;""Colisão transversal"";""Com Vítimas Feridas"";""Pleno dia"";""Crescente"";""Céu Claro"";""Simples"";""Interseção de vias"";""Sim"";325474;""Automóvel"";""TOYOTA/ETIOS SD XS 15 MT"";2016;""Passageiro"";""Lesões Leves"";52;""Feminino"";0;1;0;0;-21",60639025;-41,"31675839;""SR-RJ"";""DEL5/8"";""UOP01/RJ"""
"182583;403095;2019-01-02;""quarta-feira"";""16:40:00"";""PB"";230;396","4;""SAO BENTINHO"";""Sim"";""Mal Súbito"";1;""Queda de ocupante de veículo"";""Com Vítimas Fatais"";""Pleno dia"";""Crescente"";""Céu Claro"";""Simples"";""Reta"";""Não"";325533;""Caminhonete"";""TOYOTA/BANDEIRANTE"";1981;""Passageiro"";""Óbito"";41;""Masculino"";0;0;0;1;-6",841532;-37,"749267;""SR-PB"";""DEL14/3"";""UOP02/PB"""
"182583;403095;2019-01-02;""quarta-feira"";""16:40:00"";""PB"";230;396","4;""SAO BENTINHO"";""Não"";""Restrição de Visibilidade"";1;""Queda de ocupante de veículo"";""Com Vítimas Fatais"";""Pleno dia"";""Crescente"";""Céu Claro"";""Simples"";""Reta"";""Não"";325533;""Caminhonete"";""TOYOTA/BANDEIRANTE"";1981;""Passageiro"";""Óbito"";41;""Masculino"";0;0;0;1;-6",841532;-37,"749267;""SR-PB"";""DEL14/3"";""UOP02/PB"""