"id;""pesid"";""data_inversa"";""dia_semana"";""horario"";""uf"";""br"";""km"";""municipio"";""causa_principal"";""causa_acidente"";""ordem_tipo_acidente"";""tipo_acidente"";""classificacao_acidente"";""fase_dia"";""sentido_via"";""condicao_metereologica"";""tipo_pista"";""tracado_via"";""uso_solo"";""id_veiculo"";""tipo_veiculo"";""marca"";""ano_fabricacao_veiculo"";""tipo_envolvido"";""estado_fisico"";""idade"";""sexo"";""ilesos"";""feridos_leves"";""feridos_graves"";""mortos"";""latitude"";""longitude"";""regional"";""delegacia"";""uop""",,,
"182583;403766;2019-01-02;""quarta-feira"";""16:40:00"";""PB"";230;396","4;""SAO BENTINHO"";""Sim"";""Mal Súbito"";1;""Queda de ocupante de veículo"";""Com Vítimas Fatais"";""Pleno dia"";""Crescente"";""Céu Claro"";""Simples"";""Reta"";""Não"";325533;""Caminhonete"";""TOYOTA/BANDEIRANTE"";1981;""Passageiro"";""Ileso"";31;""Masculino"";1;0;0;0;-6",841532;-37,"749267;""SR-PB"";""DEL14/3"";""UOP02/PB"""
"182583;403766;2019-01-02;""quarta-feira"";""16:40:00"";""PB"";230;396","4;""SAO BENTINHO"";""Não"";""Restrição de Visibilidade"";1;""Queda de ocupante de veículo"";""Com Vítimas Fatais"";""Pleno dia"";""Crescente"";""Céu Claro"";""Simples"";""Reta"";""Não"";325533;""Caminhonete"";""TOYOTA/BANDEIRANTE"";1981;""Passageiro"";""Ileso"";31;""Masculino"";1;0;0;0;-6",841532;-37,"749267;""SR-PB"";""DEL14/3"";""UOP02/PB"""
"182583;403765;2019-01-02;""quarta-feira"";""16:40:00"";""PB"";230;396","4;""SAO BENTINHO"";""Sim"";""Mal Súbito"";1;""Queda de ocupante de veículo"";""Com Vítimas Fatais"";""Pleno dia"";""Crescente"";""Céu Claro"";""Simples"";""Reta"";""Não"";325533;""Caminhonete"";""TOYOTA/BANDEIRANTE"";1981;""Passageiro"";""Ileso"";24;""Masculino"";1;0;0;0;-6",841532;-37,"749267;""SR-PB"";""DEL14/3"";""UOP02/PB"""
"182583;403765;2019-01-02;""quarta-feira"";""16:40:00"";""PB"";230;396","4;""SAO BENTINHO"";""Não"";""Restrição de Visibilidade"";1;""Queda de ocupante de veículo"";""Com Vítimas Fatais"";""Pleno dia"";""Crescente"";""Céu Claro"";""Simples"";""Reta"";""Não"";325533;""Caminhonete"";""TOYOTA/BANDEIRANTE"";1981;""Passageiro"";""Ileso"";24;""Masculino"";1;0;0;0;-6",841532;-37,"749267;""SR-PB"";""DEL14/3"";""UOP02/PB"""
"182583;403764;2019-01-02;""quarta-feira"";""16:40:00"";""PB"";230;396","4;""SAO BENTINHO"";""Sim"";""Mal Súbito"";1;""Queda de ocupante de veículo"";""Com Vítimas Fatais"";""Pleno dia"";""Crescente"";""Céu Claro"";""Simples"";""Reta"";""Não"";325533;""Caminhonete"";""TOYOTA/BANDEIRANTE"";1981;""Passageiro"";""Ileso"";33;""Masculino"";1;0;0;0;-6",841532;-37,"749267;""SR-PB"";""DEL14/3"";""UOP02/PB"""
"182583;403764;2019-01-02;""quarta-feira"";""16:40:00"";""PB"";230;396","4;""SAO BENTINHO"";""Não"";""Restrição de Visibilidade"";1;""Queda de ocupante de veículo"";""Com Vítimas Fatais"";""Pleno dia"";""Crescente"";""Céu Claro"";""Simples"";""Reta"";""Não"";325533;""Caminhonete"";""TOYOTA/BANDEIRANTE"";1981;""Passageiro"";""Ileso"";33;""Masculino"";1;0;0;0;-6",841532;-37,"749267;""SR-PB"";""DEL14/3"";""UOP02/PB"""
"182583;403762;2019-01-02;""quarta-feira"";""16:40:00"";""PB"";230;396","4;""SAO BENTINHO"";""Sim"";""Mal Súbito"";1;""Queda de ocupante de veículo"";""Com Vítimas Fatais"";""Pleno dia"";""Crescente"";""Céu Claro"";""Simples"";""Reta"";""Não"";325533;""Caminhonete"";""TOYOTA/BANDEIRANTE"";1981;""Passageiro"";""Ileso"";59;""Masculino"";1;0;0;0;-6",841532;-37,"749267;""SR-PB"";""DEL14/3"";""UOP02/PB"""
"182583;403762;2019-01-02;""quarta-feira"";""16:40:00"";""PB"";230;396","4;""SAO BENTINHO"";""Não"";""Restrição de Visibilidade"";1;""Queda de ocupante de veículo"";""Com Vítimas Fatais"";""Pleno dia"";""Crescente"";""Céu Claro"";""Simples"";""Reta"";""Não"";325533;""Caminhonete"";""TOYOTA/BANDEIRANTE"";1981;""Passageiro"";""Ileso"";59;""Masculino"";1;0;0;0;-6",841532;-37,"749267;""SR-PB"";""DEL14/3"";""UOP02/PB"""
"182583;403759;2019-01-02;""quarta-feira"";""16:40:00"";""PB"";230;396","4;""SAO BENTINHO"";""Sim"";""Mal Súbito"";1;""Queda de ocupante de veículo"";""Com Vítimas Fatais"";""Pleno dia"";""Crescente"";""Céu Claro"";""Simples"";""Reta"";""Não"";325533;""Caminhonete"";""TOYOTA/BANDEIRANTE"";1981;""Condutor"";""Ileso"";33;""Masculino"";1;0;0;0;-6",841532;-37,"749267;""SR-PB"";""DEL14/3"";""UOP02/PB"""
"182583;403759;2019-01-02;""quarta-feira"";""16:40:00"";""PB"";230;396","4;""SAO BENTINHO"";""Não"";""Restrição de Visibilidade"";1;""Queda de ocupante de veículo"";""Com Vítimas Fatais"";""Pleno dia"";""Crescente"";""Céu Claro"";""Simples"";""Reta"";""Não"";325533;""Caminhonete"";""TOYOTA/BANDEIRANTE"";1981;""Condutor"";""Ileso"";33;""Masculino"";1;0;0;0;-6",841532;-37,"749267;""SR-PB"";""DEL14/3"";""UOP02/PB"""
"182584;403120;2019-01-02;""quarta-feira"";""19:30:00"";""SC"";280;21","3;""ARAQUARI"";""Sim"";""Falta de Atenção à Condução"";1;""Colisão transversal"";""Com Vítimas Feridas"";""Anoitecer"";""Crescente"";""Céu Claro"";""Simples"";""Reta"";""Não"";325502;""Motocicleta"";""HONDA/XRE 300"";2017;""Condutor"";""Lesões Graves"";55;""Masculino"";0;0;1;0;-26",370432;-48,"692196;""SR-SC"";""DEL8/3"";""UOP03/SC"""
"182584;403121;2019-01-02;""quarta-feira"";""19:30:00"";""SC"";280;21","3;""ARAQUARI"";""Sim"";""Falta de Atenção à Condução"";1;""Colisão transversal"";""Com Vítimas Feridas"";""Anoitecer"";""Crescente"";""Céu Claro"";""Simples"";""Reta"";""Não"";325502;""Motocicleta"";""HONDA/XRE 300"";2017;""Passageiro"";""Lesões Graves"";52;""Feminino"";0;0;1;0;-26",370432;-48,"692196;""SR-SC"";""DEL8/3"";""UOP03/SC"""
"182584;403122;2019-01-02;""quarta-feira"";""19:30:00"";""SC"";280;21","3;""ARAQUARI"";""Sim"";""Falta de Atenção à Condução"";1;""Colisão transversal"";""Com Vítimas Feridas"";""Anoitecer"";""Crescente"";""Céu Claro"";""Simples"";""Reta"";""Não"";325503;""Bicicleta"";"""";NA;""Condutor"";""Lesões Graves"";44;""Masculino"";0;0;1;0;-26",370432;-48,"692196;""SR-SC"";""DEL8/3"";""UOP03/SC"""
"182585;405019;2019-01-02;""quarta-feira"";""17:00:00"";""RJ"";40;84;""PETROPOLIS"";""Sim"";""Restrição de Visibilidade"";1;""Colisão traseira"";""Com Vítimas Feridas"";""Pleno dia"";""Crescente"";""Céu Claro"";""Simples"";""Curva"";""Não"";326649;""Automóvel"";""FIAT/PALIO WK ADVEN FLEX"";2009;""Passageiro"";""Lesões Leves"";55;""Feminino"";0;1;0;0;-22",5511;-43,"2257;""SR-RJ"";""DEL5/6"";""UOP03/RJ""",
"182585;405017;2019-01-02;""quarta-feira"";""17:00:00"";""RJ"";40;84;""PETROPOLIS"";""Sim"";""Restrição de Visibilidade"";1;""Colisão traseira"";""Com Vítimas Feridas"";""Pleno dia"";""Crescente"";""Céu Claro"";""Simples"";""Curva"";""Não"";326650;""Caminhão-trator"";""VW/19.360 CTC 4X2"";2016;""Condutor"";""Ileso"";41;""Masculino"";1;0;0;0;-22",5511;-43,"2257;""SR-RJ"";""DEL5/6"";""UOP03/RJ""",
"182585;405016;2019-01-02;""quarta-feira"";""17:00:00"";""RJ"";40;84;""PETROPOLIS"";""Sim"";""Restrição de Visibilidade"";1;""Colisão traseira"";""Com Vítimas Feridas"";""Pleno dia"";""Crescente"";""Céu Claro"";""Simples"";""Curva"";""Não"";326649;""Automóvel"";""FIAT/PALIO WK ADVEN FLEX"";2009;""Condutor"";""Ileso"";57;""Masculino"";1;0;0;0;-22",5511;-43,"2257;""SR-RJ"";""DEL5/6"";""UOP03/RJ""",
"182585;405014;2019-01-02;""quarta-feira"";""17:00:00"";""RJ"";40;84;""PETROPOLIS"";""Sim"";""Restrição de Visibilidade"";1;""Colisão traseira"";""Com Vítimas Feridas"";""Pleno dia"";""Crescente"";""Céu Claro"";""Simples"";""Curva"";""Não"";326648;""Automóvel"";""I/FIAT CRONOS PREC AT"";2018;""Condutor"";""Ileso"";49;""Masculino"";1;0;0;0;-22",5511;-43,"2257;""SR-RJ"";""DEL5/6"";""UOP03/RJ""",
"182585;405013;2019-01-02;""quarta-feira"";""17:00:00"";""RJ"";40;84;""PETROPOLIS"";""Sim"";""Restrição de Visibilidade"";1;""Colisão traseira"";""Com Vítimas Feridas"";""Pleno dia"";""Crescente"";""Céu Claro"";""Simples"";""Curva"";""Não"";326647;""Automóvel"";""HONDA/FIT TWIST"";2012;""Condutor"";""Ileso"";72;""Masculino"";1;0;0;0;-22",5511;-43,"2257;""SR-RJ"";""DEL5/6"";""UOP03/RJ""",
"182585;405011;2019-01-02;""quarta-feira"";""17:00:00"";""RJ"";40;84;""PETROPOLIS"";""Sim"";""Restrição de Visibilidade"";1;""Colisão traseira"";""Com Vítimas Feridas"";""Pleno dia"";""Crescente"";""Céu Claro"";""Simples"";""Curva"";""Não"";326646;""Automóvel"";""FORD/FIESTA FLEX"";2012;""Condutor"";""Ileso"";29;""Masculino"";1;0;0;0;-22",5511;-43,"2257;""SR-RJ"";""DEL5/6"";""UOP03/RJ""",
"182585;405021;2019-01-02;""quarta-feira"";""17:00:00"";""RJ"";40;84;""PETROPOLIS"";""Sim"";""Restrição de Visibilidade"";1;""Colisão traseira"";""Com Vítimas Feridas"";""Pleno dia"";""Crescente"";""Céu Claro"";""Simples"";""Curva"";""Não"";326649;""Automóvel"";""FIAT/PALIO WK ADVEN FLEX"";2009;""Passageiro"";""Lesões Leves"";75;""Feminino"";0;1;0;0;-22",5511;-43,"2257;""SR-RJ"";""DEL5/6"";""UOP03/RJ""",
"182586;403392;2019-01-02;""quarta-feira"";""19:30:00"";""SP"";381;90;""GUARULHOS"";""Sim"";""Falta de Atenção do Pedestre"";1;""Atropelamento de Pedestre"";""Com Vítimas Feridas"";""Anoitecer"";""Decrescente"";""Céu Claro"";""Múltipla"";""Reta"";""Não"";325504;""Automóvel"";"""";NA;""Pedestre"";""Lesões Graves"";29;""Masculino"";0;0;1;0;-23",49842135;-46,"55950167;""SR-SP"";""DEL6/3"";""UOP02/SP""",
"182586;403419;2019-01-02;""quarta-feira"";""19:30:00"";""SP"";381;90;""GUARULHOS"";""Sim"";""Falta de Atenção do Pedestre"";1;""Atropelamento de Pedestre"";""Com Vítimas Feridas"";""Anoitecer"";""Decrescente"";""Céu Claro"";""Múltipla"";""Reta"";""Não"";325504;""Automóvel"";"""";NA;""Condutor"";""Não Informado"";NA;""Não Informado"";0;0;0;0;-23",49842135;-46,"55950167;""SR-SP"";""DEL6/3"";""UOP02/SP""",
"182587;404912;2019-01-02;""quarta-feira"";""19:40:00"";""DF"";20;7","3;""BRASILIA"";""Sim"";""Agressão Externa"";1;""Saída de leito carroçável"";""Com Vítimas Feridas"";""Pleno dia"";""Crescente"";""Ignorado"";""Dupla"";""Reta"";""Sim"";325542;""Automóvel"";""TOYOTA/COROLLA XLI16VVT"";2006;""Passageiro"";""Lesões Leves"";NA;""Feminino"";0;1;0;0;-15",662208;-47,"799866;""SR-DF"";""UOP01/DEL02/DF"";"""""
"182587;404911;2019-01-02;""quarta-feira"";""19:40:00"";""DF"";20;7","3;""BRASILIA"";""Sim"";""Agressão Externa"";1;""Saída de leito carroçável"";""Com Vítimas Feridas"";""Pleno dia"";""Crescente"";""Ignorado"";""Dupla"";""Reta"";""Sim"";325542;""Automóvel"";""TOYOTA/COROLLA XLI16VVT"";2006;""Passageiro"";""Lesões Leves"";40;""Masculino"";0;1;0;0;-15",662208;-47,"799866;""SR-DF"";""UOP01/DEL02/DF"";"""""
"182587;404910;2019-01-02;""quarta-feira"";""19:40:00"";""DF"";20;7","3;""BRASILIA"";""Sim"";""Agressão Externa"";1;""Saída de leito carroçável"";""Com Vítimas Feridas"";""Pleno dia"";""Crescente"";""Ignorado"";""Dupla"";""Reta"";""Sim"";325542;""Automóvel"";""TOYOTA/COROLLA XLI16VVT"";2006;""Condutor"";""Lesões Leves"";29;""Feminino"";0;1;0;0;-15",662208;-47,"799866;""SR-DF"";""UOP01/DEL02/DF"";"""""
"182588;403238;2019-01-02;""quarta-feira"";""17:30:00"";""BA"";101;885;""TEIXEIRA DE FREITAS"";""Sim"";""Velocidade Incompatível"";1;""Colisão frontal"";""Com Vítimas Feridas"";""Pleno dia"";""Crescente"";""Céu Claro"";""Simples"";""Curva"";""Não"";325516;""Caminhonete"";""MMC/L200 TRITON GLX D"";2013;""Condutor"";""Lesões Leves"";57;""Masculino"";0;1;0;0;-17",5933;-39,"7474;""SR-BA"";""DEL10/9"";""UOP03/BA""",
"182588;403241;2019-01-02;""quarta-feira"";""17:30:00"";""BA"";101;885;""TEIXEIRA DE FREITAS"";""Sim"";""Velocidade Incompatível"";1;""Colisão frontal"";""Com Vítimas Feridas"";""Pleno dia"";""Crescente"";""Céu Claro"";""Simples"";""Curva"";""Não"";325516;""Caminhonete"";""MMC/L200 TRITON GLX D"";2013;""Passageiro"";""Lesões Leves"";38;""Masculino"";0;1;0;0;-17",5933;-39,"7474;""SR-BA"";""DEL10/9"";""UOP03/BA""",
"182588;403257;2019-01-02;""quarta-feira"";""17:30:00"";""BA"";101;885;""TEIXEIRA DE FREITAS"";""Sim"";""Velocidade Incompatível"";1;""Colisão frontal"";""Com Vítimas Feridas"";""Pleno dia"";""Crescente"";""Céu Claro"";""Simples"";""Curva"";""Não"";325617;""Automóvel"";""FORD/KA SE 1.5 SD"";2015;""Passageiro"";""Ileso"";64;""Feminino"";1;0;0;0;-17",5933;-39,"7474;""SR-BA"";""DEL10/9"";""UOP03/BA""",
"182588;403242;2019-01-02;""quarta-feira"";""17:30:00"";""BA"";101;885;""TEIXEIRA DE FREITAS"";""Sim"";""Velocidade Incompatível"";1;""Colisão frontal"";""Com Vítimas Feridas"";""Pleno dia"";""Crescente"";""Céu Claro"";""Simples"";""Curva"";""Não"";325617;""Automóvel"";""FORD/KA SE 1.5 SD"";2015;""Condutor"";""Ileso"";72;""Masculino"";1;0;0;0;-17",5933;-39,"7474;""SR-BA"";""DEL10/9"";""UOP03/BA""",
"182588;403253;2019-01-02;""quarta-feira"";""17:30:00"";""BA"";101;885;""TEIXEIRA DE FREITAS"";""Sim"";""Velocidade Incompatível"";1;""Colisão frontal"";""Com Vítimas Feridas"";""Pleno dia"";""Crescente"";""Céu Claro"";""Simples"";""Curva"";""Não"";325617;""Automóvel"";""FORD/KA SE 1.5 SD"";2015;""Passageiro"";""Ileso"";69;""Feminino"";1;0;0;0;-17",5933;-39,"7474;""SR-BA"";""DEL10/9"";""UOP03/BA""",
"182588;403244;2019-01-02;""quarta-feira"";""17:30:00"";""BA"";101;885;""TEIXEIRA DE FREITAS"";""Sim"";""Velocidade Incompatível"";1;""Colisão frontal"";""Com Vítimas Feridas"";""Pleno dia"";""Crescente"";""Céu Claro"";""Simples"";""Curva"";""Não"";325617;""Automóvel"";""FORD/KA SE 1.5 SD"";2015;""Passageiro"";""Lesões Leves"";77;""Masculino"";0;1;0;0;-17",5933;-39,"7474;""SR-BA"";""DEL10/9"";""UOP03/BA""",
"182589;403218;2019-01-02;""quarta-feira"";""18:50:00"";""RS"";471;183","9;""RIO PARDO"";""Sim"";""Ingestão de Álcool"";1;""Colisão frontal"";""Com Vítimas Feridas"";""Pleno dia"";""Crescente"";""Céu Claro"";""Simples"";""Reta"";""Não"";325610;""Automóvel"";""I/FORD FOCUS 2.0L FC"";2002;""Condutor"";""Lesões Graves"";26;""Masculino"";0;0;1;0;-30",103298;-52,"367062;""SR-RS"";""DEL9/2"";""UOP03/RS"""
"182589;403214;2019-01-02;""quarta-feira"";""18:50:00"";""RS"";471;183","9;""RIO PARDO"";""Sim"";""Ingestão de Álcool"";1;""Colisão frontal"";""Com Vítimas Feridas"";""Pleno dia"";""Crescente"";""Céu Claro"";""Simples"";""Reta"";""Não"";325609;""Automóvel"";""VW/GOL SPECIAL"";2002;""Condutor"";""Lesões Graves"";38;""Masculino"";0;0;1;0;-30",103298;-52,"367062;""SR-RS"";""DEL9/2"";""UOP03/RS"""
"182589;403234;2019-01-02;""quarta-feira"";""18:50:00"";""RS"";471;183","9;""RIO PARDO"";""Sim"";""Ingestão de Álcool"";1;""Colisão frontal"";""Com Vítimas Feridas"";""Pleno dia"";""Crescente"";""Céu Claro"";""Simples"";""Reta"";""Não"";325609;""Automóvel"";""VW/GOL SPECIAL"";2002;""Passageiro"";""Lesões Leves"";20;""Feminino"";0;1;0;0;-30",103298;-52,"367062;""SR-RS"";""DEL9/2"";""UOP03/RS"""
"182589;403232;2019-01-02;""quarta-feira"";""18:50:00"";""RS"";471;183","9;""RIO PARDO"";""Sim"";""Ingestão de Álcool"";1;""Colisão frontal"";""Com Vítimas Feridas"";""Pleno dia"";""Crescente"";""Céu Claro"";""Simples"";""Reta"";""Não"";325609;""Automóvel"";""VW/GOL SPECIAL"";2002;""Passageiro"";""Lesões Leves"";22;""Feminino"";0;1;0;0;-30",103298;-52,"367062;""SR-RS"";""DEL9/2"";""UOP03/RS"""
"182589;403228;2019-01-02;""quarta-feira"";""18:50:00"";""RS"";471;183","9;""RIO PARDO"";""Sim"";""Ingestão de Álcool"";1;""Colisão frontal"";""Com Vítimas Feridas"";""Pleno dia"";""Crescente"";""Céu Claro"";""Simples"";""Reta"";""Não"";325609;""Automóvel"";""VW/GOL SPECIAL"";2002;""Passageiro"";""Lesões Leves"";35;""Masculino"";0;1;0;0;-30",103298;-52,"367062;""SR-RS"";""DEL9/2"";""UOP03/RS"""
"182590;403043;2019-01-02;""quarta-feira"";""10:30:00"";""RJ"";101;319;""NITEROI"";""Sim"";""Falta de Atenção à Condução"";1;""Queda de ocupante de veículo"";""Com Vítimas Feridas"";""Pleno dia"";""Crescente"";""Céu Claro"";""Dupla"";""Reta"";""Sim"";325482;""Motocicleta"";""HONDA/CG150 FAN ESDI"";2012;""Passageiro"";""Ileso"";23;""Masculino"";1;0;0;0;-22",854151;-43,"101822;""SR-RJ"";""DEL5/2"";""UOP04/RJ""",
"182590;403038;2019-01-02;""quarta-feira"";""10:30:00"";""RJ"";101;319;""NITEROI"";""Sim"";""Falta de Atenção à Condução"";1;""Queda de ocupante de veículo"";""Com Vítimas Feridas"";""Pleno dia"";""Crescente"";""Céu Claro"";""Dupla"";""Reta"";""Sim"";325482;""Motocicleta"";""HONDA/CG150 FAN ESDI"";2012;""Condutor"";""Lesões Leves"";26;""Masculino"";0;1;0;0;-22",854151;-43,"101822;""SR-RJ"";""DEL5/2"";""UOP04/RJ""",
"182591;403194;2019-01-02;""quarta-feira"";""17:00:00"";""MG"";40;692","6;""ALFREDO VASCONCELOS"";""Sim"";""Não guardar distância de segurança"";1;""Colisão traseira"";""Com Vítimas Feridas"";""Pleno dia"";""Crescente"";""Nublado"";""Simples"";""Reta"";""Sim"";325514;""Automóvel"";""FORD/FIESTA"";1998;""Condutor"";""Lesões Leves"";21;""Feminino"";0;1;0;0;-21",1563;-43,"7624;""SR-MG"";""DEL5"";""UOP02/MG"""
"182591;403195;2019-01-02;""quarta-feira"";""17:00:00"";""MG"";40;692","6;""ALFREDO VASCONCELOS"";""Sim"";""Não guardar distância de segurança"";1;""Colisão traseira"";""Com Vítimas Feridas"";""Pleno dia"";""Crescente"";""Nublado"";""Simples"";""Reta"";""Sim"";325515;""Automóvel"";""FORD/KA SE 1.0 HA"";2015;""Condutor"";""Ileso"";39;""Feminino"";1;0;0;0;-21",1563;-43,"7624;""SR-MG"";""DEL5"";""UOP02/MG"""
"182592;NA;2019-01-02;""quarta-feira"";""14:40:00"";""MG"";116;777","2;""LEOPOLDINA"";""Sim"";""Condutor Dormindo"";1;""Saída de leito carroçável"";""Com Vítimas Feridas"";""Pleno dia"";""Decrescente"";""Céu Claro"";""Simples"";""Reta"";""Não"";325511;""Semireboque"";""REB/A.GUERRA"";1995;""Não Informado"";""Não Informado"";NA;""Não Informado"";0;0;0;0;-21",59630793;-42,"69102305;""SR-MG"";""DEL4/7"";""UOP01/MG"""
"182592;403085;2019-01-02;""quarta-feira"";""14:40:00"";""MG"";116;777","2;""LEOPOLDINA"";""Sim"";""Condutor Dormindo"";1;""Saída de leito carroçável"";""Com Vítimas Feridas"";""Pleno dia"";""Decrescente"";""Céu Claro"";""Simples"";""Reta"";""Não"";325507;""Caminhão-trator"";""M.BENZ/LS 1632"";2000;""Condutor"";""Lesões Leves"";50;""Masculino"";0;1;0;0;-21",59630793;-42,"69102305;""SR-MG"";""DEL4/7"";""UOP01/MG"""
"182592;403086;2019-01-02;""quarta-feira"";""14:40:00"";""MG"";116;777","2;""LEOPOLDINA"";""Sim"";""Condutor Dormindo"";1;""Saída de leito carroçável"";""Com Vítimas Feridas"";""Pleno dia"";""Decrescente"";""Céu Claro"";""Simples"";""Reta"";""Não"";325507;""Caminhão-trator"";""M.BENZ/LS 1632"";2000;""Passageiro"";""Lesões Leves"";47;""Masculino"";0;1;0;0;-21",59630793;-42,"69102305;""SR-MG"";""DEL4/7"";""UOP01/MG"""
"182593;403235;2019-01-02;""quarta-feira"";""19:15:00"";""PI"";222;21","2;""SAO JOAO DA FRONTEIRA"";""Sim"";""Animais na Pista"";1;""Atropelamento de Animal"";""Com Vítimas Feridas"";""Plena Noite"";""Decrescente"";""Céu Claro"";""Simples"";""Reta"";""Não"";325536;""Motocicleta"";""HONDA/CG 150 TITAN ES"";2008;""Passageiro"";""Lesões Leves"";25;""Masculino"";0;1;0;0;-3",985492;-41,"398701;""SR-PI"";""DEL17/2"";""UOP01/PI"""
"182593;403233;2019-01-02;""quarta-feira"";""19:15:00"";""PI"";222;21","2;""SAO JOAO DA FRONTEIRA"";""Sim"";""Animais na Pista"";1;""Atropelamento de Animal"";""Com Vítimas Feridas"";""Plena Noite"";""Decrescente"";""Céu Claro"";""Simples"";""Reta"";""Não"";325536;""Motocicleta"";""HONDA/CG 150 TITAN ES"";2008;""Condutor"";""Lesões Leves"";25;""Masculino"";0;1;0;0;-3",985492;-41,"398701;""SR-PI"";""DEL17/2"";""UOP01/PI"""
"182594;403110;2019-01-02;""quarta-feira"";""19:50:00"";""RJ"";493;58;""DUQUE DE CAXIAS"";""Sim"";""Falta de Atenção à Condução"";1;""Capotamento"";""Com Vítimas Feridas"";""Anoitecer"";""Decrescente"";""Céu Claro"";""Dupla"";""Reta"";""Não"";325531;""Automóvel"";""I/FORD FOCUS FC FLEX"";2011;""Passageiro"";""Lesões Leves"";NA;""Feminino"";0;1;0;0;-22",672079;-43,"285179;""SR-RJ"";""DEL5/1"";""UOP01/RJ""",
"182594;403103;2019-01-02;""quarta-feira"";""19:50:00"";""RJ"";493;58;""DUQUE DE CAXIAS"";""Sim"";""Falta de Atenção à Condução"";1;""Capotamento"";""Com Vítimas Feridas"";""Anoitecer"";""Decrescente"";""Céu Claro"";""Dupla"";""Reta"";""Não"";325531;""Automóvel"";""I/FORD FOCUS FC FLEX"";2011;""Condutor"";""Ileso"";40;""Masculino"";1;0;0;0;-22",672079;-43,"285179;""SR-RJ"";""DEL5/1"";""UOP01/RJ""",
"182594;403108;2019-01-02;""quarta-feira"";""19:50:00"";""RJ"";493;58;""DUQUE DE CAXIAS"";""Sim"";""Falta de Atenção à Condução"";1;""Capotamento"";""Com Vítimas Feridas"";""Anoitecer"";""Decrescente"";""Céu Claro"";""Dupla"";""Reta"";""Não"";325532;""Automóvel"";""VW/POLO 1.6 SPORTLINE"";2012;""Passageiro"";""Ileso"";5;""Feminino"";1;0;0;0;-22",672079;-43,"285179;""SR-RJ"";""DEL5/1"";""UOP01/RJ""",
"182594;403106;2019-01-02;""quarta-feira"";""19:50:00"";""RJ"";493;58;""DUQUE DE CAXIAS"";""Sim"";""Falta de Atenção à Condução"";1;""Capotamento"";""Com Vítimas Feridas"";""Anoitecer"";""Decrescente"";""Céu Claro"";""Dupla"";""Reta"";""Não"";325532;""Automóvel"";""VW/POLO 1.6 SPORTLINE"";2012;""Passageiro"";""Ileso"";28;""Feminino"";1;0;0;0;-22",672079;-43,"285179;""SR-RJ"";""DEL5/1"";""UOP01/RJ""",
"182594;403104;2019-01-02;""quarta-feira"";""19:50:00"";""RJ"";493;58;""DUQUE DE CAXIAS"";""Sim"";""Falta de Atenção à Condução"";1;""Capotamento"";""Com Vítimas Feridas"";""Anoitecer"";""Decrescente"";""Céu Claro"";""Dupla"";""Reta"";""Não"";325532;""Automóvel"";""VW/POLO 1.6 SPORTLINE"";2012;""Condutor"";""Ileso"";28;""Masculino"";1;0;0;0;-22",672079;-43,"285179;""SR-RJ"";""DEL5/1"";""UOP01/RJ""",
"182594;403097;2019-01-02;""quarta-feira"";""19:50:00"";""RJ"";493;58;""DUQUE DE CAXIAS"";""Sim"";""Falta de Atenção à Condução"";1;""Capotamento"";""Com Vítimas Feridas"";""Anoitecer"";""Decrescente"";""Céu Claro"";""Dupla"";""Reta"";""Não"";325530;""Automóvel"";"""";NA;""Condutor"";""Não Informado"";NA;""Não Informado"";0;0;0;0;-22",672079;-43,"285179;""SR-RJ"";""DEL5/1"";""UOP01/RJ""",
"182595;405168;2019-01-02;""quarta-feira"";""20:15:00"";""SC"";101;95","5;""BARRA VELHA"";""Sim"";""Falta de Atenção à Condução"";1;""Colisão transversal"";""Com Vítimas Feridas"";""Plena Noite"";""Decrescente"";""Nublado"";""Simples"";""Viaduto"";""Não"";325567;""Caminhonete"";""I/FORD RANGER XLS 13P"";2007;""Passageiro"";""Lesões Leves"";119;""Masculino"";0;1;0;0;-26",71525374;-48,"70234966;""SR-SC"";""DEL8/3"";""UOP02/SC"""
"182595;405166;2019-01-02;""quarta-feira"";""20:15:00"";""SC"";101;95","5;""BARRA VELHA"";""Sim"";""Falta de Atenção à Condução"";1;""Colisão transversal"";""Com Vítimas Feridas"";""Plena Noite"";""Decrescente"";""Nublado"";""Simples"";""Viaduto"";""Não"";325567;""Caminhonete"";""I/FORD RANGER XLS 13P"";2007;""Condutor"";""Ileso"";47;""Feminino"";1;0;0;0;-26",71525374;-48,"70234966;""SR-SC"";""DEL8/3"";""UOP02/SC"""
"182595;405165;2019-01-02;""quarta-feira"";""20:15:00"";""SC"";101;95","5;""BARRA VELHA"";""Sim"";""Falta de Atenção à Condução"";1;""Colisão transversal"";""Com Vítimas Feridas"";""Plena Noite"";""Decrescente"";""Nublado"";""Simples"";""Viaduto"";""Não"";325566;""Automóvel"";""I/CITROEN C4 PALLAS20GAF"";2010;""Condutor"";""Ileso"";33;""Masculino"";1;0;0;0;-26",71525374;-48,"70234966;""SR-SC"";""DEL8/3"";""UOP02/SC"""
"182596;403303;2019-01-02;""quarta-feira"";""19:00:00"";""SE"";235;2","4;""ARACAJU"";""Sim"";""Falta de Atenção à Condução"";1;""Atropelamento de Pedestre"";""Com Vítimas Feridas"";""Plena Noite"";""Crescente"";""Nublado"";""Dupla"";""Interseção de vias"";""Sim"";325569;""Motocicleta"";"""";NA;""Pedestre"";""Lesões Leves"";41;""Feminino"";0;1;0;0;-10",9062;-37,"1034;""SR-SE"";""DEL20/1"";""UOP01/SE"""
"182596;403299;2019-01-02;""quarta-feira"";""19:00:00"";""SE"";235;2","4;""ARACAJU"";""Sim"";""Falta de Atenção à Condução"";1;""Atropelamento de Pedestre"";""Com Vítimas Feridas"";""Plena Noite"";""Crescente"";""Nublado"";""Dupla"";""Interseção de vias"";""Sim"";325569;""Motocicleta"";"""";NA;""Condutor"";""Ileso"";NA;""Masculino"";1;0;0;0;-10",9062;-37,"1034;""SR-SE"";""DEL20/1"";""UOP01/SE"""