"id;""pesid"";""data_inversa"";""dia_semana"";""horario"";""uf"";""br"";""km"";""municipio"";""causa_principal"";""causa_acidente"";""ordem_tipo_acidente"";""tipo_acidente"";""classificacao_acidente"";""fase_dia"";""sentido_via"";""condicao_metereologica"";""tipo_pista"";""tracado_via"";""uso_solo"";""id_veiculo"";""tipo_veiculo"";""marca"";""ano_fabricacao_veiculo"";""tipo_envolvido"";""estado_fisico"";""idade"";""sexo"";""ilesos"";""feridos_leves"";""feridos_graves"";""mortos"";""latitude"";""longitude"";""regional"";""delegacia"";""uop""",,,
"182613;404985;2019-01-02;""quarta-feira"";""20:40:00"";""GO"";60;410;""RIO VERDE"";""Sim"";""Restrição de Visibilidade"";1;""Colisão traseira"";""Com Vítimas Feridas"";""Plena Noite"";""Decrescente"";""Céu Claro"";""Dupla"";""Reta"";""Não"";325510;""Motocicleta"";""HONDA/CG 150 TITAN ES"";2008;""Condutor"";""Lesões Leves"";55;""Masculino"";0;1;0;0;-17",8173;-51,"1472;""SR-GO"";""DEL1/4"";""UOP01/GO""",
"182613;404988;2019-01-02;""quarta-feira"";""20:40:00"";""GO"";60;410;""RIO VERDE"";""Sim"";""Restrição de Visibilidade"";1;""Colisão traseira"";""Com Vítimas Feridas"";""Plena Noite"";""Decrescente"";""Céu Claro"";""Dupla"";""Reta"";""Não"";326742;""Automóvel"";"""";NA;""Condutor"";""Não Informado"";NA;""Não Informado"";0;0;0;0;-17",8173;-51,"1472;""SR-GO"";""DEL1/4"";""UOP01/GO""",
"182614;403166;2019-01-02;""quarta-feira"";""09:45:00"";""MA"";316;545;""CAXIAS"";""Sim"";""Falta de Atenção à Condução"";1;""Colisão lateral"";""Com Vítimas Feridas"";""Pleno dia"";""Decrescente"";""Sol"";""Simples"";""Reta"";""Sim"";325517;""Motocicleta"";""HONDA/NXR160 BROS ESDD"";2015;""Condutor"";""Lesões Leves"";22;""Masculino"";0;1;0;0;-4",871758;-43,"403427;""SR-MA"";""DEL18/3"";""UOP02/MA""",
"182614;403170;2019-01-02;""quarta-feira"";""09:45:00"";""MA"";316;545;""CAXIAS"";""Sim"";""Falta de Atenção à Condução"";1;""Colisão lateral"";""Com Vítimas Feridas"";""Pleno dia"";""Decrescente"";""Sol"";""Simples"";""Reta"";""Sim"";325517;""Motocicleta"";""HONDA/NXR160 BROS ESDD"";2015;""Testemunha"";""Não Informado"";NA;""Não Informado"";0;0;0;0;-4",871758;-43,"403427;""SR-MA"";""DEL18/3"";""UOP02/MA""",
"182614;403170;2019-01-02;""quarta-feira"";""09:45:00"";""MA"";316;545;""CAXIAS"";""Sim"";""Falta de Atenção à Condução"";1;""Colisão lateral"";""Com Vítimas Feridas"";""Pleno dia"";""Decrescente"";""Sol"";""Simples"";""Reta"";""Sim"";325518;""Automóvel"";""VW/GOLF 1.6 SPORTLINE"";2008;""Testemunha"";""Não Informado"";NA;""Não Informado"";0;0;0;0;-4",871758;-43,"403427;""SR-MA"";""DEL18/3"";""UOP02/MA""",
"182614;403169;2019-01-02;""quarta-feira"";""09:45:00"";""MA"";316;545;""CAXIAS"";""Sim"";""Falta de Atenção à Condução"";1;""Colisão lateral"";""Com Vítimas Feridas"";""Pleno dia"";""Decrescente"";""Sol"";""Simples"";""Reta"";""Sim"";325518;""Automóvel"";""VW/GOLF 1.6 SPORTLINE"";2008;""Condutor"";""Ileso"";61;""Masculino"";1;0;0;0;-4",871758;-43,"403427;""SR-MA"";""DEL18/3"";""UOP02/MA""",
"182615;404324;2019-01-02;""quarta-feira"";""22:35:00"";""MG"";381;323;""NOVA ERA"";""Sim"";""Desobediência às normas de trânsito pelo pedestre"";1;""Atropelamento de Pedestre"";""Com Vítimas Feridas"";""Plena Noite"";""Crescente"";""Nublado"";""Simples"";""Reta"";""Sim"";325550;""Caminhão-trator"";""M.BENZ/LS 1634"";2004;""Pedestre"";""Lesões Graves"";62;""Masculino"";0;0;1;0;-19",7609;-43,"0306;""SR-MG"";""DEL4/3"";""UOP02/MG""",
"182615;404324;2019-01-02;""quarta-feira"";""22:35:00"";""MG"";381;323;""NOVA ERA"";""Sim"";""Desobediência às normas de trânsito pelo pedestre"";1;""Atropelamento de Pedestre"";""Com Vítimas Feridas"";""Plena Noite"";""Crescente"";""Nublado"";""Simples"";""Reta"";""Sim"";326385;""Semireboque"";""SR/RANDON SR CC"";2002;""Pedestre"";""Lesões Graves"";62;""Masculino"";0;0;1;0;-19",7609;-43,"0306;""SR-MG"";""DEL4/3"";""UOP02/MG""",
"182615;404323;2019-01-02;""quarta-feira"";""22:35:00"";""MG"";381;323;""NOVA ERA"";""Sim"";""Desobediência às normas de trânsito pelo pedestre"";1;""Atropelamento de Pedestre"";""Com Vítimas Feridas"";""Plena Noite"";""Crescente"";""Nublado"";""Simples"";""Reta"";""Sim"";325550;""Caminhão-trator"";""M.BENZ/LS 1634"";2004;""Condutor"";""Ileso"";39;""Masculino"";1;0;0;0;-19",7609;-43,"0306;""SR-MG"";""DEL4/3"";""UOP02/MG""",
"182618;403099;2019-01-02;""quarta-feira"";""20:21:00"";""RS"";290;568;""ALEGRETE"";""Sim"";""Defeito Mecânico no Veículo"";2;""Queda de ocupante de veículo"";""Com Vítimas Feridas"";""Anoitecer"";""Crescente"";""Céu Claro"";""Simples"";""Curva"";""Não"";325528;""Motocicleta"";""YAMAHA/XTZ250 TENERE"";2010;""Passageiro"";""Lesões Graves"";27;""Feminino"";0;0;1;0;-29",843456;-55,"662182;""SR-RS"";""DEL9/13"";""UOP02/RS""",
"182618;403099;2019-01-02;""quarta-feira"";""20:21:00"";""RS"";290;568;""ALEGRETE"";""Sim"";""Defeito Mecânico no Veículo"";1;""Tombamento"";""Com Vítimas Feridas"";""Anoitecer"";""Crescente"";""Céu Claro"";""Simples"";""Curva"";""Não"";325528;""Motocicleta"";""YAMAHA/XTZ250 TENERE"";2010;""Passageiro"";""Lesões Graves"";27;""Feminino"";0;0;1;0;-29",843456;-55,"662182;""SR-RS"";""DEL9/13"";""UOP02/RS""",
"182618;403096;2019-01-02;""quarta-feira"";""20:21:00"";""RS"";290;568;""ALEGRETE"";""Sim"";""Defeito Mecânico no Veículo"";2;""Queda de ocupante de veículo"";""Com Vítimas Feridas"";""Anoitecer"";""Crescente"";""Céu Claro"";""Simples"";""Curva"";""Não"";325528;""Motocicleta"";""YAMAHA/XTZ250 TENERE"";2010;""Condutor"";""Lesões Leves"";32;""Masculino"";0;1;0;0;-29",843456;-55,"662182;""SR-RS"";""DEL9/13"";""UOP02/RS""",
"182618;403096;2019-01-02;""quarta-feira"";""20:21:00"";""RS"";290;568;""ALEGRETE"";""Sim"";""Defeito Mecânico no Veículo"";1;""Tombamento"";""Com Vítimas Feridas"";""Anoitecer"";""Crescente"";""Céu Claro"";""Simples"";""Curva"";""Não"";325528;""Motocicleta"";""YAMAHA/XTZ250 TENERE"";2010;""Condutor"";""Lesões Leves"";32;""Masculino"";0;1;0;0;-29",843456;-55,"662182;""SR-RS"";""DEL9/13"";""UOP02/RS""",
"182619;405269;2019-01-02;""quarta-feira"";""22:00:00"";""PB"";230;16","9;""JOAO PESSOA"";""Sim"";""Defeito Mecânico no Veículo"";1;""Queda de ocupante de veículo"";""Com Vítimas Feridas"";""Plena Noite"";""Decrescente"";""Céu Claro"";""Dupla"";""Reta"";""Sim"";325611;""Motocicleta"";""HONDA/POP100"";2009;""Passageiro"";""Lesões Leves"";54;""Feminino"";0;1;0;0;-7",112502;-34,"84238;""SR-PB"";""DEL14/1"";""UOP00/PB"""
"182619;405267;2019-01-02;""quarta-feira"";""22:00:00"";""PB"";230;16","9;""JOAO PESSOA"";""Sim"";""Defeito Mecânico no Veículo"";1;""Queda de ocupante de veículo"";""Com Vítimas Feridas"";""Plena Noite"";""Decrescente"";""Céu Claro"";""Dupla"";""Reta"";""Sim"";325611;""Motocicleta"";""HONDA/POP100"";2009;""Condutor"";""Ileso"";42;""Masculino"";1;0;0;0;-7",112502;-34,"84238;""SR-PB"";""DEL14/1"";""UOP00/PB"""
"182620;403130;2019-01-02;""quarta-feira"";""21:00:00"";""RO"";364;237;""CACOAL"";""Sim"";""Falta de Atenção à Condução"";1;""Colisão transversal"";""Com Vítimas Feridas"";""Plena Noite"";""Decrescente"";""Nublado"";""Simples"";""Reta"";""Sim"";325560;""Motoneta"";""HONDA/BIZ 125 ES"";2007;""Condutor"";""Lesões Leves"";19;""Masculino"";0;1;0;0;-11",443406;-61,"446743;""SR-RO"";""DEL21/2"";""UOP02/RO""",
"182620;403130;2019-01-02;""quarta-feira"";""21:00:00"";""RO"";364;237;""CACOAL"";""Não"";""Desobediência às normas de trânsito pelo condutor"";1;""Colisão transversal"";""Com Vítimas Feridas"";""Plena Noite"";""Decrescente"";""Nublado"";""Simples"";""Reta"";""Sim"";325560;""Motoneta"";""HONDA/BIZ 125 ES"";2007;""Condutor"";""Lesões Leves"";19;""Masculino"";0;1;0;0;-11",443406;-61,"446743;""SR-RO"";""DEL21/2"";""UOP02/RO""",
"182620;403130;2019-01-02;""quarta-feira"";""21:00:00"";""RO"";364;237;""CACOAL"";""Não"";""Velocidade Incompatível"";1;""Colisão transversal"";""Com Vítimas Feridas"";""Plena Noite"";""Decrescente"";""Nublado"";""Simples"";""Reta"";""Sim"";325560;""Motoneta"";""HONDA/BIZ 125 ES"";2007;""Condutor"";""Lesões Leves"";19;""Masculino"";0;1;0;0;-11",443406;-61,"446743;""SR-RO"";""DEL21/2"";""UOP02/RO""",
"182620;403129;2019-01-02;""quarta-feira"";""21:00:00"";""RO"";364;237;""CACOAL"";""Sim"";""Falta de Atenção à Condução"";1;""Colisão transversal"";""Com Vítimas Feridas"";""Plena Noite"";""Decrescente"";""Nublado"";""Simples"";""Reta"";""Sim"";325559;""Motocicleta"";""HONDA/CG 150 FAN ESI"";2012;""Condutor"";""Lesões Leves"";24;""Masculino"";0;1;0;0;-11",443406;-61,"446743;""SR-RO"";""DEL21/2"";""UOP02/RO""",
"182620;403129;2019-01-02;""quarta-feira"";""21:00:00"";""RO"";364;237;""CACOAL"";""Não"";""Desobediência às normas de trânsito pelo condutor"";1;""Colisão transversal"";""Com Vítimas Feridas"";""Plena Noite"";""Decrescente"";""Nublado"";""Simples"";""Reta"";""Sim"";325559;""Motocicleta"";""HONDA/CG 150 FAN ESI"";2012;""Condutor"";""Lesões Leves"";24;""Masculino"";0;1;0;0;-11",443406;-61,"446743;""SR-RO"";""DEL21/2"";""UOP02/RO""",
"182620;403129;2019-01-02;""quarta-feira"";""21:00:00"";""RO"";364;237;""CACOAL"";""Não"";""Velocidade Incompatível"";1;""Colisão transversal"";""Com Vítimas Feridas"";""Plena Noite"";""Decrescente"";""Nublado"";""Simples"";""Reta"";""Sim"";325559;""Motocicleta"";""HONDA/CG 150 FAN ESI"";2012;""Condutor"";""Lesões Leves"";24;""Masculino"";0;1;0;0;-11",443406;-61,"446743;""SR-RO"";""DEL21/2"";""UOP02/RO""",
"182622;403254;2019-01-03;""quinta-feira"";""00:20:00"";""RJ"";493;19;""MAGE"";""Sim"";""Sinalização da via insuficiente ou inadequada"";1;""Saída de leito carroçável"";""Com Vítimas Feridas"";""Plena Noite"";""Crescente"";""Céu Claro"";""Simples"";""Não Informado"";""Não"";325558;""Camioneta"";""FORD/ECOSPORT FSL1.6FLEX"";2012;""Passageiro"";""Lesões Graves"";56;""Feminino"";0;0;1;0;-22",666386;-43,"027702;""SR-RJ"";""DEL5/4"";""UOP02/RJ""",
"182622;403252;2019-01-03;""quinta-feira"";""00:20:00"";""RJ"";493;19;""MAGE"";""Sim"";""Sinalização da via insuficiente ou inadequada"";1;""Saída de leito carroçável"";""Com Vítimas Feridas"";""Plena Noite"";""Crescente"";""Céu Claro"";""Simples"";""Não Informado"";""Não"";325558;""Camioneta"";""FORD/ECOSPORT FSL1.6FLEX"";2012;""Passageiro"";""Lesões Graves"";32;""Feminino"";0;0;1;0;-22",666386;-43,"027702;""SR-RJ"";""DEL5/4"";""UOP02/RJ""",
"182622;403266;2019-01-03;""quinta-feira"";""00:20:00"";""RJ"";493;19;""MAGE"";""Sim"";""Sinalização da via insuficiente ou inadequada"";1;""Saída de leito carroçável"";""Com Vítimas Feridas"";""Plena Noite"";""Crescente"";""Céu Claro"";""Simples"";""Não Informado"";""Não"";325558;""Camioneta"";""FORD/ECOSPORT FSL1.6FLEX"";2012;""Passageiro"";""Lesões Leves"";2;""Masculino"";0;1;0;0;-22",666386;-43,"027702;""SR-RJ"";""DEL5/4"";""UOP02/RJ""",
"182622;403263;2019-01-03;""quinta-feira"";""00:20:00"";""RJ"";493;19;""MAGE"";""Sim"";""Sinalização da via insuficiente ou inadequada"";1;""Saída de leito carroçável"";""Com Vítimas Feridas"";""Plena Noite"";""Crescente"";""Céu Claro"";""Simples"";""Não Informado"";""Não"";325558;""Camioneta"";""FORD/ECOSPORT FSL1.6FLEX"";2012;""Passageiro"";""Lesões Leves"";12;""Feminino"";0;1;0;0;-22",666386;-43,"027702;""SR-RJ"";""DEL5/4"";""UOP02/RJ""",
"182622;403250;2019-01-03;""quinta-feira"";""00:20:00"";""RJ"";493;19;""MAGE"";""Sim"";""Sinalização da via insuficiente ou inadequada"";1;""Saída de leito carroçável"";""Com Vítimas Feridas"";""Plena Noite"";""Crescente"";""Céu Claro"";""Simples"";""Não Informado"";""Não"";325558;""Camioneta"";""FORD/ECOSPORT FSL1.6FLEX"";2012;""Condutor"";""Lesões Graves"";42;""Masculino"";0;0;1;0;-22",666386;-43,"027702;""SR-RJ"";""DEL5/4"";""UOP02/RJ""",
"182624;405087;2019-01-02;""quarta-feira"";""22:50:00"";""RN"";101;83;""NATAL"";""Sim"";""Falta de Atenção do Pedestre"";1;""Atropelamento de Pedestre"";""Com Vítimas Feridas"";""Plena Noite"";""Decrescente"";""Céu Claro"";""Dupla"";""Reta"";""Sim"";325584;""Motocicleta"";""YAMAHA/YBR125 FACTOR K"";2013;""Pedestre"";""Lesões Leves"";19;""Masculino"";0;1;0;0;-5",771044;-35,"266171;""SR-RN"";""DEL15/2"";""UOP01/RN""",
"182624;405083;2019-01-02;""quarta-feira"";""22:50:00"";""RN"";101;83;""NATAL"";""Sim"";""Falta de Atenção do Pedestre"";1;""Atropelamento de Pedestre"";""Com Vítimas Feridas"";""Plena Noite"";""Decrescente"";""Céu Claro"";""Dupla"";""Reta"";""Sim"";325584;""Motocicleta"";""YAMAHA/YBR125 FACTOR K"";2013;""Condutor"";""Lesões Leves"";30;""Masculino"";0;1;0;0;-5",771044;-35,"266171;""SR-RN"";""DEL15/2"";""UOP01/RN""",
"182625;NA;2019-01-03;""quinta-feira"";""00:20:00"";""MG"";40;520","5;""CONTAGEM"";""Sim"";""Condutor Dormindo"";1;""Colisão traseira"";""Com Vítimas Feridas"";""Plena Noite"";""Decrescente"";""Nublado"";""Dupla"";""Reta"";""Não"";326654;""Semireboque"";""REB/ROSSETTI SRBA ST3.25"";2018;""Não Informado"";""Não Informado"";NA;""Não Informado"";0;0;0;0;-19",85528724;-44,"07212734;""SR-MG"";""DEL4/1"";""UOP03/MG"""
"182625;NA;2019-01-03;""quinta-feira"";""00:20:00"";""MG"";40;520","5;""CONTAGEM"";""Sim"";""Condutor Dormindo"";1;""Colisão traseira"";""Com Vítimas Feridas"";""Plena Noite"";""Decrescente"";""Nublado"";""Dupla"";""Reta"";""Não"";326661;""Semireboque"";""SR/FACCHINI SRF CF"";2018;""Não Informado"";""Não Informado"";NA;""Não Informado"";0;0;0;0;-19",85528724;-44,"07212734;""SR-MG"";""DEL4/1"";""UOP03/MG"""
"182625;404869;2019-01-03;""quinta-feira"";""00:20:00"";""MG"";40;520","5;""CONTAGEM"";""Sim"";""Condutor Dormindo"";1;""Colisão traseira"";""Com Vítimas Feridas"";""Plena Noite"";""Decrescente"";""Nublado"";""Dupla"";""Reta"";""Não"";326658;""Caminhão-trator"";""M.BENZ/AXOR 2544 S"";2012;""Condutor"";""Lesões Graves"";34;""Masculino"";0;0;1;0;-19",85528724;-44,"07212734;""SR-MG"";""DEL4/1"";""UOP03/MG"""
"182625;404853;2019-01-03;""quinta-feira"";""00:20:00"";""MG"";40;520","5;""CONTAGEM"";""Sim"";""Condutor Dormindo"";1;""Colisão traseira"";""Com Vítimas Feridas"";""Plena Noite"";""Decrescente"";""Nublado"";""Dupla"";""Reta"";""Não"";325570;""Caminhão-trator"";""VOLVO/FH 460 6X2T"";2014;""Condutor"";""Ileso"";29;""Masculino"";1;0;0;0;-19",85528724;-44,"07212734;""SR-MG"";""DEL4/1"";""UOP03/MG"""
"182627;403125;2019-01-02;""quarta-feira"";""22:00:00"";""SC"";101;159;""PORTO BELO"";""Sim"";""Falta de Atenção à Condução"";1;""Colisão transversal"";""Com Vítimas Feridas"";""Pleno dia"";""Decrescente"";""Céu Claro"";""Dupla"";""Reta"";""Sim"";325556;""Motocicleta"";""YAMAHA/XTZ250 TENERE"";2012;""Passageiro"";""Lesões Graves"";29;""Feminino"";0;0;1;0;-27",2072;-48,"619;""SR-SC"";""DEL8/4"";""UOP03/SC""",
"182627;403126;2019-01-02;""quarta-feira"";""22:00:00"";""SC"";101;159;""PORTO BELO"";""Sim"";""Falta de Atenção à Condução"";1;""Colisão transversal"";""Com Vítimas Feridas"";""Pleno dia"";""Decrescente"";""Céu Claro"";""Dupla"";""Reta"";""Sim"";325557;""Automóvel"";""CITROEN/C3 AIRCROSS GLXM"";2012;""Condutor"";""Ileso"";67;""Masculino"";1;0;0;0;-27",2072;-48,"619;""SR-SC"";""DEL8/4"";""UOP03/SC""",
"182627;403124;2019-01-02;""quarta-feira"";""22:00:00"";""SC"";101;159;""PORTO BELO"";""Sim"";""Falta de Atenção à Condução"";1;""Colisão transversal"";""Com Vítimas Feridas"";""Pleno dia"";""Decrescente"";""Céu Claro"";""Dupla"";""Reta"";""Sim"";325556;""Motocicleta"";""YAMAHA/XTZ250 TENERE"";2012;""Condutor"";""Lesões Leves"";33;""Masculino"";0;1;0;0;-27",2072;-48,"619;""SR-SC"";""DEL8/4"";""UOP03/SC""",
"182627;403123;2019-01-02;""quarta-feira"";""22:00:00"";""SC"";101;159;""PORTO BELO"";""Sim"";""Falta de Atenção à Condução"";1;""Colisão transversal"";""Com Vítimas Feridas"";""Pleno dia"";""Decrescente"";""Céu Claro"";""Dupla"";""Reta"";""Sim"";325555;""Caminhão-trator"";""VOLVO/FH 460 6X2T"";2013;""Condutor"";""Ileso"";31;""Masculino"";1;0;0;0;-27",2072;-48,"619;""SR-SC"";""DEL8/4"";""UOP03/SC""",
"182628;404794;2019-01-02;""quarta-feira"";""22:40:00"";""SC"";101;167;""TIJUCAS"";""Sim"";""Não guardar distância de segurança"";1;""Engavetamento"";""Com Vítimas Feridas"";""Plena Noite"";""Decrescente"";""Nublado"";""Dupla"";""Reta"";""Não"";325553;""Motocicleta"";""YAMAHA/XT 600 E"";1988;""Passageiro"";""Lesões Leves"";46;""Feminino"";0;1;0;0;-27",2777;-48,"6313;""SR-SC"";""DEL8/4"";""UOP03/SC""",
"182628;404794;2019-01-02;""quarta-feira"";""22:40:00"";""SC"";101;167;""TIJUCAS"";""Não"";""Velocidade Incompatível"";1;""Engavetamento"";""Com Vítimas Feridas"";""Plena Noite"";""Decrescente"";""Nublado"";""Dupla"";""Reta"";""Não"";325553;""Motocicleta"";""YAMAHA/XT 600 E"";1988;""Passageiro"";""Lesões Leves"";46;""Feminino"";0;1;0;0;-27",2777;-48,"6313;""SR-SC"";""DEL8/4"";""UOP03/SC""",
"182628;404796;2019-01-02;""quarta-feira"";""22:40:00"";""SC"";101;167;""TIJUCAS"";""Sim"";""Não guardar distância de segurança"";1;""Engavetamento"";""Com Vítimas Feridas"";""Plena Noite"";""Decrescente"";""Nublado"";""Dupla"";""Reta"";""Não"";325554;""Automóvel"";""CITROEN/C3 GLX 14 FLEX"";2011;""Condutor"";""Ileso"";39;""Masculino"";1;0;0;0;-27",2777;-48,"6313;""SR-SC"";""DEL8/4"";""UOP03/SC""",
"182628;404796;2019-01-02;""quarta-feira"";""22:40:00"";""SC"";101;167;""TIJUCAS"";""Não"";""Velocidade Incompatível"";1;""Engavetamento"";""Com Vítimas Feridas"";""Plena Noite"";""Decrescente"";""Nublado"";""Dupla"";""Reta"";""Não"";325554;""Automóvel"";""CITROEN/C3 GLX 14 FLEX"";2011;""Condutor"";""Ileso"";39;""Masculino"";1;0;0;0;-27",2777;-48,"6313;""SR-SC"";""DEL8/4"";""UOP03/SC""",
"182628;404797;2019-01-02;""quarta-feira"";""22:40:00"";""SC"";101;167;""TIJUCAS"";""Sim"";""Não guardar distância de segurança"";1;""Engavetamento"";""Com Vítimas Feridas"";""Plena Noite"";""Decrescente"";""Nublado"";""Dupla"";""Reta"";""Não"";325554;""Automóvel"";""CITROEN/C3 GLX 14 FLEX"";2011;""Passageiro"";""Lesões Leves"";41;""Feminino"";0;1;0;0;-27",2777;-48,"6313;""SR-SC"";""DEL8/4"";""UOP03/SC""",
"182628;404797;2019-01-02;""quarta-feira"";""22:40:00"";""SC"";101;167;""TIJUCAS"";""Não"";""Velocidade Incompatível"";1;""Engavetamento"";""Com Vítimas Feridas"";""Plena Noite"";""Decrescente"";""Nublado"";""Dupla"";""Reta"";""Não"";325554;""Automóvel"";""CITROEN/C3 GLX 14 FLEX"";2011;""Passageiro"";""Lesões Leves"";41;""Feminino"";0;1;0;0;-27",2777;-48,"6313;""SR-SC"";""DEL8/4"";""UOP03/SC""",
"182628;404793;2019-01-02;""quarta-feira"";""22:40:00"";""SC"";101;167;""TIJUCAS"";""Sim"";""Não guardar distância de segurança"";1;""Engavetamento"";""Com Vítimas Feridas"";""Plena Noite"";""Decrescente"";""Nublado"";""Dupla"";""Reta"";""Não"";325553;""Motocicleta"";""YAMAHA/XT 600 E"";1988;""Condutor"";""Lesões Leves"";48;""Masculino"";0;1;0;0;-27",2777;-48,"6313;""SR-SC"";""DEL8/4"";""UOP03/SC""",
"182628;404793;2019-01-02;""quarta-feira"";""22:40:00"";""SC"";101;167;""TIJUCAS"";""Não"";""Velocidade Incompatível"";1;""Engavetamento"";""Com Vítimas Feridas"";""Plena Noite"";""Decrescente"";""Nublado"";""Dupla"";""Reta"";""Não"";325553;""Motocicleta"";""YAMAHA/XT 600 E"";1988;""Condutor"";""Lesões Leves"";48;""Masculino"";0;1;0;0;-27",2777;-48,"6313;""SR-SC"";""DEL8/4"";""UOP03/SC""",
"182628;404791;2019-01-02;""quarta-feira"";""22:40:00"";""SC"";101;167;""TIJUCAS"";""Sim"";""Não guardar distância de segurança"";1;""Engavetamento"";""Com Vítimas Feridas"";""Plena Noite"";""Decrescente"";""Nublado"";""Dupla"";""Reta"";""Não"";325552;""Automóvel"";""HONDA/CIVIC EXR"";2014;""Condutor"";""Ileso"";46;""Masculino"";1;0;0;0;-27",2777;-48,"6313;""SR-SC"";""DEL8/4"";""UOP03/SC""",
"182628;404791;2019-01-02;""quarta-feira"";""22:40:00"";""SC"";101;167;""TIJUCAS"";""Não"";""Velocidade Incompatível"";1;""Engavetamento"";""Com Vítimas Feridas"";""Plena Noite"";""Decrescente"";""Nublado"";""Dupla"";""Reta"";""Não"";325552;""Automóvel"";""HONDA/CIVIC EXR"";2014;""Condutor"";""Ileso"";46;""Masculino"";1;0;0;0;-27",2777;-48,"6313;""SR-SC"";""DEL8/4"";""UOP03/SC""",
"182628;404790;2019-01-02;""quarta-feira"";""22:40:00"";""SC"";101;167;""TIJUCAS"";""Sim"";""Não guardar distância de segurança"";1;""Engavetamento"";""Com Vítimas Feridas"";""Plena Noite"";""Decrescente"";""Nublado"";""Dupla"";""Reta"";""Não"";325551;""Automóvel"";""FIAT/SIENA 1.4 TETRAFUEL"";2009;""Condutor"";""Ileso"";49;""Masculino"";1;0;0;0;-27",2777;-48,"6313;""SR-SC"";""DEL8/4"";""UOP03/SC""",
"182628;404790;2019-01-02;""quarta-feira"";""22:40:00"";""SC"";101;167;""TIJUCAS"";""Não"";""Velocidade Incompatível"";1;""Engavetamento"";""Com Vítimas Feridas"";""Plena Noite"";""Decrescente"";""Nublado"";""Dupla"";""Reta"";""Não"";325551;""Automóvel"";""FIAT/SIENA 1.4 TETRAFUEL"";2009;""Condutor"";""Ileso"";49;""Masculino"";1;0;0;0;-27",2777;-48,"6313;""SR-SC"";""DEL8/4"";""UOP03/SC""",
"182629;NA;2019-01-02;""quarta-feira"";""22:30:00"";""RN"";101;140","2;""ARES"";""Sim"";""Agressão Externa"";2;""Derramamento de carga"";""Sem Vítimas"";""Plena Noite"";""Decrescente"";""Céu Claro"";""Dupla"";""Reta"";""Não"";325597;""Semireboque"";""SR/RANDON SR TQ"";2008;""Não Informado"";""Não Informado"";NA;""Não Informado"";0;0;0;0;-6",206553;-35,"214569;""SR-RN"";""DEL15/1"";""UOP01/RN"""
"182629;NA;2019-01-02;""quarta-feira"";""22:30:00"";""RN"";101;140","2;""ARES"";""Sim"";""Agressão Externa"";1;""Colisão lateral"";""Sem Vítimas"";""Plena Noite"";""Decrescente"";""Céu Claro"";""Dupla"";""Reta"";""Não"";325597;""Semireboque"";""SR/RANDON SR TQ"";2008;""Não Informado"";""Não Informado"";NA;""Não Informado"";0;0;0;0;-6",206553;-35,"214569;""SR-RN"";""DEL15/1"";""UOP01/RN"""
"182629;NA;2019-01-02;""quarta-feira"";""22:30:00"";""RN"";101;140","2;""ARES"";""Sim"";""Agressão Externa"";2;""Derramamento de carga"";""Sem Vítimas"";""Plena Noite"";""Decrescente"";""Céu Claro"";""Dupla"";""Reta"";""Não"";325598;""Semireboque"";""SR/RANDON SR TQ"";2008;""Não Informado"";""Não Informado"";NA;""Não Informado"";0;0;0;0;-6",206553;-35,"214569;""SR-RN"";""DEL15/1"";""UOP01/RN"""
"182629;NA;2019-01-02;""quarta-feira"";""22:30:00"";""RN"";101;140","2;""ARES"";""Sim"";""Agressão Externa"";1;""Colisão lateral"";""Sem Vítimas"";""Plena Noite"";""Decrescente"";""Céu Claro"";""Dupla"";""Reta"";""Não"";325598;""Semireboque"";""SR/RANDON SR TQ"";2008;""Não Informado"";""Não Informado"";NA;""Não Informado"";0;0;0;0;-6",206553;-35,"214569;""SR-RN"";""DEL15/1"";""UOP01/RN"""
"182629;403192;2019-01-02;""quarta-feira"";""22:30:00"";""RN"";101;140","2;""ARES"";""Sim"";""Agressão Externa"";2;""Derramamento de carga"";""Sem Vítimas"";""Plena Noite"";""Decrescente"";""Céu Claro"";""Dupla"";""Reta"";""Não"";325596;""Caminhão"";""VW/24.280 CRM 6X2"";2014;""Condutor"";""Ileso"";38;""Masculino"";1;0;0;0;-6",206553;-35,"214569;""SR-RN"";""DEL15/1"";""UOP01/RN"""
"182629;403192;2019-01-02;""quarta-feira"";""22:30:00"";""RN"";101;140","2;""ARES"";""Sim"";""Agressão Externa"";1;""Colisão lateral"";""Sem Vítimas"";""Plena Noite"";""Decrescente"";""Céu Claro"";""Dupla"";""Reta"";""Não"";325596;""Caminhão"";""VW/24.280 CRM 6X2"";2014;""Condutor"";""Ileso"";38;""Masculino"";1;0;0;0;-6",206553;-35,"214569;""SR-RN"";""DEL15/1"";""UOP01/RN"""
"182629;403191;2019-01-02;""quarta-feira"";""22:30:00"";""RN"";101;140","2;""ARES"";""Sim"";""Agressão Externa"";2;""Derramamento de carga"";""Sem Vítimas"";""Plena Noite"";""Decrescente"";""Céu Claro"";""Dupla"";""Reta"";""Não"";325595;""Caminhão-trator"";""IVECO/STRALIHD 740S42TZN"";2009;""Condutor"";""Ileso"";55;""Masculino"";1;0;0;0;-6",206553;-35,"214569;""SR-RN"";""DEL15/1"";""UOP01/RN"""
"182629;403191;2019-01-02;""quarta-feira"";""22:30:00"";""RN"";101;140","2;""ARES"";""Sim"";""Agressão Externa"";1;""Colisão lateral"";""Sem Vítimas"";""Plena Noite"";""Decrescente"";""Céu Claro"";""Dupla"";""Reta"";""Não"";325595;""Caminhão-trator"";""IVECO/STRALIHD 740S42TZN"";2009;""Condutor"";""Ileso"";55;""Masculino"";1;0;0;0;-6",206553;-35,"214569;""SR-RN"";""DEL15/1"";""UOP01/RN"""