"id;""pesid"";""data_inversa"";""dia_semana"";""horario"";""uf"";""br"";""km"";""municipio"";""causa_principal"";""causa_acidente"";""ordem_tipo_acidente"";""tipo_acidente"";""classificacao_acidente"";""fase_dia"";""sentido_via"";""condicao_metereologica"";""tipo_pista"";""tracado_via"";""uso_solo"";""id_veiculo"";""tipo_veiculo"";""marca"";""ano_fabricacao_veiculo"";""tipo_envolvido"";""estado_fisico"";""idade"";""sexo"";""ilesos"";""feridos_leves"";""feridos_graves"";""mortos"";""latitude"";""longitude"";""regional"";""delegacia"";""uop""",,,
"182664;403576;2019-01-03;""quinta-feira"";""08:50:00"";""PR"";376;648;""TIJUCAS DO SUL"";""Não"";""Velocidade Incompatível"";2;""Queda de ocupante de veículo"";""Com Vítimas Feridas"";""Pleno dia"";""Decrescente"";""Céu Claro"";""Dupla"";""Reta"";""Não"";325639;""Motocicleta"";""HONDA/CBX 250 TWISTER"";2007;""Condutor"";""Lesões Graves"";28;""Masculino"";0;0;1;0;-25",84099438;-49,"10459518;""SR-PR"";""DEL7/1"";""UOP08/PR""",
"182664;403576;2019-01-03;""quinta-feira"";""08:50:00"";""PR"";376;648;""TIJUCAS DO SUL"";""Sim"";""Falta de Atenção à Condução"";1;""Colisão traseira"";""Com Vítimas Feridas"";""Pleno dia"";""Decrescente"";""Céu Claro"";""Dupla"";""Reta"";""Não"";325639;""Motocicleta"";""HONDA/CBX 250 TWISTER"";2007;""Condutor"";""Lesões Graves"";28;""Masculino"";0;0;1;0;-25",84099438;-49,"10459518;""SR-PR"";""DEL7/1"";""UOP08/PR""",
"182664;403576;2019-01-03;""quinta-feira"";""08:50:00"";""PR"";376;648;""TIJUCAS DO SUL"";""Não"";""Velocidade Incompatível"";1;""Colisão traseira"";""Com Vítimas Feridas"";""Pleno dia"";""Decrescente"";""Céu Claro"";""Dupla"";""Reta"";""Não"";325639;""Motocicleta"";""HONDA/CBX 250 TWISTER"";2007;""Condutor"";""Lesões Graves"";28;""Masculino"";0;0;1;0;-25",84099438;-49,"10459518;""SR-PR"";""DEL7/1"";""UOP08/PR""",
"182664;403572;2019-01-03;""quinta-feira"";""08:50:00"";""PR"";376;648;""TIJUCAS DO SUL"";""Sim"";""Falta de Atenção à Condução"";2;""Queda de ocupante de veículo"";""Com Vítimas Feridas"";""Pleno dia"";""Decrescente"";""Céu Claro"";""Dupla"";""Reta"";""Não"";325640;""Automóvel"";""RENAULT/MEGANESD DYN 16"";2008;""Condutor"";""Ileso"";68;""Masculino"";1;0;0;0;-25",84099438;-49,"10459518;""SR-PR"";""DEL7/1"";""UOP08/PR""",
"182664;403572;2019-01-03;""quinta-feira"";""08:50:00"";""PR"";376;648;""TIJUCAS DO SUL"";""Não"";""Velocidade Incompatível"";2;""Queda de ocupante de veículo"";""Com Vítimas Feridas"";""Pleno dia"";""Decrescente"";""Céu Claro"";""Dupla"";""Reta"";""Não"";325640;""Automóvel"";""RENAULT/MEGANESD DYN 16"";2008;""Condutor"";""Ileso"";68;""Masculino"";1;0;0;0;-25",84099438;-49,"10459518;""SR-PR"";""DEL7/1"";""UOP08/PR""",
"182664;403572;2019-01-03;""quinta-feira"";""08:50:00"";""PR"";376;648;""TIJUCAS DO SUL"";""Sim"";""Falta de Atenção à Condução"";1;""Colisão traseira"";""Com Vítimas Feridas"";""Pleno dia"";""Decrescente"";""Céu Claro"";""Dupla"";""Reta"";""Não"";325640;""Automóvel"";""RENAULT/MEGANESD DYN 16"";2008;""Condutor"";""Ileso"";68;""Masculino"";1;0;0;0;-25",84099438;-49,"10459518;""SR-PR"";""DEL7/1"";""UOP08/PR""",
"182664;403572;2019-01-03;""quinta-feira"";""08:50:00"";""PR"";376;648;""TIJUCAS DO SUL"";""Não"";""Velocidade Incompatível"";1;""Colisão traseira"";""Com Vítimas Feridas"";""Pleno dia"";""Decrescente"";""Céu Claro"";""Dupla"";""Reta"";""Não"";325640;""Automóvel"";""RENAULT/MEGANESD DYN 16"";2008;""Condutor"";""Ileso"";68;""Masculino"";1;0;0;0;-25",84099438;-49,"10459518;""SR-PR"";""DEL7/1"";""UOP08/PR""",
"182665;403320;2019-01-03;""quinta-feira"";""08:50:00"";""PE"";232;307","7;""SERTANIA"";""Sim"";""Não guardar distância de segurança"";1;""Colisão traseira"";""Sem Vítimas"";""Pleno dia"";""Crescente"";""Céu Claro"";""Simples"";""Reta"";""Não"";325645;""Automóvel"";""VW/FOX 1.0"";2009;""Condutor"";""Ileso"";48;""Feminino"";1;0;0;0;-8",179757;-37,"452628;""SR-PE"";""DEL11/3"";""UOP02/PE"""
"182665;403318;2019-01-03;""quinta-feira"";""08:50:00"";""PE"";232;307","7;""SERTANIA"";""Sim"";""Não guardar distância de segurança"";1;""Colisão traseira"";""Sem Vítimas"";""Pleno dia"";""Crescente"";""Céu Claro"";""Simples"";""Reta"";""Não"";325644;""Automóvel"";""VW/NOVO GOL 1.0"";2013;""Condutor"";""Ileso"";23;""Masculino"";1;0;0;0;-8",179757;-37,"452628;""SR-PE"";""DEL11/3"";""UOP02/PE"""
"182666;403387;2019-01-03;""quinta-feira"";""08:30:00"";""PE"";104;61","9;""CARUARU"";""Sim"";""Não guardar distância de segurança"";2;""Queda de ocupante de veículo"";""Com Vítimas Feridas"";""Pleno dia"";""Decrescente"";""Céu Claro"";""Dupla"";""Interseção de vias"";""Sim"";325684;""Motoneta"";""HONDA/BIZ 110I"";2016;""Passageiro"";""Lesões Graves"";64;""Feminino"";0;0;1;0;-8",2529;-35,"9751;""SR-PE"";""DEL11/2"";""UOP01/PE"""
"182666;403387;2019-01-03;""quinta-feira"";""08:30:00"";""PE"";104;61","9;""CARUARU"";""Sim"";""Não guardar distância de segurança"";1;""Colisão traseira"";""Com Vítimas Feridas"";""Pleno dia"";""Decrescente"";""Céu Claro"";""Dupla"";""Interseção de vias"";""Sim"";325684;""Motoneta"";""HONDA/BIZ 110I"";2016;""Passageiro"";""Lesões Graves"";64;""Feminino"";0;0;1;0;-8",2529;-35,"9751;""SR-PE"";""DEL11/2"";""UOP01/PE"""
"182666;403365;2019-01-03;""quinta-feira"";""08:30:00"";""PE"";104;61","9;""CARUARU"";""Sim"";""Não guardar distância de segurança"";2;""Queda de ocupante de veículo"";""Com Vítimas Feridas"";""Pleno dia"";""Decrescente"";""Céu Claro"";""Dupla"";""Interseção de vias"";""Sim"";325684;""Motoneta"";""HONDA/BIZ 110I"";2016;""Condutor"";""Lesões Leves"";56;""Feminino"";0;1;0;0;-8",2529;-35,"9751;""SR-PE"";""DEL11/2"";""UOP01/PE"""
"182666;403365;2019-01-03;""quinta-feira"";""08:30:00"";""PE"";104;61","9;""CARUARU"";""Sim"";""Não guardar distância de segurança"";1;""Colisão traseira"";""Com Vítimas Feridas"";""Pleno dia"";""Decrescente"";""Céu Claro"";""Dupla"";""Interseção de vias"";""Sim"";325684;""Motoneta"";""HONDA/BIZ 110I"";2016;""Condutor"";""Lesões Leves"";56;""Feminino"";0;1;0;0;-8",2529;-35,"9751;""SR-PE"";""DEL11/2"";""UOP01/PE"""
"182666;403364;2019-01-03;""quinta-feira"";""08:30:00"";""PE"";104;61","9;""CARUARU"";""Sim"";""Não guardar distância de segurança"";2;""Queda de ocupante de veículo"";""Com Vítimas Feridas"";""Pleno dia"";""Decrescente"";""Céu Claro"";""Dupla"";""Interseção de vias"";""Sim"";325683;""Camioneta"";""TOYOTA/BANDEIRANTE"";1982;""Condutor"";""Ileso"";33;""Masculino"";1;0;0;0;-8",2529;-35,"9751;""SR-PE"";""DEL11/2"";""UOP01/PE"""
"182666;403364;2019-01-03;""quinta-feira"";""08:30:00"";""PE"";104;61","9;""CARUARU"";""Sim"";""Não guardar distância de segurança"";1;""Colisão traseira"";""Com Vítimas Feridas"";""Pleno dia"";""Decrescente"";""Céu Claro"";""Dupla"";""Interseção de vias"";""Sim"";325683;""Camioneta"";""TOYOTA/BANDEIRANTE"";1982;""Condutor"";""Ileso"";33;""Masculino"";1;0;0;0;-8",2529;-35,"9751;""SR-PE"";""DEL11/2"";""UOP01/PE"""
"182667;403688;2019-01-03;""quinta-feira"";""09:00:00"";""PI"";343;4;""TERESINA"";""Sim"";""Não guardar distância de segurança"";2;""Colisão traseira"";""Com Vítimas Feridas"";""Pleno dia"";""Decrescente"";""Céu Claro"";""Múltipla"";""Reta"";""Sim"";325745;""Motocicleta"";""YAMAHA/YBR 125K"";2007;""Passageiro"";""Lesões Leves"";40;""Feminino"";0;1;0;0;-5",08054127;-42,"78572381;""SR-PI"";""DEL17/5"";""UOP01/PI""",
"182667;403688;2019-01-03;""quinta-feira"";""09:00:00"";""PI"";343;4;""TERESINA"";""Não"";""Falta de Atenção à Condução"";2;""Colisão traseira"";""Com Vítimas Feridas"";""Pleno dia"";""Decrescente"";""Céu Claro"";""Múltipla"";""Reta"";""Sim"";325745;""Motocicleta"";""YAMAHA/YBR 125K"";2007;""Passageiro"";""Lesões Leves"";40;""Feminino"";0;1;0;0;-5",08054127;-42,"78572381;""SR-PI"";""DEL17/5"";""UOP01/PI""",
"182667;403688;2019-01-03;""quinta-feira"";""09:00:00"";""PI"";343;4;""TERESINA"";""Não"";""Velocidade Incompatível"";2;""Colisão traseira"";""Com Vítimas Feridas"";""Pleno dia"";""Decrescente"";""Céu Claro"";""Múltipla"";""Reta"";""Sim"";325745;""Motocicleta"";""YAMAHA/YBR 125K"";2007;""Passageiro"";""Lesões Leves"";40;""Feminino"";0;1;0;0;-5",08054127;-42,"78572381;""SR-PI"";""DEL17/5"";""UOP01/PI""",
"182667;403688;2019-01-03;""quinta-feira"";""09:00:00"";""PI"";343;4;""TERESINA"";""Sim"";""Não guardar distância de segurança"";1;""Colisão traseira"";""Com Vítimas Feridas"";""Pleno dia"";""Decrescente"";""Céu Claro"";""Múltipla"";""Reta"";""Sim"";325745;""Motocicleta"";""YAMAHA/YBR 125K"";2007;""Passageiro"";""Lesões Leves"";40;""Feminino"";0;1;0;0;-5",08054127;-42,"78572381;""SR-PI"";""DEL17/5"";""UOP01/PI""",
"182667;403688;2019-01-03;""quinta-feira"";""09:00:00"";""PI"";343;4;""TERESINA"";""Não"";""Falta de Atenção à Condução"";1;""Colisão traseira"";""Com Vítimas Feridas"";""Pleno dia"";""Decrescente"";""Céu Claro"";""Múltipla"";""Reta"";""Sim"";325745;""Motocicleta"";""YAMAHA/YBR 125K"";2007;""Passageiro"";""Lesões Leves"";40;""Feminino"";0;1;0;0;-5",08054127;-42,"78572381;""SR-PI"";""DEL17/5"";""UOP01/PI""",
"182667;403688;2019-01-03;""quinta-feira"";""09:00:00"";""PI"";343;4;""TERESINA"";""Não"";""Velocidade Incompatível"";1;""Colisão traseira"";""Com Vítimas Feridas"";""Pleno dia"";""Decrescente"";""Céu Claro"";""Múltipla"";""Reta"";""Sim"";325745;""Motocicleta"";""YAMAHA/YBR 125K"";2007;""Passageiro"";""Lesões Leves"";40;""Feminino"";0;1;0;0;-5",08054127;-42,"78572381;""SR-PI"";""DEL17/5"";""UOP01/PI""",
"182667;403690;2019-01-03;""quinta-feira"";""09:00:00"";""PI"";343;4;""TERESINA"";""Sim"";""Não guardar distância de segurança"";2;""Colisão traseira"";""Com Vítimas Feridas"";""Pleno dia"";""Decrescente"";""Céu Claro"";""Múltipla"";""Reta"";""Sim"";325747;""Caminhão"";""VW/15.180 EURO3 WORKER"";2010;""Condutor"";""Ileso"";32;""Masculino"";1;0;0;0;-5",08054127;-42,"78572381;""SR-PI"";""DEL17/5"";""UOP01/PI""",
"182667;403690;2019-01-03;""quinta-feira"";""09:00:00"";""PI"";343;4;""TERESINA"";""Não"";""Falta de Atenção à Condução"";2;""Colisão traseira"";""Com Vítimas Feridas"";""Pleno dia"";""Decrescente"";""Céu Claro"";""Múltipla"";""Reta"";""Sim"";325747;""Caminhão"";""VW/15.180 EURO3 WORKER"";2010;""Condutor"";""Ileso"";32;""Masculino"";1;0;0;0;-5",08054127;-42,"78572381;""SR-PI"";""DEL17/5"";""UOP01/PI""",
"182667;403690;2019-01-03;""quinta-feira"";""09:00:00"";""PI"";343;4;""TERESINA"";""Não"";""Velocidade Incompatível"";2;""Colisão traseira"";""Com Vítimas Feridas"";""Pleno dia"";""Decrescente"";""Céu Claro"";""Múltipla"";""Reta"";""Sim"";325747;""Caminhão"";""VW/15.180 EURO3 WORKER"";2010;""Condutor"";""Ileso"";32;""Masculino"";1;0;0;0;-5",08054127;-42,"78572381;""SR-PI"";""DEL17/5"";""UOP01/PI""",
"182667;403690;2019-01-03;""quinta-feira"";""09:00:00"";""PI"";343;4;""TERESINA"";""Sim"";""Não guardar distância de segurança"";1;""Colisão traseira"";""Com Vítimas Feridas"";""Pleno dia"";""Decrescente"";""Céu Claro"";""Múltipla"";""Reta"";""Sim"";325747;""Caminhão"";""VW/15.180 EURO3 WORKER"";2010;""Condutor"";""Ileso"";32;""Masculino"";1;0;0;0;-5",08054127;-42,"78572381;""SR-PI"";""DEL17/5"";""UOP01/PI""",
"182667;403690;2019-01-03;""quinta-feira"";""09:00:00"";""PI"";343;4;""TERESINA"";""Não"";""Falta de Atenção à Condução"";1;""Colisão traseira"";""Com Vítimas Feridas"";""Pleno dia"";""Decrescente"";""Céu Claro"";""Múltipla"";""Reta"";""Sim"";325747;""Caminhão"";""VW/15.180 EURO3 WORKER"";2010;""Condutor"";""Ileso"";32;""Masculino"";1;0;0;0;-5",08054127;-42,"78572381;""SR-PI"";""DEL17/5"";""UOP01/PI""",
"182667;403690;2019-01-03;""quinta-feira"";""09:00:00"";""PI"";343;4;""TERESINA"";""Não"";""Velocidade Incompatível"";1;""Colisão traseira"";""Com Vítimas Feridas"";""Pleno dia"";""Decrescente"";""Céu Claro"";""Múltipla"";""Reta"";""Sim"";325747;""Caminhão"";""VW/15.180 EURO3 WORKER"";2010;""Condutor"";""Ileso"";32;""Masculino"";1;0;0;0;-5",08054127;-42,"78572381;""SR-PI"";""DEL17/5"";""UOP01/PI""",
"182667;403689;2019-01-03;""quinta-feira"";""09:00:00"";""PI"";343;4;""TERESINA"";""Sim"";""Não guardar distância de segurança"";2;""Colisão traseira"";""Com Vítimas Feridas"";""Pleno dia"";""Decrescente"";""Céu Claro"";""Múltipla"";""Reta"";""Sim"";325746;""Caminhonete"";""CHEVROLET/MONTANA LS2"";2016;""Condutor"";""Ileso"";37;""Masculino"";1;0;0;0;-5",08054127;-42,"78572381;""SR-PI"";""DEL17/5"";""UOP01/PI""",
"182667;403689;2019-01-03;""quinta-feira"";""09:00:00"";""PI"";343;4;""TERESINA"";""Não"";""Falta de Atenção à Condução"";2;""Colisão traseira"";""Com Vítimas Feridas"";""Pleno dia"";""Decrescente"";""Céu Claro"";""Múltipla"";""Reta"";""Sim"";325746;""Caminhonete"";""CHEVROLET/MONTANA LS2"";2016;""Condutor"";""Ileso"";37;""Masculino"";1;0;0;0;-5",08054127;-42,"78572381;""SR-PI"";""DEL17/5"";""UOP01/PI""",
"182667;403689;2019-01-03;""quinta-feira"";""09:00:00"";""PI"";343;4;""TERESINA"";""Não"";""Velocidade Incompatível"";2;""Colisão traseira"";""Com Vítimas Feridas"";""Pleno dia"";""Decrescente"";""Céu Claro"";""Múltipla"";""Reta"";""Sim"";325746;""Caminhonete"";""CHEVROLET/MONTANA LS2"";2016;""Condutor"";""Ileso"";37;""Masculino"";1;0;0;0;-5",08054127;-42,"78572381;""SR-PI"";""DEL17/5"";""UOP01/PI""",
"182667;403689;2019-01-03;""quinta-feira"";""09:00:00"";""PI"";343;4;""TERESINA"";""Sim"";""Não guardar distância de segurança"";1;""Colisão traseira"";""Com Vítimas Feridas"";""Pleno dia"";""Decrescente"";""Céu Claro"";""Múltipla"";""Reta"";""Sim"";325746;""Caminhonete"";""CHEVROLET/MONTANA LS2"";2016;""Condutor"";""Ileso"";37;""Masculino"";1;0;0;0;-5",08054127;-42,"78572381;""SR-PI"";""DEL17/5"";""UOP01/PI""",
"182667;403689;2019-01-03;""quinta-feira"";""09:00:00"";""PI"";343;4;""TERESINA"";""Não"";""Falta de Atenção à Condução"";1;""Colisão traseira"";""Com Vítimas Feridas"";""Pleno dia"";""Decrescente"";""Céu Claro"";""Múltipla"";""Reta"";""Sim"";325746;""Caminhonete"";""CHEVROLET/MONTANA LS2"";2016;""Condutor"";""Ileso"";37;""Masculino"";1;0;0;0;-5",08054127;-42,"78572381;""SR-PI"";""DEL17/5"";""UOP01/PI""",
"182667;403689;2019-01-03;""quinta-feira"";""09:00:00"";""PI"";343;4;""TERESINA"";""Não"";""Velocidade Incompatível"";1;""Colisão traseira"";""Com Vítimas Feridas"";""Pleno dia"";""Decrescente"";""Céu Claro"";""Múltipla"";""Reta"";""Sim"";325746;""Caminhonete"";""CHEVROLET/MONTANA LS2"";2016;""Condutor"";""Ileso"";37;""Masculino"";1;0;0;0;-5",08054127;-42,"78572381;""SR-PI"";""DEL17/5"";""UOP01/PI""",
"182667;403687;2019-01-03;""quinta-feira"";""09:00:00"";""PI"";343;4;""TERESINA"";""Sim"";""Não guardar distância de segurança"";2;""Colisão traseira"";""Com Vítimas Feridas"";""Pleno dia"";""Decrescente"";""Céu Claro"";""Múltipla"";""Reta"";""Sim"";325745;""Motocicleta"";""YAMAHA/YBR 125K"";2007;""Condutor"";""Ileso"";42;""Masculino"";1;0;0;0;-5",08054127;-42,"78572381;""SR-PI"";""DEL17/5"";""UOP01/PI""",
"182667;403687;2019-01-03;""quinta-feira"";""09:00:00"";""PI"";343;4;""TERESINA"";""Não"";""Falta de Atenção à Condução"";2;""Colisão traseira"";""Com Vítimas Feridas"";""Pleno dia"";""Decrescente"";""Céu Claro"";""Múltipla"";""Reta"";""Sim"";325745;""Motocicleta"";""YAMAHA/YBR 125K"";2007;""Condutor"";""Ileso"";42;""Masculino"";1;0;0;0;-5",08054127;-42,"78572381;""SR-PI"";""DEL17/5"";""UOP01/PI""",
"182667;403687;2019-01-03;""quinta-feira"";""09:00:00"";""PI"";343;4;""TERESINA"";""Não"";""Velocidade Incompatível"";2;""Colisão traseira"";""Com Vítimas Feridas"";""Pleno dia"";""Decrescente"";""Céu Claro"";""Múltipla"";""Reta"";""Sim"";325745;""Motocicleta"";""YAMAHA/YBR 125K"";2007;""Condutor"";""Ileso"";42;""Masculino"";1;0;0;0;-5",08054127;-42,"78572381;""SR-PI"";""DEL17/5"";""UOP01/PI""",
"182667;403687;2019-01-03;""quinta-feira"";""09:00:00"";""PI"";343;4;""TERESINA"";""Sim"";""Não guardar distância de segurança"";1;""Colisão traseira"";""Com Vítimas Feridas"";""Pleno dia"";""Decrescente"";""Céu Claro"";""Múltipla"";""Reta"";""Sim"";325745;""Motocicleta"";""YAMAHA/YBR 125K"";2007;""Condutor"";""Ileso"";42;""Masculino"";1;0;0;0;-5",08054127;-42,"78572381;""SR-PI"";""DEL17/5"";""UOP01/PI""",
"182667;403687;2019-01-03;""quinta-feira"";""09:00:00"";""PI"";343;4;""TERESINA"";""Não"";""Falta de Atenção à Condução"";1;""Colisão traseira"";""Com Vítimas Feridas"";""Pleno dia"";""Decrescente"";""Céu Claro"";""Múltipla"";""Reta"";""Sim"";325745;""Motocicleta"";""YAMAHA/YBR 125K"";2007;""Condutor"";""Ileso"";42;""Masculino"";1;0;0;0;-5",08054127;-42,"78572381;""SR-PI"";""DEL17/5"";""UOP01/PI""",
"182667;403687;2019-01-03;""quinta-feira"";""09:00:00"";""PI"";343;4;""TERESINA"";""Não"";""Velocidade Incompatível"";1;""Colisão traseira"";""Com Vítimas Feridas"";""Pleno dia"";""Decrescente"";""Céu Claro"";""Múltipla"";""Reta"";""Sim"";325745;""Motocicleta"";""YAMAHA/YBR 125K"";2007;""Condutor"";""Ileso"";42;""Masculino"";1;0;0;0;-5",08054127;-42,"78572381;""SR-PI"";""DEL17/5"";""UOP01/PI""",
"182670;403389;2019-01-03;""quinta-feira"";""10:30:00"";""MG"";50;71;""UBERLANDIA"";""Sim"";""Pista Escorregadia"";1;""Queda de ocupante de veículo"";""Com Vítimas Feridas"";""Pleno dia"";""Crescente"";""Céu Claro"";""Dupla"";""Não Informado"";""Sim"";325682;""Motocicleta"";""TRIUMPH/TIGER XCX"";2015;""Condutor"";""Lesões Leves"";46;""Masculino"";0;1;0;0;-18",9002;-48,"2401;""SR-MG"";""DEL4/15"";""UOP01/MG""",
"182672;403412;2019-01-03;""quinta-feira"";""08:45:00"";""RO"";364;379;""OURO PRETO DO OESTE"";""Sim"";""Defeito na Via"";1;""Queda de ocupante de veículo"";""Com Vítimas Feridas"";""Pleno dia"";""Crescente"";""Céu Claro"";""Simples"";""Curva"";""Não"";325658;""Motoneta"";""HONDA/BIZ 110I"";2017;""Condutor"";""Lesões Graves"";50;""Masculino"";0;0;1;0;-10",7414;-62,"217953;""SR-RO"";""DEL21/2"";""UOP01/RO""",
"182674;403476;2019-01-03;""quinta-feira"";""09:40:00"";""RS"";290;670;""URUGUAIANA"";""Sim"";""Falta de Atenção à Condução"";3;""Saída de leito carroçável"";""Com Vítimas Feridas"";""Pleno dia"";""Crescente"";""Chuva"";""Simples"";""Reta"";""Não"";325714;""Caminhonete"";""CHEVROLET/S10 LT DD4A"";2017;""Condutor"";""Ileso"";58;""Masculino"";1;0;0;0;-29",949526;-56,"606392;""SR-RS"";""DEL9/13"";""UOP01/RS""",
"182674;403476;2019-01-03;""quinta-feira"";""09:40:00"";""RS"";290;670;""URUGUAIANA"";""Não"";""Defeito na Via"";3;""Saída de leito carroçável"";""Com Vítimas Feridas"";""Pleno dia"";""Crescente"";""Chuva"";""Simples"";""Reta"";""Não"";325714;""Caminhonete"";""CHEVROLET/S10 LT DD4A"";2017;""Condutor"";""Ileso"";58;""Masculino"";1;0;0;0;-29",949526;-56,"606392;""SR-RS"";""DEL9/13"";""UOP01/RS""",
"182674;403476;2019-01-03;""quinta-feira"";""09:40:00"";""RS"";290;670;""URUGUAIANA"";""Não"";""Pista Escorregadia"";3;""Saída de leito carroçável"";""Com Vítimas Feridas"";""Pleno dia"";""Crescente"";""Chuva"";""Simples"";""Reta"";""Não"";325714;""Caminhonete"";""CHEVROLET/S10 LT DD4A"";2017;""Condutor"";""Ileso"";58;""Masculino"";1;0;0;0;-29",949526;-56,"606392;""SR-RS"";""DEL9/13"";""UOP01/RS""",
"182674;403476;2019-01-03;""quinta-feira"";""09:40:00"";""RS"";290;670;""URUGUAIANA"";""Sim"";""Falta de Atenção à Condução"";2;""Colisão frontal"";""Com Vítimas Feridas"";""Pleno dia"";""Crescente"";""Chuva"";""Simples"";""Reta"";""Não"";325714;""Caminhonete"";""CHEVROLET/S10 LT DD4A"";2017;""Condutor"";""Ileso"";58;""Masculino"";1;0;0;0;-29",949526;-56,"606392;""SR-RS"";""DEL9/13"";""UOP01/RS""",
"182674;403476;2019-01-03;""quinta-feira"";""09:40:00"";""RS"";290;670;""URUGUAIANA"";""Não"";""Defeito na Via"";2;""Colisão frontal"";""Com Vítimas Feridas"";""Pleno dia"";""Crescente"";""Chuva"";""Simples"";""Reta"";""Não"";325714;""Caminhonete"";""CHEVROLET/S10 LT DD4A"";2017;""Condutor"";""Ileso"";58;""Masculino"";1;0;0;0;-29",949526;-56,"606392;""SR-RS"";""DEL9/13"";""UOP01/RS""",
"182674;403476;2019-01-03;""quinta-feira"";""09:40:00"";""RS"";290;670;""URUGUAIANA"";""Não"";""Pista Escorregadia"";2;""Colisão frontal"";""Com Vítimas Feridas"";""Pleno dia"";""Crescente"";""Chuva"";""Simples"";""Reta"";""Não"";325714;""Caminhonete"";""CHEVROLET/S10 LT DD4A"";2017;""Condutor"";""Ileso"";58;""Masculino"";1;0;0;0;-29",949526;-56,"606392;""SR-RS"";""DEL9/13"";""UOP01/RS""",
"182674;403476;2019-01-03;""quinta-feira"";""09:40:00"";""RS"";290;670;""URUGUAIANA"";""Sim"";""Falta de Atenção à Condução"";1;""Colisão frontal"";""Com Vítimas Feridas"";""Pleno dia"";""Crescente"";""Chuva"";""Simples"";""Reta"";""Não"";325714;""Caminhonete"";""CHEVROLET/S10 LT DD4A"";2017;""Condutor"";""Ileso"";58;""Masculino"";1;0;0;0;-29",949526;-56,"606392;""SR-RS"";""DEL9/13"";""UOP01/RS""",
"182674;403476;2019-01-03;""quinta-feira"";""09:40:00"";""RS"";290;670;""URUGUAIANA"";""Não"";""Defeito na Via"";1;""Colisão frontal"";""Com Vítimas Feridas"";""Pleno dia"";""Crescente"";""Chuva"";""Simples"";""Reta"";""Não"";325714;""Caminhonete"";""CHEVROLET/S10 LT DD4A"";2017;""Condutor"";""Ileso"";58;""Masculino"";1;0;0;0;-29",949526;-56,"606392;""SR-RS"";""DEL9/13"";""UOP01/RS""",
"182674;403476;2019-01-03;""quinta-feira"";""09:40:00"";""RS"";290;670;""URUGUAIANA"";""Não"";""Pista Escorregadia"";1;""Colisão frontal"";""Com Vítimas Feridas"";""Pleno dia"";""Crescente"";""Chuva"";""Simples"";""Reta"";""Não"";325714;""Caminhonete"";""CHEVROLET/S10 LT DD4A"";2017;""Condutor"";""Ileso"";58;""Masculino"";1;0;0;0;-29",949526;-56,"606392;""SR-RS"";""DEL9/13"";""UOP01/RS""",
"182674;403473;2019-01-03;""quinta-feira"";""09:40:00"";""RS"";290;670;""URUGUAIANA"";""Sim"";""Falta de Atenção à Condução"";3;""Saída de leito carroçável"";""Com Vítimas Feridas"";""Pleno dia"";""Crescente"";""Chuva"";""Simples"";""Reta"";""Não"";325713;""Caminhonete"";""VW/NOVA SAVEIRO PP MBVD"";2018;""Passageiro"";""Lesões Leves"";21;""Feminino"";0;1;0;0;-29",949526;-56,"606392;""SR-RS"";""DEL9/13"";""UOP01/RS""",
"182674;403473;2019-01-03;""quinta-feira"";""09:40:00"";""RS"";290;670;""URUGUAIANA"";""Não"";""Defeito na Via"";3;""Saída de leito carroçável"";""Com Vítimas Feridas"";""Pleno dia"";""Crescente"";""Chuva"";""Simples"";""Reta"";""Não"";325713;""Caminhonete"";""VW/NOVA SAVEIRO PP MBVD"";2018;""Passageiro"";""Lesões Leves"";21;""Feminino"";0;1;0;0;-29",949526;-56,"606392;""SR-RS"";""DEL9/13"";""UOP01/RS""",
"182674;403473;2019-01-03;""quinta-feira"";""09:40:00"";""RS"";290;670;""URUGUAIANA"";""Não"";""Pista Escorregadia"";3;""Saída de leito carroçável"";""Com Vítimas Feridas"";""Pleno dia"";""Crescente"";""Chuva"";""Simples"";""Reta"";""Não"";325713;""Caminhonete"";""VW/NOVA SAVEIRO PP MBVD"";2018;""Passageiro"";""Lesões Leves"";21;""Feminino"";0;1;0;0;-29",949526;-56,"606392;""SR-RS"";""DEL9/13"";""UOP01/RS""",
"182674;403473;2019-01-03;""quinta-feira"";""09:40:00"";""RS"";290;670;""URUGUAIANA"";""Sim"";""Falta de Atenção à Condução"";2;""Colisão frontal"";""Com Vítimas Feridas"";""Pleno dia"";""Crescente"";""Chuva"";""Simples"";""Reta"";""Não"";325713;""Caminhonete"";""VW/NOVA SAVEIRO PP MBVD"";2018;""Passageiro"";""Lesões Leves"";21;""Feminino"";0;1;0;0;-29",949526;-56,"606392;""SR-RS"";""DEL9/13"";""UOP01/RS""",
"182674;403473;2019-01-03;""quinta-feira"";""09:40:00"";""RS"";290;670;""URUGUAIANA"";""Não"";""Defeito na Via"";2;""Colisão frontal"";""Com Vítimas Feridas"";""Pleno dia"";""Crescente"";""Chuva"";""Simples"";""Reta"";""Não"";325713;""Caminhonete"";""VW/NOVA SAVEIRO PP MBVD"";2018;""Passageiro"";""Lesões Leves"";21;""Feminino"";0;1;0;0;-29",949526;-56,"606392;""SR-RS"";""DEL9/13"";""UOP01/RS""",