"id;""pesid"";""data_inversa"";""dia_semana"";""horario"";""uf"";""br"";""km"";""municipio"";""causa_principal"";""causa_acidente"";""ordem_tipo_acidente"";""tipo_acidente"";""classificacao_acidente"";""fase_dia"";""sentido_via"";""condicao_metereologica"";""tipo_pista"";""tracado_via"";""uso_solo"";""id_veiculo"";""tipo_veiculo"";""marca"";""ano_fabricacao_veiculo"";""tipo_envolvido"";""estado_fisico"";""idade"";""sexo"";""ilesos"";""feridos_leves"";""feridos_graves"";""mortos"";""latitude"";""longitude"";""regional"";""delegacia"";""uop""",,,
"182688;403626;2019-01-03;""quinta-feira"";""11:19:00"";""PR"";376;660;""TIJUCAS DO SUL"";""Sim"";""Sinalização da via insuficiente ou inadequada"";3;""Derramamento de carga"";""Com Vítimas Feridas"";""Pleno dia"";""Crescente"";""Céu Claro"";""Dupla"";""Não Informado"";""Não"";325811;""Automóvel"";""RENAULT/SANDERO STEPWAY"";2010;""Condutor"";""Ileso"";44;""Masculino"";1;0;0;0;-25",85551615;-48,"99799347;""SR-PR"";""DEL7/1"";""UOP08/PR""",
"182688;403626;2019-01-03;""quinta-feira"";""11:19:00"";""PR"";376;660;""TIJUCAS DO SUL"";""Não"";""Falta de Atenção à Condução"";3;""Derramamento de carga"";""Com Vítimas Feridas"";""Pleno dia"";""Crescente"";""Céu Claro"";""Dupla"";""Não Informado"";""Não"";325811;""Automóvel"";""RENAULT/SANDERO STEPWAY"";2010;""Condutor"";""Ileso"";44;""Masculino"";1;0;0;0;-25",85551615;-48,"99799347;""SR-PR"";""DEL7/1"";""UOP08/PR""",
"182688;403626;2019-01-03;""quinta-feira"";""11:19:00"";""PR"";376;660;""TIJUCAS DO SUL"";""Não"";""Restrição de Visibilidade"";3;""Derramamento de carga"";""Com Vítimas Feridas"";""Pleno dia"";""Crescente"";""Céu Claro"";""Dupla"";""Não Informado"";""Não"";325811;""Automóvel"";""RENAULT/SANDERO STEPWAY"";2010;""Condutor"";""Ileso"";44;""Masculino"";1;0;0;0;-25",85551615;-48,"99799347;""SR-PR"";""DEL7/1"";""UOP08/PR""",
"182688;403626;2019-01-03;""quinta-feira"";""11:19:00"";""PR"";376;660;""TIJUCAS DO SUL"";""Sim"";""Sinalização da via insuficiente ou inadequada"";2;""Tombamento"";""Com Vítimas Feridas"";""Pleno dia"";""Crescente"";""Céu Claro"";""Dupla"";""Não Informado"";""Não"";325811;""Automóvel"";""RENAULT/SANDERO STEPWAY"";2010;""Condutor"";""Ileso"";44;""Masculino"";1;0;0;0;-25",85551615;-48,"99799347;""SR-PR"";""DEL7/1"";""UOP08/PR""",
"182688;403626;2019-01-03;""quinta-feira"";""11:19:00"";""PR"";376;660;""TIJUCAS DO SUL"";""Não"";""Falta de Atenção à Condução"";2;""Tombamento"";""Com Vítimas Feridas"";""Pleno dia"";""Crescente"";""Céu Claro"";""Dupla"";""Não Informado"";""Não"";325811;""Automóvel"";""RENAULT/SANDERO STEPWAY"";2010;""Condutor"";""Ileso"";44;""Masculino"";1;0;0;0;-25",85551615;-48,"99799347;""SR-PR"";""DEL7/1"";""UOP08/PR""",
"182688;403626;2019-01-03;""quinta-feira"";""11:19:00"";""PR"";376;660;""TIJUCAS DO SUL"";""Não"";""Restrição de Visibilidade"";2;""Tombamento"";""Com Vítimas Feridas"";""Pleno dia"";""Crescente"";""Céu Claro"";""Dupla"";""Não Informado"";""Não"";325811;""Automóvel"";""RENAULT/SANDERO STEPWAY"";2010;""Condutor"";""Ileso"";44;""Masculino"";1;0;0;0;-25",85551615;-48,"99799347;""SR-PR"";""DEL7/1"";""UOP08/PR""",
"182688;403626;2019-01-03;""quinta-feira"";""11:19:00"";""PR"";376;660;""TIJUCAS DO SUL"";""Sim"";""Sinalização da via insuficiente ou inadequada"";1;""Engavetamento"";""Com Vítimas Feridas"";""Pleno dia"";""Crescente"";""Céu Claro"";""Dupla"";""Não Informado"";""Não"";325811;""Automóvel"";""RENAULT/SANDERO STEPWAY"";2010;""Condutor"";""Ileso"";44;""Masculino"";1;0;0;0;-25",85551615;-48,"99799347;""SR-PR"";""DEL7/1"";""UOP08/PR""",
"182688;403626;2019-01-03;""quinta-feira"";""11:19:00"";""PR"";376;660;""TIJUCAS DO SUL"";""Não"";""Falta de Atenção à Condução"";1;""Engavetamento"";""Com Vítimas Feridas"";""Pleno dia"";""Crescente"";""Céu Claro"";""Dupla"";""Não Informado"";""Não"";325811;""Automóvel"";""RENAULT/SANDERO STEPWAY"";2010;""Condutor"";""Ileso"";44;""Masculino"";1;0;0;0;-25",85551615;-48,"99799347;""SR-PR"";""DEL7/1"";""UOP08/PR""",
"182688;403626;2019-01-03;""quinta-feira"";""11:19:00"";""PR"";376;660;""TIJUCAS DO SUL"";""Não"";""Restrição de Visibilidade"";1;""Engavetamento"";""Com Vítimas Feridas"";""Pleno dia"";""Crescente"";""Céu Claro"";""Dupla"";""Não Informado"";""Não"";325811;""Automóvel"";""RENAULT/SANDERO STEPWAY"";2010;""Condutor"";""Ileso"";44;""Masculino"";1;0;0;0;-25",85551615;-48,"99799347;""SR-PR"";""DEL7/1"";""UOP08/PR""",
"182688;403615;2019-01-03;""quinta-feira"";""11:19:00"";""PR"";376;660;""TIJUCAS DO SUL"";""Sim"";""Sinalização da via insuficiente ou inadequada"";3;""Derramamento de carga"";""Com Vítimas Feridas"";""Pleno dia"";""Crescente"";""Céu Claro"";""Dupla"";""Não Informado"";""Não"";325759;""Caminhonete"";""I/FORD RANGER XLSCD4A22C"";2017;""Condutor"";""Ileso"";46;""Masculino"";1;0;0;0;-25",85551615;-48,"99799347;""SR-PR"";""DEL7/1"";""UOP08/PR""",
"182688;403615;2019-01-03;""quinta-feira"";""11:19:00"";""PR"";376;660;""TIJUCAS DO SUL"";""Não"";""Falta de Atenção à Condução"";3;""Derramamento de carga"";""Com Vítimas Feridas"";""Pleno dia"";""Crescente"";""Céu Claro"";""Dupla"";""Não Informado"";""Não"";325759;""Caminhonete"";""I/FORD RANGER XLSCD4A22C"";2017;""Condutor"";""Ileso"";46;""Masculino"";1;0;0;0;-25",85551615;-48,"99799347;""SR-PR"";""DEL7/1"";""UOP08/PR""",
"182688;403615;2019-01-03;""quinta-feira"";""11:19:00"";""PR"";376;660;""TIJUCAS DO SUL"";""Não"";""Restrição de Visibilidade"";3;""Derramamento de carga"";""Com Vítimas Feridas"";""Pleno dia"";""Crescente"";""Céu Claro"";""Dupla"";""Não Informado"";""Não"";325759;""Caminhonete"";""I/FORD RANGER XLSCD4A22C"";2017;""Condutor"";""Ileso"";46;""Masculino"";1;0;0;0;-25",85551615;-48,"99799347;""SR-PR"";""DEL7/1"";""UOP08/PR""",
"182688;403615;2019-01-03;""quinta-feira"";""11:19:00"";""PR"";376;660;""TIJUCAS DO SUL"";""Sim"";""Sinalização da via insuficiente ou inadequada"";2;""Tombamento"";""Com Vítimas Feridas"";""Pleno dia"";""Crescente"";""Céu Claro"";""Dupla"";""Não Informado"";""Não"";325759;""Caminhonete"";""I/FORD RANGER XLSCD4A22C"";2017;""Condutor"";""Ileso"";46;""Masculino"";1;0;0;0;-25",85551615;-48,"99799347;""SR-PR"";""DEL7/1"";""UOP08/PR""",
"182688;403615;2019-01-03;""quinta-feira"";""11:19:00"";""PR"";376;660;""TIJUCAS DO SUL"";""Não"";""Falta de Atenção à Condução"";2;""Tombamento"";""Com Vítimas Feridas"";""Pleno dia"";""Crescente"";""Céu Claro"";""Dupla"";""Não Informado"";""Não"";325759;""Caminhonete"";""I/FORD RANGER XLSCD4A22C"";2017;""Condutor"";""Ileso"";46;""Masculino"";1;0;0;0;-25",85551615;-48,"99799347;""SR-PR"";""DEL7/1"";""UOP08/PR""",
"182688;403615;2019-01-03;""quinta-feira"";""11:19:00"";""PR"";376;660;""TIJUCAS DO SUL"";""Não"";""Restrição de Visibilidade"";2;""Tombamento"";""Com Vítimas Feridas"";""Pleno dia"";""Crescente"";""Céu Claro"";""Dupla"";""Não Informado"";""Não"";325759;""Caminhonete"";""I/FORD RANGER XLSCD4A22C"";2017;""Condutor"";""Ileso"";46;""Masculino"";1;0;0;0;-25",85551615;-48,"99799347;""SR-PR"";""DEL7/1"";""UOP08/PR""",
"182688;403615;2019-01-03;""quinta-feira"";""11:19:00"";""PR"";376;660;""TIJUCAS DO SUL"";""Sim"";""Sinalização da via insuficiente ou inadequada"";1;""Engavetamento"";""Com Vítimas Feridas"";""Pleno dia"";""Crescente"";""Céu Claro"";""Dupla"";""Não Informado"";""Não"";325759;""Caminhonete"";""I/FORD RANGER XLSCD4A22C"";2017;""Condutor"";""Ileso"";46;""Masculino"";1;0;0;0;-25",85551615;-48,"99799347;""SR-PR"";""DEL7/1"";""UOP08/PR""",
"182688;403615;2019-01-03;""quinta-feira"";""11:19:00"";""PR"";376;660;""TIJUCAS DO SUL"";""Não"";""Falta de Atenção à Condução"";1;""Engavetamento"";""Com Vítimas Feridas"";""Pleno dia"";""Crescente"";""Céu Claro"";""Dupla"";""Não Informado"";""Não"";325759;""Caminhonete"";""I/FORD RANGER XLSCD4A22C"";2017;""Condutor"";""Ileso"";46;""Masculino"";1;0;0;0;-25",85551615;-48,"99799347;""SR-PR"";""DEL7/1"";""UOP08/PR""",
"182688;403615;2019-01-03;""quinta-feira"";""11:19:00"";""PR"";376;660;""TIJUCAS DO SUL"";""Não"";""Restrição de Visibilidade"";1;""Engavetamento"";""Com Vítimas Feridas"";""Pleno dia"";""Crescente"";""Céu Claro"";""Dupla"";""Não Informado"";""Não"";325759;""Caminhonete"";""I/FORD RANGER XLSCD4A22C"";2017;""Condutor"";""Ileso"";46;""Masculino"";1;0;0;0;-25",85551615;-48,"99799347;""SR-PR"";""DEL7/1"";""UOP08/PR""",
"182688;403620;2019-01-03;""quinta-feira"";""11:19:00"";""PR"";376;660;""TIJUCAS DO SUL"";""Sim"";""Sinalização da via insuficiente ou inadequada"";3;""Derramamento de carga"";""Com Vítimas Feridas"";""Pleno dia"";""Crescente"";""Céu Claro"";""Dupla"";""Não Informado"";""Não"";325807;""Automóvel"";""HONDA/CIVIC LXR"";2013;""Condutor"";""Ileso"";52;""Masculino"";1;0;0;0;-25",85551615;-48,"99799347;""SR-PR"";""DEL7/1"";""UOP08/PR""",
"182688;403620;2019-01-03;""quinta-feira"";""11:19:00"";""PR"";376;660;""TIJUCAS DO SUL"";""Não"";""Falta de Atenção à Condução"";3;""Derramamento de carga"";""Com Vítimas Feridas"";""Pleno dia"";""Crescente"";""Céu Claro"";""Dupla"";""Não Informado"";""Não"";325807;""Automóvel"";""HONDA/CIVIC LXR"";2013;""Condutor"";""Ileso"";52;""Masculino"";1;0;0;0;-25",85551615;-48,"99799347;""SR-PR"";""DEL7/1"";""UOP08/PR""",
"182688;403620;2019-01-03;""quinta-feira"";""11:19:00"";""PR"";376;660;""TIJUCAS DO SUL"";""Não"";""Restrição de Visibilidade"";3;""Derramamento de carga"";""Com Vítimas Feridas"";""Pleno dia"";""Crescente"";""Céu Claro"";""Dupla"";""Não Informado"";""Não"";325807;""Automóvel"";""HONDA/CIVIC LXR"";2013;""Condutor"";""Ileso"";52;""Masculino"";1;0;0;0;-25",85551615;-48,"99799347;""SR-PR"";""DEL7/1"";""UOP08/PR""",
"182688;403620;2019-01-03;""quinta-feira"";""11:19:00"";""PR"";376;660;""TIJUCAS DO SUL"";""Sim"";""Sinalização da via insuficiente ou inadequada"";2;""Tombamento"";""Com Vítimas Feridas"";""Pleno dia"";""Crescente"";""Céu Claro"";""Dupla"";""Não Informado"";""Não"";325807;""Automóvel"";""HONDA/CIVIC LXR"";2013;""Condutor"";""Ileso"";52;""Masculino"";1;0;0;0;-25",85551615;-48,"99799347;""SR-PR"";""DEL7/1"";""UOP08/PR""",
"182688;403620;2019-01-03;""quinta-feira"";""11:19:00"";""PR"";376;660;""TIJUCAS DO SUL"";""Não"";""Falta de Atenção à Condução"";2;""Tombamento"";""Com Vítimas Feridas"";""Pleno dia"";""Crescente"";""Céu Claro"";""Dupla"";""Não Informado"";""Não"";325807;""Automóvel"";""HONDA/CIVIC LXR"";2013;""Condutor"";""Ileso"";52;""Masculino"";1;0;0;0;-25",85551615;-48,"99799347;""SR-PR"";""DEL7/1"";""UOP08/PR""",
"182688;403620;2019-01-03;""quinta-feira"";""11:19:00"";""PR"";376;660;""TIJUCAS DO SUL"";""Não"";""Restrição de Visibilidade"";2;""Tombamento"";""Com Vítimas Feridas"";""Pleno dia"";""Crescente"";""Céu Claro"";""Dupla"";""Não Informado"";""Não"";325807;""Automóvel"";""HONDA/CIVIC LXR"";2013;""Condutor"";""Ileso"";52;""Masculino"";1;0;0;0;-25",85551615;-48,"99799347;""SR-PR"";""DEL7/1"";""UOP08/PR""",
"182688;403620;2019-01-03;""quinta-feira"";""11:19:00"";""PR"";376;660;""TIJUCAS DO SUL"";""Sim"";""Sinalização da via insuficiente ou inadequada"";1;""Engavetamento"";""Com Vítimas Feridas"";""Pleno dia"";""Crescente"";""Céu Claro"";""Dupla"";""Não Informado"";""Não"";325807;""Automóvel"";""HONDA/CIVIC LXR"";2013;""Condutor"";""Ileso"";52;""Masculino"";1;0;0;0;-25",85551615;-48,"99799347;""SR-PR"";""DEL7/1"";""UOP08/PR""",
"182688;403620;2019-01-03;""quinta-feira"";""11:19:00"";""PR"";376;660;""TIJUCAS DO SUL"";""Não"";""Falta de Atenção à Condução"";1;""Engavetamento"";""Com Vítimas Feridas"";""Pleno dia"";""Crescente"";""Céu Claro"";""Dupla"";""Não Informado"";""Não"";325807;""Automóvel"";""HONDA/CIVIC LXR"";2013;""Condutor"";""Ileso"";52;""Masculino"";1;0;0;0;-25",85551615;-48,"99799347;""SR-PR"";""DEL7/1"";""UOP08/PR""",
"182688;403620;2019-01-03;""quinta-feira"";""11:19:00"";""PR"";376;660;""TIJUCAS DO SUL"";""Não"";""Restrição de Visibilidade"";1;""Engavetamento"";""Com Vítimas Feridas"";""Pleno dia"";""Crescente"";""Céu Claro"";""Dupla"";""Não Informado"";""Não"";325807;""Automóvel"";""HONDA/CIVIC LXR"";2013;""Condutor"";""Ileso"";52;""Masculino"";1;0;0;0;-25",85551615;-48,"99799347;""SR-PR"";""DEL7/1"";""UOP08/PR""",
"182688;403642;2019-01-03;""quinta-feira"";""11:19:00"";""PR"";376;660;""TIJUCAS DO SUL"";""Sim"";""Sinalização da via insuficiente ou inadequada"";3;""Derramamento de carga"";""Com Vítimas Feridas"";""Pleno dia"";""Crescente"";""Céu Claro"";""Dupla"";""Não Informado"";""Não"";325889;""Automóvel"";""GM/PRISMA JOY"";2009;""Passageiro"";""Ileso"";32;""Feminino"";1;0;0;0;-25",85551615;-48,"99799347;""SR-PR"";""DEL7/1"";""UOP08/PR""",
"182688;403642;2019-01-03;""quinta-feira"";""11:19:00"";""PR"";376;660;""TIJUCAS DO SUL"";""Não"";""Falta de Atenção à Condução"";3;""Derramamento de carga"";""Com Vítimas Feridas"";""Pleno dia"";""Crescente"";""Céu Claro"";""Dupla"";""Não Informado"";""Não"";325889;""Automóvel"";""GM/PRISMA JOY"";2009;""Passageiro"";""Ileso"";32;""Feminino"";1;0;0;0;-25",85551615;-48,"99799347;""SR-PR"";""DEL7/1"";""UOP08/PR""",
"182688;403642;2019-01-03;""quinta-feira"";""11:19:00"";""PR"";376;660;""TIJUCAS DO SUL"";""Não"";""Restrição de Visibilidade"";3;""Derramamento de carga"";""Com Vítimas Feridas"";""Pleno dia"";""Crescente"";""Céu Claro"";""Dupla"";""Não Informado"";""Não"";325889;""Automóvel"";""GM/PRISMA JOY"";2009;""Passageiro"";""Ileso"";32;""Feminino"";1;0;0;0;-25",85551615;-48,"99799347;""SR-PR"";""DEL7/1"";""UOP08/PR""",
"182688;403642;2019-01-03;""quinta-feira"";""11:19:00"";""PR"";376;660;""TIJUCAS DO SUL"";""Sim"";""Sinalização da via insuficiente ou inadequada"";2;""Tombamento"";""Com Vítimas Feridas"";""Pleno dia"";""Crescente"";""Céu Claro"";""Dupla"";""Não Informado"";""Não"";325889;""Automóvel"";""GM/PRISMA JOY"";2009;""Passageiro"";""Ileso"";32;""Feminino"";1;0;0;0;-25",85551615;-48,"99799347;""SR-PR"";""DEL7/1"";""UOP08/PR""",
"182688;403642;2019-01-03;""quinta-feira"";""11:19:00"";""PR"";376;660;""TIJUCAS DO SUL"";""Não"";""Falta de Atenção à Condução"";2;""Tombamento"";""Com Vítimas Feridas"";""Pleno dia"";""Crescente"";""Céu Claro"";""Dupla"";""Não Informado"";""Não"";325889;""Automóvel"";""GM/PRISMA JOY"";2009;""Passageiro"";""Ileso"";32;""Feminino"";1;0;0;0;-25",85551615;-48,"99799347;""SR-PR"";""DEL7/1"";""UOP08/PR""",
"182688;403642;2019-01-03;""quinta-feira"";""11:19:00"";""PR"";376;660;""TIJUCAS DO SUL"";""Não"";""Restrição de Visibilidade"";2;""Tombamento"";""Com Vítimas Feridas"";""Pleno dia"";""Crescente"";""Céu Claro"";""Dupla"";""Não Informado"";""Não"";325889;""Automóvel"";""GM/PRISMA JOY"";2009;""Passageiro"";""Ileso"";32;""Feminino"";1;0;0;0;-25",85551615;-48,"99799347;""SR-PR"";""DEL7/1"";""UOP08/PR""",
"182688;403642;2019-01-03;""quinta-feira"";""11:19:00"";""PR"";376;660;""TIJUCAS DO SUL"";""Sim"";""Sinalização da via insuficiente ou inadequada"";1;""Engavetamento"";""Com Vítimas Feridas"";""Pleno dia"";""Crescente"";""Céu Claro"";""Dupla"";""Não Informado"";""Não"";325889;""Automóvel"";""GM/PRISMA JOY"";2009;""Passageiro"";""Ileso"";32;""Feminino"";1;0;0;0;-25",85551615;-48,"99799347;""SR-PR"";""DEL7/1"";""UOP08/PR""",
"182688;403642;2019-01-03;""quinta-feira"";""11:19:00"";""PR"";376;660;""TIJUCAS DO SUL"";""Não"";""Falta de Atenção à Condução"";1;""Engavetamento"";""Com Vítimas Feridas"";""Pleno dia"";""Crescente"";""Céu Claro"";""Dupla"";""Não Informado"";""Não"";325889;""Automóvel"";""GM/PRISMA JOY"";2009;""Passageiro"";""Ileso"";32;""Feminino"";1;0;0;0;-25",85551615;-48,"99799347;""SR-PR"";""DEL7/1"";""UOP08/PR""",
"182688;403642;2019-01-03;""quinta-feira"";""11:19:00"";""PR"";376;660;""TIJUCAS DO SUL"";""Não"";""Restrição de Visibilidade"";1;""Engavetamento"";""Com Vítimas Feridas"";""Pleno dia"";""Crescente"";""Céu Claro"";""Dupla"";""Não Informado"";""Não"";325889;""Automóvel"";""GM/PRISMA JOY"";2009;""Passageiro"";""Ileso"";32;""Feminino"";1;0;0;0;-25",85551615;-48,"99799347;""SR-PR"";""DEL7/1"";""UOP08/PR""",
"182688;403638;2019-01-03;""quinta-feira"";""11:19:00"";""PR"";376;660;""TIJUCAS DO SUL"";""Sim"";""Sinalização da via insuficiente ou inadequada"";3;""Derramamento de carga"";""Com Vítimas Feridas"";""Pleno dia"";""Crescente"";""Céu Claro"";""Dupla"";""Não Informado"";""Não"";325833;""Automóvel"";""CHEV/PRISMA 1.4AT LTZ"";2017;""Condutor"";""Ileso"";56;""Feminino"";1;0;0;0;-25",85551615;-48,"99799347;""SR-PR"";""DEL7/1"";""UOP08/PR""",
"182688;403638;2019-01-03;""quinta-feira"";""11:19:00"";""PR"";376;660;""TIJUCAS DO SUL"";""Não"";""Falta de Atenção à Condução"";3;""Derramamento de carga"";""Com Vítimas Feridas"";""Pleno dia"";""Crescente"";""Céu Claro"";""Dupla"";""Não Informado"";""Não"";325833;""Automóvel"";""CHEV/PRISMA 1.4AT LTZ"";2017;""Condutor"";""Ileso"";56;""Feminino"";1;0;0;0;-25",85551615;-48,"99799347;""SR-PR"";""DEL7/1"";""UOP08/PR""",
"182688;403638;2019-01-03;""quinta-feira"";""11:19:00"";""PR"";376;660;""TIJUCAS DO SUL"";""Não"";""Restrição de Visibilidade"";3;""Derramamento de carga"";""Com Vítimas Feridas"";""Pleno dia"";""Crescente"";""Céu Claro"";""Dupla"";""Não Informado"";""Não"";325833;""Automóvel"";""CHEV/PRISMA 1.4AT LTZ"";2017;""Condutor"";""Ileso"";56;""Feminino"";1;0;0;0;-25",85551615;-48,"99799347;""SR-PR"";""DEL7/1"";""UOP08/PR""",
"182688;403638;2019-01-03;""quinta-feira"";""11:19:00"";""PR"";376;660;""TIJUCAS DO SUL"";""Sim"";""Sinalização da via insuficiente ou inadequada"";2;""Tombamento"";""Com Vítimas Feridas"";""Pleno dia"";""Crescente"";""Céu Claro"";""Dupla"";""Não Informado"";""Não"";325833;""Automóvel"";""CHEV/PRISMA 1.4AT LTZ"";2017;""Condutor"";""Ileso"";56;""Feminino"";1;0;0;0;-25",85551615;-48,"99799347;""SR-PR"";""DEL7/1"";""UOP08/PR""",
"182688;403638;2019-01-03;""quinta-feira"";""11:19:00"";""PR"";376;660;""TIJUCAS DO SUL"";""Não"";""Falta de Atenção à Condução"";2;""Tombamento"";""Com Vítimas Feridas"";""Pleno dia"";""Crescente"";""Céu Claro"";""Dupla"";""Não Informado"";""Não"";325833;""Automóvel"";""CHEV/PRISMA 1.4AT LTZ"";2017;""Condutor"";""Ileso"";56;""Feminino"";1;0;0;0;-25",85551615;-48,"99799347;""SR-PR"";""DEL7/1"";""UOP08/PR""",
"182688;403638;2019-01-03;""quinta-feira"";""11:19:00"";""PR"";376;660;""TIJUCAS DO SUL"";""Não"";""Restrição de Visibilidade"";2;""Tombamento"";""Com Vítimas Feridas"";""Pleno dia"";""Crescente"";""Céu Claro"";""Dupla"";""Não Informado"";""Não"";325833;""Automóvel"";""CHEV/PRISMA 1.4AT LTZ"";2017;""Condutor"";""Ileso"";56;""Feminino"";1;0;0;0;-25",85551615;-48,"99799347;""SR-PR"";""DEL7/1"";""UOP08/PR""",
"182688;403638;2019-01-03;""quinta-feira"";""11:19:00"";""PR"";376;660;""TIJUCAS DO SUL"";""Sim"";""Sinalização da via insuficiente ou inadequada"";1;""Engavetamento"";""Com Vítimas Feridas"";""Pleno dia"";""Crescente"";""Céu Claro"";""Dupla"";""Não Informado"";""Não"";325833;""Automóvel"";""CHEV/PRISMA 1.4AT LTZ"";2017;""Condutor"";""Ileso"";56;""Feminino"";1;0;0;0;-25",85551615;-48,"99799347;""SR-PR"";""DEL7/1"";""UOP08/PR""",
"182688;403638;2019-01-03;""quinta-feira"";""11:19:00"";""PR"";376;660;""TIJUCAS DO SUL"";""Não"";""Falta de Atenção à Condução"";1;""Engavetamento"";""Com Vítimas Feridas"";""Pleno dia"";""Crescente"";""Céu Claro"";""Dupla"";""Não Informado"";""Não"";325833;""Automóvel"";""CHEV/PRISMA 1.4AT LTZ"";2017;""Condutor"";""Ileso"";56;""Feminino"";1;0;0;0;-25",85551615;-48,"99799347;""SR-PR"";""DEL7/1"";""UOP08/PR""",
"182688;403638;2019-01-03;""quinta-feira"";""11:19:00"";""PR"";376;660;""TIJUCAS DO SUL"";""Não"";""Restrição de Visibilidade"";1;""Engavetamento"";""Com Vítimas Feridas"";""Pleno dia"";""Crescente"";""Céu Claro"";""Dupla"";""Não Informado"";""Não"";325833;""Automóvel"";""CHEV/PRISMA 1.4AT LTZ"";2017;""Condutor"";""Ileso"";56;""Feminino"";1;0;0;0;-25",85551615;-48,"99799347;""SR-PR"";""DEL7/1"";""UOP08/PR""",
"182688;403637;2019-01-03;""quinta-feira"";""11:19:00"";""PR"";376;660;""TIJUCAS DO SUL"";""Sim"";""Sinalização da via insuficiente ou inadequada"";3;""Derramamento de carga"";""Com Vítimas Feridas"";""Pleno dia"";""Crescente"";""Céu Claro"";""Dupla"";""Não Informado"";""Não"";325832;""Automóvel"";""HONDA/CIVIC EXS FLEX"";2008;""Condutor"";""Ileso"";33;""Masculino"";1;0;0;0;-25",85551615;-48,"99799347;""SR-PR"";""DEL7/1"";""UOP08/PR""",
"182688;403637;2019-01-03;""quinta-feira"";""11:19:00"";""PR"";376;660;""TIJUCAS DO SUL"";""Não"";""Falta de Atenção à Condução"";3;""Derramamento de carga"";""Com Vítimas Feridas"";""Pleno dia"";""Crescente"";""Céu Claro"";""Dupla"";""Não Informado"";""Não"";325832;""Automóvel"";""HONDA/CIVIC EXS FLEX"";2008;""Condutor"";""Ileso"";33;""Masculino"";1;0;0;0;-25",85551615;-48,"99799347;""SR-PR"";""DEL7/1"";""UOP08/PR""",
"182688;403637;2019-01-03;""quinta-feira"";""11:19:00"";""PR"";376;660;""TIJUCAS DO SUL"";""Não"";""Restrição de Visibilidade"";3;""Derramamento de carga"";""Com Vítimas Feridas"";""Pleno dia"";""Crescente"";""Céu Claro"";""Dupla"";""Não Informado"";""Não"";325832;""Automóvel"";""HONDA/CIVIC EXS FLEX"";2008;""Condutor"";""Ileso"";33;""Masculino"";1;0;0;0;-25",85551615;-48,"99799347;""SR-PR"";""DEL7/1"";""UOP08/PR""",
"182688;403637;2019-01-03;""quinta-feira"";""11:19:00"";""PR"";376;660;""TIJUCAS DO SUL"";""Sim"";""Sinalização da via insuficiente ou inadequada"";2;""Tombamento"";""Com Vítimas Feridas"";""Pleno dia"";""Crescente"";""Céu Claro"";""Dupla"";""Não Informado"";""Não"";325832;""Automóvel"";""HONDA/CIVIC EXS FLEX"";2008;""Condutor"";""Ileso"";33;""Masculino"";1;0;0;0;-25",85551615;-48,"99799347;""SR-PR"";""DEL7/1"";""UOP08/PR""",
"182688;403637;2019-01-03;""quinta-feira"";""11:19:00"";""PR"";376;660;""TIJUCAS DO SUL"";""Não"";""Falta de Atenção à Condução"";2;""Tombamento"";""Com Vítimas Feridas"";""Pleno dia"";""Crescente"";""Céu Claro"";""Dupla"";""Não Informado"";""Não"";325832;""Automóvel"";""HONDA/CIVIC EXS FLEX"";2008;""Condutor"";""Ileso"";33;""Masculino"";1;0;0;0;-25",85551615;-48,"99799347;""SR-PR"";""DEL7/1"";""UOP08/PR""",
"182688;403637;2019-01-03;""quinta-feira"";""11:19:00"";""PR"";376;660;""TIJUCAS DO SUL"";""Não"";""Restrição de Visibilidade"";2;""Tombamento"";""Com Vítimas Feridas"";""Pleno dia"";""Crescente"";""Céu Claro"";""Dupla"";""Não Informado"";""Não"";325832;""Automóvel"";""HONDA/CIVIC EXS FLEX"";2008;""Condutor"";""Ileso"";33;""Masculino"";1;0;0;0;-25",85551615;-48,"99799347;""SR-PR"";""DEL7/1"";""UOP08/PR""",
"182688;403637;2019-01-03;""quinta-feira"";""11:19:00"";""PR"";376;660;""TIJUCAS DO SUL"";""Sim"";""Sinalização da via insuficiente ou inadequada"";1;""Engavetamento"";""Com Vítimas Feridas"";""Pleno dia"";""Crescente"";""Céu Claro"";""Dupla"";""Não Informado"";""Não"";325832;""Automóvel"";""HONDA/CIVIC EXS FLEX"";2008;""Condutor"";""Ileso"";33;""Masculino"";1;0;0;0;-25",85551615;-48,"99799347;""SR-PR"";""DEL7/1"";""UOP08/PR""",
"182688;403637;2019-01-03;""quinta-feira"";""11:19:00"";""PR"";376;660;""TIJUCAS DO SUL"";""Não"";""Falta de Atenção à Condução"";1;""Engavetamento"";""Com Vítimas Feridas"";""Pleno dia"";""Crescente"";""Céu Claro"";""Dupla"";""Não Informado"";""Não"";325832;""Automóvel"";""HONDA/CIVIC EXS FLEX"";2008;""Condutor"";""Ileso"";33;""Masculino"";1;0;0;0;-25",85551615;-48,"99799347;""SR-PR"";""DEL7/1"";""UOP08/PR""",
"182688;403637;2019-01-03;""quinta-feira"";""11:19:00"";""PR"";376;660;""TIJUCAS DO SUL"";""Não"";""Restrição de Visibilidade"";1;""Engavetamento"";""Com Vítimas Feridas"";""Pleno dia"";""Crescente"";""Céu Claro"";""Dupla"";""Não Informado"";""Não"";325832;""Automóvel"";""HONDA/CIVIC EXS FLEX"";2008;""Condutor"";""Ileso"";33;""Masculino"";1;0;0;0;-25",85551615;-48,"99799347;""SR-PR"";""DEL7/1"";""UOP08/PR""",