"id;""pesid"";""data_inversa"";""dia_semana"";""horario"";""uf"";""br"";""km"";""municipio"";""causa_principal"";""causa_acidente"";""ordem_tipo_acidente"";""tipo_acidente"";""classificacao_acidente"";""fase_dia"";""sentido_via"";""condicao_metereologica"";""tipo_pista"";""tracado_via"";""uso_solo"";""id_veiculo"";""tipo_veiculo"";""marca"";""ano_fabricacao_veiculo"";""tipo_envolvido"";""estado_fisico"";""idade"";""sexo"";""ilesos"";""feridos_leves"";""feridos_graves"";""mortos"";""latitude"";""longitude"";""regional"";""delegacia"";""uop""",,,
"182688;403636;2019-01-03;""quinta-feira"";""11:19:00"";""PR"";376;660;""TIJUCAS DO SUL"";""Sim"";""Sinalização da via insuficiente ou inadequada"";3;""Derramamento de carga"";""Com Vítimas Feridas"";""Pleno dia"";""Crescente"";""Céu Claro"";""Dupla"";""Não Informado"";""Não"";325831;""Automóvel"";""FIAT/LINEA ESSENCE 1.8"";2012;""Condutor"";""Ileso"";51;""Masculino"";1;0;0;0;-25",85551615;-48,"99799347;""SR-PR"";""DEL7/1"";""UOP08/PR""",
"182688;403636;2019-01-03;""quinta-feira"";""11:19:00"";""PR"";376;660;""TIJUCAS DO SUL"";""Não"";""Falta de Atenção à Condução"";3;""Derramamento de carga"";""Com Vítimas Feridas"";""Pleno dia"";""Crescente"";""Céu Claro"";""Dupla"";""Não Informado"";""Não"";325831;""Automóvel"";""FIAT/LINEA ESSENCE 1.8"";2012;""Condutor"";""Ileso"";51;""Masculino"";1;0;0;0;-25",85551615;-48,"99799347;""SR-PR"";""DEL7/1"";""UOP08/PR""",
"182688;403636;2019-01-03;""quinta-feira"";""11:19:00"";""PR"";376;660;""TIJUCAS DO SUL"";""Não"";""Restrição de Visibilidade"";3;""Derramamento de carga"";""Com Vítimas Feridas"";""Pleno dia"";""Crescente"";""Céu Claro"";""Dupla"";""Não Informado"";""Não"";325831;""Automóvel"";""FIAT/LINEA ESSENCE 1.8"";2012;""Condutor"";""Ileso"";51;""Masculino"";1;0;0;0;-25",85551615;-48,"99799347;""SR-PR"";""DEL7/1"";""UOP08/PR""",
"182688;403636;2019-01-03;""quinta-feira"";""11:19:00"";""PR"";376;660;""TIJUCAS DO SUL"";""Sim"";""Sinalização da via insuficiente ou inadequada"";2;""Tombamento"";""Com Vítimas Feridas"";""Pleno dia"";""Crescente"";""Céu Claro"";""Dupla"";""Não Informado"";""Não"";325831;""Automóvel"";""FIAT/LINEA ESSENCE 1.8"";2012;""Condutor"";""Ileso"";51;""Masculino"";1;0;0;0;-25",85551615;-48,"99799347;""SR-PR"";""DEL7/1"";""UOP08/PR""",
"182688;403636;2019-01-03;""quinta-feira"";""11:19:00"";""PR"";376;660;""TIJUCAS DO SUL"";""Não"";""Falta de Atenção à Condução"";2;""Tombamento"";""Com Vítimas Feridas"";""Pleno dia"";""Crescente"";""Céu Claro"";""Dupla"";""Não Informado"";""Não"";325831;""Automóvel"";""FIAT/LINEA ESSENCE 1.8"";2012;""Condutor"";""Ileso"";51;""Masculino"";1;0;0;0;-25",85551615;-48,"99799347;""SR-PR"";""DEL7/1"";""UOP08/PR""",
"182688;403636;2019-01-03;""quinta-feira"";""11:19:00"";""PR"";376;660;""TIJUCAS DO SUL"";""Não"";""Restrição de Visibilidade"";2;""Tombamento"";""Com Vítimas Feridas"";""Pleno dia"";""Crescente"";""Céu Claro"";""Dupla"";""Não Informado"";""Não"";325831;""Automóvel"";""FIAT/LINEA ESSENCE 1.8"";2012;""Condutor"";""Ileso"";51;""Masculino"";1;0;0;0;-25",85551615;-48,"99799347;""SR-PR"";""DEL7/1"";""UOP08/PR""",
"182688;403636;2019-01-03;""quinta-feira"";""11:19:00"";""PR"";376;660;""TIJUCAS DO SUL"";""Sim"";""Sinalização da via insuficiente ou inadequada"";1;""Engavetamento"";""Com Vítimas Feridas"";""Pleno dia"";""Crescente"";""Céu Claro"";""Dupla"";""Não Informado"";""Não"";325831;""Automóvel"";""FIAT/LINEA ESSENCE 1.8"";2012;""Condutor"";""Ileso"";51;""Masculino"";1;0;0;0;-25",85551615;-48,"99799347;""SR-PR"";""DEL7/1"";""UOP08/PR""",
"182688;403636;2019-01-03;""quinta-feira"";""11:19:00"";""PR"";376;660;""TIJUCAS DO SUL"";""Não"";""Falta de Atenção à Condução"";1;""Engavetamento"";""Com Vítimas Feridas"";""Pleno dia"";""Crescente"";""Céu Claro"";""Dupla"";""Não Informado"";""Não"";325831;""Automóvel"";""FIAT/LINEA ESSENCE 1.8"";2012;""Condutor"";""Ileso"";51;""Masculino"";1;0;0;0;-25",85551615;-48,"99799347;""SR-PR"";""DEL7/1"";""UOP08/PR""",
"182688;403636;2019-01-03;""quinta-feira"";""11:19:00"";""PR"";376;660;""TIJUCAS DO SUL"";""Não"";""Restrição de Visibilidade"";1;""Engavetamento"";""Com Vítimas Feridas"";""Pleno dia"";""Crescente"";""Céu Claro"";""Dupla"";""Não Informado"";""Não"";325831;""Automóvel"";""FIAT/LINEA ESSENCE 1.8"";2012;""Condutor"";""Ileso"";51;""Masculino"";1;0;0;0;-25",85551615;-48,"99799347;""SR-PR"";""DEL7/1"";""UOP08/PR""",
"182688;403635;2019-01-03;""quinta-feira"";""11:19:00"";""PR"";376;660;""TIJUCAS DO SUL"";""Sim"";""Sinalização da via insuficiente ou inadequada"";3;""Derramamento de carga"";""Com Vítimas Feridas"";""Pleno dia"";""Crescente"";""Céu Claro"";""Dupla"";""Não Informado"";""Não"";325830;""Automóvel"";""FORD/KA SE 1.5 SD B"";2016;""Condutor"";""Ileso"";69;""Masculino"";1;0;0;0;-25",85551615;-48,"99799347;""SR-PR"";""DEL7/1"";""UOP08/PR""",
"182688;403635;2019-01-03;""quinta-feira"";""11:19:00"";""PR"";376;660;""TIJUCAS DO SUL"";""Não"";""Falta de Atenção à Condução"";3;""Derramamento de carga"";""Com Vítimas Feridas"";""Pleno dia"";""Crescente"";""Céu Claro"";""Dupla"";""Não Informado"";""Não"";325830;""Automóvel"";""FORD/KA SE 1.5 SD B"";2016;""Condutor"";""Ileso"";69;""Masculino"";1;0;0;0;-25",85551615;-48,"99799347;""SR-PR"";""DEL7/1"";""UOP08/PR""",
"182688;403635;2019-01-03;""quinta-feira"";""11:19:00"";""PR"";376;660;""TIJUCAS DO SUL"";""Não"";""Restrição de Visibilidade"";3;""Derramamento de carga"";""Com Vítimas Feridas"";""Pleno dia"";""Crescente"";""Céu Claro"";""Dupla"";""Não Informado"";""Não"";325830;""Automóvel"";""FORD/KA SE 1.5 SD B"";2016;""Condutor"";""Ileso"";69;""Masculino"";1;0;0;0;-25",85551615;-48,"99799347;""SR-PR"";""DEL7/1"";""UOP08/PR""",
"182688;403635;2019-01-03;""quinta-feira"";""11:19:00"";""PR"";376;660;""TIJUCAS DO SUL"";""Sim"";""Sinalização da via insuficiente ou inadequada"";2;""Tombamento"";""Com Vítimas Feridas"";""Pleno dia"";""Crescente"";""Céu Claro"";""Dupla"";""Não Informado"";""Não"";325830;""Automóvel"";""FORD/KA SE 1.5 SD B"";2016;""Condutor"";""Ileso"";69;""Masculino"";1;0;0;0;-25",85551615;-48,"99799347;""SR-PR"";""DEL7/1"";""UOP08/PR""",
"182688;403635;2019-01-03;""quinta-feira"";""11:19:00"";""PR"";376;660;""TIJUCAS DO SUL"";""Não"";""Falta de Atenção à Condução"";2;""Tombamento"";""Com Vítimas Feridas"";""Pleno dia"";""Crescente"";""Céu Claro"";""Dupla"";""Não Informado"";""Não"";325830;""Automóvel"";""FORD/KA SE 1.5 SD B"";2016;""Condutor"";""Ileso"";69;""Masculino"";1;0;0;0;-25",85551615;-48,"99799347;""SR-PR"";""DEL7/1"";""UOP08/PR""",
"182688;403635;2019-01-03;""quinta-feira"";""11:19:00"";""PR"";376;660;""TIJUCAS DO SUL"";""Não"";""Restrição de Visibilidade"";2;""Tombamento"";""Com Vítimas Feridas"";""Pleno dia"";""Crescente"";""Céu Claro"";""Dupla"";""Não Informado"";""Não"";325830;""Automóvel"";""FORD/KA SE 1.5 SD B"";2016;""Condutor"";""Ileso"";69;""Masculino"";1;0;0;0;-25",85551615;-48,"99799347;""SR-PR"";""DEL7/1"";""UOP08/PR""",
"182688;403635;2019-01-03;""quinta-feira"";""11:19:00"";""PR"";376;660;""TIJUCAS DO SUL"";""Sim"";""Sinalização da via insuficiente ou inadequada"";1;""Engavetamento"";""Com Vítimas Feridas"";""Pleno dia"";""Crescente"";""Céu Claro"";""Dupla"";""Não Informado"";""Não"";325830;""Automóvel"";""FORD/KA SE 1.5 SD B"";2016;""Condutor"";""Ileso"";69;""Masculino"";1;0;0;0;-25",85551615;-48,"99799347;""SR-PR"";""DEL7/1"";""UOP08/PR""",
"182688;403635;2019-01-03;""quinta-feira"";""11:19:00"";""PR"";376;660;""TIJUCAS DO SUL"";""Não"";""Falta de Atenção à Condução"";1;""Engavetamento"";""Com Vítimas Feridas"";""Pleno dia"";""Crescente"";""Céu Claro"";""Dupla"";""Não Informado"";""Não"";325830;""Automóvel"";""FORD/KA SE 1.5 SD B"";2016;""Condutor"";""Ileso"";69;""Masculino"";1;0;0;0;-25",85551615;-48,"99799347;""SR-PR"";""DEL7/1"";""UOP08/PR""",
"182688;403635;2019-01-03;""quinta-feira"";""11:19:00"";""PR"";376;660;""TIJUCAS DO SUL"";""Não"";""Restrição de Visibilidade"";1;""Engavetamento"";""Com Vítimas Feridas"";""Pleno dia"";""Crescente"";""Céu Claro"";""Dupla"";""Não Informado"";""Não"";325830;""Automóvel"";""FORD/KA SE 1.5 SD B"";2016;""Condutor"";""Ileso"";69;""Masculino"";1;0;0;0;-25",85551615;-48,"99799347;""SR-PR"";""DEL7/1"";""UOP08/PR""",
"182688;403634;2019-01-03;""quinta-feira"";""11:19:00"";""PR"";376;660;""TIJUCAS DO SUL"";""Sim"";""Sinalização da via insuficiente ou inadequada"";3;""Derramamento de carga"";""Com Vítimas Feridas"";""Pleno dia"";""Crescente"";""Céu Claro"";""Dupla"";""Não Informado"";""Não"";325829;""Automóvel"";""CHEV/PRISMA 1.4MT LTZ"";2014;""Condutor"";""Ileso"";58;""Masculino"";1;0;0;0;-25",85551615;-48,"99799347;""SR-PR"";""DEL7/1"";""UOP08/PR""",
"182688;403634;2019-01-03;""quinta-feira"";""11:19:00"";""PR"";376;660;""TIJUCAS DO SUL"";""Não"";""Falta de Atenção à Condução"";3;""Derramamento de carga"";""Com Vítimas Feridas"";""Pleno dia"";""Crescente"";""Céu Claro"";""Dupla"";""Não Informado"";""Não"";325829;""Automóvel"";""CHEV/PRISMA 1.4MT LTZ"";2014;""Condutor"";""Ileso"";58;""Masculino"";1;0;0;0;-25",85551615;-48,"99799347;""SR-PR"";""DEL7/1"";""UOP08/PR""",
"182688;403634;2019-01-03;""quinta-feira"";""11:19:00"";""PR"";376;660;""TIJUCAS DO SUL"";""Não"";""Restrição de Visibilidade"";3;""Derramamento de carga"";""Com Vítimas Feridas"";""Pleno dia"";""Crescente"";""Céu Claro"";""Dupla"";""Não Informado"";""Não"";325829;""Automóvel"";""CHEV/PRISMA 1.4MT LTZ"";2014;""Condutor"";""Ileso"";58;""Masculino"";1;0;0;0;-25",85551615;-48,"99799347;""SR-PR"";""DEL7/1"";""UOP08/PR""",
"182688;403634;2019-01-03;""quinta-feira"";""11:19:00"";""PR"";376;660;""TIJUCAS DO SUL"";""Sim"";""Sinalização da via insuficiente ou inadequada"";2;""Tombamento"";""Com Vítimas Feridas"";""Pleno dia"";""Crescente"";""Céu Claro"";""Dupla"";""Não Informado"";""Não"";325829;""Automóvel"";""CHEV/PRISMA 1.4MT LTZ"";2014;""Condutor"";""Ileso"";58;""Masculino"";1;0;0;0;-25",85551615;-48,"99799347;""SR-PR"";""DEL7/1"";""UOP08/PR""",
"182688;403634;2019-01-03;""quinta-feira"";""11:19:00"";""PR"";376;660;""TIJUCAS DO SUL"";""Não"";""Falta de Atenção à Condução"";2;""Tombamento"";""Com Vítimas Feridas"";""Pleno dia"";""Crescente"";""Céu Claro"";""Dupla"";""Não Informado"";""Não"";325829;""Automóvel"";""CHEV/PRISMA 1.4MT LTZ"";2014;""Condutor"";""Ileso"";58;""Masculino"";1;0;0;0;-25",85551615;-48,"99799347;""SR-PR"";""DEL7/1"";""UOP08/PR""",
"182688;403634;2019-01-03;""quinta-feira"";""11:19:00"";""PR"";376;660;""TIJUCAS DO SUL"";""Não"";""Restrição de Visibilidade"";2;""Tombamento"";""Com Vítimas Feridas"";""Pleno dia"";""Crescente"";""Céu Claro"";""Dupla"";""Não Informado"";""Não"";325829;""Automóvel"";""CHEV/PRISMA 1.4MT LTZ"";2014;""Condutor"";""Ileso"";58;""Masculino"";1;0;0;0;-25",85551615;-48,"99799347;""SR-PR"";""DEL7/1"";""UOP08/PR""",
"182688;403634;2019-01-03;""quinta-feira"";""11:19:00"";""PR"";376;660;""TIJUCAS DO SUL"";""Sim"";""Sinalização da via insuficiente ou inadequada"";1;""Engavetamento"";""Com Vítimas Feridas"";""Pleno dia"";""Crescente"";""Céu Claro"";""Dupla"";""Não Informado"";""Não"";325829;""Automóvel"";""CHEV/PRISMA 1.4MT LTZ"";2014;""Condutor"";""Ileso"";58;""Masculino"";1;0;0;0;-25",85551615;-48,"99799347;""SR-PR"";""DEL7/1"";""UOP08/PR""",
"182688;403634;2019-01-03;""quinta-feira"";""11:19:00"";""PR"";376;660;""TIJUCAS DO SUL"";""Não"";""Falta de Atenção à Condução"";1;""Engavetamento"";""Com Vítimas Feridas"";""Pleno dia"";""Crescente"";""Céu Claro"";""Dupla"";""Não Informado"";""Não"";325829;""Automóvel"";""CHEV/PRISMA 1.4MT LTZ"";2014;""Condutor"";""Ileso"";58;""Masculino"";1;0;0;0;-25",85551615;-48,"99799347;""SR-PR"";""DEL7/1"";""UOP08/PR""",
"182688;403634;2019-01-03;""quinta-feira"";""11:19:00"";""PR"";376;660;""TIJUCAS DO SUL"";""Não"";""Restrição de Visibilidade"";1;""Engavetamento"";""Com Vítimas Feridas"";""Pleno dia"";""Crescente"";""Céu Claro"";""Dupla"";""Não Informado"";""Não"";325829;""Automóvel"";""CHEV/PRISMA 1.4MT LTZ"";2014;""Condutor"";""Ileso"";58;""Masculino"";1;0;0;0;-25",85551615;-48,"99799347;""SR-PR"";""DEL7/1"";""UOP08/PR""",
"182688;403633;2019-01-03;""quinta-feira"";""11:19:00"";""PR"";376;660;""TIJUCAS DO SUL"";""Sim"";""Sinalização da via insuficiente ou inadequada"";3;""Derramamento de carga"";""Com Vítimas Feridas"";""Pleno dia"";""Crescente"";""Céu Claro"";""Dupla"";""Não Informado"";""Não"";325828;""Automóvel"";""HYUNDAI/HB20S 1.6M COMF"";2018;""Condutor"";""Ileso"";63;""Masculino"";1;0;0;0;-25",85551615;-48,"99799347;""SR-PR"";""DEL7/1"";""UOP08/PR""",
"182688;403633;2019-01-03;""quinta-feira"";""11:19:00"";""PR"";376;660;""TIJUCAS DO SUL"";""Não"";""Falta de Atenção à Condução"";3;""Derramamento de carga"";""Com Vítimas Feridas"";""Pleno dia"";""Crescente"";""Céu Claro"";""Dupla"";""Não Informado"";""Não"";325828;""Automóvel"";""HYUNDAI/HB20S 1.6M COMF"";2018;""Condutor"";""Ileso"";63;""Masculino"";1;0;0;0;-25",85551615;-48,"99799347;""SR-PR"";""DEL7/1"";""UOP08/PR""",
"182688;403633;2019-01-03;""quinta-feira"";""11:19:00"";""PR"";376;660;""TIJUCAS DO SUL"";""Não"";""Restrição de Visibilidade"";3;""Derramamento de carga"";""Com Vítimas Feridas"";""Pleno dia"";""Crescente"";""Céu Claro"";""Dupla"";""Não Informado"";""Não"";325828;""Automóvel"";""HYUNDAI/HB20S 1.6M COMF"";2018;""Condutor"";""Ileso"";63;""Masculino"";1;0;0;0;-25",85551615;-48,"99799347;""SR-PR"";""DEL7/1"";""UOP08/PR""",
"182688;403633;2019-01-03;""quinta-feira"";""11:19:00"";""PR"";376;660;""TIJUCAS DO SUL"";""Sim"";""Sinalização da via insuficiente ou inadequada"";2;""Tombamento"";""Com Vítimas Feridas"";""Pleno dia"";""Crescente"";""Céu Claro"";""Dupla"";""Não Informado"";""Não"";325828;""Automóvel"";""HYUNDAI/HB20S 1.6M COMF"";2018;""Condutor"";""Ileso"";63;""Masculino"";1;0;0;0;-25",85551615;-48,"99799347;""SR-PR"";""DEL7/1"";""UOP08/PR""",
"182688;403633;2019-01-03;""quinta-feira"";""11:19:00"";""PR"";376;660;""TIJUCAS DO SUL"";""Não"";""Falta de Atenção à Condução"";2;""Tombamento"";""Com Vítimas Feridas"";""Pleno dia"";""Crescente"";""Céu Claro"";""Dupla"";""Não Informado"";""Não"";325828;""Automóvel"";""HYUNDAI/HB20S 1.6M COMF"";2018;""Condutor"";""Ileso"";63;""Masculino"";1;0;0;0;-25",85551615;-48,"99799347;""SR-PR"";""DEL7/1"";""UOP08/PR""",
"182688;403633;2019-01-03;""quinta-feira"";""11:19:00"";""PR"";376;660;""TIJUCAS DO SUL"";""Não"";""Restrição de Visibilidade"";2;""Tombamento"";""Com Vítimas Feridas"";""Pleno dia"";""Crescente"";""Céu Claro"";""Dupla"";""Não Informado"";""Não"";325828;""Automóvel"";""HYUNDAI/HB20S 1.6M COMF"";2018;""Condutor"";""Ileso"";63;""Masculino"";1;0;0;0;-25",85551615;-48,"99799347;""SR-PR"";""DEL7/1"";""UOP08/PR""",
"182688;403633;2019-01-03;""quinta-feira"";""11:19:00"";""PR"";376;660;""TIJUCAS DO SUL"";""Sim"";""Sinalização da via insuficiente ou inadequada"";1;""Engavetamento"";""Com Vítimas Feridas"";""Pleno dia"";""Crescente"";""Céu Claro"";""Dupla"";""Não Informado"";""Não"";325828;""Automóvel"";""HYUNDAI/HB20S 1.6M COMF"";2018;""Condutor"";""Ileso"";63;""Masculino"";1;0;0;0;-25",85551615;-48,"99799347;""SR-PR"";""DEL7/1"";""UOP08/PR""",
"182688;403633;2019-01-03;""quinta-feira"";""11:19:00"";""PR"";376;660;""TIJUCAS DO SUL"";""Não"";""Falta de Atenção à Condução"";1;""Engavetamento"";""Com Vítimas Feridas"";""Pleno dia"";""Crescente"";""Céu Claro"";""Dupla"";""Não Informado"";""Não"";325828;""Automóvel"";""HYUNDAI/HB20S 1.6M COMF"";2018;""Condutor"";""Ileso"";63;""Masculino"";1;0;0;0;-25",85551615;-48,"99799347;""SR-PR"";""DEL7/1"";""UOP08/PR""",
"182688;403633;2019-01-03;""quinta-feira"";""11:19:00"";""PR"";376;660;""TIJUCAS DO SUL"";""Não"";""Restrição de Visibilidade"";1;""Engavetamento"";""Com Vítimas Feridas"";""Pleno dia"";""Crescente"";""Céu Claro"";""Dupla"";""Não Informado"";""Não"";325828;""Automóvel"";""HYUNDAI/HB20S 1.6M COMF"";2018;""Condutor"";""Ileso"";63;""Masculino"";1;0;0;0;-25",85551615;-48,"99799347;""SR-PR"";""DEL7/1"";""UOP08/PR""",
"182688;403631;2019-01-03;""quinta-feira"";""11:19:00"";""PR"";376;660;""TIJUCAS DO SUL"";""Sim"";""Sinalização da via insuficiente ou inadequada"";3;""Derramamento de carga"";""Com Vítimas Feridas"";""Pleno dia"";""Crescente"";""Céu Claro"";""Dupla"";""Não Informado"";""Não"";325814;""Caminhão"";""VW/23.230 WORKER 6X2"";2017;""Condutor"";""Ileso"";60;""Masculino"";1;0;0;0;-25",85551615;-48,"99799347;""SR-PR"";""DEL7/1"";""UOP08/PR""",
"182688;403631;2019-01-03;""quinta-feira"";""11:19:00"";""PR"";376;660;""TIJUCAS DO SUL"";""Não"";""Falta de Atenção à Condução"";3;""Derramamento de carga"";""Com Vítimas Feridas"";""Pleno dia"";""Crescente"";""Céu Claro"";""Dupla"";""Não Informado"";""Não"";325814;""Caminhão"";""VW/23.230 WORKER 6X2"";2017;""Condutor"";""Ileso"";60;""Masculino"";1;0;0;0;-25",85551615;-48,"99799347;""SR-PR"";""DEL7/1"";""UOP08/PR""",
"182688;403631;2019-01-03;""quinta-feira"";""11:19:00"";""PR"";376;660;""TIJUCAS DO SUL"";""Não"";""Restrição de Visibilidade"";3;""Derramamento de carga"";""Com Vítimas Feridas"";""Pleno dia"";""Crescente"";""Céu Claro"";""Dupla"";""Não Informado"";""Não"";325814;""Caminhão"";""VW/23.230 WORKER 6X2"";2017;""Condutor"";""Ileso"";60;""Masculino"";1;0;0;0;-25",85551615;-48,"99799347;""SR-PR"";""DEL7/1"";""UOP08/PR""",
"182688;403631;2019-01-03;""quinta-feira"";""11:19:00"";""PR"";376;660;""TIJUCAS DO SUL"";""Sim"";""Sinalização da via insuficiente ou inadequada"";2;""Tombamento"";""Com Vítimas Feridas"";""Pleno dia"";""Crescente"";""Céu Claro"";""Dupla"";""Não Informado"";""Não"";325814;""Caminhão"";""VW/23.230 WORKER 6X2"";2017;""Condutor"";""Ileso"";60;""Masculino"";1;0;0;0;-25",85551615;-48,"99799347;""SR-PR"";""DEL7/1"";""UOP08/PR""",
"182688;403631;2019-01-03;""quinta-feira"";""11:19:00"";""PR"";376;660;""TIJUCAS DO SUL"";""Não"";""Falta de Atenção à Condução"";2;""Tombamento"";""Com Vítimas Feridas"";""Pleno dia"";""Crescente"";""Céu Claro"";""Dupla"";""Não Informado"";""Não"";325814;""Caminhão"";""VW/23.230 WORKER 6X2"";2017;""Condutor"";""Ileso"";60;""Masculino"";1;0;0;0;-25",85551615;-48,"99799347;""SR-PR"";""DEL7/1"";""UOP08/PR""",
"182688;403631;2019-01-03;""quinta-feira"";""11:19:00"";""PR"";376;660;""TIJUCAS DO SUL"";""Não"";""Restrição de Visibilidade"";2;""Tombamento"";""Com Vítimas Feridas"";""Pleno dia"";""Crescente"";""Céu Claro"";""Dupla"";""Não Informado"";""Não"";325814;""Caminhão"";""VW/23.230 WORKER 6X2"";2017;""Condutor"";""Ileso"";60;""Masculino"";1;0;0;0;-25",85551615;-48,"99799347;""SR-PR"";""DEL7/1"";""UOP08/PR""",
"182688;403631;2019-01-03;""quinta-feira"";""11:19:00"";""PR"";376;660;""TIJUCAS DO SUL"";""Sim"";""Sinalização da via insuficiente ou inadequada"";1;""Engavetamento"";""Com Vítimas Feridas"";""Pleno dia"";""Crescente"";""Céu Claro"";""Dupla"";""Não Informado"";""Não"";325814;""Caminhão"";""VW/23.230 WORKER 6X2"";2017;""Condutor"";""Ileso"";60;""Masculino"";1;0;0;0;-25",85551615;-48,"99799347;""SR-PR"";""DEL7/1"";""UOP08/PR""",
"182688;403631;2019-01-03;""quinta-feira"";""11:19:00"";""PR"";376;660;""TIJUCAS DO SUL"";""Não"";""Falta de Atenção à Condução"";1;""Engavetamento"";""Com Vítimas Feridas"";""Pleno dia"";""Crescente"";""Céu Claro"";""Dupla"";""Não Informado"";""Não"";325814;""Caminhão"";""VW/23.230 WORKER 6X2"";2017;""Condutor"";""Ileso"";60;""Masculino"";1;0;0;0;-25",85551615;-48,"99799347;""SR-PR"";""DEL7/1"";""UOP08/PR""",
"182688;403631;2019-01-03;""quinta-feira"";""11:19:00"";""PR"";376;660;""TIJUCAS DO SUL"";""Não"";""Restrição de Visibilidade"";1;""Engavetamento"";""Com Vítimas Feridas"";""Pleno dia"";""Crescente"";""Céu Claro"";""Dupla"";""Não Informado"";""Não"";325814;""Caminhão"";""VW/23.230 WORKER 6X2"";2017;""Condutor"";""Ileso"";60;""Masculino"";1;0;0;0;-25",85551615;-48,"99799347;""SR-PR"";""DEL7/1"";""UOP08/PR""",
"182688;403629;2019-01-03;""quinta-feira"";""11:19:00"";""PR"";376;660;""TIJUCAS DO SUL"";""Sim"";""Sinalização da via insuficiente ou inadequada"";3;""Derramamento de carga"";""Com Vítimas Feridas"";""Pleno dia"";""Crescente"";""Céu Claro"";""Dupla"";""Não Informado"";""Não"";325813;""Automóvel"";""GM/CELTA 2P LIFE"";2010;""Condutor"";""Ileso"";44;""Masculino"";1;0;0;0;-25",85551615;-48,"99799347;""SR-PR"";""DEL7/1"";""UOP08/PR""",
"182688;403629;2019-01-03;""quinta-feira"";""11:19:00"";""PR"";376;660;""TIJUCAS DO SUL"";""Não"";""Falta de Atenção à Condução"";3;""Derramamento de carga"";""Com Vítimas Feridas"";""Pleno dia"";""Crescente"";""Céu Claro"";""Dupla"";""Não Informado"";""Não"";325813;""Automóvel"";""GM/CELTA 2P LIFE"";2010;""Condutor"";""Ileso"";44;""Masculino"";1;0;0;0;-25",85551615;-48,"99799347;""SR-PR"";""DEL7/1"";""UOP08/PR""",
"182688;403629;2019-01-03;""quinta-feira"";""11:19:00"";""PR"";376;660;""TIJUCAS DO SUL"";""Não"";""Restrição de Visibilidade"";3;""Derramamento de carga"";""Com Vítimas Feridas"";""Pleno dia"";""Crescente"";""Céu Claro"";""Dupla"";""Não Informado"";""Não"";325813;""Automóvel"";""GM/CELTA 2P LIFE"";2010;""Condutor"";""Ileso"";44;""Masculino"";1;0;0;0;-25",85551615;-48,"99799347;""SR-PR"";""DEL7/1"";""UOP08/PR""",
"182688;403629;2019-01-03;""quinta-feira"";""11:19:00"";""PR"";376;660;""TIJUCAS DO SUL"";""Sim"";""Sinalização da via insuficiente ou inadequada"";2;""Tombamento"";""Com Vítimas Feridas"";""Pleno dia"";""Crescente"";""Céu Claro"";""Dupla"";""Não Informado"";""Não"";325813;""Automóvel"";""GM/CELTA 2P LIFE"";2010;""Condutor"";""Ileso"";44;""Masculino"";1;0;0;0;-25",85551615;-48,"99799347;""SR-PR"";""DEL7/1"";""UOP08/PR""",
"182688;403629;2019-01-03;""quinta-feira"";""11:19:00"";""PR"";376;660;""TIJUCAS DO SUL"";""Não"";""Falta de Atenção à Condução"";2;""Tombamento"";""Com Vítimas Feridas"";""Pleno dia"";""Crescente"";""Céu Claro"";""Dupla"";""Não Informado"";""Não"";325813;""Automóvel"";""GM/CELTA 2P LIFE"";2010;""Condutor"";""Ileso"";44;""Masculino"";1;0;0;0;-25",85551615;-48,"99799347;""SR-PR"";""DEL7/1"";""UOP08/PR""",
"182688;403629;2019-01-03;""quinta-feira"";""11:19:00"";""PR"";376;660;""TIJUCAS DO SUL"";""Não"";""Restrição de Visibilidade"";2;""Tombamento"";""Com Vítimas Feridas"";""Pleno dia"";""Crescente"";""Céu Claro"";""Dupla"";""Não Informado"";""Não"";325813;""Automóvel"";""GM/CELTA 2P LIFE"";2010;""Condutor"";""Ileso"";44;""Masculino"";1;0;0;0;-25",85551615;-48,"99799347;""SR-PR"";""DEL7/1"";""UOP08/PR""",
"182688;403629;2019-01-03;""quinta-feira"";""11:19:00"";""PR"";376;660;""TIJUCAS DO SUL"";""Sim"";""Sinalização da via insuficiente ou inadequada"";1;""Engavetamento"";""Com Vítimas Feridas"";""Pleno dia"";""Crescente"";""Céu Claro"";""Dupla"";""Não Informado"";""Não"";325813;""Automóvel"";""GM/CELTA 2P LIFE"";2010;""Condutor"";""Ileso"";44;""Masculino"";1;0;0;0;-25",85551615;-48,"99799347;""SR-PR"";""DEL7/1"";""UOP08/PR""",
"182688;403629;2019-01-03;""quinta-feira"";""11:19:00"";""PR"";376;660;""TIJUCAS DO SUL"";""Não"";""Falta de Atenção à Condução"";1;""Engavetamento"";""Com Vítimas Feridas"";""Pleno dia"";""Crescente"";""Céu Claro"";""Dupla"";""Não Informado"";""Não"";325813;""Automóvel"";""GM/CELTA 2P LIFE"";2010;""Condutor"";""Ileso"";44;""Masculino"";1;0;0;0;-25",85551615;-48,"99799347;""SR-PR"";""DEL7/1"";""UOP08/PR""",