"id;""pesid"";""data_inversa"";""dia_semana"";""horario"";""uf"";""br"";""km"";""municipio"";""causa_principal"";""causa_acidente"";""ordem_tipo_acidente"";""tipo_acidente"";""classificacao_acidente"";""fase_dia"";""sentido_via"";""condicao_metereologica"";""tipo_pista"";""tracado_via"";""uso_solo"";""id_veiculo"";""tipo_veiculo"";""marca"";""ano_fabricacao_veiculo"";""tipo_envolvido"";""estado_fisico"";""idade"";""sexo"";""ilesos"";""feridos_leves"";""feridos_graves"";""mortos"";""latitude"";""longitude"";""regional"";""delegacia"";""uop""",,,
"182688;403629;2019-01-03;""quinta-feira"";""11:19:00"";""PR"";376;660;""TIJUCAS DO SUL"";""Não"";""Restrição de Visibilidade"";1;""Engavetamento"";""Com Vítimas Feridas"";""Pleno dia"";""Crescente"";""Céu Claro"";""Dupla"";""Não Informado"";""Não"";325813;""Automóvel"";""GM/CELTA 2P LIFE"";2010;""Condutor"";""Ileso"";44;""Masculino"";1;0;0;0;-25",85551615;-48,"99799347;""SR-PR"";""DEL7/1"";""UOP08/PR""",
"182690;403968;2019-01-03;""quinta-feira"";""12:10:00"";""SC"";282;341;""CAMPOS NOVOS"";""Sim"";""Falta de Atenção à Condução"";2;""Colisão transversal"";""Com Vítimas Feridas"";""Pleno dia"";""Crescente"";""Céu Claro"";""Simples"";""Reta"";""Sim"";325688;""Motocicleta"";""HONDA/CG 125 TITAN KS"";2003;""Condutor"";""Lesões Graves"";25;""Masculino"";0;0;1;0;-27",389957;-51,"213387;""SR-SC"";""DEL7"";""UOP08/SC""",
"182690;403968;2019-01-03;""quinta-feira"";""12:10:00"";""SC"";282;341;""CAMPOS NOVOS"";""Sim"";""Falta de Atenção à Condução"";1;""Colisão traseira"";""Com Vítimas Feridas"";""Pleno dia"";""Crescente"";""Céu Claro"";""Simples"";""Reta"";""Sim"";325688;""Motocicleta"";""HONDA/CG 125 TITAN KS"";2003;""Condutor"";""Lesões Graves"";25;""Masculino"";0;0;1;0;-27",389957;-51,"213387;""SR-SC"";""DEL7"";""UOP08/SC""",
"182690;403962;2019-01-03;""quinta-feira"";""12:10:00"";""SC"";282;341;""CAMPOS NOVOS"";""Sim"";""Falta de Atenção à Condução"";2;""Colisão transversal"";""Com Vítimas Feridas"";""Pleno dia"";""Crescente"";""Céu Claro"";""Simples"";""Reta"";""Sim"";325687;""Camioneta"";""FORD/ECOSPORT SE 1.5"";2018;""Condutor"";""Lesões Leves"";37;""Masculino"";0;1;0;0;-27",389957;-51,"213387;""SR-SC"";""DEL7"";""UOP08/SC""",
"182690;403962;2019-01-03;""quinta-feira"";""12:10:00"";""SC"";282;341;""CAMPOS NOVOS"";""Sim"";""Falta de Atenção à Condução"";1;""Colisão traseira"";""Com Vítimas Feridas"";""Pleno dia"";""Crescente"";""Céu Claro"";""Simples"";""Reta"";""Sim"";325687;""Camioneta"";""FORD/ECOSPORT SE 1.5"";2018;""Condutor"";""Lesões Leves"";37;""Masculino"";0;1;0;0;-27",389957;-51,"213387;""SR-SC"";""DEL7"";""UOP08/SC""",
"182690;403960;2019-01-03;""quinta-feira"";""12:10:00"";""SC"";282;341;""CAMPOS NOVOS"";""Sim"";""Falta de Atenção à Condução"";2;""Colisão transversal"";""Com Vítimas Feridas"";""Pleno dia"";""Crescente"";""Céu Claro"";""Simples"";""Reta"";""Sim"";325686;""Automóvel"";""TOYOTA/COROLLA XEI20FLEX"";2015;""Passageiro"";""Ileso"";27;""Feminino"";1;0;0;0;-27",389957;-51,"213387;""SR-SC"";""DEL7"";""UOP08/SC""",
"182690;403960;2019-01-03;""quinta-feira"";""12:10:00"";""SC"";282;341;""CAMPOS NOVOS"";""Sim"";""Falta de Atenção à Condução"";1;""Colisão traseira"";""Com Vítimas Feridas"";""Pleno dia"";""Crescente"";""Céu Claro"";""Simples"";""Reta"";""Sim"";325686;""Automóvel"";""TOYOTA/COROLLA XEI20FLEX"";2015;""Passageiro"";""Ileso"";27;""Feminino"";1;0;0;0;-27",389957;-51,"213387;""SR-SC"";""DEL7"";""UOP08/SC""",
"182690;403957;2019-01-03;""quinta-feira"";""12:10:00"";""SC"";282;341;""CAMPOS NOVOS"";""Sim"";""Falta de Atenção à Condução"";2;""Colisão transversal"";""Com Vítimas Feridas"";""Pleno dia"";""Crescente"";""Céu Claro"";""Simples"";""Reta"";""Sim"";325686;""Automóvel"";""TOYOTA/COROLLA XEI20FLEX"";2015;""Passageiro"";""Ileso"";32;""Feminino"";1;0;0;0;-27",389957;-51,"213387;""SR-SC"";""DEL7"";""UOP08/SC""",
"182690;403957;2019-01-03;""quinta-feira"";""12:10:00"";""SC"";282;341;""CAMPOS NOVOS"";""Sim"";""Falta de Atenção à Condução"";1;""Colisão traseira"";""Com Vítimas Feridas"";""Pleno dia"";""Crescente"";""Céu Claro"";""Simples"";""Reta"";""Sim"";325686;""Automóvel"";""TOYOTA/COROLLA XEI20FLEX"";2015;""Passageiro"";""Ileso"";32;""Feminino"";1;0;0;0;-27",389957;-51,"213387;""SR-SC"";""DEL7"";""UOP08/SC""",
"182690;403956;2019-01-03;""quinta-feira"";""12:10:00"";""SC"";282;341;""CAMPOS NOVOS"";""Sim"";""Falta de Atenção à Condução"";2;""Colisão transversal"";""Com Vítimas Feridas"";""Pleno dia"";""Crescente"";""Céu Claro"";""Simples"";""Reta"";""Sim"";325686;""Automóvel"";""TOYOTA/COROLLA XEI20FLEX"";2015;""Passageiro"";""Ileso"";25;""Feminino"";1;0;0;0;-27",389957;-51,"213387;""SR-SC"";""DEL7"";""UOP08/SC""",
"182690;403956;2019-01-03;""quinta-feira"";""12:10:00"";""SC"";282;341;""CAMPOS NOVOS"";""Sim"";""Falta de Atenção à Condução"";1;""Colisão traseira"";""Com Vítimas Feridas"";""Pleno dia"";""Crescente"";""Céu Claro"";""Simples"";""Reta"";""Sim"";325686;""Automóvel"";""TOYOTA/COROLLA XEI20FLEX"";2015;""Passageiro"";""Ileso"";25;""Feminino"";1;0;0;0;-27",389957;-51,"213387;""SR-SC"";""DEL7"";""UOP08/SC""",
"182690;403955;2019-01-03;""quinta-feira"";""12:10:00"";""SC"";282;341;""CAMPOS NOVOS"";""Sim"";""Falta de Atenção à Condução"";2;""Colisão transversal"";""Com Vítimas Feridas"";""Pleno dia"";""Crescente"";""Céu Claro"";""Simples"";""Reta"";""Sim"";325686;""Automóvel"";""TOYOTA/COROLLA XEI20FLEX"";2015;""Condutor"";""Ileso"";31;""Feminino"";1;0;0;0;-27",389957;-51,"213387;""SR-SC"";""DEL7"";""UOP08/SC""",
"182690;403955;2019-01-03;""quinta-feira"";""12:10:00"";""SC"";282;341;""CAMPOS NOVOS"";""Sim"";""Falta de Atenção à Condução"";1;""Colisão traseira"";""Com Vítimas Feridas"";""Pleno dia"";""Crescente"";""Céu Claro"";""Simples"";""Reta"";""Sim"";325686;""Automóvel"";""TOYOTA/COROLLA XEI20FLEX"";2015;""Condutor"";""Ileso"";31;""Feminino"";1;0;0;0;-27",389957;-51,"213387;""SR-SC"";""DEL7"";""UOP08/SC""",
"182691;403425;2019-01-03;""quinta-feira"";""11:50:00"";""RJ"";116;126;""MAGE"";""Sim"";""Falta de Atenção à Condução"";1;""Tombamento"";""Com Vítimas Feridas"";""Pleno dia"";""Decrescente"";""Céu Claro"";""Dupla"";""Curva"";""Sim"";325692;""Caminhão"";""VW/9.160 MIB G9 SAFE-ONE"";2017;""Passageiro"";""Lesões Leves"";33;""Masculino"";0;1;0;0;-22",654894;-43,"086365;""SR-RJ"";""DEL5/4"";""UOP02/RJ""",
"182691;405337;2019-01-03;""quinta-feira"";""11:50:00"";""RJ"";116;126;""MAGE"";""Sim"";""Falta de Atenção à Condução"";1;""Tombamento"";""Com Vítimas Feridas"";""Pleno dia"";""Decrescente"";""Céu Claro"";""Dupla"";""Curva"";""Sim"";325692;""Caminhão"";""VW/9.160 MIB G9 SAFE-ONE"";2017;""Passageiro"";""Lesões Leves"";32;""Masculino"";0;1;0;0;-22",654894;-43,"086365;""SR-RJ"";""DEL5/4"";""UOP02/RJ""",
"182691;403424;2019-01-03;""quinta-feira"";""11:50:00"";""RJ"";116;126;""MAGE"";""Sim"";""Falta de Atenção à Condução"";1;""Tombamento"";""Com Vítimas Feridas"";""Pleno dia"";""Decrescente"";""Céu Claro"";""Dupla"";""Curva"";""Sim"";325692;""Caminhão"";""VW/9.160 MIB G9 SAFE-ONE"";2017;""Condutor"";""Lesões Leves"";50;""Masculino"";0;1;0;0;-22",654894;-43,"086365;""SR-RJ"";""DEL5/4"";""UOP02/RJ""",
"182691;403427;2019-01-03;""quinta-feira"";""11:50:00"";""RJ"";116;126;""MAGE"";""Sim"";""Falta de Atenção à Condução"";1;""Tombamento"";""Com Vítimas Feridas"";""Pleno dia"";""Decrescente"";""Céu Claro"";""Dupla"";""Curva"";""Sim"";325692;""Caminhão"";""VW/9.160 MIB G9 SAFE-ONE"";2017;""Passageiro"";""Lesões Leves"";39;""Masculino"";0;1;0;0;-22",654894;-43,"086365;""SR-RJ"";""DEL5/4"";""UOP02/RJ""",
"182692;403448;2019-01-03;""quinta-feira"";""12:20:00"";""SC"";101;114;""ITAJAI"";""Sim"";""Falta de Atenção à Condução"";1;""Colisão lateral"";""Com Vítimas Feridas"";""Pleno dia"";""Decrescente"";""Sol"";""Dupla"";""Reta"";""Não"";325744;""Motocicleta"";""HONDA/CG 150 TITAN ES"";2008;""Condutor"";""Lesões Graves"";21;""Masculino"";0;0;1;0;-26",8708;-48,"7293;""SR-SC"";""DEL8/4"";""UOP04/SC""",
"182692;403449;2019-01-03;""quinta-feira"";""12:20:00"";""SC"";101;114;""ITAJAI"";""Sim"";""Falta de Atenção à Condução"";1;""Colisão lateral"";""Com Vítimas Feridas"";""Pleno dia"";""Decrescente"";""Sol"";""Dupla"";""Reta"";""Não"";325701;""Automóvel"";""FIAT/STILO"";2003;""Condutor"";""Ileso"";52;""Masculino"";1;0;0;0;-26",8708;-48,"7293;""SR-SC"";""DEL8/4"";""UOP04/SC""",
"182693;403433;2019-01-03;""quinta-feira"";""12:25:00"";""RJ"";116;283","1;""BARRA MANSA"";""Sim"";""Avarias e/ou desgaste excessivo no pneu"";1;""Queda de ocupante de veículo"";""Com Vítimas Feridas"";""Pleno dia"";""Decrescente"";""Nublado"";""Dupla"";""Curva"";""Não"";325704;""Motocicleta"";""HONDA/CG 150 TITAN KS"";2007;""Condutor"";""Lesões Leves"";35;""Masculino"";0;1;0;0;-22",547443;-44,"183659;""SR-RJ"";""DEL5/7"";""UOP02/RJ"""
"182694;403401;2019-01-03;""quinta-feira"";""12:25:00"";""PR"";376;183","2;""SARANDI"";""Sim"";""Falta de Atenção à Condução"";2;""Queda de ocupante de veículo"";""Com Vítimas Feridas"";""Pleno dia"";""Decrescente"";""Nublado"";""Dupla"";""Reta"";""Sim"";325697;""Motocicleta"";""HONDA/CG 150 TITAN KS"";2007;""Condutor"";""Lesões Leves"";21;""Masculino"";0;1;0;0;-23",43799765;-51,"87682358;""SR-PR"";""DEL7/7"";""UOP04/PR"""
"182694;403401;2019-01-03;""quinta-feira"";""12:25:00"";""PR"";376;183","2;""SARANDI"";""Sim"";""Falta de Atenção à Condução"";1;""Tombamento"";""Com Vítimas Feridas"";""Pleno dia"";""Decrescente"";""Nublado"";""Dupla"";""Reta"";""Sim"";325697;""Motocicleta"";""HONDA/CG 150 TITAN KS"";2007;""Condutor"";""Lesões Leves"";21;""Masculino"";0;1;0;0;-23",43799765;-51,"87682358;""SR-PR"";""DEL7/7"";""UOP04/PR"""
"182695;403692;2019-01-03;""quinta-feira"";""10:17:00"";""BA"";367;46","2;""PORTO SEGURO"";""Sim"";""Avarias e/ou desgaste excessivo no pneu"";1;""Tombamento"";""Com Vítimas Feridas"";""Pleno dia"";""Crescente"";""Céu Claro"";""Simples"";""Reta"";""Não"";325666;""Motoneta"";""HONDA/BIZ 110I"";2016;""Passageiro"";""Lesões Leves"";12;""Feminino"";0;1;0;0;-16",371447;-39,"262077;""SR-BA"";""DEL10/9"";""UOP01/BA"""
"182695;403691;2019-01-03;""quinta-feira"";""10:17:00"";""BA"";367;46","2;""PORTO SEGURO"";""Sim"";""Avarias e/ou desgaste excessivo no pneu"";1;""Tombamento"";""Com Vítimas Feridas"";""Pleno dia"";""Crescente"";""Céu Claro"";""Simples"";""Reta"";""Não"";325666;""Motoneta"";""HONDA/BIZ 110I"";2016;""Condutor"";""Lesões Leves"";38;""Feminino"";0;1;0;0;-16",371447;-39,"262077;""SR-BA"";""DEL10/9"";""UOP01/BA"""
"182696;403488;2019-01-03;""quinta-feira"";""13:03:00"";""MG"";262;438","6;""NOVA SERRANA"";""Sim"";""Falta de Atenção do Pedestre"";1;""Atropelamento de Pedestre"";""Com Vítimas Fatais"";""Pleno dia"";""Decrescente"";""Céu Claro"";""Dupla"";""Reta"";""Sim"";325757;""Caminhão"";""VW/9.150E CUMMINS"";2008;""Condutor"";""Ileso"";30;""Masculino"";1;0;0;0;-19",896221;-44,"869728;""SR-MG"";""DEL4/8"";""UOP03/MG"""
"182696;403466;2019-01-03;""quinta-feira"";""13:03:00"";""MG"";262;438","6;""NOVA SERRANA"";""Sim"";""Falta de Atenção do Pedestre"";1;""Atropelamento de Pedestre"";""Com Vítimas Fatais"";""Pleno dia"";""Decrescente"";""Céu Claro"";""Dupla"";""Reta"";""Sim"";325757;""Caminhão"";""VW/9.150E CUMMINS"";2008;""Pedestre"";""Óbito"";43;""Masculino"";0;0;0;1;-19",896221;-44,"869728;""SR-MG"";""DEL4/8"";""UOP03/MG"""
"182697;403540;2019-01-03;""quinta-feira"";""11:45:00"";""RS"";116;218","9;""MORRO REUTER"";""Sim"";""Velocidade Incompatível"";1;""Colisão frontal"";""Com Vítimas Feridas"";""Pleno dia"";""Crescente"";""Chuva"";""Simples"";""Curva"";""Não"";325801;""Automóvel"";""CHEVROLET/PRISMA 1.4L LT"";2011;""Passageiro"";""Lesões Leves"";40;""Feminino"";0;1;0;0;-29",551224;-51,"089081;""SR-RS"";""DEL9/5"";""UOP02/RS"""
"182697;403539;2019-01-03;""quinta-feira"";""11:45:00"";""RS"";116;218","9;""MORRO REUTER"";""Sim"";""Velocidade Incompatível"";1;""Colisão frontal"";""Com Vítimas Feridas"";""Pleno dia"";""Crescente"";""Chuva"";""Simples"";""Curva"";""Não"";325801;""Automóvel"";""CHEVROLET/PRISMA 1.4L LT"";2011;""Condutor"";""Lesões Leves"";42;""Masculino"";0;1;0;0;-29",551224;-51,"089081;""SR-RS"";""DEL9/5"";""UOP02/RS"""
"182697;403532;2019-01-03;""quinta-feira"";""11:45:00"";""RS"";116;218","9;""MORRO REUTER"";""Sim"";""Velocidade Incompatível"";1;""Colisão frontal"";""Com Vítimas Feridas"";""Pleno dia"";""Crescente"";""Chuva"";""Simples"";""Curva"";""Não"";325785;""Caminhonete"";""HYUNDAI/HR HDB"";2008;""Condutor"";""Lesões Leves"";38;""Masculino"";0;1;0;0;-29",551224;-51,"089081;""SR-RS"";""DEL9/5"";""UOP02/RS"""
"182697;403538;2019-01-03;""quinta-feira"";""11:45:00"";""RS"";116;218","9;""MORRO REUTER"";""Sim"";""Velocidade Incompatível"";1;""Colisão frontal"";""Com Vítimas Feridas"";""Pleno dia"";""Crescente"";""Chuva"";""Simples"";""Curva"";""Não"";325785;""Caminhonete"";""HYUNDAI/HR HDB"";2008;""Passageiro"";""Lesões Leves"";37;""Feminino"";0;1;0;0;-29",551224;-51,"089081;""SR-RS"";""DEL9/5"";""UOP02/RS"""
"182698;405317;2019-01-03;""quinta-feira"";""13:00:00"";""MG"";40;618","2;""CONGONHAS"";""Sim"";""Velocidade Incompatível"";3;""Queda de ocupante de veículo"";""Com Vítimas Feridas"";""Pleno dia"";""Decrescente"";""Céu Claro"";""Simples"";""Interseção de vias"";""Não"";325695;""Motocicleta"";""HONDA/CG 150 TITAN EX"";2014;""Passageiro"";""Lesões Leves"";20;""Feminino"";0;1;0;0;-20",5689903;-43,"81109568;""SR-MG"";""DEL5"";""UOP02/MG"""
"182698;405317;2019-01-03;""quinta-feira"";""13:00:00"";""MG"";40;618","2;""CONGONHAS"";""Sim"";""Velocidade Incompatível"";2;""Tombamento"";""Com Vítimas Feridas"";""Pleno dia"";""Decrescente"";""Céu Claro"";""Simples"";""Interseção de vias"";""Não"";325695;""Motocicleta"";""HONDA/CG 150 TITAN EX"";2014;""Passageiro"";""Lesões Leves"";20;""Feminino"";0;1;0;0;-20",5689903;-43,"81109568;""SR-MG"";""DEL5"";""UOP02/MG"""
"182698;405317;2019-01-03;""quinta-feira"";""13:00:00"";""MG"";40;618","2;""CONGONHAS"";""Sim"";""Velocidade Incompatível"";1;""Saída de leito carroçável"";""Com Vítimas Feridas"";""Pleno dia"";""Decrescente"";""Céu Claro"";""Simples"";""Interseção de vias"";""Não"";325695;""Motocicleta"";""HONDA/CG 150 TITAN EX"";2014;""Passageiro"";""Lesões Leves"";20;""Feminino"";0;1;0;0;-20",5689903;-43,"81109568;""SR-MG"";""DEL5"";""UOP02/MG"""
"182698;405308;2019-01-03;""quinta-feira"";""13:00:00"";""MG"";40;618","2;""CONGONHAS"";""Sim"";""Velocidade Incompatível"";3;""Queda de ocupante de veículo"";""Com Vítimas Feridas"";""Pleno dia"";""Decrescente"";""Céu Claro"";""Simples"";""Interseção de vias"";""Não"";325695;""Motocicleta"";""HONDA/CG 150 TITAN EX"";2014;""Condutor"";""Lesões Leves"";24;""Feminino"";0;1;0;0;-20",5689903;-43,"81109568;""SR-MG"";""DEL5"";""UOP02/MG"""
"182698;405308;2019-01-03;""quinta-feira"";""13:00:00"";""MG"";40;618","2;""CONGONHAS"";""Sim"";""Velocidade Incompatível"";2;""Tombamento"";""Com Vítimas Feridas"";""Pleno dia"";""Decrescente"";""Céu Claro"";""Simples"";""Interseção de vias"";""Não"";325695;""Motocicleta"";""HONDA/CG 150 TITAN EX"";2014;""Condutor"";""Lesões Leves"";24;""Feminino"";0;1;0;0;-20",5689903;-43,"81109568;""SR-MG"";""DEL5"";""UOP02/MG"""
"182698;405308;2019-01-03;""quinta-feira"";""13:00:00"";""MG"";40;618","2;""CONGONHAS"";""Sim"";""Velocidade Incompatível"";1;""Saída de leito carroçável"";""Com Vítimas Feridas"";""Pleno dia"";""Decrescente"";""Céu Claro"";""Simples"";""Interseção de vias"";""Não"";325695;""Motocicleta"";""HONDA/CG 150 TITAN EX"";2014;""Condutor"";""Lesões Leves"";24;""Feminino"";0;1;0;0;-20",5689903;-43,"81109568;""SR-MG"";""DEL5"";""UOP02/MG"""
"182700;403418;2019-01-03;""quinta-feira"";""13:20:00"";""RS"";116;142","8;""CAXIAS DO SUL"";""Sim"";""Velocidade Incompatível"";1;""Colisão com objeto estático"";""Com Vítimas Feridas"";""Pleno dia"";""Crescente"";""Chuva"";""Dupla"";""Curva"";""Sim"";325706;""Automóvel"";""TOYOTA/ETIOS SD XLS"";2013;""Passageiro"";""Lesões Leves"";7;""Masculino"";0;1;0;0;-29",11727;-51,"115208;""SR-RS"";""DEL9/5"";""UOP01/RS"""
"182700;403417;2019-01-03;""quinta-feira"";""13:20:00"";""RS"";116;142","8;""CAXIAS DO SUL"";""Sim"";""Velocidade Incompatível"";1;""Colisão com objeto estático"";""Com Vítimas Feridas"";""Pleno dia"";""Crescente"";""Chuva"";""Dupla"";""Curva"";""Sim"";325706;""Automóvel"";""TOYOTA/ETIOS SD XLS"";2013;""Condutor"";""Ileso"";50;""Masculino"";1;0;0;0;-29",11727;-51,"115208;""SR-RS"";""DEL9/5"";""UOP01/RS"""
"182701;403356;2019-01-03;""quinta-feira"";""11:00:00"";""RJ"";101;295;""ITABORAI"";""Sim"";""Falta de Atenção à Condução"";1;""Colisão traseira"";""Com Vítimas Feridas"";""Pleno dia"";""Crescente"";""Céu Claro"";""Dupla"";""Reta"";""Não"";325672;""Automóvel"";""GM/CORSA WIND"";2000;""Passageiro"";""Lesões Leves"";21;""Feminino"";0;1;0;0;-22",763668;-42,"90226;""SR-RJ"";""DEL5/2"";""UOP04/RJ""",
"182701;403355;2019-01-03;""quinta-feira"";""11:00:00"";""RJ"";101;295;""ITABORAI"";""Sim"";""Falta de Atenção à Condução"";1;""Colisão traseira"";""Com Vítimas Feridas"";""Pleno dia"";""Crescente"";""Céu Claro"";""Dupla"";""Reta"";""Não"";325672;""Automóvel"";""GM/CORSA WIND"";2000;""Condutor"";""Ileso"";NA;""Masculino"";1;0;0;0;-22",763668;-42,"90226;""SR-RJ"";""DEL5/2"";""UOP04/RJ""",
"182701;403354;2019-01-03;""quinta-feira"";""11:00:00"";""RJ"";101;295;""ITABORAI"";""Sim"";""Falta de Atenção à Condução"";1;""Colisão traseira"";""Com Vítimas Feridas"";""Pleno dia"";""Crescente"";""Céu Claro"";""Dupla"";""Reta"";""Não"";325671;""Caminhão"";""FORD/CARGO 712"";2010;""Condutor"";""Ileso"";38;""Masculino"";1;0;0;0;-22",763668;-42,"90226;""SR-RJ"";""DEL5/2"";""UOP04/RJ""",
"182702;405307;2019-01-03;""quinta-feira"";""11:11:00"";""RO"";429;4","3;""JI-PARANA"";""Sim"";""Não guardar distância de segurança"";1;""Colisão traseira"";""Com Vítimas Feridas"";""Pleno dia"";""Decrescente"";""Céu Claro"";""Dupla"";""Reta"";""Sim"";325702;""Motocicleta"";""HONDA/NXR150 BROS ESD"";2010;""Condutor"";""Lesões Leves"";63;""Masculino"";0;1;0;0;-10",8853468;-61,"93548918;""SR-RO"";""DEL21/2"";""UOP01/RO"""
"182702;405312;2019-01-03;""quinta-feira"";""11:11:00"";""RO"";429;4","3;""JI-PARANA"";""Sim"";""Não guardar distância de segurança"";1;""Colisão traseira"";""Com Vítimas Feridas"";""Pleno dia"";""Decrescente"";""Céu Claro"";""Dupla"";""Reta"";""Sim"";325703;""Automóvel"";""FORD/KA SE 1.0 HA"";2015;""Passageiro"";""Ileso"";18;""Feminino"";1;0;0;0;-10",8853468;-61,"93548918;""SR-RO"";""DEL21/2"";""UOP01/RO"""
"182702;405310;2019-01-03;""quinta-feira"";""11:11:00"";""RO"";429;4","3;""JI-PARANA"";""Sim"";""Não guardar distância de segurança"";1;""Colisão traseira"";""Com Vítimas Feridas"";""Pleno dia"";""Decrescente"";""Céu Claro"";""Dupla"";""Reta"";""Sim"";325703;""Automóvel"";""FORD/KA SE 1.0 HA"";2015;""Condutor"";""Ileso"";40;""Feminino"";1;0;0;0;-10",8853468;-61,"93548918;""SR-RO"";""DEL21/2"";""UOP01/RO"""
"182703;403678;2019-01-03;""quinta-feira"";""11:08:00"";""BA"";367;22","8;""PORTO SEGURO"";""Sim"";""Desobediência às normas de trânsito pelo condutor"";3;""Queda de ocupante de veículo"";""Com Vítimas Feridas"";""Pleno dia"";""Crescente"";""Céu Claro"";""Simples"";""Não Informado"";""Sim"";325913;""Motocicleta"";""HONDA/XRE 300"";2014;""Condutor"";""Lesões Leves"";51;""Masculino"";0;1;0;0;-16",441496;-39,"065662;""SR-BA"";""DEL10/9"";""UOP01/BA"""
"182703;403678;2019-01-03;""quinta-feira"";""11:08:00"";""BA"";367;22","8;""PORTO SEGURO"";""Não"";""Falta de Atenção à Condução"";3;""Queda de ocupante de veículo"";""Com Vítimas Feridas"";""Pleno dia"";""Crescente"";""Céu Claro"";""Simples"";""Não Informado"";""Sim"";325913;""Motocicleta"";""HONDA/XRE 300"";2014;""Condutor"";""Lesões Leves"";51;""Masculino"";0;1;0;0;-16",441496;-39,"065662;""SR-BA"";""DEL10/9"";""UOP01/BA"""
"182703;403678;2019-01-03;""quinta-feira"";""11:08:00"";""BA"";367;22","8;""PORTO SEGURO"";""Não"";""Ultrapassagem Indevida"";3;""Queda de ocupante de veículo"";""Com Vítimas Feridas"";""Pleno dia"";""Crescente"";""Céu Claro"";""Simples"";""Não Informado"";""Sim"";325913;""Motocicleta"";""HONDA/XRE 300"";2014;""Condutor"";""Lesões Leves"";51;""Masculino"";0;1;0;0;-16",441496;-39,"065662;""SR-BA"";""DEL10/9"";""UOP01/BA"""
"182703;403678;2019-01-03;""quinta-feira"";""11:08:00"";""BA"";367;22","8;""PORTO SEGURO"";""Sim"";""Desobediência às normas de trânsito pelo condutor"";2;""Tombamento"";""Com Vítimas Feridas"";""Pleno dia"";""Crescente"";""Céu Claro"";""Simples"";""Não Informado"";""Sim"";325913;""Motocicleta"";""HONDA/XRE 300"";2014;""Condutor"";""Lesões Leves"";51;""Masculino"";0;1;0;0;-16",441496;-39,"065662;""SR-BA"";""DEL10/9"";""UOP01/BA"""
"182703;403678;2019-01-03;""quinta-feira"";""11:08:00"";""BA"";367;22","8;""PORTO SEGURO"";""Não"";""Falta de Atenção à Condução"";2;""Tombamento"";""Com Vítimas Feridas"";""Pleno dia"";""Crescente"";""Céu Claro"";""Simples"";""Não Informado"";""Sim"";325913;""Motocicleta"";""HONDA/XRE 300"";2014;""Condutor"";""Lesões Leves"";51;""Masculino"";0;1;0;0;-16",441496;-39,"065662;""SR-BA"";""DEL10/9"";""UOP01/BA"""
"182703;403678;2019-01-03;""quinta-feira"";""11:08:00"";""BA"";367;22","8;""PORTO SEGURO"";""Não"";""Ultrapassagem Indevida"";2;""Tombamento"";""Com Vítimas Feridas"";""Pleno dia"";""Crescente"";""Céu Claro"";""Simples"";""Não Informado"";""Sim"";325913;""Motocicleta"";""HONDA/XRE 300"";2014;""Condutor"";""Lesões Leves"";51;""Masculino"";0;1;0;0;-16",441496;-39,"065662;""SR-BA"";""DEL10/9"";""UOP01/BA"""
"182703;403678;2019-01-03;""quinta-feira"";""11:08:00"";""BA"";367;22","8;""PORTO SEGURO"";""Sim"";""Desobediência às normas de trânsito pelo condutor"";1;""Colisão transversal"";""Com Vítimas Feridas"";""Pleno dia"";""Crescente"";""Céu Claro"";""Simples"";""Não Informado"";""Sim"";325913;""Motocicleta"";""HONDA/XRE 300"";2014;""Condutor"";""Lesões Leves"";51;""Masculino"";0;1;0;0;-16",441496;-39,"065662;""SR-BA"";""DEL10/9"";""UOP01/BA"""
"182703;403678;2019-01-03;""quinta-feira"";""11:08:00"";""BA"";367;22","8;""PORTO SEGURO"";""Não"";""Falta de Atenção à Condução"";1;""Colisão transversal"";""Com Vítimas Feridas"";""Pleno dia"";""Crescente"";""Céu Claro"";""Simples"";""Não Informado"";""Sim"";325913;""Motocicleta"";""HONDA/XRE 300"";2014;""Condutor"";""Lesões Leves"";51;""Masculino"";0;1;0;0;-16",441496;-39,"065662;""SR-BA"";""DEL10/9"";""UOP01/BA"""
"182703;403678;2019-01-03;""quinta-feira"";""11:08:00"";""BA"";367;22","8;""PORTO SEGURO"";""Não"";""Ultrapassagem Indevida"";1;""Colisão transversal"";""Com Vítimas Feridas"";""Pleno dia"";""Crescente"";""Céu Claro"";""Simples"";""Não Informado"";""Sim"";325913;""Motocicleta"";""HONDA/XRE 300"";2014;""Condutor"";""Lesões Leves"";51;""Masculino"";0;1;0;0;-16",441496;-39,"065662;""SR-BA"";""DEL10/9"";""UOP01/BA"""
"182703;403675;2019-01-03;""quinta-feira"";""11:08:00"";""BA"";367;22","8;""PORTO SEGURO"";""Sim"";""Desobediência às normas de trânsito pelo condutor"";3;""Queda de ocupante de veículo"";""Com Vítimas Feridas"";""Pleno dia"";""Crescente"";""Céu Claro"";""Simples"";""Não Informado"";""Sim"";325675;""Automóvel"";""RENAULT/SANDERO AUTH 10"";2018;""Condutor"";""Ileso"";30;""Masculino"";1;0;0;0;-16",441496;-39,"065662;""SR-BA"";""DEL10/9"";""UOP01/BA"""
"182703;403675;2019-01-03;""quinta-feira"";""11:08:00"";""BA"";367;22","8;""PORTO SEGURO"";""Não"";""Falta de Atenção à Condução"";3;""Queda de ocupante de veículo"";""Com Vítimas Feridas"";""Pleno dia"";""Crescente"";""Céu Claro"";""Simples"";""Não Informado"";""Sim"";325675;""Automóvel"";""RENAULT/SANDERO AUTH 10"";2018;""Condutor"";""Ileso"";30;""Masculino"";1;0;0;0;-16",441496;-39,"065662;""SR-BA"";""DEL10/9"";""UOP01/BA"""