"id;""pesid"";""data_inversa"";""dia_semana"";""horario"";""uf"";""br"";""km"";""municipio"";""causa_principal"";""causa_acidente"";""ordem_tipo_acidente"";""tipo_acidente"";""classificacao_acidente"";""fase_dia"";""sentido_via"";""condicao_metereologica"";""tipo_pista"";""tracado_via"";""uso_solo"";""id_veiculo"";""tipo_veiculo"";""marca"";""ano_fabricacao_veiculo"";""tipo_envolvido"";""estado_fisico"";""idade"";""sexo"";""ilesos"";""feridos_leves"";""feridos_graves"";""mortos"";""latitude"";""longitude"";""regional"";""delegacia"";""uop""",,,
"183226;403582;2019-01-03;""quinta-feira"";""16:04:00"";""RS"";386;214","3;""TIO HUGO"";""Sim"";""Desobediência às normas de trânsito pelo condutor"";1;""Colisão frontal"";""Com Vítimas Feridas"";""Pleno dia"";""Decrescente"";""Chuva"";""Simples"";""Não Informado"";""Não"";325834;""Automóvel"";""FIAT/PALIO FIRE"";2003;""Condutor"";""Lesões Leves"";54;""Masculino"";0;1;0;0;-28",58625519;-52,"6001358;""SR-RS"";""DEL9/4"";""UOP04/RS"""
"183226;403582;2019-01-03;""quinta-feira"";""16:04:00"";""RS"";386;214","3;""TIO HUGO"";""Não"";""Pista Escorregadia"";1;""Colisão frontal"";""Com Vítimas Feridas"";""Pleno dia"";""Decrescente"";""Chuva"";""Simples"";""Não Informado"";""Não"";325834;""Automóvel"";""FIAT/PALIO FIRE"";2003;""Condutor"";""Lesões Leves"";54;""Masculino"";0;1;0;0;-28",58625519;-52,"6001358;""SR-RS"";""DEL9/4"";""UOP04/RS"""
"183226;403586;2019-01-03;""quinta-feira"";""16:04:00"";""RS"";386;214","3;""TIO HUGO"";""Sim"";""Desobediência às normas de trânsito pelo condutor"";2;""Colisão frontal"";""Com Vítimas Feridas"";""Pleno dia"";""Decrescente"";""Chuva"";""Simples"";""Não Informado"";""Não"";325835;""Utilitário"";""I/MMC OUTLANDER 2.0"";2011;""Passageiro"";""Lesões Leves"";65;""Feminino"";0;1;0;0;-28",58625519;-52,"6001358;""SR-RS"";""DEL9/4"";""UOP04/RS"""
"183226;403586;2019-01-03;""quinta-feira"";""16:04:00"";""RS"";386;214","3;""TIO HUGO"";""Não"";""Pista Escorregadia"";2;""Colisão frontal"";""Com Vítimas Feridas"";""Pleno dia"";""Decrescente"";""Chuva"";""Simples"";""Não Informado"";""Não"";325835;""Utilitário"";""I/MMC OUTLANDER 2.0"";2011;""Passageiro"";""Lesões Leves"";65;""Feminino"";0;1;0;0;-28",58625519;-52,"6001358;""SR-RS"";""DEL9/4"";""UOP04/RS"""
"183226;403586;2019-01-03;""quinta-feira"";""16:04:00"";""RS"";386;214","3;""TIO HUGO"";""Sim"";""Desobediência às normas de trânsito pelo condutor"";1;""Colisão frontal"";""Com Vítimas Feridas"";""Pleno dia"";""Decrescente"";""Chuva"";""Simples"";""Não Informado"";""Não"";325835;""Utilitário"";""I/MMC OUTLANDER 2.0"";2011;""Passageiro"";""Lesões Leves"";65;""Feminino"";0;1;0;0;-28",58625519;-52,"6001358;""SR-RS"";""DEL9/4"";""UOP04/RS"""
"183226;403586;2019-01-03;""quinta-feira"";""16:04:00"";""RS"";386;214","3;""TIO HUGO"";""Não"";""Pista Escorregadia"";1;""Colisão frontal"";""Com Vítimas Feridas"";""Pleno dia"";""Decrescente"";""Chuva"";""Simples"";""Não Informado"";""Não"";325835;""Utilitário"";""I/MMC OUTLANDER 2.0"";2011;""Passageiro"";""Lesões Leves"";65;""Feminino"";0;1;0;0;-28",58625519;-52,"6001358;""SR-RS"";""DEL9/4"";""UOP04/RS"""
"183226;403588;2019-01-03;""quinta-feira"";""16:04:00"";""RS"";386;214","3;""TIO HUGO"";""Sim"";""Desobediência às normas de trânsito pelo condutor"";2;""Colisão frontal"";""Com Vítimas Feridas"";""Pleno dia"";""Decrescente"";""Chuva"";""Simples"";""Não Informado"";""Não"";325835;""Utilitário"";""I/MMC OUTLANDER 2.0"";2011;""Passageiro"";""Lesões Leves"";14;""Feminino"";0;1;0;0;-28",58625519;-52,"6001358;""SR-RS"";""DEL9/4"";""UOP04/RS"""
"183226;403588;2019-01-03;""quinta-feira"";""16:04:00"";""RS"";386;214","3;""TIO HUGO"";""Não"";""Pista Escorregadia"";2;""Colisão frontal"";""Com Vítimas Feridas"";""Pleno dia"";""Decrescente"";""Chuva"";""Simples"";""Não Informado"";""Não"";325835;""Utilitário"";""I/MMC OUTLANDER 2.0"";2011;""Passageiro"";""Lesões Leves"";14;""Feminino"";0;1;0;0;-28",58625519;-52,"6001358;""SR-RS"";""DEL9/4"";""UOP04/RS"""
"183226;403588;2019-01-03;""quinta-feira"";""16:04:00"";""RS"";386;214","3;""TIO HUGO"";""Sim"";""Desobediência às normas de trânsito pelo condutor"";1;""Colisão frontal"";""Com Vítimas Feridas"";""Pleno dia"";""Decrescente"";""Chuva"";""Simples"";""Não Informado"";""Não"";325835;""Utilitário"";""I/MMC OUTLANDER 2.0"";2011;""Passageiro"";""Lesões Leves"";14;""Feminino"";0;1;0;0;-28",58625519;-52,"6001358;""SR-RS"";""DEL9/4"";""UOP04/RS"""
"183226;403588;2019-01-03;""quinta-feira"";""16:04:00"";""RS"";386;214","3;""TIO HUGO"";""Não"";""Pista Escorregadia"";1;""Colisão frontal"";""Com Vítimas Feridas"";""Pleno dia"";""Decrescente"";""Chuva"";""Simples"";""Não Informado"";""Não"";325835;""Utilitário"";""I/MMC OUTLANDER 2.0"";2011;""Passageiro"";""Lesões Leves"";14;""Feminino"";0;1;0;0;-28",58625519;-52,"6001358;""SR-RS"";""DEL9/4"";""UOP04/RS"""
"183226;403589;2019-01-03;""quinta-feira"";""16:04:00"";""RS"";386;214","3;""TIO HUGO"";""Sim"";""Desobediência às normas de trânsito pelo condutor"";2;""Colisão frontal"";""Com Vítimas Feridas"";""Pleno dia"";""Decrescente"";""Chuva"";""Simples"";""Não Informado"";""Não"";325836;""Caminhão-trator"";""M.BENZ/AXOR 2644S6X4"";2011;""Condutor"";""Ileso"";39;""Masculino"";1;0;0;0;-28",58625519;-52,"6001358;""SR-RS"";""DEL9/4"";""UOP04/RS"""
"183226;403589;2019-01-03;""quinta-feira"";""16:04:00"";""RS"";386;214","3;""TIO HUGO"";""Não"";""Pista Escorregadia"";2;""Colisão frontal"";""Com Vítimas Feridas"";""Pleno dia"";""Decrescente"";""Chuva"";""Simples"";""Não Informado"";""Não"";325836;""Caminhão-trator"";""M.BENZ/AXOR 2644S6X4"";2011;""Condutor"";""Ileso"";39;""Masculino"";1;0;0;0;-28",58625519;-52,"6001358;""SR-RS"";""DEL9/4"";""UOP04/RS"""
"183226;403589;2019-01-03;""quinta-feira"";""16:04:00"";""RS"";386;214","3;""TIO HUGO"";""Sim"";""Desobediência às normas de trânsito pelo condutor"";1;""Colisão frontal"";""Com Vítimas Feridas"";""Pleno dia"";""Decrescente"";""Chuva"";""Simples"";""Não Informado"";""Não"";325836;""Caminhão-trator"";""M.BENZ/AXOR 2644S6X4"";2011;""Condutor"";""Ileso"";39;""Masculino"";1;0;0;0;-28",58625519;-52,"6001358;""SR-RS"";""DEL9/4"";""UOP04/RS"""
"183226;403589;2019-01-03;""quinta-feira"";""16:04:00"";""RS"";386;214","3;""TIO HUGO"";""Não"";""Pista Escorregadia"";1;""Colisão frontal"";""Com Vítimas Feridas"";""Pleno dia"";""Decrescente"";""Chuva"";""Simples"";""Não Informado"";""Não"";325836;""Caminhão-trator"";""M.BENZ/AXOR 2644S6X4"";2011;""Condutor"";""Ileso"";39;""Masculino"";1;0;0;0;-28",58625519;-52,"6001358;""SR-RS"";""DEL9/4"";""UOP04/RS"""
"183226;403584;2019-01-03;""quinta-feira"";""16:04:00"";""RS"";386;214","3;""TIO HUGO"";""Sim"";""Desobediência às normas de trânsito pelo condutor"";2;""Colisão frontal"";""Com Vítimas Feridas"";""Pleno dia"";""Decrescente"";""Chuva"";""Simples"";""Não Informado"";""Não"";325835;""Utilitário"";""I/MMC OUTLANDER 2.0"";2011;""Condutor"";""Ileso"";46;""Masculino"";1;0;0;0;-28",58625519;-52,"6001358;""SR-RS"";""DEL9/4"";""UOP04/RS"""
"183226;403584;2019-01-03;""quinta-feira"";""16:04:00"";""RS"";386;214","3;""TIO HUGO"";""Não"";""Pista Escorregadia"";2;""Colisão frontal"";""Com Vítimas Feridas"";""Pleno dia"";""Decrescente"";""Chuva"";""Simples"";""Não Informado"";""Não"";325835;""Utilitário"";""I/MMC OUTLANDER 2.0"";2011;""Condutor"";""Ileso"";46;""Masculino"";1;0;0;0;-28",58625519;-52,"6001358;""SR-RS"";""DEL9/4"";""UOP04/RS"""
"183226;403584;2019-01-03;""quinta-feira"";""16:04:00"";""RS"";386;214","3;""TIO HUGO"";""Sim"";""Desobediência às normas de trânsito pelo condutor"";1;""Colisão frontal"";""Com Vítimas Feridas"";""Pleno dia"";""Decrescente"";""Chuva"";""Simples"";""Não Informado"";""Não"";325835;""Utilitário"";""I/MMC OUTLANDER 2.0"";2011;""Condutor"";""Ileso"";46;""Masculino"";1;0;0;0;-28",58625519;-52,"6001358;""SR-RS"";""DEL9/4"";""UOP04/RS"""
"183226;403584;2019-01-03;""quinta-feira"";""16:04:00"";""RS"";386;214","3;""TIO HUGO"";""Não"";""Pista Escorregadia"";1;""Colisão frontal"";""Com Vítimas Feridas"";""Pleno dia"";""Decrescente"";""Chuva"";""Simples"";""Não Informado"";""Não"";325835;""Utilitário"";""I/MMC OUTLANDER 2.0"";2011;""Condutor"";""Ileso"";46;""Masculino"";1;0;0;0;-28",58625519;-52,"6001358;""SR-RS"";""DEL9/4"";""UOP04/RS"""
"183227;403465;2019-01-03;""quinta-feira"";""14:00:00"";""PR"";277;67;""SAO JOSE DOS PINHAIS"";""Sim"";""Avarias e/ou desgaste excessivo no pneu"";1;""Queda de ocupante de veículo"";""Com Vítimas Feridas"";""Pleno dia"";""Decrescente"";""Céu Claro"";""Dupla"";""Reta"";""Sim"";325752;""Motocicleta"";""HONDA/CG 150 TITAN ESD"";2011;""Condutor"";""Lesões Graves"";25;""Masculino"";0;0;1;0;-25",54401934;-49,"05613303;""SR-PR"";""DEL7/1"";""UOP06/PR""",
"183228;405353;2019-01-03;""quinta-feira"";""17:15:00"";""SP"";381;61;""MAIRIPORA"";""Sim"";""Pista Escorregadia"";1;""Colisão com objeto estático"";""Com Vítimas Feridas"";""Pleno dia"";""Crescente"";""Chuva"";""Dupla"";""Desvio Temporário"";""Não"";325877;""Automóvel"";""GM/CELTA 4P SPIRIT"";2009;""Condutor"";""Lesões Leves"";39;""Feminino"";0;1;0;0;-23",29201304;-46,"57935065;""SR-SP"";""DEL6/3"";""UOP02/SP""",
"183229;404279;2019-01-03;""quinta-feira"";""16:00:00"";""MG"";40;513;""RIBEIRAO DAS NEVES"";""Sim"";""Mal Súbito"";1;""Colisão lateral"";""Sem Vítimas"";""Pleno dia"";""Crescente"";""Céu Claro"";""Dupla"";""Reta"";""Sim"";326301;""Ônibus"";""I/M.BENZ413CDI CIRILO A4"";2006;""Condutor"";""Ileso"";35;""Masculino"";1;0;0;0;-19",8048;-44,"0972;""SR-MG"";""DEL4/1"";""UOP03/MG""",
"183229;404277;2019-01-03;""quinta-feira"";""16:00:00"";""MG"";40;513;""RIBEIRAO DAS NEVES"";""Sim"";""Mal Súbito"";1;""Colisão lateral"";""Sem Vítimas"";""Pleno dia"";""Crescente"";""Céu Claro"";""Dupla"";""Reta"";""Sim"";325919;""Caminhonete"";""RENAULT/MASTER MAR TPRE1"";2017;""Condutor"";""Ileso"";38;""Masculino"";1;0;0;0;-19",8048;-44,"0972;""SR-MG"";""DEL4/1"";""UOP03/MG""",
"183230;403571;2019-01-03;""quinta-feira"";""17:05:00"";""PR"";277;466;""LARANJEIRAS DO SUL"";""Sim"";""Falta de Atenção à Condução"";1;""Saída de leito carroçável"";""Com Vítimas Feridas"";""Pleno dia"";""Decrescente"";""Céu Claro"";""Simples"";""Curva"";""Não"";325809;""Motocicleta"";""JTA/SUZUKI GSXR750"";2008;""Condutor"";""Lesões Leves"";45;""Masculino"";0;1;0;0;-25",33409668;-52,"51190186;""SR-PR"";""DEL7/4"";""UOP03/PR""",
"183231;403583;2019-01-03;""quinta-feira"";""17:10:00"";""SP"";381;85;""SAO PAULO"";""Sim"";""Desobediência às normas de trânsito pelo pedestre"";1;""Atropelamento de Pedestre"";""Com Vítimas Feridas"";""Pleno dia"";""Crescente"";""Céu Claro"";""Múltipla"";""Reta"";""Sim"";325841;""Caminhonete"";""FIAT/DOBLO CARGO 1.4"";2013;""Condutor"";""Ileso"";24;""Masculino"";1;0;0;0;-23",43235937;-46,"56951285;""SR-SP"";""DEL6/3"";""UOP02/SP""",
"183231;403579;2019-01-03;""quinta-feira"";""17:10:00"";""SP"";381;85;""SAO PAULO"";""Sim"";""Desobediência às normas de trânsito pelo pedestre"";1;""Atropelamento de Pedestre"";""Com Vítimas Feridas"";""Pleno dia"";""Crescente"";""Céu Claro"";""Múltipla"";""Reta"";""Sim"";325841;""Caminhonete"";""FIAT/DOBLO CARGO 1.4"";2013;""Pedestre"";""Lesões Leves"";40;""Masculino"";0;1;0;0;-23",43235937;-46,"56951285;""SR-SP"";""DEL6/3"";""UOP02/SP""",
"183232;403587;2019-01-03;""quinta-feira"";""17:20:00"";""RS"";290;22","9;""SANTO ANTONIO DA PATRULHA"";""Sim"";""Pista Escorregadia"";1;""Tombamento"";""Com Vítimas Feridas"";""Pleno dia"";""Crescente"";""Chuva"";""Dupla"";""Reta"";""Não"";325845;""Motocicleta"";""I/HONDA CBR 250R"";2012;""Passageiro"";""Lesões Leves"";21;""Masculino"";0;1;0;0;-29",88883;-50,"474819;""SR-RS"";""DEL9/3"";""UOP02/RS"""
"183232;403581;2019-01-03;""quinta-feira"";""17:20:00"";""RS"";290;22","9;""SANTO ANTONIO DA PATRULHA"";""Sim"";""Pista Escorregadia"";1;""Tombamento"";""Com Vítimas Feridas"";""Pleno dia"";""Crescente"";""Chuva"";""Dupla"";""Reta"";""Não"";325845;""Motocicleta"";""I/HONDA CBR 250R"";2012;""Condutor"";""Lesões Leves"";22;""Masculino"";0;1;0;0;-29",88883;-50,"474819;""SR-RS"";""DEL9/3"";""UOP02/RS"""
"183233;403649;2019-01-03;""quinta-feira"";""16:00:00"";""PE"";101;7","5;""GOIANA"";""Sim"";""Falta de Atenção do Pedestre"";1;""Atropelamento de Pedestre"";""Com Vítimas Feridas"";""Pleno dia"";""Decrescente"";""Céu Claro"";""Dupla"";""Reta"";""Sim"";325798;""Caminhão-trator"";""M.BENZ/AXOR 2644S6X4"";2013;""Pedestre"";""Lesões Graves"";NA;""Masculino"";0;0;1;0;-7",56401279;-34,"99008898;""SR-PE"";""DEL11/1"";""UOP02/PE"""
"183233;403526;2019-01-03;""quinta-feira"";""16:00:00"";""PE"";101;7","5;""GOIANA"";""Sim"";""Falta de Atenção do Pedestre"";1;""Atropelamento de Pedestre"";""Com Vítimas Feridas"";""Pleno dia"";""Decrescente"";""Céu Claro"";""Dupla"";""Reta"";""Sim"";325798;""Caminhão-trator"";""M.BENZ/AXOR 2644S6X4"";2013;""Condutor"";""Ileso"";49;""Masculino"";1;0;0;0;-7",56401279;-34,"99008898;""SR-PE"";""DEL11/1"";""UOP02/PE"""
"183234;NA;2019-01-03;""quinta-feira"";""07:30:00"";""PI"";407;600;""ACAUA"";""Sim"";""Falta de Atenção à Condução"";1;""Saída de leito carroçável"";""Com Vítimas Feridas"";""Pleno dia"";""Decrescente"";""Céu Claro"";""Simples"";""Curva"";""Não"";325771;""Semireboque"";""SR/PALMEIRA SRCF 3E"";2016;""Não Informado"";""Não Informado"";NA;""Não Informado"";0;0;0;0;-8",34087;-41,"062969;""SR-PI"";""DEL17/4"";""UOP01/PI""",
"183234;403492;2019-01-03;""quinta-feira"";""07:30:00"";""PI"";407;600;""ACAUA"";""Sim"";""Falta de Atenção à Condução"";1;""Saída de leito carroçável"";""Com Vítimas Feridas"";""Pleno dia"";""Decrescente"";""Céu Claro"";""Simples"";""Curva"";""Não"";325766;""Caminhão-trator"";""SCANIA/R 440 A6X2"";2016;""Condutor"";""Lesões Leves"";56;""Masculino"";0;1;0;0;-8",34087;-41,"062969;""SR-PI"";""DEL17/4"";""UOP01/PI""",
"183235;404352;2019-01-03;""quinta-feira"";""13:20:00"";""SC"";101;132;""BALNEARIO CAMBORIU"";""Sim"";""Desobediência às normas de trânsito pelo condutor"";1;""Colisão traseira"";""Com Vítimas Feridas"";""Pleno dia"";""Crescente"";""Céu Claro"";""Simples"";""Reta"";""Não"";325882;""Motocicleta"";""HONDA/CG150 FAN ESDI"";2013;""Condutor"";""Lesões Leves"";20;""Masculino"";0;1;0;0;-26",9992;-48,"646;""SR-SC"";""DEL8/4"";""UOP03/SC""",
"183235;404351;2019-01-03;""quinta-feira"";""13:20:00"";""SC"";101;132;""BALNEARIO CAMBORIU"";""Sim"";""Desobediência às normas de trânsito pelo condutor"";1;""Colisão traseira"";""Com Vítimas Feridas"";""Pleno dia"";""Crescente"";""Céu Claro"";""Simples"";""Reta"";""Não"";325883;""Camioneta"";""FORD/ECOSPORT FSL AT 1.5"";2018;""Condutor"";""Ileso"";52;""Feminino"";1;0;0;0;-26",9992;-48,"646;""SR-SC"";""DEL8/4"";""UOP03/SC""",
"183236;406871;2019-01-03;""quinta-feira"";""14:45:00"";""SC"";101;214;""PALHOCA"";""Sim"";""Falta de Atenção à Condução"";1;""Colisão lateral"";""Com Vítimas Feridas"";""Pleno dia"";""Decrescente"";""Céu Claro"";""Dupla"";""Reta"";""Sim"";328065;""Motoneta"";""HONDA/BIZ 125 KS"";2008;""Condutor"";""Lesões Leves"";22;""Masculino"";0;1;0;0;-27",652;-48,"676;""SR-SC"";""DEL8/1"";""UOP02/SC""",
"183236;406870;2019-01-03;""quinta-feira"";""14:45:00"";""SC"";101;214;""PALHOCA"";""Sim"";""Falta de Atenção à Condução"";1;""Colisão lateral"";""Com Vítimas Feridas"";""Pleno dia"";""Decrescente"";""Céu Claro"";""Dupla"";""Reta"";""Sim"";328064;""Automóvel"";""FIAT/PALIO WK TREKK 1.6"";2012;""Condutor"";""Ileso"";61;""Masculino"";1;0;0;0;-27",652;-48,"676;""SR-SC"";""DEL8/1"";""UOP02/SC""",
"183237;405432;2019-01-03;""quinta-feira"";""07:20:00"";""BA"";410;6;""RIBEIRA DO POMBAL"";""Sim"";""Deficiência ou não Acionamento do Sistema de Iluminação/Sinalização do Veículo"";1;""Colisão traseira"";""Com Vítimas Feridas"";""Pleno dia"";""Decrescente"";""Céu Claro"";""Simples"";""Reta"";""Não"";325855;""Caminhão-trator"";""VOLVO/FH12 380 4X2T"";2004;""Condutor"";""Ileso"";36;""Masculino"";1;0;0;0;-10",84393;-38,"57634;""SR-BA"";""DEL10/7"";""UOP02/BA""",
"183237;405432;2019-01-03;""quinta-feira"";""07:20:00"";""BA"";410;6;""RIBEIRA DO POMBAL"";""Não"";""Falta de Atenção à Condução"";1;""Colisão traseira"";""Com Vítimas Feridas"";""Pleno dia"";""Decrescente"";""Céu Claro"";""Simples"";""Reta"";""Não"";325855;""Caminhão-trator"";""VOLVO/FH12 380 4X2T"";2004;""Condutor"";""Ileso"";36;""Masculino"";1;0;0;0;-10",84393;-38,"57634;""SR-BA"";""DEL10/7"";""UOP02/BA""",
"183237;405433;2019-01-03;""quinta-feira"";""07:20:00"";""BA"";410;6;""RIBEIRA DO POMBAL"";""Sim"";""Deficiência ou não Acionamento do Sistema de Iluminação/Sinalização do Veículo"";1;""Colisão traseira"";""Com Vítimas Feridas"";""Pleno dia"";""Decrescente"";""Céu Claro"";""Simples"";""Reta"";""Não"";325856;""Automóvel"";""FIAT/UNO MILLE FIRE FLEX"";2006;""Condutor"";""Lesões Leves"";41;""Masculino"";0;1;0;0;-10",84393;-38,"57634;""SR-BA"";""DEL10/7"";""UOP02/BA""",
"183237;405433;2019-01-03;""quinta-feira"";""07:20:00"";""BA"";410;6;""RIBEIRA DO POMBAL"";""Não"";""Falta de Atenção à Condução"";1;""Colisão traseira"";""Com Vítimas Feridas"";""Pleno dia"";""Decrescente"";""Céu Claro"";""Simples"";""Reta"";""Não"";325856;""Automóvel"";""FIAT/UNO MILLE FIRE FLEX"";2006;""Condutor"";""Lesões Leves"";41;""Masculino"";0;1;0;0;-10",84393;-38,"57634;""SR-BA"";""DEL10/7"";""UOP02/BA""",
"183237;405440;2019-01-03;""quinta-feira"";""07:20:00"";""BA"";410;6;""RIBEIRA DO POMBAL"";""Sim"";""Deficiência ou não Acionamento do Sistema de Iluminação/Sinalização do Veículo"";1;""Colisão traseira"";""Com Vítimas Feridas"";""Pleno dia"";""Decrescente"";""Céu Claro"";""Simples"";""Reta"";""Não"";325855;""Caminhão-trator"";""VOLVO/FH12 380 4X2T"";2004;""Testemunha"";""Não Informado"";NA;""Não Informado"";0;0;0;0;-10",84393;-38,"57634;""SR-BA"";""DEL10/7"";""UOP02/BA""",
"183237;405440;2019-01-03;""quinta-feira"";""07:20:00"";""BA"";410;6;""RIBEIRA DO POMBAL"";""Não"";""Falta de Atenção à Condução"";1;""Colisão traseira"";""Com Vítimas Feridas"";""Pleno dia"";""Decrescente"";""Céu Claro"";""Simples"";""Reta"";""Não"";325855;""Caminhão-trator"";""VOLVO/FH12 380 4X2T"";2004;""Testemunha"";""Não Informado"";NA;""Não Informado"";0;0;0;0;-10",84393;-38,"57634;""SR-BA"";""DEL10/7"";""UOP02/BA""",
"183237;405440;2019-01-03;""quinta-feira"";""07:20:00"";""BA"";410;6;""RIBEIRA DO POMBAL"";""Sim"";""Deficiência ou não Acionamento do Sistema de Iluminação/Sinalização do Veículo"";1;""Colisão traseira"";""Com Vítimas Feridas"";""Pleno dia"";""Decrescente"";""Céu Claro"";""Simples"";""Reta"";""Não"";325856;""Automóvel"";""FIAT/UNO MILLE FIRE FLEX"";2006;""Testemunha"";""Não Informado"";NA;""Não Informado"";0;0;0;0;-10",84393;-38,"57634;""SR-BA"";""DEL10/7"";""UOP02/BA""",
"183237;405440;2019-01-03;""quinta-feira"";""07:20:00"";""BA"";410;6;""RIBEIRA DO POMBAL"";""Não"";""Falta de Atenção à Condução"";1;""Colisão traseira"";""Com Vítimas Feridas"";""Pleno dia"";""Decrescente"";""Céu Claro"";""Simples"";""Reta"";""Não"";325856;""Automóvel"";""FIAT/UNO MILLE FIRE FLEX"";2006;""Testemunha"";""Não Informado"";NA;""Não Informado"";0;0;0;0;-10",84393;-38,"57634;""SR-BA"";""DEL10/7"";""UOP02/BA""",
"183237;405440;2019-01-03;""quinta-feira"";""07:20:00"";""BA"";410;6;""RIBEIRA DO POMBAL"";""Sim"";""Deficiência ou não Acionamento do Sistema de Iluminação/Sinalização do Veículo"";1;""Colisão traseira"";""Com Vítimas Feridas"";""Pleno dia"";""Decrescente"";""Céu Claro"";""Simples"";""Reta"";""Não"";327077;""Semireboque"";""SR/GUERRA AG TQ"";2006;""Testemunha"";""Não Informado"";NA;""Não Informado"";0;0;0;0;-10",84393;-38,"57634;""SR-BA"";""DEL10/7"";""UOP02/BA""",
"183237;405440;2019-01-03;""quinta-feira"";""07:20:00"";""BA"";410;6;""RIBEIRA DO POMBAL"";""Não"";""Falta de Atenção à Condução"";1;""Colisão traseira"";""Com Vítimas Feridas"";""Pleno dia"";""Decrescente"";""Céu Claro"";""Simples"";""Reta"";""Não"";327077;""Semireboque"";""SR/GUERRA AG TQ"";2006;""Testemunha"";""Não Informado"";NA;""Não Informado"";0;0;0;0;-10",84393;-38,"57634;""SR-BA"";""DEL10/7"";""UOP02/BA""",
"183237;405440;2019-01-03;""quinta-feira"";""07:20:00"";""BA"";410;6;""RIBEIRA DO POMBAL"";""Sim"";""Deficiência ou não Acionamento do Sistema de Iluminação/Sinalização do Veículo"";1;""Colisão traseira"";""Com Vítimas Feridas"";""Pleno dia"";""Decrescente"";""Céu Claro"";""Simples"";""Reta"";""Não"";327076;""Semireboque"";""SR/GUERRA AG TQ"";2006;""Testemunha"";""Não Informado"";NA;""Não Informado"";0;0;0;0;-10",84393;-38,"57634;""SR-BA"";""DEL10/7"";""UOP02/BA""",
"183237;405440;2019-01-03;""quinta-feira"";""07:20:00"";""BA"";410;6;""RIBEIRA DO POMBAL"";""Não"";""Falta de Atenção à Condução"";1;""Colisão traseira"";""Com Vítimas Feridas"";""Pleno dia"";""Decrescente"";""Céu Claro"";""Simples"";""Reta"";""Não"";327076;""Semireboque"";""SR/GUERRA AG TQ"";2006;""Testemunha"";""Não Informado"";NA;""Não Informado"";0;0;0;0;-10",84393;-38,"57634;""SR-BA"";""DEL10/7"";""UOP02/BA""",
"183238;406727;2019-01-03;""quinta-feira"";""08:45:00"";""BA"";242;414;""SEABRA"";""Sim"";""Defeito Mecânico no Veículo"";1;""Colisão traseira"";""Com Vítimas Fatais"";""Pleno dia"";""Decrescente"";""Céu Claro"";""Simples"";""Reta"";""Sim"";325867;""Ônibus"";""MARCOPOLO/VOLARE W9 ON"";2008;""Passageiro"";""Lesões Graves"";16;""Masculino"";0;0;1;0;-12",485007;-41,"73613;""SR-BA"";""DEL 10/10"";""UOP02/BA""",
"183238;406727;2019-01-03;""quinta-feira"";""08:45:00"";""BA"";242;414;""SEABRA"";""Não"";""Velocidade Incompatível"";1;""Colisão traseira"";""Com Vítimas Fatais"";""Pleno dia"";""Decrescente"";""Céu Claro"";""Simples"";""Reta"";""Sim"";325867;""Ônibus"";""MARCOPOLO/VOLARE W9 ON"";2008;""Passageiro"";""Lesões Graves"";16;""Masculino"";0;0;1;0;-12",485007;-41,"73613;""SR-BA"";""DEL 10/10"";""UOP02/BA""",
"183238;406727;2019-01-03;""quinta-feira"";""08:45:00"";""BA"";242;414;""SEABRA"";""Sim"";""Defeito Mecânico no Veículo"";5;""Derramamento de carga"";""Com Vítimas Fatais"";""Pleno dia"";""Decrescente"";""Céu Claro"";""Simples"";""Reta"";""Sim"";325867;""Ônibus"";""MARCOPOLO/VOLARE W9 ON"";2008;""Passageiro"";""Lesões Graves"";16;""Masculino"";0;0;1;0;-12",485007;-41,"73613;""SR-BA"";""DEL 10/10"";""UOP02/BA""",
"183238;406727;2019-01-03;""quinta-feira"";""08:45:00"";""BA"";242;414;""SEABRA"";""Não"";""Velocidade Incompatível"";5;""Derramamento de carga"";""Com Vítimas Fatais"";""Pleno dia"";""Decrescente"";""Céu Claro"";""Simples"";""Reta"";""Sim"";325867;""Ônibus"";""MARCOPOLO/VOLARE W9 ON"";2008;""Passageiro"";""Lesões Graves"";16;""Masculino"";0;0;1;0;-12",485007;-41,"73613;""SR-BA"";""DEL 10/10"";""UOP02/BA""",
"183238;406727;2019-01-03;""quinta-feira"";""08:45:00"";""BA"";242;414;""SEABRA"";""Sim"";""Defeito Mecânico no Veículo"";4;""Queda de ocupante de veículo"";""Com Vítimas Fatais"";""Pleno dia"";""Decrescente"";""Céu Claro"";""Simples"";""Reta"";""Sim"";325867;""Ônibus"";""MARCOPOLO/VOLARE W9 ON"";2008;""Passageiro"";""Lesões Graves"";16;""Masculino"";0;0;1;0;-12",485007;-41,"73613;""SR-BA"";""DEL 10/10"";""UOP02/BA""",
"183238;406727;2019-01-03;""quinta-feira"";""08:45:00"";""BA"";242;414;""SEABRA"";""Não"";""Velocidade Incompatível"";4;""Queda de ocupante de veículo"";""Com Vítimas Fatais"";""Pleno dia"";""Decrescente"";""Céu Claro"";""Simples"";""Reta"";""Sim"";325867;""Ônibus"";""MARCOPOLO/VOLARE W9 ON"";2008;""Passageiro"";""Lesões Graves"";16;""Masculino"";0;0;1;0;-12",485007;-41,"73613;""SR-BA"";""DEL 10/10"";""UOP02/BA""",
"183238;406727;2019-01-03;""quinta-feira"";""08:45:00"";""BA"";242;414;""SEABRA"";""Sim"";""Defeito Mecânico no Veículo"";3;""Colisão com objeto estático"";""Com Vítimas Fatais"";""Pleno dia"";""Decrescente"";""Céu Claro"";""Simples"";""Reta"";""Sim"";325867;""Ônibus"";""MARCOPOLO/VOLARE W9 ON"";2008;""Passageiro"";""Lesões Graves"";16;""Masculino"";0;0;1;0;-12",485007;-41,"73613;""SR-BA"";""DEL 10/10"";""UOP02/BA""",