"id;""pesid"";""data_inversa"";""dia_semana"";""horario"";""uf"";""br"";""km"";""municipio"";""causa_principal"";""causa_acidente"";""ordem_tipo_acidente"";""tipo_acidente"";""classificacao_acidente"";""fase_dia"";""sentido_via"";""condicao_metereologica"";""tipo_pista"";""tracado_via"";""uso_solo"";""id_veiculo"";""tipo_veiculo"";""marca"";""ano_fabricacao_veiculo"";""tipo_envolvido"";""estado_fisico"";""idade"";""sexo"";""ilesos"";""feridos_leves"";""feridos_graves"";""mortos"";""latitude"";""longitude"";""regional"";""delegacia"";""uop""",,,
"183238;406727;2019-01-03;""quinta-feira"";""08:45:00"";""BA"";242;414;""SEABRA"";""Não"";""Velocidade Incompatível"";3;""Colisão com objeto estático"";""Com Vítimas Fatais"";""Pleno dia"";""Decrescente"";""Céu Claro"";""Simples"";""Reta"";""Sim"";325867;""Ônibus"";""MARCOPOLO/VOLARE W9 ON"";2008;""Passageiro"";""Lesões Graves"";16;""Masculino"";0;0;1;0;-12",485007;-41,"73613;""SR-BA"";""DEL 10/10"";""UOP02/BA""",
"183238;406727;2019-01-03;""quinta-feira"";""08:45:00"";""BA"";242;414;""SEABRA"";""Sim"";""Defeito Mecânico no Veículo"";2;""Capotamento"";""Com Vítimas Fatais"";""Pleno dia"";""Decrescente"";""Céu Claro"";""Simples"";""Reta"";""Sim"";325867;""Ônibus"";""MARCOPOLO/VOLARE W9 ON"";2008;""Passageiro"";""Lesões Graves"";16;""Masculino"";0;0;1;0;-12",485007;-41,"73613;""SR-BA"";""DEL 10/10"";""UOP02/BA""",
"183238;406727;2019-01-03;""quinta-feira"";""08:45:00"";""BA"";242;414;""SEABRA"";""Não"";""Velocidade Incompatível"";2;""Capotamento"";""Com Vítimas Fatais"";""Pleno dia"";""Decrescente"";""Céu Claro"";""Simples"";""Reta"";""Sim"";325867;""Ônibus"";""MARCOPOLO/VOLARE W9 ON"";2008;""Passageiro"";""Lesões Graves"";16;""Masculino"";0;0;1;0;-12",485007;-41,"73613;""SR-BA"";""DEL 10/10"";""UOP02/BA""",
"183238;406723;2019-01-03;""quinta-feira"";""08:45:00"";""BA"";242;414;""SEABRA"";""Sim"";""Defeito Mecânico no Veículo"";1;""Colisão traseira"";""Com Vítimas Fatais"";""Pleno dia"";""Decrescente"";""Céu Claro"";""Simples"";""Reta"";""Sim"";325867;""Ônibus"";""MARCOPOLO/VOLARE W9 ON"";2008;""Passageiro"";""Lesões Graves"";4;""Masculino"";0;0;1;0;-12",485007;-41,"73613;""SR-BA"";""DEL 10/10"";""UOP02/BA""",
"183238;406723;2019-01-03;""quinta-feira"";""08:45:00"";""BA"";242;414;""SEABRA"";""Não"";""Velocidade Incompatível"";1;""Colisão traseira"";""Com Vítimas Fatais"";""Pleno dia"";""Decrescente"";""Céu Claro"";""Simples"";""Reta"";""Sim"";325867;""Ônibus"";""MARCOPOLO/VOLARE W9 ON"";2008;""Passageiro"";""Lesões Graves"";4;""Masculino"";0;0;1;0;-12",485007;-41,"73613;""SR-BA"";""DEL 10/10"";""UOP02/BA""",
"183238;406723;2019-01-03;""quinta-feira"";""08:45:00"";""BA"";242;414;""SEABRA"";""Sim"";""Defeito Mecânico no Veículo"";5;""Derramamento de carga"";""Com Vítimas Fatais"";""Pleno dia"";""Decrescente"";""Céu Claro"";""Simples"";""Reta"";""Sim"";325867;""Ônibus"";""MARCOPOLO/VOLARE W9 ON"";2008;""Passageiro"";""Lesões Graves"";4;""Masculino"";0;0;1;0;-12",485007;-41,"73613;""SR-BA"";""DEL 10/10"";""UOP02/BA""",
"183238;406723;2019-01-03;""quinta-feira"";""08:45:00"";""BA"";242;414;""SEABRA"";""Não"";""Velocidade Incompatível"";5;""Derramamento de carga"";""Com Vítimas Fatais"";""Pleno dia"";""Decrescente"";""Céu Claro"";""Simples"";""Reta"";""Sim"";325867;""Ônibus"";""MARCOPOLO/VOLARE W9 ON"";2008;""Passageiro"";""Lesões Graves"";4;""Masculino"";0;0;1;0;-12",485007;-41,"73613;""SR-BA"";""DEL 10/10"";""UOP02/BA""",
"183238;406723;2019-01-03;""quinta-feira"";""08:45:00"";""BA"";242;414;""SEABRA"";""Sim"";""Defeito Mecânico no Veículo"";4;""Queda de ocupante de veículo"";""Com Vítimas Fatais"";""Pleno dia"";""Decrescente"";""Céu Claro"";""Simples"";""Reta"";""Sim"";325867;""Ônibus"";""MARCOPOLO/VOLARE W9 ON"";2008;""Passageiro"";""Lesões Graves"";4;""Masculino"";0;0;1;0;-12",485007;-41,"73613;""SR-BA"";""DEL 10/10"";""UOP02/BA""",
"183238;406723;2019-01-03;""quinta-feira"";""08:45:00"";""BA"";242;414;""SEABRA"";""Não"";""Velocidade Incompatível"";4;""Queda de ocupante de veículo"";""Com Vítimas Fatais"";""Pleno dia"";""Decrescente"";""Céu Claro"";""Simples"";""Reta"";""Sim"";325867;""Ônibus"";""MARCOPOLO/VOLARE W9 ON"";2008;""Passageiro"";""Lesões Graves"";4;""Masculino"";0;0;1;0;-12",485007;-41,"73613;""SR-BA"";""DEL 10/10"";""UOP02/BA""",
"183238;406723;2019-01-03;""quinta-feira"";""08:45:00"";""BA"";242;414;""SEABRA"";""Sim"";""Defeito Mecânico no Veículo"";3;""Colisão com objeto estático"";""Com Vítimas Fatais"";""Pleno dia"";""Decrescente"";""Céu Claro"";""Simples"";""Reta"";""Sim"";325867;""Ônibus"";""MARCOPOLO/VOLARE W9 ON"";2008;""Passageiro"";""Lesões Graves"";4;""Masculino"";0;0;1;0;-12",485007;-41,"73613;""SR-BA"";""DEL 10/10"";""UOP02/BA""",
"183238;406723;2019-01-03;""quinta-feira"";""08:45:00"";""BA"";242;414;""SEABRA"";""Não"";""Velocidade Incompatível"";3;""Colisão com objeto estático"";""Com Vítimas Fatais"";""Pleno dia"";""Decrescente"";""Céu Claro"";""Simples"";""Reta"";""Sim"";325867;""Ônibus"";""MARCOPOLO/VOLARE W9 ON"";2008;""Passageiro"";""Lesões Graves"";4;""Masculino"";0;0;1;0;-12",485007;-41,"73613;""SR-BA"";""DEL 10/10"";""UOP02/BA""",
"183238;406723;2019-01-03;""quinta-feira"";""08:45:00"";""BA"";242;414;""SEABRA"";""Sim"";""Defeito Mecânico no Veículo"";2;""Capotamento"";""Com Vítimas Fatais"";""Pleno dia"";""Decrescente"";""Céu Claro"";""Simples"";""Reta"";""Sim"";325867;""Ônibus"";""MARCOPOLO/VOLARE W9 ON"";2008;""Passageiro"";""Lesões Graves"";4;""Masculino"";0;0;1;0;-12",485007;-41,"73613;""SR-BA"";""DEL 10/10"";""UOP02/BA""",
"183238;406723;2019-01-03;""quinta-feira"";""08:45:00"";""BA"";242;414;""SEABRA"";""Não"";""Velocidade Incompatível"";2;""Capotamento"";""Com Vítimas Fatais"";""Pleno dia"";""Decrescente"";""Céu Claro"";""Simples"";""Reta"";""Sim"";325867;""Ônibus"";""MARCOPOLO/VOLARE W9 ON"";2008;""Passageiro"";""Lesões Graves"";4;""Masculino"";0;0;1;0;-12",485007;-41,"73613;""SR-BA"";""DEL 10/10"";""UOP02/BA""",
"183238;405766;2019-01-03;""quinta-feira"";""08:45:00"";""BA"";242;414;""SEABRA"";""Sim"";""Defeito Mecânico no Veículo"";1;""Colisão traseira"";""Com Vítimas Fatais"";""Pleno dia"";""Decrescente"";""Céu Claro"";""Simples"";""Reta"";""Sim"";325867;""Ônibus"";""MARCOPOLO/VOLARE W9 ON"";2008;""Passageiro"";""Lesões Leves"";17;""Feminino"";0;1;0;0;-12",485007;-41,"73613;""SR-BA"";""DEL 10/10"";""UOP02/BA""",
"183238;405766;2019-01-03;""quinta-feira"";""08:45:00"";""BA"";242;414;""SEABRA"";""Não"";""Velocidade Incompatível"";1;""Colisão traseira"";""Com Vítimas Fatais"";""Pleno dia"";""Decrescente"";""Céu Claro"";""Simples"";""Reta"";""Sim"";325867;""Ônibus"";""MARCOPOLO/VOLARE W9 ON"";2008;""Passageiro"";""Lesões Leves"";17;""Feminino"";0;1;0;0;-12",485007;-41,"73613;""SR-BA"";""DEL 10/10"";""UOP02/BA""",
"183238;405766;2019-01-03;""quinta-feira"";""08:45:00"";""BA"";242;414;""SEABRA"";""Sim"";""Defeito Mecânico no Veículo"";5;""Derramamento de carga"";""Com Vítimas Fatais"";""Pleno dia"";""Decrescente"";""Céu Claro"";""Simples"";""Reta"";""Sim"";325867;""Ônibus"";""MARCOPOLO/VOLARE W9 ON"";2008;""Passageiro"";""Lesões Leves"";17;""Feminino"";0;1;0;0;-12",485007;-41,"73613;""SR-BA"";""DEL 10/10"";""UOP02/BA""",
"183238;405766;2019-01-03;""quinta-feira"";""08:45:00"";""BA"";242;414;""SEABRA"";""Não"";""Velocidade Incompatível"";5;""Derramamento de carga"";""Com Vítimas Fatais"";""Pleno dia"";""Decrescente"";""Céu Claro"";""Simples"";""Reta"";""Sim"";325867;""Ônibus"";""MARCOPOLO/VOLARE W9 ON"";2008;""Passageiro"";""Lesões Leves"";17;""Feminino"";0;1;0;0;-12",485007;-41,"73613;""SR-BA"";""DEL 10/10"";""UOP02/BA""",
"183238;405766;2019-01-03;""quinta-feira"";""08:45:00"";""BA"";242;414;""SEABRA"";""Sim"";""Defeito Mecânico no Veículo"";4;""Queda de ocupante de veículo"";""Com Vítimas Fatais"";""Pleno dia"";""Decrescente"";""Céu Claro"";""Simples"";""Reta"";""Sim"";325867;""Ônibus"";""MARCOPOLO/VOLARE W9 ON"";2008;""Passageiro"";""Lesões Leves"";17;""Feminino"";0;1;0;0;-12",485007;-41,"73613;""SR-BA"";""DEL 10/10"";""UOP02/BA""",
"183238;405766;2019-01-03;""quinta-feira"";""08:45:00"";""BA"";242;414;""SEABRA"";""Não"";""Velocidade Incompatível"";4;""Queda de ocupante de veículo"";""Com Vítimas Fatais"";""Pleno dia"";""Decrescente"";""Céu Claro"";""Simples"";""Reta"";""Sim"";325867;""Ônibus"";""MARCOPOLO/VOLARE W9 ON"";2008;""Passageiro"";""Lesões Leves"";17;""Feminino"";0;1;0;0;-12",485007;-41,"73613;""SR-BA"";""DEL 10/10"";""UOP02/BA""",
"183238;405766;2019-01-03;""quinta-feira"";""08:45:00"";""BA"";242;414;""SEABRA"";""Sim"";""Defeito Mecânico no Veículo"";3;""Colisão com objeto estático"";""Com Vítimas Fatais"";""Pleno dia"";""Decrescente"";""Céu Claro"";""Simples"";""Reta"";""Sim"";325867;""Ônibus"";""MARCOPOLO/VOLARE W9 ON"";2008;""Passageiro"";""Lesões Leves"";17;""Feminino"";0;1;0;0;-12",485007;-41,"73613;""SR-BA"";""DEL 10/10"";""UOP02/BA""",
"183238;405766;2019-01-03;""quinta-feira"";""08:45:00"";""BA"";242;414;""SEABRA"";""Não"";""Velocidade Incompatível"";3;""Colisão com objeto estático"";""Com Vítimas Fatais"";""Pleno dia"";""Decrescente"";""Céu Claro"";""Simples"";""Reta"";""Sim"";325867;""Ônibus"";""MARCOPOLO/VOLARE W9 ON"";2008;""Passageiro"";""Lesões Leves"";17;""Feminino"";0;1;0;0;-12",485007;-41,"73613;""SR-BA"";""DEL 10/10"";""UOP02/BA""",
"183238;405766;2019-01-03;""quinta-feira"";""08:45:00"";""BA"";242;414;""SEABRA"";""Sim"";""Defeito Mecânico no Veículo"";2;""Capotamento"";""Com Vítimas Fatais"";""Pleno dia"";""Decrescente"";""Céu Claro"";""Simples"";""Reta"";""Sim"";325867;""Ônibus"";""MARCOPOLO/VOLARE W9 ON"";2008;""Passageiro"";""Lesões Leves"";17;""Feminino"";0;1;0;0;-12",485007;-41,"73613;""SR-BA"";""DEL 10/10"";""UOP02/BA""",
"183238;405766;2019-01-03;""quinta-feira"";""08:45:00"";""BA"";242;414;""SEABRA"";""Não"";""Velocidade Incompatível"";2;""Capotamento"";""Com Vítimas Fatais"";""Pleno dia"";""Decrescente"";""Céu Claro"";""Simples"";""Reta"";""Sim"";325867;""Ônibus"";""MARCOPOLO/VOLARE W9 ON"";2008;""Passageiro"";""Lesões Leves"";17;""Feminino"";0;1;0;0;-12",485007;-41,"73613;""SR-BA"";""DEL 10/10"";""UOP02/BA""",
"183238;405733;2019-01-03;""quinta-feira"";""08:45:00"";""BA"";242;414;""SEABRA"";""Sim"";""Defeito Mecânico no Veículo"";1;""Colisão traseira"";""Com Vítimas Fatais"";""Pleno dia"";""Decrescente"";""Céu Claro"";""Simples"";""Reta"";""Sim"";325867;""Ônibus"";""MARCOPOLO/VOLARE W9 ON"";2008;""Passageiro"";""Lesões Graves"";12;""Feminino"";0;0;1;0;-12",485007;-41,"73613;""SR-BA"";""DEL 10/10"";""UOP02/BA""",
"183238;405733;2019-01-03;""quinta-feira"";""08:45:00"";""BA"";242;414;""SEABRA"";""Não"";""Velocidade Incompatível"";1;""Colisão traseira"";""Com Vítimas Fatais"";""Pleno dia"";""Decrescente"";""Céu Claro"";""Simples"";""Reta"";""Sim"";325867;""Ônibus"";""MARCOPOLO/VOLARE W9 ON"";2008;""Passageiro"";""Lesões Graves"";12;""Feminino"";0;0;1;0;-12",485007;-41,"73613;""SR-BA"";""DEL 10/10"";""UOP02/BA""",
"183238;405733;2019-01-03;""quinta-feira"";""08:45:00"";""BA"";242;414;""SEABRA"";""Sim"";""Defeito Mecânico no Veículo"";5;""Derramamento de carga"";""Com Vítimas Fatais"";""Pleno dia"";""Decrescente"";""Céu Claro"";""Simples"";""Reta"";""Sim"";325867;""Ônibus"";""MARCOPOLO/VOLARE W9 ON"";2008;""Passageiro"";""Lesões Graves"";12;""Feminino"";0;0;1;0;-12",485007;-41,"73613;""SR-BA"";""DEL 10/10"";""UOP02/BA""",
"183238;405733;2019-01-03;""quinta-feira"";""08:45:00"";""BA"";242;414;""SEABRA"";""Não"";""Velocidade Incompatível"";5;""Derramamento de carga"";""Com Vítimas Fatais"";""Pleno dia"";""Decrescente"";""Céu Claro"";""Simples"";""Reta"";""Sim"";325867;""Ônibus"";""MARCOPOLO/VOLARE W9 ON"";2008;""Passageiro"";""Lesões Graves"";12;""Feminino"";0;0;1;0;-12",485007;-41,"73613;""SR-BA"";""DEL 10/10"";""UOP02/BA""",
"183238;405733;2019-01-03;""quinta-feira"";""08:45:00"";""BA"";242;414;""SEABRA"";""Sim"";""Defeito Mecânico no Veículo"";4;""Queda de ocupante de veículo"";""Com Vítimas Fatais"";""Pleno dia"";""Decrescente"";""Céu Claro"";""Simples"";""Reta"";""Sim"";325867;""Ônibus"";""MARCOPOLO/VOLARE W9 ON"";2008;""Passageiro"";""Lesões Graves"";12;""Feminino"";0;0;1;0;-12",485007;-41,"73613;""SR-BA"";""DEL 10/10"";""UOP02/BA""",
"183238;405733;2019-01-03;""quinta-feira"";""08:45:00"";""BA"";242;414;""SEABRA"";""Não"";""Velocidade Incompatível"";4;""Queda de ocupante de veículo"";""Com Vítimas Fatais"";""Pleno dia"";""Decrescente"";""Céu Claro"";""Simples"";""Reta"";""Sim"";325867;""Ônibus"";""MARCOPOLO/VOLARE W9 ON"";2008;""Passageiro"";""Lesões Graves"";12;""Feminino"";0;0;1;0;-12",485007;-41,"73613;""SR-BA"";""DEL 10/10"";""UOP02/BA""",
"183238;405733;2019-01-03;""quinta-feira"";""08:45:00"";""BA"";242;414;""SEABRA"";""Sim"";""Defeito Mecânico no Veículo"";3;""Colisão com objeto estático"";""Com Vítimas Fatais"";""Pleno dia"";""Decrescente"";""Céu Claro"";""Simples"";""Reta"";""Sim"";325867;""Ônibus"";""MARCOPOLO/VOLARE W9 ON"";2008;""Passageiro"";""Lesões Graves"";12;""Feminino"";0;0;1;0;-12",485007;-41,"73613;""SR-BA"";""DEL 10/10"";""UOP02/BA""",
"183238;405733;2019-01-03;""quinta-feira"";""08:45:00"";""BA"";242;414;""SEABRA"";""Não"";""Velocidade Incompatível"";3;""Colisão com objeto estático"";""Com Vítimas Fatais"";""Pleno dia"";""Decrescente"";""Céu Claro"";""Simples"";""Reta"";""Sim"";325867;""Ônibus"";""MARCOPOLO/VOLARE W9 ON"";2008;""Passageiro"";""Lesões Graves"";12;""Feminino"";0;0;1;0;-12",485007;-41,"73613;""SR-BA"";""DEL 10/10"";""UOP02/BA""",
"183238;405733;2019-01-03;""quinta-feira"";""08:45:00"";""BA"";242;414;""SEABRA"";""Sim"";""Defeito Mecânico no Veículo"";2;""Capotamento"";""Com Vítimas Fatais"";""Pleno dia"";""Decrescente"";""Céu Claro"";""Simples"";""Reta"";""Sim"";325867;""Ônibus"";""MARCOPOLO/VOLARE W9 ON"";2008;""Passageiro"";""Lesões Graves"";12;""Feminino"";0;0;1;0;-12",485007;-41,"73613;""SR-BA"";""DEL 10/10"";""UOP02/BA""",
"183238;405733;2019-01-03;""quinta-feira"";""08:45:00"";""BA"";242;414;""SEABRA"";""Não"";""Velocidade Incompatível"";2;""Capotamento"";""Com Vítimas Fatais"";""Pleno dia"";""Decrescente"";""Céu Claro"";""Simples"";""Reta"";""Sim"";325867;""Ônibus"";""MARCOPOLO/VOLARE W9 ON"";2008;""Passageiro"";""Lesões Graves"";12;""Feminino"";0;0;1;0;-12",485007;-41,"73613;""SR-BA"";""DEL 10/10"";""UOP02/BA""",
"183238;404135;2019-01-03;""quinta-feira"";""08:45:00"";""BA"";242;414;""SEABRA"";""Sim"";""Defeito Mecânico no Veículo"";1;""Colisão traseira"";""Com Vítimas Fatais"";""Pleno dia"";""Decrescente"";""Céu Claro"";""Simples"";""Reta"";""Sim"";325869;""Automóvel"";""VW/NOVO GOL 1.0"";2013;""Condutor"";""Lesões Leves"";39;""Masculino"";0;1;0;0;-12",485007;-41,"73613;""SR-BA"";""DEL 10/10"";""UOP02/BA""",
"183238;404135;2019-01-03;""quinta-feira"";""08:45:00"";""BA"";242;414;""SEABRA"";""Não"";""Velocidade Incompatível"";1;""Colisão traseira"";""Com Vítimas Fatais"";""Pleno dia"";""Decrescente"";""Céu Claro"";""Simples"";""Reta"";""Sim"";325869;""Automóvel"";""VW/NOVO GOL 1.0"";2013;""Condutor"";""Lesões Leves"";39;""Masculino"";0;1;0;0;-12",485007;-41,"73613;""SR-BA"";""DEL 10/10"";""UOP02/BA""",
"183238;404135;2019-01-03;""quinta-feira"";""08:45:00"";""BA"";242;414;""SEABRA"";""Sim"";""Defeito Mecânico no Veículo"";5;""Derramamento de carga"";""Com Vítimas Fatais"";""Pleno dia"";""Decrescente"";""Céu Claro"";""Simples"";""Reta"";""Sim"";325869;""Automóvel"";""VW/NOVO GOL 1.0"";2013;""Condutor"";""Lesões Leves"";39;""Masculino"";0;1;0;0;-12",485007;-41,"73613;""SR-BA"";""DEL 10/10"";""UOP02/BA""",
"183238;404135;2019-01-03;""quinta-feira"";""08:45:00"";""BA"";242;414;""SEABRA"";""Não"";""Velocidade Incompatível"";5;""Derramamento de carga"";""Com Vítimas Fatais"";""Pleno dia"";""Decrescente"";""Céu Claro"";""Simples"";""Reta"";""Sim"";325869;""Automóvel"";""VW/NOVO GOL 1.0"";2013;""Condutor"";""Lesões Leves"";39;""Masculino"";0;1;0;0;-12",485007;-41,"73613;""SR-BA"";""DEL 10/10"";""UOP02/BA""",
"183238;404135;2019-01-03;""quinta-feira"";""08:45:00"";""BA"";242;414;""SEABRA"";""Sim"";""Defeito Mecânico no Veículo"";4;""Queda de ocupante de veículo"";""Com Vítimas Fatais"";""Pleno dia"";""Decrescente"";""Céu Claro"";""Simples"";""Reta"";""Sim"";325869;""Automóvel"";""VW/NOVO GOL 1.0"";2013;""Condutor"";""Lesões Leves"";39;""Masculino"";0;1;0;0;-12",485007;-41,"73613;""SR-BA"";""DEL 10/10"";""UOP02/BA""",
"183238;404135;2019-01-03;""quinta-feira"";""08:45:00"";""BA"";242;414;""SEABRA"";""Não"";""Velocidade Incompatível"";4;""Queda de ocupante de veículo"";""Com Vítimas Fatais"";""Pleno dia"";""Decrescente"";""Céu Claro"";""Simples"";""Reta"";""Sim"";325869;""Automóvel"";""VW/NOVO GOL 1.0"";2013;""Condutor"";""Lesões Leves"";39;""Masculino"";0;1;0;0;-12",485007;-41,"73613;""SR-BA"";""DEL 10/10"";""UOP02/BA""",
"183238;404135;2019-01-03;""quinta-feira"";""08:45:00"";""BA"";242;414;""SEABRA"";""Sim"";""Defeito Mecânico no Veículo"";3;""Colisão com objeto estático"";""Com Vítimas Fatais"";""Pleno dia"";""Decrescente"";""Céu Claro"";""Simples"";""Reta"";""Sim"";325869;""Automóvel"";""VW/NOVO GOL 1.0"";2013;""Condutor"";""Lesões Leves"";39;""Masculino"";0;1;0;0;-12",485007;-41,"73613;""SR-BA"";""DEL 10/10"";""UOP02/BA""",
"183238;404135;2019-01-03;""quinta-feira"";""08:45:00"";""BA"";242;414;""SEABRA"";""Não"";""Velocidade Incompatível"";3;""Colisão com objeto estático"";""Com Vítimas Fatais"";""Pleno dia"";""Decrescente"";""Céu Claro"";""Simples"";""Reta"";""Sim"";325869;""Automóvel"";""VW/NOVO GOL 1.0"";2013;""Condutor"";""Lesões Leves"";39;""Masculino"";0;1;0;0;-12",485007;-41,"73613;""SR-BA"";""DEL 10/10"";""UOP02/BA""",
"183238;404135;2019-01-03;""quinta-feira"";""08:45:00"";""BA"";242;414;""SEABRA"";""Sim"";""Defeito Mecânico no Veículo"";2;""Capotamento"";""Com Vítimas Fatais"";""Pleno dia"";""Decrescente"";""Céu Claro"";""Simples"";""Reta"";""Sim"";325869;""Automóvel"";""VW/NOVO GOL 1.0"";2013;""Condutor"";""Lesões Leves"";39;""Masculino"";0;1;0;0;-12",485007;-41,"73613;""SR-BA"";""DEL 10/10"";""UOP02/BA""",
"183238;404135;2019-01-03;""quinta-feira"";""08:45:00"";""BA"";242;414;""SEABRA"";""Não"";""Velocidade Incompatível"";2;""Capotamento"";""Com Vítimas Fatais"";""Pleno dia"";""Decrescente"";""Céu Claro"";""Simples"";""Reta"";""Sim"";325869;""Automóvel"";""VW/NOVO GOL 1.0"";2013;""Condutor"";""Lesões Leves"";39;""Masculino"";0;1;0;0;-12",485007;-41,"73613;""SR-BA"";""DEL 10/10"";""UOP02/BA""",
"183238;404114;2019-01-03;""quinta-feira"";""08:45:00"";""BA"";242;414;""SEABRA"";""Sim"";""Defeito Mecânico no Veículo"";1;""Colisão traseira"";""Com Vítimas Fatais"";""Pleno dia"";""Decrescente"";""Céu Claro"";""Simples"";""Reta"";""Sim"";325867;""Ônibus"";""MARCOPOLO/VOLARE W9 ON"";2008;""Passageiro"";""Lesões Graves"";32;""Feminino"";0;0;1;0;-12",485007;-41,"73613;""SR-BA"";""DEL 10/10"";""UOP02/BA""",
"183238;404114;2019-01-03;""quinta-feira"";""08:45:00"";""BA"";242;414;""SEABRA"";""Não"";""Velocidade Incompatível"";1;""Colisão traseira"";""Com Vítimas Fatais"";""Pleno dia"";""Decrescente"";""Céu Claro"";""Simples"";""Reta"";""Sim"";325867;""Ônibus"";""MARCOPOLO/VOLARE W9 ON"";2008;""Passageiro"";""Lesões Graves"";32;""Feminino"";0;0;1;0;-12",485007;-41,"73613;""SR-BA"";""DEL 10/10"";""UOP02/BA""",
"183238;404114;2019-01-03;""quinta-feira"";""08:45:00"";""BA"";242;414;""SEABRA"";""Sim"";""Defeito Mecânico no Veículo"";5;""Derramamento de carga"";""Com Vítimas Fatais"";""Pleno dia"";""Decrescente"";""Céu Claro"";""Simples"";""Reta"";""Sim"";325867;""Ônibus"";""MARCOPOLO/VOLARE W9 ON"";2008;""Passageiro"";""Lesões Graves"";32;""Feminino"";0;0;1;0;-12",485007;-41,"73613;""SR-BA"";""DEL 10/10"";""UOP02/BA""",
"183238;404114;2019-01-03;""quinta-feira"";""08:45:00"";""BA"";242;414;""SEABRA"";""Não"";""Velocidade Incompatível"";5;""Derramamento de carga"";""Com Vítimas Fatais"";""Pleno dia"";""Decrescente"";""Céu Claro"";""Simples"";""Reta"";""Sim"";325867;""Ônibus"";""MARCOPOLO/VOLARE W9 ON"";2008;""Passageiro"";""Lesões Graves"";32;""Feminino"";0;0;1;0;-12",485007;-41,"73613;""SR-BA"";""DEL 10/10"";""UOP02/BA""",
"183238;404114;2019-01-03;""quinta-feira"";""08:45:00"";""BA"";242;414;""SEABRA"";""Sim"";""Defeito Mecânico no Veículo"";4;""Queda de ocupante de veículo"";""Com Vítimas Fatais"";""Pleno dia"";""Decrescente"";""Céu Claro"";""Simples"";""Reta"";""Sim"";325867;""Ônibus"";""MARCOPOLO/VOLARE W9 ON"";2008;""Passageiro"";""Lesões Graves"";32;""Feminino"";0;0;1;0;-12",485007;-41,"73613;""SR-BA"";""DEL 10/10"";""UOP02/BA""",
"183238;404114;2019-01-03;""quinta-feira"";""08:45:00"";""BA"";242;414;""SEABRA"";""Não"";""Velocidade Incompatível"";4;""Queda de ocupante de veículo"";""Com Vítimas Fatais"";""Pleno dia"";""Decrescente"";""Céu Claro"";""Simples"";""Reta"";""Sim"";325867;""Ônibus"";""MARCOPOLO/VOLARE W9 ON"";2008;""Passageiro"";""Lesões Graves"";32;""Feminino"";0;0;1;0;-12",485007;-41,"73613;""SR-BA"";""DEL 10/10"";""UOP02/BA""",
"183238;404114;2019-01-03;""quinta-feira"";""08:45:00"";""BA"";242;414;""SEABRA"";""Sim"";""Defeito Mecânico no Veículo"";3;""Colisão com objeto estático"";""Com Vítimas Fatais"";""Pleno dia"";""Decrescente"";""Céu Claro"";""Simples"";""Reta"";""Sim"";325867;""Ônibus"";""MARCOPOLO/VOLARE W9 ON"";2008;""Passageiro"";""Lesões Graves"";32;""Feminino"";0;0;1;0;-12",485007;-41,"73613;""SR-BA"";""DEL 10/10"";""UOP02/BA""",
"183238;404114;2019-01-03;""quinta-feira"";""08:45:00"";""BA"";242;414;""SEABRA"";""Não"";""Velocidade Incompatível"";3;""Colisão com objeto estático"";""Com Vítimas Fatais"";""Pleno dia"";""Decrescente"";""Céu Claro"";""Simples"";""Reta"";""Sim"";325867;""Ônibus"";""MARCOPOLO/VOLARE W9 ON"";2008;""Passageiro"";""Lesões Graves"";32;""Feminino"";0;0;1;0;-12",485007;-41,"73613;""SR-BA"";""DEL 10/10"";""UOP02/BA""",
"183238;404114;2019-01-03;""quinta-feira"";""08:45:00"";""BA"";242;414;""SEABRA"";""Sim"";""Defeito Mecânico no Veículo"";2;""Capotamento"";""Com Vítimas Fatais"";""Pleno dia"";""Decrescente"";""Céu Claro"";""Simples"";""Reta"";""Sim"";325867;""Ônibus"";""MARCOPOLO/VOLARE W9 ON"";2008;""Passageiro"";""Lesões Graves"";32;""Feminino"";0;0;1;0;-12",485007;-41,"73613;""SR-BA"";""DEL 10/10"";""UOP02/BA""",
"183238;404114;2019-01-03;""quinta-feira"";""08:45:00"";""BA"";242;414;""SEABRA"";""Não"";""Velocidade Incompatível"";2;""Capotamento"";""Com Vítimas Fatais"";""Pleno dia"";""Decrescente"";""Céu Claro"";""Simples"";""Reta"";""Sim"";325867;""Ônibus"";""MARCOPOLO/VOLARE W9 ON"";2008;""Passageiro"";""Lesões Graves"";32;""Feminino"";0;0;1;0;-12",485007;-41,"73613;""SR-BA"";""DEL 10/10"";""UOP02/BA""",
"183238;404112;2019-01-03;""quinta-feira"";""08:45:00"";""BA"";242;414;""SEABRA"";""Sim"";""Defeito Mecânico no Veículo"";1;""Colisão traseira"";""Com Vítimas Fatais"";""Pleno dia"";""Decrescente"";""Céu Claro"";""Simples"";""Reta"";""Sim"";325867;""Ônibus"";""MARCOPOLO/VOLARE W9 ON"";2008;""Passageiro"";""Lesões Graves"";61;""Masculino"";0;0;1;0;-12",485007;-41,"73613;""SR-BA"";""DEL 10/10"";""UOP02/BA""",
"183238;404112;2019-01-03;""quinta-feira"";""08:45:00"";""BA"";242;414;""SEABRA"";""Não"";""Velocidade Incompatível"";1;""Colisão traseira"";""Com Vítimas Fatais"";""Pleno dia"";""Decrescente"";""Céu Claro"";""Simples"";""Reta"";""Sim"";325867;""Ônibus"";""MARCOPOLO/VOLARE W9 ON"";2008;""Passageiro"";""Lesões Graves"";61;""Masculino"";0;0;1;0;-12",485007;-41,"73613;""SR-BA"";""DEL 10/10"";""UOP02/BA""",