"id;""pesid"";""data_inversa"";""dia_semana"";""horario"";""uf"";""br"";""km"";""municipio"";""causa_principal"";""causa_acidente"";""ordem_tipo_acidente"";""tipo_acidente"";""classificacao_acidente"";""fase_dia"";""sentido_via"";""condicao_metereologica"";""tipo_pista"";""tracado_via"";""uso_solo"";""id_veiculo"";""tipo_veiculo"";""marca"";""ano_fabricacao_veiculo"";""tipo_envolvido"";""estado_fisico"";""idade"";""sexo"";""ilesos"";""feridos_leves"";""feridos_graves"";""mortos"";""latitude"";""longitude"";""regional"";""delegacia"";""uop""",,,
"183238;404170;2019-01-03;""quinta-feira"";""08:45:00"";""BA"";242;414;""SEABRA"";""Sim"";""Defeito Mecânico no Veículo"";1;""Colisão traseira"";""Com Vítimas Fatais"";""Pleno dia"";""Decrescente"";""Céu Claro"";""Simples"";""Reta"";""Sim"";325868;""Caminhão"";""VW/23.220"";2003;""Testemunha"";""Não Informado"";NA;""Não Informado"";0;0;0;0;-12",485007;-41,"73613;""SR-BA"";""DEL 10/10"";""UOP02/BA""",
"183238;404170;2019-01-03;""quinta-feira"";""08:45:00"";""BA"";242;414;""SEABRA"";""Não"";""Velocidade Incompatível"";1;""Colisão traseira"";""Com Vítimas Fatais"";""Pleno dia"";""Decrescente"";""Céu Claro"";""Simples"";""Reta"";""Sim"";325868;""Caminhão"";""VW/23.220"";2003;""Testemunha"";""Não Informado"";NA;""Não Informado"";0;0;0;0;-12",485007;-41,"73613;""SR-BA"";""DEL 10/10"";""UOP02/BA""",
"183238;404170;2019-01-03;""quinta-feira"";""08:45:00"";""BA"";242;414;""SEABRA"";""Sim"";""Defeito Mecânico no Veículo"";5;""Derramamento de carga"";""Com Vítimas Fatais"";""Pleno dia"";""Decrescente"";""Céu Claro"";""Simples"";""Reta"";""Sim"";325868;""Caminhão"";""VW/23.220"";2003;""Testemunha"";""Não Informado"";NA;""Não Informado"";0;0;0;0;-12",485007;-41,"73613;""SR-BA"";""DEL 10/10"";""UOP02/BA""",
"183238;404170;2019-01-03;""quinta-feira"";""08:45:00"";""BA"";242;414;""SEABRA"";""Não"";""Velocidade Incompatível"";5;""Derramamento de carga"";""Com Vítimas Fatais"";""Pleno dia"";""Decrescente"";""Céu Claro"";""Simples"";""Reta"";""Sim"";325868;""Caminhão"";""VW/23.220"";2003;""Testemunha"";""Não Informado"";NA;""Não Informado"";0;0;0;0;-12",485007;-41,"73613;""SR-BA"";""DEL 10/10"";""UOP02/BA""",
"183238;404170;2019-01-03;""quinta-feira"";""08:45:00"";""BA"";242;414;""SEABRA"";""Sim"";""Defeito Mecânico no Veículo"";4;""Queda de ocupante de veículo"";""Com Vítimas Fatais"";""Pleno dia"";""Decrescente"";""Céu Claro"";""Simples"";""Reta"";""Sim"";325868;""Caminhão"";""VW/23.220"";2003;""Testemunha"";""Não Informado"";NA;""Não Informado"";0;0;0;0;-12",485007;-41,"73613;""SR-BA"";""DEL 10/10"";""UOP02/BA""",
"183238;404170;2019-01-03;""quinta-feira"";""08:45:00"";""BA"";242;414;""SEABRA"";""Não"";""Velocidade Incompatível"";4;""Queda de ocupante de veículo"";""Com Vítimas Fatais"";""Pleno dia"";""Decrescente"";""Céu Claro"";""Simples"";""Reta"";""Sim"";325868;""Caminhão"";""VW/23.220"";2003;""Testemunha"";""Não Informado"";NA;""Não Informado"";0;0;0;0;-12",485007;-41,"73613;""SR-BA"";""DEL 10/10"";""UOP02/BA""",
"183238;404170;2019-01-03;""quinta-feira"";""08:45:00"";""BA"";242;414;""SEABRA"";""Sim"";""Defeito Mecânico no Veículo"";3;""Colisão com objeto estático"";""Com Vítimas Fatais"";""Pleno dia"";""Decrescente"";""Céu Claro"";""Simples"";""Reta"";""Sim"";325868;""Caminhão"";""VW/23.220"";2003;""Testemunha"";""Não Informado"";NA;""Não Informado"";0;0;0;0;-12",485007;-41,"73613;""SR-BA"";""DEL 10/10"";""UOP02/BA""",
"183238;404170;2019-01-03;""quinta-feira"";""08:45:00"";""BA"";242;414;""SEABRA"";""Não"";""Velocidade Incompatível"";3;""Colisão com objeto estático"";""Com Vítimas Fatais"";""Pleno dia"";""Decrescente"";""Céu Claro"";""Simples"";""Reta"";""Sim"";325868;""Caminhão"";""VW/23.220"";2003;""Testemunha"";""Não Informado"";NA;""Não Informado"";0;0;0;0;-12",485007;-41,"73613;""SR-BA"";""DEL 10/10"";""UOP02/BA""",
"183238;404170;2019-01-03;""quinta-feira"";""08:45:00"";""BA"";242;414;""SEABRA"";""Sim"";""Defeito Mecânico no Veículo"";2;""Capotamento"";""Com Vítimas Fatais"";""Pleno dia"";""Decrescente"";""Céu Claro"";""Simples"";""Reta"";""Sim"";325868;""Caminhão"";""VW/23.220"";2003;""Testemunha"";""Não Informado"";NA;""Não Informado"";0;0;0;0;-12",485007;-41,"73613;""SR-BA"";""DEL 10/10"";""UOP02/BA""",
"183238;404170;2019-01-03;""quinta-feira"";""08:45:00"";""BA"";242;414;""SEABRA"";""Não"";""Velocidade Incompatível"";2;""Capotamento"";""Com Vítimas Fatais"";""Pleno dia"";""Decrescente"";""Céu Claro"";""Simples"";""Reta"";""Sim"";325868;""Caminhão"";""VW/23.220"";2003;""Testemunha"";""Não Informado"";NA;""Não Informado"";0;0;0;0;-12",485007;-41,"73613;""SR-BA"";""DEL 10/10"";""UOP02/BA""",
"183238;404123;2019-01-03;""quinta-feira"";""08:45:00"";""BA"";242;414;""SEABRA"";""Sim"";""Defeito Mecânico no Veículo"";1;""Colisão traseira"";""Com Vítimas Fatais"";""Pleno dia"";""Decrescente"";""Céu Claro"";""Simples"";""Reta"";""Sim"";325867;""Ônibus"";""MARCOPOLO/VOLARE W9 ON"";2008;""Passageiro"";""Lesões Graves"";15;""Feminino"";0;0;1;0;-12",485007;-41,"73613;""SR-BA"";""DEL 10/10"";""UOP02/BA""",
"183238;404123;2019-01-03;""quinta-feira"";""08:45:00"";""BA"";242;414;""SEABRA"";""Não"";""Velocidade Incompatível"";1;""Colisão traseira"";""Com Vítimas Fatais"";""Pleno dia"";""Decrescente"";""Céu Claro"";""Simples"";""Reta"";""Sim"";325867;""Ônibus"";""MARCOPOLO/VOLARE W9 ON"";2008;""Passageiro"";""Lesões Graves"";15;""Feminino"";0;0;1;0;-12",485007;-41,"73613;""SR-BA"";""DEL 10/10"";""UOP02/BA""",
"183238;404123;2019-01-03;""quinta-feira"";""08:45:00"";""BA"";242;414;""SEABRA"";""Sim"";""Defeito Mecânico no Veículo"";5;""Derramamento de carga"";""Com Vítimas Fatais"";""Pleno dia"";""Decrescente"";""Céu Claro"";""Simples"";""Reta"";""Sim"";325867;""Ônibus"";""MARCOPOLO/VOLARE W9 ON"";2008;""Passageiro"";""Lesões Graves"";15;""Feminino"";0;0;1;0;-12",485007;-41,"73613;""SR-BA"";""DEL 10/10"";""UOP02/BA""",
"183238;404123;2019-01-03;""quinta-feira"";""08:45:00"";""BA"";242;414;""SEABRA"";""Não"";""Velocidade Incompatível"";5;""Derramamento de carga"";""Com Vítimas Fatais"";""Pleno dia"";""Decrescente"";""Céu Claro"";""Simples"";""Reta"";""Sim"";325867;""Ônibus"";""MARCOPOLO/VOLARE W9 ON"";2008;""Passageiro"";""Lesões Graves"";15;""Feminino"";0;0;1;0;-12",485007;-41,"73613;""SR-BA"";""DEL 10/10"";""UOP02/BA""",
"183238;404123;2019-01-03;""quinta-feira"";""08:45:00"";""BA"";242;414;""SEABRA"";""Sim"";""Defeito Mecânico no Veículo"";4;""Queda de ocupante de veículo"";""Com Vítimas Fatais"";""Pleno dia"";""Decrescente"";""Céu Claro"";""Simples"";""Reta"";""Sim"";325867;""Ônibus"";""MARCOPOLO/VOLARE W9 ON"";2008;""Passageiro"";""Lesões Graves"";15;""Feminino"";0;0;1;0;-12",485007;-41,"73613;""SR-BA"";""DEL 10/10"";""UOP02/BA""",
"183238;404123;2019-01-03;""quinta-feira"";""08:45:00"";""BA"";242;414;""SEABRA"";""Não"";""Velocidade Incompatível"";4;""Queda de ocupante de veículo"";""Com Vítimas Fatais"";""Pleno dia"";""Decrescente"";""Céu Claro"";""Simples"";""Reta"";""Sim"";325867;""Ônibus"";""MARCOPOLO/VOLARE W9 ON"";2008;""Passageiro"";""Lesões Graves"";15;""Feminino"";0;0;1;0;-12",485007;-41,"73613;""SR-BA"";""DEL 10/10"";""UOP02/BA""",
"183238;404123;2019-01-03;""quinta-feira"";""08:45:00"";""BA"";242;414;""SEABRA"";""Sim"";""Defeito Mecânico no Veículo"";3;""Colisão com objeto estático"";""Com Vítimas Fatais"";""Pleno dia"";""Decrescente"";""Céu Claro"";""Simples"";""Reta"";""Sim"";325867;""Ônibus"";""MARCOPOLO/VOLARE W9 ON"";2008;""Passageiro"";""Lesões Graves"";15;""Feminino"";0;0;1;0;-12",485007;-41,"73613;""SR-BA"";""DEL 10/10"";""UOP02/BA""",
"183238;404123;2019-01-03;""quinta-feira"";""08:45:00"";""BA"";242;414;""SEABRA"";""Não"";""Velocidade Incompatível"";3;""Colisão com objeto estático"";""Com Vítimas Fatais"";""Pleno dia"";""Decrescente"";""Céu Claro"";""Simples"";""Reta"";""Sim"";325867;""Ônibus"";""MARCOPOLO/VOLARE W9 ON"";2008;""Passageiro"";""Lesões Graves"";15;""Feminino"";0;0;1;0;-12",485007;-41,"73613;""SR-BA"";""DEL 10/10"";""UOP02/BA""",
"183238;404123;2019-01-03;""quinta-feira"";""08:45:00"";""BA"";242;414;""SEABRA"";""Sim"";""Defeito Mecânico no Veículo"";2;""Capotamento"";""Com Vítimas Fatais"";""Pleno dia"";""Decrescente"";""Céu Claro"";""Simples"";""Reta"";""Sim"";325867;""Ônibus"";""MARCOPOLO/VOLARE W9 ON"";2008;""Passageiro"";""Lesões Graves"";15;""Feminino"";0;0;1;0;-12",485007;-41,"73613;""SR-BA"";""DEL 10/10"";""UOP02/BA""",
"183238;404123;2019-01-03;""quinta-feira"";""08:45:00"";""BA"";242;414;""SEABRA"";""Não"";""Velocidade Incompatível"";2;""Capotamento"";""Com Vítimas Fatais"";""Pleno dia"";""Decrescente"";""Céu Claro"";""Simples"";""Reta"";""Sim"";325867;""Ônibus"";""MARCOPOLO/VOLARE W9 ON"";2008;""Passageiro"";""Lesões Graves"";15;""Feminino"";0;0;1;0;-12",485007;-41,"73613;""SR-BA"";""DEL 10/10"";""UOP02/BA""",
"183238;404110;2019-01-03;""quinta-feira"";""08:45:00"";""BA"";242;414;""SEABRA"";""Sim"";""Defeito Mecânico no Veículo"";1;""Colisão traseira"";""Com Vítimas Fatais"";""Pleno dia"";""Decrescente"";""Céu Claro"";""Simples"";""Reta"";""Sim"";325868;""Caminhão"";""VW/23.220"";2003;""Condutor"";""Lesões Graves"";34;""Masculino"";0;0;1;0;-12",485007;-41,"73613;""SR-BA"";""DEL 10/10"";""UOP02/BA""",
"183238;404110;2019-01-03;""quinta-feira"";""08:45:00"";""BA"";242;414;""SEABRA"";""Não"";""Velocidade Incompatível"";1;""Colisão traseira"";""Com Vítimas Fatais"";""Pleno dia"";""Decrescente"";""Céu Claro"";""Simples"";""Reta"";""Sim"";325868;""Caminhão"";""VW/23.220"";2003;""Condutor"";""Lesões Graves"";34;""Masculino"";0;0;1;0;-12",485007;-41,"73613;""SR-BA"";""DEL 10/10"";""UOP02/BA""",
"183238;404110;2019-01-03;""quinta-feira"";""08:45:00"";""BA"";242;414;""SEABRA"";""Sim"";""Defeito Mecânico no Veículo"";5;""Derramamento de carga"";""Com Vítimas Fatais"";""Pleno dia"";""Decrescente"";""Céu Claro"";""Simples"";""Reta"";""Sim"";325868;""Caminhão"";""VW/23.220"";2003;""Condutor"";""Lesões Graves"";34;""Masculino"";0;0;1;0;-12",485007;-41,"73613;""SR-BA"";""DEL 10/10"";""UOP02/BA""",
"183238;404110;2019-01-03;""quinta-feira"";""08:45:00"";""BA"";242;414;""SEABRA"";""Não"";""Velocidade Incompatível"";5;""Derramamento de carga"";""Com Vítimas Fatais"";""Pleno dia"";""Decrescente"";""Céu Claro"";""Simples"";""Reta"";""Sim"";325868;""Caminhão"";""VW/23.220"";2003;""Condutor"";""Lesões Graves"";34;""Masculino"";0;0;1;0;-12",485007;-41,"73613;""SR-BA"";""DEL 10/10"";""UOP02/BA""",
"183238;404110;2019-01-03;""quinta-feira"";""08:45:00"";""BA"";242;414;""SEABRA"";""Sim"";""Defeito Mecânico no Veículo"";4;""Queda de ocupante de veículo"";""Com Vítimas Fatais"";""Pleno dia"";""Decrescente"";""Céu Claro"";""Simples"";""Reta"";""Sim"";325868;""Caminhão"";""VW/23.220"";2003;""Condutor"";""Lesões Graves"";34;""Masculino"";0;0;1;0;-12",485007;-41,"73613;""SR-BA"";""DEL 10/10"";""UOP02/BA""",
"183238;404110;2019-01-03;""quinta-feira"";""08:45:00"";""BA"";242;414;""SEABRA"";""Não"";""Velocidade Incompatível"";4;""Queda de ocupante de veículo"";""Com Vítimas Fatais"";""Pleno dia"";""Decrescente"";""Céu Claro"";""Simples"";""Reta"";""Sim"";325868;""Caminhão"";""VW/23.220"";2003;""Condutor"";""Lesões Graves"";34;""Masculino"";0;0;1;0;-12",485007;-41,"73613;""SR-BA"";""DEL 10/10"";""UOP02/BA""",
"183238;404110;2019-01-03;""quinta-feira"";""08:45:00"";""BA"";242;414;""SEABRA"";""Sim"";""Defeito Mecânico no Veículo"";3;""Colisão com objeto estático"";""Com Vítimas Fatais"";""Pleno dia"";""Decrescente"";""Céu Claro"";""Simples"";""Reta"";""Sim"";325868;""Caminhão"";""VW/23.220"";2003;""Condutor"";""Lesões Graves"";34;""Masculino"";0;0;1;0;-12",485007;-41,"73613;""SR-BA"";""DEL 10/10"";""UOP02/BA""",
"183238;404110;2019-01-03;""quinta-feira"";""08:45:00"";""BA"";242;414;""SEABRA"";""Não"";""Velocidade Incompatível"";3;""Colisão com objeto estático"";""Com Vítimas Fatais"";""Pleno dia"";""Decrescente"";""Céu Claro"";""Simples"";""Reta"";""Sim"";325868;""Caminhão"";""VW/23.220"";2003;""Condutor"";""Lesões Graves"";34;""Masculino"";0;0;1;0;-12",485007;-41,"73613;""SR-BA"";""DEL 10/10"";""UOP02/BA""",
"183238;404110;2019-01-03;""quinta-feira"";""08:45:00"";""BA"";242;414;""SEABRA"";""Sim"";""Defeito Mecânico no Veículo"";2;""Capotamento"";""Com Vítimas Fatais"";""Pleno dia"";""Decrescente"";""Céu Claro"";""Simples"";""Reta"";""Sim"";325868;""Caminhão"";""VW/23.220"";2003;""Condutor"";""Lesões Graves"";34;""Masculino"";0;0;1;0;-12",485007;-41,"73613;""SR-BA"";""DEL 10/10"";""UOP02/BA""",
"183238;404110;2019-01-03;""quinta-feira"";""08:45:00"";""BA"";242;414;""SEABRA"";""Não"";""Velocidade Incompatível"";2;""Capotamento"";""Com Vítimas Fatais"";""Pleno dia"";""Decrescente"";""Céu Claro"";""Simples"";""Reta"";""Sim"";325868;""Caminhão"";""VW/23.220"";2003;""Condutor"";""Lesões Graves"";34;""Masculino"";0;0;1;0;-12",485007;-41,"73613;""SR-BA"";""DEL 10/10"";""UOP02/BA""",
"183240;403549;2019-01-03;""quinta-feira"";""16:00:00"";""SC"";101;132","7;""BALNEARIO CAMBORIU"";""Sim"";""Não guardar distância de segurança"";1;""Colisão traseira"";""Com Vítimas Feridas"";""Pleno dia"";""Crescente"";""Céu Claro"";""Dupla"";""Reta"";""Sim"";325774;""Motoneta"";""HONDA/BIZ 125 ES"";2012;""Condutor"";""Lesões Graves"";36;""Masculino"";0;0;1;0;-26",9992;-48,"646;""SR-SC"";""DEL8/4"";""UOP03/SC"""
"183240;403543;2019-01-03;""quinta-feira"";""16:00:00"";""SC"";101;132","7;""BALNEARIO CAMBORIU"";""Sim"";""Não guardar distância de segurança"";1;""Colisão traseira"";""Com Vítimas Feridas"";""Pleno dia"";""Crescente"";""Céu Claro"";""Dupla"";""Reta"";""Sim"";325773;""Automóvel"";""GM/ASTRA GL"";2000;""Condutor"";""Ileso"";28;""Masculino"";1;0;0;0;-26",9992;-48,"646;""SR-SC"";""DEL8/4"";""UOP03/SC"""
"183241;406104;2019-01-03;""quinta-feira"";""17:15:00"";""CE"";222;310","7;""TIANGUA"";""Sim"";""Falta de Atenção à Condução"";1;""Colisão transversal"";""Com Vítimas Feridas"";""Pleno dia"";""Decrescente"";""Céu Claro"";""Simples"";""Curva"";""Sim"";325815;""Motocicleta"";""HONDA/CG 125 FAN ES"";2011;""Passageiro"";""Lesões Graves"";53;""Masculino"";0;0;1;0;-3",706697;-40,"977062;""SR-CE"";""DEL16/4"";""UOP02/CE"""
"183241;405326;2019-01-03;""quinta-feira"";""17:15:00"";""CE"";222;310","7;""TIANGUA"";""Sim"";""Falta de Atenção à Condução"";1;""Colisão transversal"";""Com Vítimas Feridas"";""Pleno dia"";""Decrescente"";""Céu Claro"";""Simples"";""Curva"";""Sim"";325816;""Automóvel"";""FIAT/UNO VIVACE 1.0"";2015;""Condutor"";""Ileso"";83;""Masculino"";1;0;0;0;-3",706697;-40,"977062;""SR-CE"";""DEL16/4"";""UOP02/CE"""
"183241;405324;2019-01-03;""quinta-feira"";""17:15:00"";""CE"";222;310","7;""TIANGUA"";""Sim"";""Falta de Atenção à Condução"";1;""Colisão transversal"";""Com Vítimas Feridas"";""Pleno dia"";""Decrescente"";""Céu Claro"";""Simples"";""Curva"";""Sim"";325815;""Motocicleta"";""HONDA/CG 125 FAN ES"";2011;""Condutor"";""Ileso"";25;""Masculino"";1;0;0;0;-3",706697;-40,"977062;""SR-CE"";""DEL16/4"";""UOP02/CE"""
"183242;NA;2019-01-03;""quinta-feira"";""06:00:00"";""BA"";242;489;""OLIVEIRA DOS BREJINHOS"";""Sim"";""Ultrapassagem Indevida"";1;""Colisão traseira"";""Com Vítimas Feridas"";""Pleno dia"";""Decrescente"";""Céu Claro"";""Simples"";""Curva"";""Não"";325928;""Semireboque"";""SR/GUERRA AG GR"";2004;""Não Informado"";""Não Informado"";NA;""Não Informado"";0;0;0;0;-12",414012;-42,"368441;""SR-BA"";""DEL10/6"";""UOP01/BA""",
"183242;NA;2019-01-03;""quinta-feira"";""06:00:00"";""BA"";242;489;""OLIVEIRA DOS BREJINHOS"";""Não"";""Objeto estático sobre o leito carroçável"";1;""Colisão traseira"";""Com Vítimas Feridas"";""Pleno dia"";""Decrescente"";""Céu Claro"";""Simples"";""Curva"";""Não"";325928;""Semireboque"";""SR/GUERRA AG GR"";2004;""Não Informado"";""Não Informado"";NA;""Não Informado"";0;0;0;0;-12",414012;-42,"368441;""SR-BA"";""DEL10/6"";""UOP01/BA""",
"183242;NA;2019-01-03;""quinta-feira"";""06:00:00"";""BA"";242;489;""OLIVEIRA DOS BREJINHOS"";""Sim"";""Ultrapassagem Indevida"";1;""Colisão traseira"";""Com Vítimas Feridas"";""Pleno dia"";""Decrescente"";""Céu Claro"";""Simples"";""Curva"";""Não"";325931;""Semireboque"";""SR/GUERRA AG GR"";2004;""Não Informado"";""Não Informado"";NA;""Não Informado"";0;0;0;0;-12",414012;-42,"368441;""SR-BA"";""DEL10/6"";""UOP01/BA""",
"183242;NA;2019-01-03;""quinta-feira"";""06:00:00"";""BA"";242;489;""OLIVEIRA DOS BREJINHOS"";""Não"";""Objeto estático sobre o leito carroçável"";1;""Colisão traseira"";""Com Vítimas Feridas"";""Pleno dia"";""Decrescente"";""Céu Claro"";""Simples"";""Curva"";""Não"";325931;""Semireboque"";""SR/GUERRA AG GR"";2004;""Não Informado"";""Não Informado"";NA;""Não Informado"";0;0;0;0;-12",414012;-42,"368441;""SR-BA"";""DEL10/6"";""UOP01/BA""",
"183242;403524;2019-01-03;""quinta-feira"";""06:00:00"";""BA"";242;489;""OLIVEIRA DOS BREJINHOS"";""Sim"";""Ultrapassagem Indevida"";1;""Colisão traseira"";""Com Vítimas Feridas"";""Pleno dia"";""Decrescente"";""Céu Claro"";""Simples"";""Curva"";""Não"";325802;""Automóvel"";""VW/GOL 1.0"";2003;""Passageiro"";""Lesões Graves"";25;""Feminino"";0;0;1;0;-12",414012;-42,"368441;""SR-BA"";""DEL10/6"";""UOP01/BA""",
"183242;403524;2019-01-03;""quinta-feira"";""06:00:00"";""BA"";242;489;""OLIVEIRA DOS BREJINHOS"";""Não"";""Objeto estático sobre o leito carroçável"";1;""Colisão traseira"";""Com Vítimas Feridas"";""Pleno dia"";""Decrescente"";""Céu Claro"";""Simples"";""Curva"";""Não"";325802;""Automóvel"";""VW/GOL 1.0"";2003;""Passageiro"";""Lesões Graves"";25;""Feminino"";0;0;1;0;-12",414012;-42,"368441;""SR-BA"";""DEL10/6"";""UOP01/BA""",
"183242;404305;2019-01-03;""quinta-feira"";""06:00:00"";""BA"";242;489;""OLIVEIRA DOS BREJINHOS"";""Sim"";""Ultrapassagem Indevida"";1;""Colisão traseira"";""Com Vítimas Feridas"";""Pleno dia"";""Decrescente"";""Céu Claro"";""Simples"";""Curva"";""Não"";325802;""Automóvel"";""VW/GOL 1.0"";2003;""Passageiro"";""Lesões Leves"";14;""Masculino"";0;1;0;0;-12",414012;-42,"368441;""SR-BA"";""DEL10/6"";""UOP01/BA""",
"183242;404305;2019-01-03;""quinta-feira"";""06:00:00"";""BA"";242;489;""OLIVEIRA DOS BREJINHOS"";""Não"";""Objeto estático sobre o leito carroçável"";1;""Colisão traseira"";""Com Vítimas Feridas"";""Pleno dia"";""Decrescente"";""Céu Claro"";""Simples"";""Curva"";""Não"";325802;""Automóvel"";""VW/GOL 1.0"";2003;""Passageiro"";""Lesões Leves"";14;""Masculino"";0;1;0;0;-12",414012;-42,"368441;""SR-BA"";""DEL10/6"";""UOP01/BA""",
"183242;403718;2019-01-03;""quinta-feira"";""06:00:00"";""BA"";242;489;""OLIVEIRA DOS BREJINHOS"";""Sim"";""Ultrapassagem Indevida"";1;""Colisão traseira"";""Com Vítimas Feridas"";""Pleno dia"";""Decrescente"";""Céu Claro"";""Simples"";""Curva"";""Não"";325802;""Automóvel"";""VW/GOL 1.0"";2003;""Passageiro"";""Lesões Graves"";50;""Masculino"";0;0;1;0;-12",414012;-42,"368441;""SR-BA"";""DEL10/6"";""UOP01/BA""",
"183242;403718;2019-01-03;""quinta-feira"";""06:00:00"";""BA"";242;489;""OLIVEIRA DOS BREJINHOS"";""Não"";""Objeto estático sobre o leito carroçável"";1;""Colisão traseira"";""Com Vítimas Feridas"";""Pleno dia"";""Decrescente"";""Céu Claro"";""Simples"";""Curva"";""Não"";325802;""Automóvel"";""VW/GOL 1.0"";2003;""Passageiro"";""Lesões Graves"";50;""Masculino"";0;0;1;0;-12",414012;-42,"368441;""SR-BA"";""DEL10/6"";""UOP01/BA""",
"183242;404310;2019-01-03;""quinta-feira"";""06:00:00"";""BA"";242;489;""OLIVEIRA DOS BREJINHOS"";""Sim"";""Ultrapassagem Indevida"";1;""Colisão traseira"";""Com Vítimas Feridas"";""Pleno dia"";""Decrescente"";""Céu Claro"";""Simples"";""Curva"";""Não"";325803;""Caminhão"";"""";NA;""Condutor"";""Ileso"";NA;""Ignorado"";1;0;0;0;-12",414012;-42,"368441;""SR-BA"";""DEL10/6"";""UOP01/BA""",
"183242;404310;2019-01-03;""quinta-feira"";""06:00:00"";""BA"";242;489;""OLIVEIRA DOS BREJINHOS"";""Não"";""Objeto estático sobre o leito carroçável"";1;""Colisão traseira"";""Com Vítimas Feridas"";""Pleno dia"";""Decrescente"";""Céu Claro"";""Simples"";""Curva"";""Não"";325803;""Caminhão"";"""";NA;""Condutor"";""Ileso"";NA;""Ignorado"";1;0;0;0;-12",414012;-42,"368441;""SR-BA"";""DEL10/6"";""UOP01/BA""",
"183242;404308;2019-01-03;""quinta-feira"";""06:00:00"";""BA"";242;489;""OLIVEIRA DOS BREJINHOS"";""Sim"";""Ultrapassagem Indevida"";1;""Colisão traseira"";""Com Vítimas Feridas"";""Pleno dia"";""Decrescente"";""Céu Claro"";""Simples"";""Curva"";""Não"";325802;""Automóvel"";""VW/GOL 1.0"";2003;""Passageiro"";""Lesões Leves"";6;""Masculino"";0;1;0;0;-12",414012;-42,"368441;""SR-BA"";""DEL10/6"";""UOP01/BA""",
"183242;404308;2019-01-03;""quinta-feira"";""06:00:00"";""BA"";242;489;""OLIVEIRA DOS BREJINHOS"";""Não"";""Objeto estático sobre o leito carroçável"";1;""Colisão traseira"";""Com Vítimas Feridas"";""Pleno dia"";""Decrescente"";""Céu Claro"";""Simples"";""Curva"";""Não"";325802;""Automóvel"";""VW/GOL 1.0"";2003;""Passageiro"";""Lesões Leves"";6;""Masculino"";0;1;0;0;-12",414012;-42,"368441;""SR-BA"";""DEL10/6"";""UOP01/BA""",
"183242;404309;2019-01-03;""quinta-feira"";""06:00:00"";""BA"";242;489;""OLIVEIRA DOS BREJINHOS"";""Sim"";""Ultrapassagem Indevida"";1;""Colisão traseira"";""Com Vítimas Feridas"";""Pleno dia"";""Decrescente"";""Céu Claro"";""Simples"";""Curva"";""Não"";325802;""Automóvel"";""VW/GOL 1.0"";2003;""Condutor"";""Lesões Leves"";29;""Masculino"";0;1;0;0;-12",414012;-42,"368441;""SR-BA"";""DEL10/6"";""UOP01/BA""",
"183242;404309;2019-01-03;""quinta-feira"";""06:00:00"";""BA"";242;489;""OLIVEIRA DOS BREJINHOS"";""Não"";""Objeto estático sobre o leito carroçável"";1;""Colisão traseira"";""Com Vítimas Feridas"";""Pleno dia"";""Decrescente"";""Céu Claro"";""Simples"";""Curva"";""Não"";325802;""Automóvel"";""VW/GOL 1.0"";2003;""Condutor"";""Lesões Leves"";29;""Masculino"";0;1;0;0;-12",414012;-42,"368441;""SR-BA"";""DEL10/6"";""UOP01/BA""",
"183242;403714;2019-01-03;""quinta-feira"";""06:00:00"";""BA"";242;489;""OLIVEIRA DOS BREJINHOS"";""Sim"";""Ultrapassagem Indevida"";1;""Colisão traseira"";""Com Vítimas Feridas"";""Pleno dia"";""Decrescente"";""Céu Claro"";""Simples"";""Curva"";""Não"";325804;""Caminhão-trator"";""SCANIA/R 440 A6X4"";2012;""Condutor"";""Ileso"";47;""Masculino"";1;0;0;0;-12",414012;-42,"368441;""SR-BA"";""DEL10/6"";""UOP01/BA""",
"183242;403714;2019-01-03;""quinta-feira"";""06:00:00"";""BA"";242;489;""OLIVEIRA DOS BREJINHOS"";""Não"";""Objeto estático sobre o leito carroçável"";1;""Colisão traseira"";""Com Vítimas Feridas"";""Pleno dia"";""Decrescente"";""Céu Claro"";""Simples"";""Curva"";""Não"";325804;""Caminhão-trator"";""SCANIA/R 440 A6X4"";2012;""Condutor"";""Ileso"";47;""Masculino"";1;0;0;0;-12",414012;-42,"368441;""SR-BA"";""DEL10/6"";""UOP01/BA""",
"183243;406774;2019-01-03;""quinta-feira"";""18:00:00"";""SC"";101;204;""SAO JOSE"";""Sim"";""Falta de Atenção à Condução"";1;""Colisão lateral"";""Com Vítimas Feridas"";""Pleno dia"";""Decrescente"";""Nublado"";""Múltipla"";""Não Informado"";""Sim"";325853;""Motocicleta"";""HONDA/CG 160 FAN"";2018;""Condutor"";""Lesões Leves"";22;""Masculino"";0;1;0;0;-27",5832;-48,"6151;""SR-SC"";""DEL8/1"";""UOP01/SC""",
"183243;406772;2019-01-03;""quinta-feira"";""18:00:00"";""SC"";101;204;""SAO JOSE"";""Sim"";""Falta de Atenção à Condução"";1;""Colisão lateral"";""Com Vítimas Feridas"";""Pleno dia"";""Decrescente"";""Nublado"";""Múltipla"";""Não Informado"";""Sim"";325852;""Automóvel"";""I/BMW 320I PG51"";2009;""Condutor"";""Ileso"";29;""Masculino"";1;0;0;0;-27",5832;-48,"6151;""SR-SC"";""DEL8/1"";""UOP01/SC""",