"id;""pesid"";""data_inversa"";""dia_semana"";""horario"";""uf"";""br"";""km"";""municipio"";""causa_principal"";""causa_acidente"";""ordem_tipo_acidente"";""tipo_acidente"";""classificacao_acidente"";""fase_dia"";""sentido_via"";""condicao_metereologica"";""tipo_pista"";""tracado_via"";""uso_solo"";""id_veiculo"";""tipo_veiculo"";""marca"";""ano_fabricacao_veiculo"";""tipo_envolvido"";""estado_fisico"";""idade"";""sexo"";""ilesos"";""feridos_leves"";""feridos_graves"";""mortos"";""latitude"";""longitude"";""regional"";""delegacia"";""uop""",,,
"183244;407238;2019-01-03;""quinta-feira"";""18:00:00"";""SP"";116;271","4;""TABOAO DA SERRA"";""Sim"";""Falta de Atenção à Condução"";1;""Colisão lateral"";""Com Vítimas Feridas"";""Anoitecer"";""Crescente"";""Céu Claro"";""Dupla"";""Reta"";""Sim"";325941;""Automóvel"";""PEUGEOT/207HB XR"";2009;""Condutor"";""Ileso"";41;""Masculino"";1;0;0;0;-23",61122;-46,"7756;""SR-SP"";""DEL6/4"";""UOP01/SP"""
"183244;407236;2019-01-03;""quinta-feira"";""18:00:00"";""SP"";116;271","4;""TABOAO DA SERRA"";""Sim"";""Falta de Atenção à Condução"";1;""Colisão lateral"";""Com Vítimas Feridas"";""Anoitecer"";""Crescente"";""Céu Claro"";""Dupla"";""Reta"";""Sim"";325940;""Motocicleta"";""HONDA/CG150 FAN ESDI"";2013;""Passageiro"";""Lesões Leves"";21;""Feminino"";0;1;0;0;-23",61122;-46,"7756;""SR-SP"";""DEL6/4"";""UOP01/SP"""
"183244;407235;2019-01-03;""quinta-feira"";""18:00:00"";""SP"";116;271","4;""TABOAO DA SERRA"";""Sim"";""Falta de Atenção à Condução"";1;""Colisão lateral"";""Com Vítimas Feridas"";""Anoitecer"";""Crescente"";""Céu Claro"";""Dupla"";""Reta"";""Sim"";325940;""Motocicleta"";""HONDA/CG150 FAN ESDI"";2013;""Condutor"";""Lesões Leves"";27;""Masculino"";0;1;0;0;-23",61122;-46,"7756;""SR-SP"";""DEL6/4"";""UOP01/SP"""
"183245;403516;2019-01-03;""quinta-feira"";""12:05:00"";""BA"";116;16;""VITORIA DA CONQUISTA"";""Sim"";""Falta de Atenção à Condução"";1;""Colisão traseira"";""Com Vítimas Feridas"";""Pleno dia"";""Decrescente"";""Céu Claro"";""Simples"";""Reta"";""Sim"";325791;""Motocicleta"";""HONDA/CG 125 FAN ES"";2012;""Condutor"";""Lesões Graves"";26;""Masculino"";0;0;1;0;-14",902334;-40,"848053;""SR-BA"";""DEL10/8"";""UOP01/BA""",
"183245;403514;2019-01-03;""quinta-feira"";""12:05:00"";""BA"";116;16;""VITORIA DA CONQUISTA"";""Sim"";""Falta de Atenção à Condução"";1;""Colisão traseira"";""Com Vítimas Feridas"";""Pleno dia"";""Decrescente"";""Céu Claro"";""Simples"";""Reta"";""Sim"";325790;""Automóvel"";""RENAULT/SANDERO STEPWAY"";2012;""Condutor"";""Ileso"";27;""Masculino"";1;0;0;0;-14",902334;-40,"848053;""SR-BA"";""DEL10/8"";""UOP01/BA""",
"183246;405316;2019-01-03;""quinta-feira"";""18:40:00"";""SC"";282;3;""FLORIANOPOLIS"";""Sim"";""Falta de Atenção à Condução"";2;""Colisão traseira"";""Com Vítimas Feridas"";""Pleno dia"";""Decrescente"";""Céu Claro"";""Dupla"";""Reta"";""Sim"";325862;""Automóvel"";""FIAT/UNO MILLE FIRE FLEX"";2006;""Condutor"";""Ileso"";31;""Masculino"";1;0;0;0;-27",600384;-48,"599705;""SR-SC"";""DEL8/1"";""UOP01/SC""",
"183246;405316;2019-01-03;""quinta-feira"";""18:40:00"";""SC"";282;3;""FLORIANOPOLIS"";""Sim"";""Falta de Atenção à Condução"";1;""Colisão lateral"";""Com Vítimas Feridas"";""Pleno dia"";""Decrescente"";""Céu Claro"";""Dupla"";""Reta"";""Sim"";325862;""Automóvel"";""FIAT/UNO MILLE FIRE FLEX"";2006;""Condutor"";""Ileso"";31;""Masculino"";1;0;0;0;-27",600384;-48,"599705;""SR-SC"";""DEL8/1"";""UOP01/SC""",
"183246;405306;2019-01-03;""quinta-feira"";""18:40:00"";""SC"";282;3;""FLORIANOPOLIS"";""Sim"";""Falta de Atenção à Condução"";2;""Colisão traseira"";""Com Vítimas Feridas"";""Pleno dia"";""Decrescente"";""Céu Claro"";""Dupla"";""Reta"";""Sim"";325860;""Motocicleta"";""YAMAHA/XTZ250 TENERE"";2012;""Passageiro"";""Lesões Leves"";32;""Feminino"";0;1;0;0;-27",600384;-48,"599705;""SR-SC"";""DEL8/1"";""UOP01/SC""",
"183246;405306;2019-01-03;""quinta-feira"";""18:40:00"";""SC"";282;3;""FLORIANOPOLIS"";""Sim"";""Falta de Atenção à Condução"";1;""Colisão lateral"";""Com Vítimas Feridas"";""Pleno dia"";""Decrescente"";""Céu Claro"";""Dupla"";""Reta"";""Sim"";325860;""Motocicleta"";""YAMAHA/XTZ250 TENERE"";2012;""Passageiro"";""Lesões Leves"";32;""Feminino"";0;1;0;0;-27",600384;-48,"599705;""SR-SC"";""DEL8/1"";""UOP01/SC""",
"183246;405313;2019-01-03;""quinta-feira"";""18:40:00"";""SC"";282;3;""FLORIANOPOLIS"";""Sim"";""Falta de Atenção à Condução"";2;""Colisão traseira"";""Com Vítimas Feridas"";""Pleno dia"";""Decrescente"";""Céu Claro"";""Dupla"";""Reta"";""Sim"";325861;""Automóvel"";""FIAT/PALIO ATTRACTIV 1.4"";2011;""Condutor"";""Ileso"";27;""Masculino"";1;0;0;0;-27",600384;-48,"599705;""SR-SC"";""DEL8/1"";""UOP01/SC""",
"183246;405313;2019-01-03;""quinta-feira"";""18:40:00"";""SC"";282;3;""FLORIANOPOLIS"";""Sim"";""Falta de Atenção à Condução"";1;""Colisão lateral"";""Com Vítimas Feridas"";""Pleno dia"";""Decrescente"";""Céu Claro"";""Dupla"";""Reta"";""Sim"";325861;""Automóvel"";""FIAT/PALIO ATTRACTIV 1.4"";2011;""Condutor"";""Ileso"";27;""Masculino"";1;0;0;0;-27",600384;-48,"599705;""SR-SC"";""DEL8/1"";""UOP01/SC""",
"183246;405304;2019-01-03;""quinta-feira"";""18:40:00"";""SC"";282;3;""FLORIANOPOLIS"";""Sim"";""Falta de Atenção à Condução"";2;""Colisão traseira"";""Com Vítimas Feridas"";""Pleno dia"";""Decrescente"";""Céu Claro"";""Dupla"";""Reta"";""Sim"";325860;""Motocicleta"";""YAMAHA/XTZ250 TENERE"";2012;""Condutor"";""Lesões Leves"";30;""Masculino"";0;1;0;0;-27",600384;-48,"599705;""SR-SC"";""DEL8/1"";""UOP01/SC""",
"183246;405304;2019-01-03;""quinta-feira"";""18:40:00"";""SC"";282;3;""FLORIANOPOLIS"";""Sim"";""Falta de Atenção à Condução"";1;""Colisão lateral"";""Com Vítimas Feridas"";""Pleno dia"";""Decrescente"";""Céu Claro"";""Dupla"";""Reta"";""Sim"";325860;""Motocicleta"";""YAMAHA/XTZ250 TENERE"";2012;""Condutor"";""Lesões Leves"";30;""Masculino"";0;1;0;0;-27",600384;-48,"599705;""SR-SC"";""DEL8/1"";""UOP01/SC""",
"183247;403855;2019-01-03;""quinta-feira"";""16:00:00"";""PE"";232;354","2;""FLORES"";""Sim"";""Animais na Pista"";2;""Capotamento"";""Com Vítimas Feridas"";""Pleno dia"";""Crescente"";""Sol"";""Simples"";""Curva"";""Não"";325881;""Automóvel"";""I/HYUNDAI VELOSTER"";2011;""Condutor"";""Lesões Graves"";37;""Masculino"";0;0;1;0;-8",048491;-37,"840546;""SR-PE"";""DEL11/4"";""UOP01/PE"""
"183247;403855;2019-01-03;""quinta-feira"";""16:00:00"";""PE"";232;354","2;""FLORES"";""Sim"";""Animais na Pista"";1;""Saída de leito carroçável"";""Com Vítimas Feridas"";""Pleno dia"";""Crescente"";""Sol"";""Simples"";""Curva"";""Não"";325881;""Automóvel"";""I/HYUNDAI VELOSTER"";2011;""Condutor"";""Lesões Graves"";37;""Masculino"";0;0;1;0;-8",048491;-37,"840546;""SR-PE"";""DEL11/4"";""UOP01/PE"""
"183248;403632;2019-01-03;""quinta-feira"";""17:00:00"";""AL"";101;237","8;""PORTO REAL DO COLEGIO"";""Sim"";""Ingestão de Álcool"";1;""Queda de ocupante de veículo"";""Com Vítimas Feridas"";""Pleno dia"";""Decrescente"";""Céu Claro"";""Dupla"";""Curva"";""Não"";325880;""Motocicleta"";""HONDA/CG 125 FAN"";2008;""Condutor"";""Lesões Graves"";27;""Masculino"";0;0;1;0;-10",175445;-36,"824844;""SR-AL"";""DEL13/2"";""UOP02/AL"""
"183249;403663;2019-01-03;""quinta-feira"";""19:00:00"";""DF"";20;4","1;""BRASILIA"";""Sim"";""Ingestão de Álcool"";3;""Queda de ocupante de veículo"";""Com Vítimas Feridas"";""Anoitecer"";""Crescente"";""Céu Claro"";""Múltipla"";""Não Informado"";""Sim"";325901;""Motocicleta"";""JTA/SUZUKI GSXR750"";2007;""Condutor"";""Lesões Leves"";34;""Masculino"";0;1;0;0;-15",67561475;-47,"82300621;""SR-DF"";""UOP01/DEL02/DF"";"""""
"183249;403663;2019-01-03;""quinta-feira"";""19:00:00"";""DF"";20;4","1;""BRASILIA"";""Sim"";""Ingestão de Álcool"";2;""Tombamento"";""Com Vítimas Feridas"";""Anoitecer"";""Crescente"";""Céu Claro"";""Múltipla"";""Não Informado"";""Sim"";325901;""Motocicleta"";""JTA/SUZUKI GSXR750"";2007;""Condutor"";""Lesões Leves"";34;""Masculino"";0;1;0;0;-15",67561475;-47,"82300621;""SR-DF"";""UOP01/DEL02/DF"";"""""
"183249;403663;2019-01-03;""quinta-feira"";""19:00:00"";""DF"";20;4","1;""BRASILIA"";""Sim"";""Ingestão de Álcool"";1;""Colisão traseira"";""Com Vítimas Feridas"";""Anoitecer"";""Crescente"";""Céu Claro"";""Múltipla"";""Não Informado"";""Sim"";325901;""Motocicleta"";""JTA/SUZUKI GSXR750"";2007;""Condutor"";""Lesões Leves"";34;""Masculino"";0;1;0;0;-15",67561475;-47,"82300621;""SR-DF"";""UOP01/DEL02/DF"";"""""
"183249;403664;2019-01-03;""quinta-feira"";""19:00:00"";""DF"";20;4","1;""BRASILIA"";""Sim"";""Ingestão de Álcool"";3;""Queda de ocupante de veículo"";""Com Vítimas Feridas"";""Anoitecer"";""Crescente"";""Céu Claro"";""Múltipla"";""Não Informado"";""Sim"";325902;""Automóvel"";""CHEV/PRISMA 10MT JOYE"";2017;""Condutor"";""Ileso"";40;""Masculino"";1;0;0;0;-15",67561475;-47,"82300621;""SR-DF"";""UOP01/DEL02/DF"";"""""
"183249;403664;2019-01-03;""quinta-feira"";""19:00:00"";""DF"";20;4","1;""BRASILIA"";""Sim"";""Ingestão de Álcool"";2;""Tombamento"";""Com Vítimas Feridas"";""Anoitecer"";""Crescente"";""Céu Claro"";""Múltipla"";""Não Informado"";""Sim"";325902;""Automóvel"";""CHEV/PRISMA 10MT JOYE"";2017;""Condutor"";""Ileso"";40;""Masculino"";1;0;0;0;-15",67561475;-47,"82300621;""SR-DF"";""UOP01/DEL02/DF"";"""""
"183249;403664;2019-01-03;""quinta-feira"";""19:00:00"";""DF"";20;4","1;""BRASILIA"";""Sim"";""Ingestão de Álcool"";1;""Colisão traseira"";""Com Vítimas Feridas"";""Anoitecer"";""Crescente"";""Céu Claro"";""Múltipla"";""Não Informado"";""Sim"";325902;""Automóvel"";""CHEV/PRISMA 10MT JOYE"";2017;""Condutor"";""Ileso"";40;""Masculino"";1;0;0;0;-15",67561475;-47,"82300621;""SR-DF"";""UOP01/DEL02/DF"";"""""
"183251;403558;2019-01-03;""quinta-feira"";""18:50:00"";""PR"";158;397;""LARANJEIRAS DO SUL"";""Sim"";""Falta de Atenção à Condução"";1;""Saída de leito carroçável"";""Com Vítimas Feridas"";""Pleno dia"";""Crescente"";""Céu Claro"";""Simples"";""Curva"";""Sim"";325806;""Automóvel"";""FIAT/PALIO FIRE"";2016;""Condutor"";""Lesões Leves"";23;""Masculino"";0;1;0;0;-25",372154;-52,"390148;""SR-PR"";""DEL7/4"";""UOP03/PR""",
"183252;405336;2019-01-03;""quinta-feira"";""19:10:00"";""PR"";369;197;""APUCARANA"";""Sim"";""Falta de Atenção à Condução"";1;""Capotamento"";""Com Vítimas Feridas"";""Pleno dia"";""Crescente"";""Céu Claro"";""Dupla"";""Curva"";""Sim"";325844;""Automóvel"";""GM/VECTRA GLS"";1999;""Condutor"";""Lesões Leves"";31;""Masculino"";0;1;0;0;-23",51878136;-51,"42921209;""SR-PR"";""DEL7/7"";""UOP03/PR""",
"183253;403693;2019-01-03;""quinta-feira"";""17:15:00"";""PB"";230;504;""CAJAZEIRAS"";""Sim"";""Animais na Pista"";2;""Tombamento"";""Com Vítimas Feridas"";""Anoitecer"";""Crescente"";""Céu Claro"";""Simples"";""Reta"";""Não"";325808;""Motocicleta"";""YAMAHA/YBR125 FACTOR ED"";2014;""Condutor"";""Lesões Leves"";27;""Masculino"";0;1;0;0;-6",8944;-38,"5429;""SR-PB"";""DEL14/3"";""UOP03/PB""",
"183253;403693;2019-01-03;""quinta-feira"";""17:15:00"";""PB"";230;504;""CAJAZEIRAS"";""Sim"";""Animais na Pista"";1;""Atropelamento de Animal"";""Com Vítimas Feridas"";""Anoitecer"";""Crescente"";""Céu Claro"";""Simples"";""Reta"";""Não"";325808;""Motocicleta"";""YAMAHA/YBR125 FACTOR ED"";2014;""Condutor"";""Lesões Leves"";27;""Masculino"";0;1;0;0;-6",8944;-38,"5429;""SR-PB"";""DEL14/3"";""UOP03/PB""",
"183253;403699;2019-01-03;""quinta-feira"";""17:15:00"";""PB"";230;504;""CAJAZEIRAS"";""Sim"";""Animais na Pista"";2;""Tombamento"";""Com Vítimas Feridas"";""Anoitecer"";""Crescente"";""Céu Claro"";""Simples"";""Reta"";""Não"";325808;""Motocicleta"";""YAMAHA/YBR125 FACTOR ED"";2014;""Passageiro"";""Lesões Leves"";27;""Feminino"";0;1;0;0;-6",8944;-38,"5429;""SR-PB"";""DEL14/3"";""UOP03/PB""",
"183253;403699;2019-01-03;""quinta-feira"";""17:15:00"";""PB"";230;504;""CAJAZEIRAS"";""Sim"";""Animais na Pista"";1;""Atropelamento de Animal"";""Com Vítimas Feridas"";""Anoitecer"";""Crescente"";""Céu Claro"";""Simples"";""Reta"";""Não"";325808;""Motocicleta"";""YAMAHA/YBR125 FACTOR ED"";2014;""Passageiro"";""Lesões Leves"";27;""Feminino"";0;1;0;0;-6",8944;-38,"5429;""SR-PB"";""DEL14/3"";""UOP03/PB""",
"183254;403590;2019-01-03;""quinta-feira"";""18:30:00"";""MG"";381;334;""NOVA ERA"";""Sim"";""Pista Escorregadia"";1;""Saída de leito carroçável"";""Com Vítimas Feridas"";""Anoitecer"";""Decrescente"";""Chuva"";""Simples"";""Curva"";""Não"";325838;""Automóvel"";""FIAT/PUNTO ATTRACTIVE"";2012;""Condutor"";""Lesões Leves"";30;""Masculino"";0;1;0;0;-19",7784;-43,"0437;""SR-MG"";""DEL4/3"";""UOP01/MG""",
"183255;406938;2019-01-03;""quinta-feira"";""18:30:00"";""PR"";277;99;""CURITIBA"";""Sim"";""Desobediência às normas de trânsito pelo condutor"";1;""Colisão traseira"";""Com Vítimas Feridas"";""Pleno dia"";""Decrescente"";""Céu Claro"";""Dupla"";""Reta"";""Sim"";325848;""Ônibus"";""M.BENZ/MPOLO TORINO U"";2010;""Passageiro"";""Lesões Leves"";119;""Feminino"";0;1;0;0;-25",43140682;-49,"35945164;""SR-PR"";""DEL7/1"";""UOP04/PR""",
"183255;403597;2019-01-03;""quinta-feira"";""18:30:00"";""PR"";277;99;""CURITIBA"";""Sim"";""Desobediência às normas de trânsito pelo condutor"";1;""Colisão traseira"";""Com Vítimas Feridas"";""Pleno dia"";""Decrescente"";""Céu Claro"";""Dupla"";""Reta"";""Sim"";325848;""Ônibus"";""M.BENZ/MPOLO TORINO U"";2010;""Condutor"";""Lesões Leves"";47;""Masculino"";0;1;0;0;-25",43140682;-49,"35945164;""SR-PR"";""DEL7/1"";""UOP04/PR""",
"183255;403720;2019-01-03;""quinta-feira"";""18:30:00"";""PR"";277;99;""CURITIBA"";""Sim"";""Desobediência às normas de trânsito pelo condutor"";1;""Colisão traseira"";""Com Vítimas Feridas"";""Pleno dia"";""Decrescente"";""Céu Claro"";""Dupla"";""Reta"";""Sim"";325849;""Automóvel"";""HONDA/CITY LX FLEX"";2010;""Testemunha"";""Não Informado"";NA;""Não Informado"";0;0;0;0;-25",43140682;-49,"35945164;""SR-PR"";""DEL7/1"";""UOP04/PR""",
"183255;403720;2019-01-03;""quinta-feira"";""18:30:00"";""PR"";277;99;""CURITIBA"";""Sim"";""Desobediência às normas de trânsito pelo condutor"";1;""Colisão traseira"";""Com Vítimas Feridas"";""Pleno dia"";""Decrescente"";""Céu Claro"";""Dupla"";""Reta"";""Sim"";325848;""Ônibus"";""M.BENZ/MPOLO TORINO U"";2010;""Testemunha"";""Não Informado"";NA;""Não Informado"";0;0;0;0;-25",43140682;-49,"35945164;""SR-PR"";""DEL7/1"";""UOP04/PR""",
"183255;403601;2019-01-03;""quinta-feira"";""18:30:00"";""PR"";277;99;""CURITIBA"";""Sim"";""Desobediência às normas de trânsito pelo condutor"";1;""Colisão traseira"";""Com Vítimas Feridas"";""Pleno dia"";""Decrescente"";""Céu Claro"";""Dupla"";""Reta"";""Sim"";325849;""Automóvel"";""HONDA/CITY LX FLEX"";2010;""Condutor"";""Ileso"";59;""Masculino"";1;0;0;0;-25",43140682;-49,"35945164;""SR-PR"";""DEL7/1"";""UOP04/PR""",
"183256;403696;2019-01-03;""quinta-feira"";""14:00:00"";""MG"";153;88;""PRATA"";""Sim"";""Velocidade Incompatível"";2;""Colisão com objeto estático"";""Com Vítimas Feridas"";""Pleno dia"";""Crescente"";""Garoa/Chuvisco"";""Simples"";""Não Informado"";""Não"";325894;""Automóvel"";""FIAT/PALIO FIRE ECONOMY"";2009;""Passageiro"";""Ileso"";16;""Masculino"";1;0;0;0;-19",01798047;-49,"01687622;""SR-MG"";""DEL4/15"";""UOP03/MG""",
"183256;403696;2019-01-03;""quinta-feira"";""14:00:00"";""MG"";153;88;""PRATA"";""Sim"";""Velocidade Incompatível"";1;""Saída de leito carroçável"";""Com Vítimas Feridas"";""Pleno dia"";""Crescente"";""Garoa/Chuvisco"";""Simples"";""Não Informado"";""Não"";325894;""Automóvel"";""FIAT/PALIO FIRE ECONOMY"";2009;""Passageiro"";""Ileso"";16;""Masculino"";1;0;0;0;-19",01798047;-49,"01687622;""SR-MG"";""DEL4/15"";""UOP03/MG""",
"183256;403698;2019-01-03;""quinta-feira"";""14:00:00"";""MG"";153;88;""PRATA"";""Sim"";""Velocidade Incompatível"";2;""Colisão com objeto estático"";""Com Vítimas Feridas"";""Pleno dia"";""Crescente"";""Garoa/Chuvisco"";""Simples"";""Não Informado"";""Não"";325894;""Automóvel"";""FIAT/PALIO FIRE ECONOMY"";2009;""Passageiro"";""Lesões Graves"";25;""Masculino"";0;0;1;0;-19",01798047;-49,"01687622;""SR-MG"";""DEL4/15"";""UOP03/MG""",
"183256;403698;2019-01-03;""quinta-feira"";""14:00:00"";""MG"";153;88;""PRATA"";""Sim"";""Velocidade Incompatível"";1;""Saída de leito carroçável"";""Com Vítimas Feridas"";""Pleno dia"";""Crescente"";""Garoa/Chuvisco"";""Simples"";""Não Informado"";""Não"";325894;""Automóvel"";""FIAT/PALIO FIRE ECONOMY"";2009;""Passageiro"";""Lesões Graves"";25;""Masculino"";0;0;1;0;-19",01798047;-49,"01687622;""SR-MG"";""DEL4/15"";""UOP03/MG""",
"183256;403694;2019-01-03;""quinta-feira"";""14:00:00"";""MG"";153;88;""PRATA"";""Sim"";""Velocidade Incompatível"";2;""Colisão com objeto estático"";""Com Vítimas Feridas"";""Pleno dia"";""Crescente"";""Garoa/Chuvisco"";""Simples"";""Não Informado"";""Não"";325894;""Automóvel"";""FIAT/PALIO FIRE ECONOMY"";2009;""Condutor"";""Ileso"";40;""Masculino"";1;0;0;0;-19",01798047;-49,"01687622;""SR-MG"";""DEL4/15"";""UOP03/MG""",
"183256;403694;2019-01-03;""quinta-feira"";""14:00:00"";""MG"";153;88;""PRATA"";""Sim"";""Velocidade Incompatível"";1;""Saída de leito carroçável"";""Com Vítimas Feridas"";""Pleno dia"";""Crescente"";""Garoa/Chuvisco"";""Simples"";""Não Informado"";""Não"";325894;""Automóvel"";""FIAT/PALIO FIRE ECONOMY"";2009;""Condutor"";""Ileso"";40;""Masculino"";1;0;0;0;-19",01798047;-49,"01687622;""SR-MG"";""DEL4/15"";""UOP03/MG""",
"183257;403552;2019-01-03;""quinta-feira"";""14:37:00"";""MG"";153;113;""PRATA"";""Sim"";""Velocidade Incompatível"";2;""Colisão com objeto estático"";""Com Vítimas Feridas"";""Pleno dia"";""Crescente"";""Chuva"";""Simples"";""Curva"";""Não"";325819;""Caminhonete"";""CHEVROLET/S10 LT DD4A"";2018;""Condutor"";""Lesões Leves"";32;""Masculino"";0;1;0;0;-19",35293482;-48,"89808655;""SR-MG"";""DEL4/15"";""UOP03/MG""",
"183257;403552;2019-01-03;""quinta-feira"";""14:37:00"";""MG"";153;113;""PRATA"";""Não"";""Defeito Mecânico no Veículo"";2;""Colisão com objeto estático"";""Com Vítimas Feridas"";""Pleno dia"";""Crescente"";""Chuva"";""Simples"";""Curva"";""Não"";325819;""Caminhonete"";""CHEVROLET/S10 LT DD4A"";2018;""Condutor"";""Lesões Leves"";32;""Masculino"";0;1;0;0;-19",35293482;-48,"89808655;""SR-MG"";""DEL4/15"";""UOP03/MG""",
"183257;403552;2019-01-03;""quinta-feira"";""14:37:00"";""MG"";153;113;""PRATA"";""Sim"";""Velocidade Incompatível"";3;""Capotamento"";""Com Vítimas Feridas"";""Pleno dia"";""Crescente"";""Chuva"";""Simples"";""Curva"";""Não"";325819;""Caminhonete"";""CHEVROLET/S10 LT DD4A"";2018;""Condutor"";""Lesões Leves"";32;""Masculino"";0;1;0;0;-19",35293482;-48,"89808655;""SR-MG"";""DEL4/15"";""UOP03/MG""",
"183257;403552;2019-01-03;""quinta-feira"";""14:37:00"";""MG"";153;113;""PRATA"";""Não"";""Defeito Mecânico no Veículo"";3;""Capotamento"";""Com Vítimas Feridas"";""Pleno dia"";""Crescente"";""Chuva"";""Simples"";""Curva"";""Não"";325819;""Caminhonete"";""CHEVROLET/S10 LT DD4A"";2018;""Condutor"";""Lesões Leves"";32;""Masculino"";0;1;0;0;-19",35293482;-48,"89808655;""SR-MG"";""DEL4/15"";""UOP03/MG""",
"183257;403552;2019-01-03;""quinta-feira"";""14:37:00"";""MG"";153;113;""PRATA"";""Sim"";""Velocidade Incompatível"";1;""Saída de leito carroçável"";""Com Vítimas Feridas"";""Pleno dia"";""Crescente"";""Chuva"";""Simples"";""Curva"";""Não"";325819;""Caminhonete"";""CHEVROLET/S10 LT DD4A"";2018;""Condutor"";""Lesões Leves"";32;""Masculino"";0;1;0;0;-19",35293482;-48,"89808655;""SR-MG"";""DEL4/15"";""UOP03/MG""",
"183257;403552;2019-01-03;""quinta-feira"";""14:37:00"";""MG"";153;113;""PRATA"";""Não"";""Defeito Mecânico no Veículo"";1;""Saída de leito carroçável"";""Com Vítimas Feridas"";""Pleno dia"";""Crescente"";""Chuva"";""Simples"";""Curva"";""Não"";325819;""Caminhonete"";""CHEVROLET/S10 LT DD4A"";2018;""Condutor"";""Lesões Leves"";32;""Masculino"";0;1;0;0;-19",35293482;-48,"89808655;""SR-MG"";""DEL4/15"";""UOP03/MG""",
"183257;403556;2019-01-03;""quinta-feira"";""14:37:00"";""MG"";153;113;""PRATA"";""Sim"";""Velocidade Incompatível"";2;""Colisão com objeto estático"";""Com Vítimas Feridas"";""Pleno dia"";""Crescente"";""Chuva"";""Simples"";""Curva"";""Não"";325819;""Caminhonete"";""CHEVROLET/S10 LT DD4A"";2018;""Passageiro"";""Lesões Leves"";19;""Feminino"";0;1;0;0;-19",35293482;-48,"89808655;""SR-MG"";""DEL4/15"";""UOP03/MG""",
"183257;403556;2019-01-03;""quinta-feira"";""14:37:00"";""MG"";153;113;""PRATA"";""Não"";""Defeito Mecânico no Veículo"";2;""Colisão com objeto estático"";""Com Vítimas Feridas"";""Pleno dia"";""Crescente"";""Chuva"";""Simples"";""Curva"";""Não"";325819;""Caminhonete"";""CHEVROLET/S10 LT DD4A"";2018;""Passageiro"";""Lesões Leves"";19;""Feminino"";0;1;0;0;-19",35293482;-48,"89808655;""SR-MG"";""DEL4/15"";""UOP03/MG""",
"183257;403556;2019-01-03;""quinta-feira"";""14:37:00"";""MG"";153;113;""PRATA"";""Sim"";""Velocidade Incompatível"";3;""Capotamento"";""Com Vítimas Feridas"";""Pleno dia"";""Crescente"";""Chuva"";""Simples"";""Curva"";""Não"";325819;""Caminhonete"";""CHEVROLET/S10 LT DD4A"";2018;""Passageiro"";""Lesões Leves"";19;""Feminino"";0;1;0;0;-19",35293482;-48,"89808655;""SR-MG"";""DEL4/15"";""UOP03/MG""",
"183257;403556;2019-01-03;""quinta-feira"";""14:37:00"";""MG"";153;113;""PRATA"";""Não"";""Defeito Mecânico no Veículo"";3;""Capotamento"";""Com Vítimas Feridas"";""Pleno dia"";""Crescente"";""Chuva"";""Simples"";""Curva"";""Não"";325819;""Caminhonete"";""CHEVROLET/S10 LT DD4A"";2018;""Passageiro"";""Lesões Leves"";19;""Feminino"";0;1;0;0;-19",35293482;-48,"89808655;""SR-MG"";""DEL4/15"";""UOP03/MG""",
"183257;403556;2019-01-03;""quinta-feira"";""14:37:00"";""MG"";153;113;""PRATA"";""Sim"";""Velocidade Incompatível"";1;""Saída de leito carroçável"";""Com Vítimas Feridas"";""Pleno dia"";""Crescente"";""Chuva"";""Simples"";""Curva"";""Não"";325819;""Caminhonete"";""CHEVROLET/S10 LT DD4A"";2018;""Passageiro"";""Lesões Leves"";19;""Feminino"";0;1;0;0;-19",35293482;-48,"89808655;""SR-MG"";""DEL4/15"";""UOP03/MG""",
"183257;403556;2019-01-03;""quinta-feira"";""14:37:00"";""MG"";153;113;""PRATA"";""Não"";""Defeito Mecânico no Veículo"";1;""Saída de leito carroçável"";""Com Vítimas Feridas"";""Pleno dia"";""Crescente"";""Chuva"";""Simples"";""Curva"";""Não"";325819;""Caminhonete"";""CHEVROLET/S10 LT DD4A"";2018;""Passageiro"";""Lesões Leves"";19;""Feminino"";0;1;0;0;-19",35293482;-48,"89808655;""SR-MG"";""DEL4/15"";""UOP03/MG""",
"183259;405362;2019-01-03;""quinta-feira"";""15:50:00"";""MG"";153;30;""CENTRALINA"";""Sim"";""Velocidade Incompatível"";2;""Colisão com objeto estático"";""Com Vítimas Feridas"";""Pleno dia"";""Decrescente"";""Céu Claro"";""Dupla"";""Reta"";""Não"";325895;""Automóvel"";""I/FIAT SIENA EL FLEX"";2011;""Condutor"";""Lesões Leves"";60;""Feminino"";0;1;0;0;-18",6855;-49,"1526;""SR-MG"";""DEL4/15"";""UOP03/MG""",
"183259;405362;2019-01-03;""quinta-feira"";""15:50:00"";""MG"";153;30;""CENTRALINA"";""Sim"";""Velocidade Incompatível"";1;""Saída de leito carroçável"";""Com Vítimas Feridas"";""Pleno dia"";""Decrescente"";""Céu Claro"";""Dupla"";""Reta"";""Não"";325895;""Automóvel"";""I/FIAT SIENA EL FLEX"";2011;""Condutor"";""Lesões Leves"";60;""Feminino"";0;1;0;0;-18",6855;-49,"1526;""SR-MG"";""DEL4/15"";""UOP03/MG""",
"183260;403551;2019-01-03;""quinta-feira"";""11:20:00"";""MA"";10;251;""IMPERATRIZ"";""Sim"";""Falta de Atenção à Condução"";1;""Colisão lateral"";""Com Vítimas Feridas"";""Pleno dia"";""Crescente"";""Céu Claro"";""Simples"";""Reta"";""Sim"";325818;""Ônibus"";""M.BENZ/MPOLO PARAD GVLDR"";1999;""Condutor"";""Ileso"";59;""Masculino"";1;0;0;0;-5",543249;-47,"464447;""SR-MA"";""DEL18/4"";""UOP01/MA""",