"id;""pesid"";""data_inversa"";""dia_semana"";""horario"";""uf"";""br"";""km"";""municipio"";""causa_principal"";""causa_acidente"";""ordem_tipo_acidente"";""tipo_acidente"";""classificacao_acidente"";""fase_dia"";""sentido_via"";""condicao_metereologica"";""tipo_pista"";""tracado_via"";""uso_solo"";""id_veiculo"";""tipo_veiculo"";""marca"";""ano_fabricacao_veiculo"";""tipo_envolvido"";""estado_fisico"";""idade"";""sexo"";""ilesos"";""feridos_leves"";""feridos_graves"";""mortos"";""latitude"";""longitude"";""regional"";""delegacia"";""uop""",,,
"183260;403550;2019-01-03;""quinta-feira"";""11:20:00"";""MA"";10;251;""IMPERATRIZ"";""Sim"";""Falta de Atenção à Condução"";1;""Colisão lateral"";""Com Vítimas Feridas"";""Pleno dia"";""Crescente"";""Céu Claro"";""Simples"";""Reta"";""Sim"";325823;""Bicicleta"";"""";NA;""Condutor"";""Lesões Graves"";69;""Masculino"";0;0;1;0;-5",543249;-47,"464447;""SR-MA"";""DEL18/4"";""UOP01/MA""",
"183261;403562;2019-01-03;""quinta-feira"";""16:50:00"";""MA"";10;236;""GOVERNADOR EDISON LOBAO"";""Sim"";""Falta de Atenção à Condução"";1;""Colisão traseira"";""Com Vítimas Feridas"";""Pleno dia"";""Decrescente"";""Céu Claro"";""Simples"";""Reta"";""Não"";325826;""Camioneta"";""JEEP/COMPASS LIMITED F"";2018;""Condutor"";""Ileso"";31;""Feminino"";1;0;0;0;-5",655617;-47,"388985;""SR-MA"";""DEL18/4"";""UOP01/MA""",
"183261;403562;2019-01-03;""quinta-feira"";""16:50:00"";""MA"";10;236;""GOVERNADOR EDISON LOBAO"";""Não"";""Não guardar distância de segurança"";1;""Colisão traseira"";""Com Vítimas Feridas"";""Pleno dia"";""Decrescente"";""Céu Claro"";""Simples"";""Reta"";""Não"";325826;""Camioneta"";""JEEP/COMPASS LIMITED F"";2018;""Condutor"";""Ileso"";31;""Feminino"";1;0;0;0;-5",655617;-47,"388985;""SR-MA"";""DEL18/4"";""UOP01/MA""",
"183261;403563;2019-01-03;""quinta-feira"";""16:50:00"";""MA"";10;236;""GOVERNADOR EDISON LOBAO"";""Sim"";""Falta de Atenção à Condução"";1;""Colisão traseira"";""Com Vítimas Feridas"";""Pleno dia"";""Decrescente"";""Céu Claro"";""Simples"";""Reta"";""Não"";325827;""Caminhão"";""SCANIA/P 250 B6X2"";2012;""Condutor"";""Ileso"";33;""Masculino"";1;0;0;0;-5",655617;-47,"388985;""SR-MA"";""DEL18/4"";""UOP01/MA""",
"183261;403563;2019-01-03;""quinta-feira"";""16:50:00"";""MA"";10;236;""GOVERNADOR EDISON LOBAO"";""Não"";""Não guardar distância de segurança"";1;""Colisão traseira"";""Com Vítimas Feridas"";""Pleno dia"";""Decrescente"";""Céu Claro"";""Simples"";""Reta"";""Não"";325827;""Caminhão"";""SCANIA/P 250 B6X2"";2012;""Condutor"";""Ileso"";33;""Masculino"";1;0;0;0;-5",655617;-47,"388985;""SR-MA"";""DEL18/4"";""UOP01/MA""",
"183261;403561;2019-01-03;""quinta-feira"";""16:50:00"";""MA"";10;236;""GOVERNADOR EDISON LOBAO"";""Sim"";""Falta de Atenção à Condução"";1;""Colisão traseira"";""Com Vítimas Feridas"";""Pleno dia"";""Decrescente"";""Céu Claro"";""Simples"";""Reta"";""Não"";325825;""Automóvel"";""FIAT/SIENA ESSENCE 1.6"";2015;""Passageiro"";""Lesões Leves"";26;""Feminino"";0;1;0;0;-5",655617;-47,"388985;""SR-MA"";""DEL18/4"";""UOP01/MA""",
"183261;403561;2019-01-03;""quinta-feira"";""16:50:00"";""MA"";10;236;""GOVERNADOR EDISON LOBAO"";""Não"";""Não guardar distância de segurança"";1;""Colisão traseira"";""Com Vítimas Feridas"";""Pleno dia"";""Decrescente"";""Céu Claro"";""Simples"";""Reta"";""Não"";325825;""Automóvel"";""FIAT/SIENA ESSENCE 1.6"";2015;""Passageiro"";""Lesões Leves"";26;""Feminino"";0;1;0;0;-5",655617;-47,"388985;""SR-MA"";""DEL18/4"";""UOP01/MA""",
"183261;403560;2019-01-03;""quinta-feira"";""16:50:00"";""MA"";10;236;""GOVERNADOR EDISON LOBAO"";""Sim"";""Falta de Atenção à Condução"";1;""Colisão traseira"";""Com Vítimas Feridas"";""Pleno dia"";""Decrescente"";""Céu Claro"";""Simples"";""Reta"";""Não"";325825;""Automóvel"";""FIAT/SIENA ESSENCE 1.6"";2015;""Passageiro"";""Ileso"";17;""Feminino"";1;0;0;0;-5",655617;-47,"388985;""SR-MA"";""DEL18/4"";""UOP01/MA""",
"183261;403560;2019-01-03;""quinta-feira"";""16:50:00"";""MA"";10;236;""GOVERNADOR EDISON LOBAO"";""Não"";""Não guardar distância de segurança"";1;""Colisão traseira"";""Com Vítimas Feridas"";""Pleno dia"";""Decrescente"";""Céu Claro"";""Simples"";""Reta"";""Não"";325825;""Automóvel"";""FIAT/SIENA ESSENCE 1.6"";2015;""Passageiro"";""Ileso"";17;""Feminino"";1;0;0;0;-5",655617;-47,"388985;""SR-MA"";""DEL18/4"";""UOP01/MA""",
"183261;403559;2019-01-03;""quinta-feira"";""16:50:00"";""MA"";10;236;""GOVERNADOR EDISON LOBAO"";""Sim"";""Falta de Atenção à Condução"";1;""Colisão traseira"";""Com Vítimas Feridas"";""Pleno dia"";""Decrescente"";""Céu Claro"";""Simples"";""Reta"";""Não"";325825;""Automóvel"";""FIAT/SIENA ESSENCE 1.6"";2015;""Passageiro"";""Ileso"";57;""Feminino"";1;0;0;0;-5",655617;-47,"388985;""SR-MA"";""DEL18/4"";""UOP01/MA""",
"183261;403559;2019-01-03;""quinta-feira"";""16:50:00"";""MA"";10;236;""GOVERNADOR EDISON LOBAO"";""Não"";""Não guardar distância de segurança"";1;""Colisão traseira"";""Com Vítimas Feridas"";""Pleno dia"";""Decrescente"";""Céu Claro"";""Simples"";""Reta"";""Não"";325825;""Automóvel"";""FIAT/SIENA ESSENCE 1.6"";2015;""Passageiro"";""Ileso"";57;""Feminino"";1;0;0;0;-5",655617;-47,"388985;""SR-MA"";""DEL18/4"";""UOP01/MA""",
"183261;403557;2019-01-03;""quinta-feira"";""16:50:00"";""MA"";10;236;""GOVERNADOR EDISON LOBAO"";""Sim"";""Falta de Atenção à Condução"";1;""Colisão traseira"";""Com Vítimas Feridas"";""Pleno dia"";""Decrescente"";""Céu Claro"";""Simples"";""Reta"";""Não"";325825;""Automóvel"";""FIAT/SIENA ESSENCE 1.6"";2015;""Condutor"";""Ileso"";32;""Masculino"";1;0;0;0;-5",655617;-47,"388985;""SR-MA"";""DEL18/4"";""UOP01/MA""",
"183261;403557;2019-01-03;""quinta-feira"";""16:50:00"";""MA"";10;236;""GOVERNADOR EDISON LOBAO"";""Não"";""Não guardar distância de segurança"";1;""Colisão traseira"";""Com Vítimas Feridas"";""Pleno dia"";""Decrescente"";""Céu Claro"";""Simples"";""Reta"";""Não"";325825;""Automóvel"";""FIAT/SIENA ESSENCE 1.6"";2015;""Condutor"";""Ileso"";32;""Masculino"";1;0;0;0;-5",655617;-47,"388985;""SR-MA"";""DEL18/4"";""UOP01/MA""",
"183262;403643;2019-01-03;""quinta-feira"";""20:00:00"";""RS"";116;226;""DOIS IRMAOS"";""Sim"";""Falta de Atenção à Condução"";1;""Colisão com objeto estático"";""Com Vítimas Fatais"";""Anoitecer"";""Decrescente"";""Chuva"";""Simples"";""Reta"";""Não"";325890;""Caminhonete"";""FIAT/DUCATO CARGO"";2010;""Passageiro"";""Lesões Graves"";33;""Masculino"";0;0;1;0;-29",601135;-51,"118118;""SR-RS"";""DEL9/5"";""UOP02/RS""",
"183262;403640;2019-01-03;""quinta-feira"";""20:00:00"";""RS"";116;226;""DOIS IRMAOS"";""Sim"";""Falta de Atenção à Condução"";1;""Colisão com objeto estático"";""Com Vítimas Fatais"";""Anoitecer"";""Decrescente"";""Chuva"";""Simples"";""Reta"";""Não"";325890;""Caminhonete"";""FIAT/DUCATO CARGO"";2010;""Condutor"";""Óbito"";31;""Masculino"";0;0;0;1;-29",601135;-51,"118118;""SR-RS"";""DEL9/5"";""UOP02/RS""",
"183263;NA;2019-01-03;""quinta-feira"";""18:50:00"";""RS"";116;455","2;""SAO LOURENCO DO SUL"";""Sim"";""Mal Súbito"";1;""Colisão transversal"";""Com Vítimas Feridas"";""Pleno dia"";""Crescente"";""Nublado"";""Simples"";""Reta"";""Não"";325865;""Semireboque"";""REB/KRONE"";1995;""Não Informado"";""Não Informado"";NA;""Não Informado"";0;0;0;0;-31",27209536;-52,"00550079;""SR-RS"";""DEL9/2"";""UOP02/RS"""
"183263;NA;2019-01-03;""quinta-feira"";""18:50:00"";""RS"";116;455","2;""SAO LOURENCO DO SUL"";""Sim"";""Mal Súbito"";1;""Colisão transversal"";""Com Vítimas Feridas"";""Pleno dia"";""Crescente"";""Nublado"";""Simples"";""Reta"";""Não"";325874;""Semireboque"";""SR/GUERRA AG GR"";2002;""Não Informado"";""Não Informado"";NA;""Não Informado"";0;0;0;0;-31",27209536;-52,"00550079;""SR-RS"";""DEL9/2"";""UOP02/RS"""
"183263;NA;2019-01-03;""quinta-feira"";""18:50:00"";""RS"";116;455","2;""SAO LOURENCO DO SUL"";""Sim"";""Mal Súbito"";1;""Colisão transversal"";""Com Vítimas Feridas"";""Pleno dia"";""Crescente"";""Nublado"";""Simples"";""Reta"";""Não"";325873;""Semireboque"";""SR/GUERRA AG GR"";2002;""Não Informado"";""Não Informado"";NA;""Não Informado"";0;0;0;0;-31",27209536;-52,"00550079;""SR-RS"";""DEL9/2"";""UOP02/RS"""
"183263;403619;2019-01-03;""quinta-feira"";""18:50:00"";""RS"";116;455","2;""SAO LOURENCO DO SUL"";""Sim"";""Mal Súbito"";1;""Colisão transversal"";""Com Vítimas Feridas"";""Pleno dia"";""Crescente"";""Nublado"";""Simples"";""Reta"";""Não"";325857;""Caminhonete"";""FIAT/FIORINO 1.4 FLEX"";2014;""Condutor"";""Lesões Leves"";23;""Masculino"";0;1;0;0;-31",27209536;-52,"00550079;""SR-RS"";""DEL9/2"";""UOP02/RS"""
"183263;403622;2019-01-03;""quinta-feira"";""18:50:00"";""RS"";116;455","2;""SAO LOURENCO DO SUL"";""Sim"";""Mal Súbito"";1;""Colisão transversal"";""Com Vítimas Feridas"";""Pleno dia"";""Crescente"";""Nublado"";""Simples"";""Reta"";""Não"";325859;""Caminhão-trator"";""SCANIA/R 440 A6X2"";2013;""Condutor"";""Lesões Leves"";35;""Masculino"";0;1;0;0;-31",27209536;-52,"00550079;""SR-RS"";""DEL9/2"";""UOP02/RS"""
"183263;403621;2019-01-03;""quinta-feira"";""18:50:00"";""RS"";116;455","2;""SAO LOURENCO DO SUL"";""Sim"";""Mal Súbito"";1;""Colisão transversal"";""Com Vítimas Feridas"";""Pleno dia"";""Crescente"";""Nublado"";""Simples"";""Reta"";""Não"";325858;""Caminhão-trator"";""M.BENZ/AXOR 2544 S"";2009;""Condutor"";""Ileso"";44;""Masculino"";1;0;0;0;-31",27209536;-52,"00550079;""SR-RS"";""DEL9/2"";""UOP02/RS"""
"183264;NA;2019-01-03;""quinta-feira"";""20:15:00"";""PR"";153;163","4;""VENTANIA"";""Sim"";""Velocidade Incompatível"";2;""Derramamento de carga"";""Com Vítimas Fatais"";""Plena Noite"";""Decrescente"";""Nublado"";""Simples"";""Não Informado"";""Não"";325914;""Semireboque"";""SR/GUERRA AG GR"";2013;""Não Informado"";""Não Informado"";NA;""Não Informado"";0;0;0;0;-24",258533;-50,"249423;""SR-PR"";""DEL7/3"";""UOP05/PR"""
"183264;NA;2019-01-03;""quinta-feira"";""20:15:00"";""PR"";153;163","4;""VENTANIA"";""Sim"";""Velocidade Incompatível"";1;""Tombamento"";""Com Vítimas Fatais"";""Plena Noite"";""Decrescente"";""Nublado"";""Simples"";""Não Informado"";""Não"";325914;""Semireboque"";""SR/GUERRA AG GR"";2013;""Não Informado"";""Não Informado"";NA;""Não Informado"";0;0;0;0;-24",258533;-50,"249423;""SR-PR"";""DEL7/3"";""UOP05/PR"""
"183264;403672;2019-01-03;""quinta-feira"";""20:15:00"";""PR"";153;163","4;""VENTANIA"";""Sim"";""Velocidade Incompatível"";2;""Derramamento de carga"";""Com Vítimas Fatais"";""Plena Noite"";""Decrescente"";""Nublado"";""Simples"";""Não Informado"";""Não"";325911;""Caminhão-trator"";""SCANIA/R 440 A6X2"";2012;""Condutor"";""Óbito"";37;""Masculino"";0;0;0;1;-24",258533;-50,"249423;""SR-PR"";""DEL7/3"";""UOP05/PR"""
"183264;403672;2019-01-03;""quinta-feira"";""20:15:00"";""PR"";153;163","4;""VENTANIA"";""Sim"";""Velocidade Incompatível"";1;""Tombamento"";""Com Vítimas Fatais"";""Plena Noite"";""Decrescente"";""Nublado"";""Simples"";""Não Informado"";""Não"";325911;""Caminhão-trator"";""SCANIA/R 440 A6X2"";2012;""Condutor"";""Óbito"";37;""Masculino"";0;0;0;1;-24",258533;-50,"249423;""SR-PR"";""DEL7/3"";""UOP05/PR"""
"183265;403701;2019-01-03;""quinta-feira"";""18:50:00"";""PE"";101;56","3;""RECIFE"";""Sim"";""Falta de Atenção à Condução"";1;""Queda de ocupante de veículo"";""Com Vítimas Feridas"";""Plena Noite"";""Crescente"";""Céu Claro"";""Dupla"";""Reta"";""Sim"";325866;""Motocicleta"";""HONDA/NXR150 BROS ESD"";2014;""Passageiro"";""Lesões Leves"";41;""Feminino"";0;1;0;0;-7",9641;-34,"9158;""SR-PE"";""DEL11/1"";""UOP02/PE"""
"183265;403700;2019-01-03;""quinta-feira"";""18:50:00"";""PE"";101;56","3;""RECIFE"";""Sim"";""Falta de Atenção à Condução"";1;""Queda de ocupante de veículo"";""Com Vítimas Feridas"";""Plena Noite"";""Crescente"";""Céu Claro"";""Dupla"";""Reta"";""Sim"";325866;""Motocicleta"";""HONDA/NXR150 BROS ESD"";2014;""Condutor"";""Lesões Leves"";43;""Masculino"";0;1;0;0;-7",9641;-34,"9158;""SR-PE"";""DEL11/1"";""UOP02/PE"""
"183266;NA;2019-01-03;""quinta-feira"";""17:30:00"";""GO"";80;14;""PADRE BERNARDO"";""Sim"";""Falta de Atenção à Condução"";1;""Saída de leito carroçável"";""Com Vítimas Feridas"";""Pleno dia"";""Crescente"";""Céu Claro"";""Dupla"";""Reta"";""Não"";325854;""Semireboque"";""SR/GUERRA AG BS"";2008;""Não Informado"";""Não Informado"";NA;""Não Informado"";0;0;0;0;-15",426183;-48,"195811;""SR-DF"";""UOP06/DF"";""""",
"183266;403602;2019-01-03;""quinta-feira"";""17:30:00"";""GO"";80;14;""PADRE BERNARDO"";""Sim"";""Falta de Atenção à Condução"";1;""Saída de leito carroçável"";""Com Vítimas Feridas"";""Pleno dia"";""Crescente"";""Céu Claro"";""Dupla"";""Reta"";""Não"";325843;""Caminhão-trator"";""VOLVO/FH 440 6X2T"";2011;""Condutor"";""Lesões Leves"";36;""Masculino"";0;1;0;0;-15",426183;-48,"195811;""SR-DF"";""UOP06/DF"";""""",
"183267;NA;2019-01-03;""quinta-feira"";""19:25:00"";""PR"";116;47","1;""CAMPINA GRANDE DO SUL"";""Sim"";""Velocidade Incompatível"";2;""Colisão lateral"";""Sem Vítimas"";""Pleno dia"";""Crescente"";""Céu Claro"";""Dupla"";""Curva"";""Não"";326969;""Semireboque"";""SR/FACCHINI SRF CF"";2016;""Não Informado"";""Não Informado"";NA;""Não Informado"";0;0;0;0;-25",210619;-48,"897217;""SR-PR"";""DEL7/1"";""UOP02/PR"""
"183267;NA;2019-01-03;""quinta-feira"";""19:25:00"";""PR"";116;47","1;""CAMPINA GRANDE DO SUL"";""Sim"";""Velocidade Incompatível"";1;""Colisão com objeto estático"";""Sem Vítimas"";""Pleno dia"";""Crescente"";""Céu Claro"";""Dupla"";""Curva"";""Não"";326969;""Semireboque"";""SR/FACCHINI SRF CF"";2016;""Não Informado"";""Não Informado"";NA;""Não Informado"";0;0;0;0;-25",210619;-48,"897217;""SR-PR"";""DEL7/1"";""UOP02/PR"""
"183267;405340;2019-01-03;""quinta-feira"";""19:25:00"";""PR"";116;47","1;""CAMPINA GRANDE DO SUL"";""Sim"";""Velocidade Incompatível"";2;""Colisão lateral"";""Sem Vítimas"";""Pleno dia"";""Crescente"";""Céu Claro"";""Dupla"";""Curva"";""Não"";325875;""Automóvel"";""CITROEN/C3 90M TENDANCE"";2014;""Condutor"";""Ileso"";32;""Masculino"";1;0;0;0;-25",210619;-48,"897217;""SR-PR"";""DEL7/1"";""UOP02/PR"""
"183267;405340;2019-01-03;""quinta-feira"";""19:25:00"";""PR"";116;47","1;""CAMPINA GRANDE DO SUL"";""Sim"";""Velocidade Incompatível"";1;""Colisão com objeto estático"";""Sem Vítimas"";""Pleno dia"";""Crescente"";""Céu Claro"";""Dupla"";""Curva"";""Não"";325875;""Automóvel"";""CITROEN/C3 90M TENDANCE"";2014;""Condutor"";""Ileso"";32;""Masculino"";1;0;0;0;-25",210619;-48,"897217;""SR-PR"";""DEL7/1"";""UOP02/PR"""
"183267;405341;2019-01-03;""quinta-feira"";""19:25:00"";""PR"";116;47","1;""CAMPINA GRANDE DO SUL"";""Sim"";""Velocidade Incompatível"";2;""Colisão lateral"";""Sem Vítimas"";""Pleno dia"";""Crescente"";""Céu Claro"";""Dupla"";""Curva"";""Não"";325876;""Caminhão-trator"";""SCANIA/G 380 A4X2"";2011;""Condutor"";""Ileso"";56;""Masculino"";1;0;0;0;-25",210619;-48,"897217;""SR-PR"";""DEL7/1"";""UOP02/PR"""
"183267;405341;2019-01-03;""quinta-feira"";""19:25:00"";""PR"";116;47","1;""CAMPINA GRANDE DO SUL"";""Sim"";""Velocidade Incompatível"";1;""Colisão com objeto estático"";""Sem Vítimas"";""Pleno dia"";""Crescente"";""Céu Claro"";""Dupla"";""Curva"";""Não"";325876;""Caminhão-trator"";""SCANIA/G 380 A4X2"";2011;""Condutor"";""Ileso"";56;""Masculino"";1;0;0;0;-25",210619;-48,"897217;""SR-PR"";""DEL7/1"";""UOP02/PR"""
"183268;403671;2019-01-03;""quinta-feira"";""20:40:00"";""GO"";60;162","6;""GOIANIA"";""Sim"";""Ingestão de Álcool"";1;""Colisão com objeto estático"";""Com Vítimas Feridas"";""Plena Noite"";""Crescente"";""Céu Claro"";""Dupla"";""Desvio Temporário"";""Sim"";325910;""Motocicleta"";""HONDA/CBX 250 TWISTER"";2004;""Condutor"";""Lesões Leves"";43;""Masculino"";0;1;0;0;-16",6953;-49,"3255;""SR-GO"";""DEL1/1"";""UOP02/GO"""
"183270;NA;2019-01-03;""quinta-feira"";""18:00:00"";""SC"";116;174;""SAO CRISTOVAO DO SUL"";""Sim"";""Condutor Dormindo"";1;""Colisão traseira"";""Com Vítimas Feridas"";""Pleno dia"";""Crescente"";""Céu Claro"";""Simples"";""Reta"";""Não"";325851;""Reboque"";""R/MANOS TTORAS 4E"";2013;""Não Informado"";""Não Informado"";NA;""Não Informado"";0;0;0;0;-27",262749;-50,"444603;""SR-SC"";""DEL8/5"";""UOP03/SC""",
"183270;403595;2019-01-03;""quinta-feira"";""18:00:00"";""SC"";116;174;""SAO CRISTOVAO DO SUL"";""Sim"";""Condutor Dormindo"";1;""Colisão traseira"";""Com Vítimas Feridas"";""Pleno dia"";""Crescente"";""Céu Claro"";""Simples"";""Reta"";""Não"";325842;""Caminhonete"";""RENAULT/MASTER EURO AMB"";2016;""Passageiro"";""Lesões Leves"";14;""Feminino"";0;1;0;0;-27",262749;-50,"444603;""SR-SC"";""DEL8/5"";""UOP03/SC""",
"183270;403600;2019-01-03;""quinta-feira"";""18:00:00"";""SC"";116;174;""SAO CRISTOVAO DO SUL"";""Sim"";""Condutor Dormindo"";1;""Colisão traseira"";""Com Vítimas Feridas"";""Pleno dia"";""Crescente"";""Céu Claro"";""Simples"";""Reta"";""Não"";325842;""Caminhonete"";""RENAULT/MASTER EURO AMB"";2016;""Passageiro"";""Lesões Leves"";52;""Feminino"";0;1;0;0;-27",262749;-50,"444603;""SR-SC"";""DEL8/5"";""UOP03/SC""",
"183270;403599;2019-01-03;""quinta-feira"";""18:00:00"";""SC"";116;174;""SAO CRISTOVAO DO SUL"";""Sim"";""Condutor Dormindo"";1;""Colisão traseira"";""Com Vítimas Feridas"";""Pleno dia"";""Crescente"";""Céu Claro"";""Simples"";""Reta"";""Não"";325842;""Caminhonete"";""RENAULT/MASTER EURO AMB"";2016;""Passageiro"";""Lesões Leves"";49;""Masculino"";0;1;0;0;-27",262749;-50,"444603;""SR-SC"";""DEL8/5"";""UOP03/SC""",
"183270;403591;2019-01-03;""quinta-feira"";""18:00:00"";""SC"";116;174;""SAO CRISTOVAO DO SUL"";""Sim"";""Condutor Dormindo"";1;""Colisão traseira"";""Com Vítimas Feridas"";""Pleno dia"";""Crescente"";""Céu Claro"";""Simples"";""Reta"";""Não"";325842;""Caminhonete"";""RENAULT/MASTER EURO AMB"";2016;""Condutor"";""Lesões Leves"";41;""Masculino"";0;1;0;0;-27",262749;-50,"444603;""SR-SC"";""DEL8/5"";""UOP03/SC""",
"183270;403592;2019-01-03;""quinta-feira"";""18:00:00"";""SC"";116;174;""SAO CRISTOVAO DO SUL"";""Sim"";""Condutor Dormindo"";1;""Colisão traseira"";""Com Vítimas Feridas"";""Pleno dia"";""Crescente"";""Céu Claro"";""Simples"";""Reta"";""Não"";325850;""Caminhão"";""SCANIA/P 360 B6X4"";2015;""Condutor"";""Ileso"";50;""Masculino"";1;0;0;0;-27",262749;-50,"444603;""SR-SC"";""DEL8/5"";""UOP03/SC""",
"183272;403716;2019-01-03;""quinta-feira"";""20:35:00"";""SP"";116;28","4;""CRUZEIRO"";""Sim"";""Falta de Atenção à Condução"";1;""Engavetamento"";""Sem Vítimas"";""Plena Noite"";""Crescente"";""Céu Claro"";""Múltipla"";""Reta"";""Não"";325885;""Automóvel"";""HYUNDAI/HB20 1.6M COMF"";2014;""Passageiro"";""Ileso"";26;""Masculino"";1;0;0;0;-22",62492;-44,"915722;""SR-SP"";""DEL6/8"";""UOP01/SP"""
"183272;403715;2019-01-03;""quinta-feira"";""20:35:00"";""SP"";116;28","4;""CRUZEIRO"";""Sim"";""Falta de Atenção à Condução"";1;""Engavetamento"";""Sem Vítimas"";""Plena Noite"";""Crescente"";""Céu Claro"";""Múltipla"";""Reta"";""Não"";325885;""Automóvel"";""HYUNDAI/HB20 1.6M COMF"";2014;""Passageiro"";""Ileso"";26;""Feminino"";1;0;0;0;-22",62492;-44,"915722;""SR-SP"";""DEL6/8"";""UOP01/SP"""
"183272;403706;2019-01-03;""quinta-feira"";""20:35:00"";""SP"";116;28","4;""CRUZEIRO"";""Sim"";""Falta de Atenção à Condução"";1;""Engavetamento"";""Sem Vítimas"";""Plena Noite"";""Crescente"";""Céu Claro"";""Múltipla"";""Reta"";""Não"";325884;""Automóvel"";""CHEV/SPIN 1.8L AT LTZ"";2012;""Condutor"";""Ileso"";39;""Feminino"";1;0;0;0;-22",62492;-44,"915722;""SR-SP"";""DEL6/8"";""UOP01/SP"""
"183272;403710;2019-01-03;""quinta-feira"";""20:35:00"";""SP"";116;28","4;""CRUZEIRO"";""Sim"";""Falta de Atenção à Condução"";1;""Engavetamento"";""Sem Vítimas"";""Plena Noite"";""Crescente"";""Céu Claro"";""Múltipla"";""Reta"";""Não"";325886;""Caminhão"";""M.BENZ/915C"";2011;""Condutor"";""Ileso"";43;""Masculino"";1;0;0;0;-22",62492;-44,"915722;""SR-SP"";""DEL6/8"";""UOP01/SP"""
"183272;403709;2019-01-03;""quinta-feira"";""20:35:00"";""SP"";116;28","4;""CRUZEIRO"";""Sim"";""Falta de Atenção à Condução"";1;""Engavetamento"";""Sem Vítimas"";""Plena Noite"";""Crescente"";""Céu Claro"";""Múltipla"";""Reta"";""Não"";325885;""Automóvel"";""HYUNDAI/HB20 1.6M COMF"";2014;""Condutor"";""Ileso"";27;""Masculino"";1;0;0;0;-22",62492;-44,"915722;""SR-SP"";""DEL6/8"";""UOP01/SP"""
"183274;403673;2019-01-03;""quinta-feira"";""21:30:00"";""PR"";376;211","1;""MANDAGUARI"";""Sim"";""Desobediência às normas de trânsito pelo condutor"";1;""Colisão frontal"";""Com Vítimas Fatais"";""Plena Noite"";""Crescente"";""Céu Claro"";""Dupla"";""Curva"";""Não"";325908;""Automóvel"";""TOYOTA/COROLLA XEI20FLEX"";2015;""Condutor"";""Lesões Graves"";58;""Masculino"";0;0;1;0;-23",55174;-51,"6654;""SR-PR"";""DEL7/7"";""UOP04/PR"""
"183274;403674;2019-01-03;""quinta-feira"";""21:30:00"";""PR"";376;211","1;""MANDAGUARI"";""Sim"";""Desobediência às normas de trânsito pelo condutor"";1;""Colisão frontal"";""Com Vítimas Fatais"";""Plena Noite"";""Crescente"";""Céu Claro"";""Dupla"";""Curva"";""Não"";325908;""Automóvel"";""TOYOTA/COROLLA XEI20FLEX"";2015;""Passageiro"";""Lesões Graves"";56;""Feminino"";0;0;1;0;-23",55174;-51,"6654;""SR-PR"";""DEL7/7"";""UOP04/PR"""
"183274;403667;2019-01-03;""quinta-feira"";""21:30:00"";""PR"";376;211","1;""MANDAGUARI"";""Sim"";""Desobediência às normas de trânsito pelo condutor"";1;""Colisão frontal"";""Com Vítimas Fatais"";""Plena Noite"";""Crescente"";""Céu Claro"";""Dupla"";""Curva"";""Não"";325908;""Automóvel"";""TOYOTA/COROLLA XEI20FLEX"";2015;""Passageiro"";""Óbito"";57;""Feminino"";0;0;0;1;-23",55174;-51,"6654;""SR-PR"";""DEL7/7"";""UOP04/PR"""
"183274;403665;2019-01-03;""quinta-feira"";""21:30:00"";""PR"";376;211","1;""MANDAGUARI"";""Sim"";""Desobediência às normas de trânsito pelo condutor"";1;""Colisão frontal"";""Com Vítimas Fatais"";""Plena Noite"";""Crescente"";""Céu Claro"";""Dupla"";""Curva"";""Não"";325907;""Automóvel"";""VW/GOL 1.0"";2012;""Condutor"";""Óbito"";41;""Masculino"";0;0;0;1;-23",55174;-51,"6654;""SR-PR"";""DEL7/7"";""UOP04/PR"""
"183274;403666;2019-01-03;""quinta-feira"";""21:30:00"";""PR"";376;211","1;""MANDAGUARI"";""Sim"";""Desobediência às normas de trânsito pelo condutor"";1;""Colisão frontal"";""Com Vítimas Fatais"";""Plena Noite"";""Crescente"";""Céu Claro"";""Dupla"";""Curva"";""Não"";325908;""Automóvel"";""TOYOTA/COROLLA XEI20FLEX"";2015;""Passageiro"";""Óbito"";57;""Masculino"";0;0;0;1;-23",55174;-51,"6654;""SR-PR"";""DEL7/7"";""UOP04/PR"""
"183275;403604;2019-01-03;""quinta-feira"";""16:35:00"";""MG"";116;651","2;""FERVEDOURO"";""Sim"";""Falta de Atenção à Condução"";1;""Colisão frontal"";""Com Vítimas Feridas"";""Pleno dia"";""Crescente"";""Sol"";""Simples"";""Curva"";""Sim"";325864;""Automóvel"";""HYUNDAI/HB20 1.6M 1.6M"";2013;""Condutor"";""Lesões Graves"";27;""Masculino"";0;0;1;0;-20",7138821;-42,"28238951;""SR-MG"";""DEL4/7"";""UOP03/MG"""
"183275;403612;2019-01-03;""quinta-feira"";""16:35:00"";""MG"";116;651","2;""FERVEDOURO"";""Sim"";""Falta de Atenção à Condução"";1;""Colisão frontal"";""Com Vítimas Feridas"";""Pleno dia"";""Crescente"";""Sol"";""Simples"";""Curva"";""Sim"";325863;""Ônibus"";""MBENZ/MPOLO VIAGGIO R"";2009;""Testemunha"";""Não Informado"";NA;""Não Informado"";0;0;0;0;-20",7138821;-42,"28238951;""SR-MG"";""DEL4/7"";""UOP03/MG"""