"id;""pesid"";""data_inversa"";""dia_semana"";""horario"";""uf"";""br"";""km"";""municipio"";""causa_principal"";""causa_acidente"";""ordem_tipo_acidente"";""tipo_acidente"";""classificacao_acidente"";""fase_dia"";""sentido_via"";""condicao_metereologica"";""tipo_pista"";""tracado_via"";""uso_solo"";""id_veiculo"";""tipo_veiculo"";""marca"";""ano_fabricacao_veiculo"";""tipo_envolvido"";""estado_fisico"";""idade"";""sexo"";""ilesos"";""feridos_leves"";""feridos_graves"";""mortos"";""latitude"";""longitude"";""regional"";""delegacia"";""uop""",,,
"183292;405338;2019-01-04;""sexta-feira"";""02:10:00"";""MG"";267;262","6;""AIURUOCA"";""Sim"";""Falta de Atenção à Condução"";2;""Tombamento"";""Com Vítimas Feridas"";""Plena Noite"";""Decrescente"";""Chuva"";""Simples"";""Curva"";""Não"";326966;""Caminhão-trator"";""VOLVO/FH 440 6X2T"";2008;""Condutor"";""Lesões Graves"";39;""Masculino"";0;0;1;0;-21",93366529;-44,"63166357;""SR-MG"";""DEL5"";""UOP03/MG"""
"183293;407050;2019-01-04;""sexta-feira"";""03:20:00"";""PR"";116;98;""SAO JOSE DOS PINHAIS"";""Não"";""Desobediência às normas de trânsito pelo condutor"";1;""Colisão traseira"";""Sem Vítimas"";""Plena Noite"";""Decrescente"";""Céu Claro"";""Dupla"";""Reta"";""Sim"";325915;""Automóvel"";""VW/PARATI CL 1.8 MI"";1996;""Condutor"";""Ileso"";24;""Masculino"";1;0;0;0;-25",519745;-49,"134327;""SR-PR"";""DEL7/1"";""UOP01/PR""",
"183293;407050;2019-01-04;""sexta-feira"";""03:20:00"";""PR"";116;98;""SAO JOSE DOS PINHAIS"";""Não"";""Falta de Atenção à Condução"";1;""Colisão traseira"";""Sem Vítimas"";""Plena Noite"";""Decrescente"";""Céu Claro"";""Dupla"";""Reta"";""Sim"";325915;""Automóvel"";""VW/PARATI CL 1.8 MI"";1996;""Condutor"";""Ileso"";24;""Masculino"";1;0;0;0;-25",519745;-49,"134327;""SR-PR"";""DEL7/1"";""UOP01/PR""",
"183293;407050;2019-01-04;""sexta-feira"";""03:20:00"";""PR"";116;98;""SAO JOSE DOS PINHAIS"";""Sim"";""Não guardar distância de segurança"";1;""Colisão traseira"";""Sem Vítimas"";""Plena Noite"";""Decrescente"";""Céu Claro"";""Dupla"";""Reta"";""Sim"";325915;""Automóvel"";""VW/PARATI CL 1.8 MI"";1996;""Condutor"";""Ileso"";24;""Masculino"";1;0;0;0;-25",519745;-49,"134327;""SR-PR"";""DEL7/1"";""UOP01/PR""",
"183293;407052;2019-01-04;""sexta-feira"";""03:20:00"";""PR"";116;98;""SAO JOSE DOS PINHAIS"";""Não"";""Desobediência às normas de trânsito pelo condutor"";1;""Colisão traseira"";""Sem Vítimas"";""Plena Noite"";""Decrescente"";""Céu Claro"";""Dupla"";""Reta"";""Sim"";328174;""Caminhão"";""M.BENZ/ATEGO 3030 CE"";2017;""Condutor"";""Ileso"";30;""Masculino"";1;0;0;0;-25",519745;-49,"134327;""SR-PR"";""DEL7/1"";""UOP01/PR""",
"183293;407052;2019-01-04;""sexta-feira"";""03:20:00"";""PR"";116;98;""SAO JOSE DOS PINHAIS"";""Não"";""Falta de Atenção à Condução"";1;""Colisão traseira"";""Sem Vítimas"";""Plena Noite"";""Decrescente"";""Céu Claro"";""Dupla"";""Reta"";""Sim"";328174;""Caminhão"";""M.BENZ/ATEGO 3030 CE"";2017;""Condutor"";""Ileso"";30;""Masculino"";1;0;0;0;-25",519745;-49,"134327;""SR-PR"";""DEL7/1"";""UOP01/PR""",
"183293;407052;2019-01-04;""sexta-feira"";""03:20:00"";""PR"";116;98;""SAO JOSE DOS PINHAIS"";""Sim"";""Não guardar distância de segurança"";1;""Colisão traseira"";""Sem Vítimas"";""Plena Noite"";""Decrescente"";""Céu Claro"";""Dupla"";""Reta"";""Sim"";328174;""Caminhão"";""M.BENZ/ATEGO 3030 CE"";2017;""Condutor"";""Ileso"";30;""Masculino"";1;0;0;0;-25",519745;-49,"134327;""SR-PR"";""DEL7/1"";""UOP01/PR""",
"183294;403717;2019-01-04;""sexta-feira"";""03:30:00"";""PE"";424;25;""VENTUROSA"";""Sim"";""Falta de Atenção à Condução"";2;""Tombamento"";""Com Vítimas Feridas"";""Plena Noite"";""Crescente"";""Nublado"";""Simples"";""Reta"";""Não"";325933;""Motocicleta"";""YAMAHA/FACTOR YBR125 K"";2011;""Condutor"";""Lesões Graves"";23;""Masculino"";0;0;1;0;-8",560179;-36,"893537;""SR-PE"";""DEL11/3"";""UOP02/PE""",
"183294;403717;2019-01-04;""sexta-feira"";""03:30:00"";""PE"";424;25;""VENTUROSA"";""Sim"";""Falta de Atenção à Condução"";1;""Saída de leito carroçável"";""Com Vítimas Feridas"";""Plena Noite"";""Crescente"";""Nublado"";""Simples"";""Reta"";""Não"";325933;""Motocicleta"";""YAMAHA/FACTOR YBR125 K"";2011;""Condutor"";""Lesões Graves"";23;""Masculino"";0;0;1;0;-8",560179;-36,"893537;""SR-PE"";""DEL11/3"";""UOP02/PE""",
"183295;403702;2019-01-04;""sexta-feira"";""04:00:00"";""SC"";101;203","2;""SAO JOSE"";""Sim"";""Falta de Atenção à Condução"";1;""Tombamento"";""Com Vítimas Feridas"";""Plena Noite"";""Decrescente"";""Céu Claro"";""Dupla"";""Curva"";""Sim"";325921;""Motocicleta"";""HONDA/CBX 200 STRADA"";2002;""Condutor"";""Lesões Leves"";30;""Masculino"";0;1;0;0;-27",5742;-48,"6134;""SR-SC"";""DEL8/1"";""UOP01/SC"""
"183296;404313;2019-01-04;""sexta-feira"";""05:30:00"";""MG"";381;507","3;""SAO JOAQUIM DE BICAS"";""Sim"";""Falta de Atenção à Condução"";2;""Colisão com objeto estático"";""Com Vítimas Feridas"";""Plena Noite"";""Crescente"";""Nublado"";""Dupla"";""Reta"";""Sim"";325937;""Automóvel"";""FIAT/PALIO"";NA;""Condutor"";""Ileso"";NA;""Ignorado"";1;0;0;0;-20",0442;-44,"2708;""SR-MG"";""DEL4/1"";""UOP03/MG"""
"183296;404313;2019-01-04;""sexta-feira"";""05:30:00"";""MG"";381;507","3;""SAO JOAQUIM DE BICAS"";""Sim"";""Falta de Atenção à Condução"";1;""Colisão lateral"";""Com Vítimas Feridas"";""Plena Noite"";""Crescente"";""Nublado"";""Dupla"";""Reta"";""Sim"";325937;""Automóvel"";""FIAT/PALIO"";NA;""Condutor"";""Ileso"";NA;""Ignorado"";1;0;0;0;-20",0442;-44,"2708;""SR-MG"";""DEL4/1"";""UOP03/MG"""
"183296;404288;2019-01-04;""sexta-feira"";""05:30:00"";""MG"";381;507","3;""SAO JOAQUIM DE BICAS"";""Sim"";""Falta de Atenção à Condução"";2;""Colisão com objeto estático"";""Com Vítimas Feridas"";""Plena Noite"";""Crescente"";""Nublado"";""Dupla"";""Reta"";""Sim"";325923;""Automóvel"";""VW/POINTER CLI 1.8"";1994;""Passageiro"";""Ileso"";7;""Masculino"";1;0;0;0;-20",0442;-44,"2708;""SR-MG"";""DEL4/1"";""UOP03/MG"""
"183296;404288;2019-01-04;""sexta-feira"";""05:30:00"";""MG"";381;507","3;""SAO JOAQUIM DE BICAS"";""Sim"";""Falta de Atenção à Condução"";1;""Colisão lateral"";""Com Vítimas Feridas"";""Plena Noite"";""Crescente"";""Nublado"";""Dupla"";""Reta"";""Sim"";325923;""Automóvel"";""VW/POINTER CLI 1.8"";1994;""Passageiro"";""Ileso"";7;""Masculino"";1;0;0;0;-20",0442;-44,"2708;""SR-MG"";""DEL4/1"";""UOP03/MG"""
"183296;404284;2019-01-04;""sexta-feira"";""05:30:00"";""MG"";381;507","3;""SAO JOAQUIM DE BICAS"";""Sim"";""Falta de Atenção à Condução"";2;""Colisão com objeto estático"";""Com Vítimas Feridas"";""Plena Noite"";""Crescente"";""Nublado"";""Dupla"";""Reta"";""Sim"";325923;""Automóvel"";""VW/POINTER CLI 1.8"";1994;""Passageiro"";""Lesões Leves"";9;""Masculino"";0;1;0;0;-20",0442;-44,"2708;""SR-MG"";""DEL4/1"";""UOP03/MG"""
"183296;404284;2019-01-04;""sexta-feira"";""05:30:00"";""MG"";381;507","3;""SAO JOAQUIM DE BICAS"";""Sim"";""Falta de Atenção à Condução"";1;""Colisão lateral"";""Com Vítimas Feridas"";""Plena Noite"";""Crescente"";""Nublado"";""Dupla"";""Reta"";""Sim"";325923;""Automóvel"";""VW/POINTER CLI 1.8"";1994;""Passageiro"";""Lesões Leves"";9;""Masculino"";0;1;0;0;-20",0442;-44,"2708;""SR-MG"";""DEL4/1"";""UOP03/MG"""
"183296;404283;2019-01-04;""sexta-feira"";""05:30:00"";""MG"";381;507","3;""SAO JOAQUIM DE BICAS"";""Sim"";""Falta de Atenção à Condução"";2;""Colisão com objeto estático"";""Com Vítimas Feridas"";""Plena Noite"";""Crescente"";""Nublado"";""Dupla"";""Reta"";""Sim"";325923;""Automóvel"";""VW/POINTER CLI 1.8"";1994;""Passageiro"";""Lesões Leves"";37;""Feminino"";0;1;0;0;-20",0442;-44,"2708;""SR-MG"";""DEL4/1"";""UOP03/MG"""
"183296;404283;2019-01-04;""sexta-feira"";""05:30:00"";""MG"";381;507","3;""SAO JOAQUIM DE BICAS"";""Sim"";""Falta de Atenção à Condução"";1;""Colisão lateral"";""Com Vítimas Feridas"";""Plena Noite"";""Crescente"";""Nublado"";""Dupla"";""Reta"";""Sim"";325923;""Automóvel"";""VW/POINTER CLI 1.8"";1994;""Passageiro"";""Lesões Leves"";37;""Feminino"";0;1;0;0;-20",0442;-44,"2708;""SR-MG"";""DEL4/1"";""UOP03/MG"""
"183296;404280;2019-01-04;""sexta-feira"";""05:30:00"";""MG"";381;507","3;""SAO JOAQUIM DE BICAS"";""Sim"";""Falta de Atenção à Condução"";2;""Colisão com objeto estático"";""Com Vítimas Feridas"";""Plena Noite"";""Crescente"";""Nublado"";""Dupla"";""Reta"";""Sim"";325923;""Automóvel"";""VW/POINTER CLI 1.8"";1994;""Condutor"";""Lesões Leves"";39;""Masculino"";0;1;0;0;-20",0442;-44,"2708;""SR-MG"";""DEL4/1"";""UOP03/MG"""
"183296;404280;2019-01-04;""sexta-feira"";""05:30:00"";""MG"";381;507","3;""SAO JOAQUIM DE BICAS"";""Sim"";""Falta de Atenção à Condução"";1;""Colisão lateral"";""Com Vítimas Feridas"";""Plena Noite"";""Crescente"";""Nublado"";""Dupla"";""Reta"";""Sim"";325923;""Automóvel"";""VW/POINTER CLI 1.8"";1994;""Condutor"";""Lesões Leves"";39;""Masculino"";0;1;0;0;-20",0442;-44,"2708;""SR-MG"";""DEL4/1"";""UOP03/MG"""
"183297;NA;2019-01-04;""sexta-feira"";""05:50:00"";""GO"";364;246","7;""JATAI"";""Sim"";""Avarias e/ou desgaste excessivo no pneu"";2;""Saída de leito carroçável"";""Sem Vítimas"";""Amanhecer"";""Crescente"";""Céu Claro"";""Simples"";""Reta"";""Não"";326938;""Semireboque"";""SR/GUERRA AG GR"";2005;""Não Informado"";""Não Informado"";NA;""Não Informado"";0;0;0;0;-17",749666;-52,"126781;""SR-GO"";""DEL1/5"";""UOP01/GO"""
"183297;NA;2019-01-04;""sexta-feira"";""05:50:00"";""GO"";364;246","7;""JATAI"";""Sim"";""Avarias e/ou desgaste excessivo no pneu"";1;""Incêndio"";""Sem Vítimas"";""Amanhecer"";""Crescente"";""Céu Claro"";""Simples"";""Reta"";""Não"";326938;""Semireboque"";""SR/GUERRA AG GR"";2005;""Não Informado"";""Não Informado"";NA;""Não Informado"";0;0;0;0;-17",749666;-52,"126781;""SR-GO"";""DEL1/5"";""UOP01/GO"""
"183297;NA;2019-01-04;""sexta-feira"";""05:50:00"";""GO"";364;246","7;""JATAI"";""Sim"";""Avarias e/ou desgaste excessivo no pneu"";2;""Saída de leito carroçável"";""Sem Vítimas"";""Amanhecer"";""Crescente"";""Céu Claro"";""Simples"";""Reta"";""Não"";326941;""Semireboque"";""SR/GUERRA AG GR"";2005;""Não Informado"";""Não Informado"";NA;""Não Informado"";0;0;0;0;-17",749666;-52,"126781;""SR-GO"";""DEL1/5"";""UOP01/GO"""
"183297;NA;2019-01-04;""sexta-feira"";""05:50:00"";""GO"";364;246","7;""JATAI"";""Sim"";""Avarias e/ou desgaste excessivo no pneu"";1;""Incêndio"";""Sem Vítimas"";""Amanhecer"";""Crescente"";""Céu Claro"";""Simples"";""Reta"";""Não"";326941;""Semireboque"";""SR/GUERRA AG GR"";2005;""Não Informado"";""Não Informado"";NA;""Não Informado"";0;0;0;0;-17",749666;-52,"126781;""SR-GO"";""DEL1/5"";""UOP01/GO"""
"183297;405265;2019-01-04;""sexta-feira"";""05:50:00"";""GO"";364;246","7;""JATAI"";""Sim"";""Avarias e/ou desgaste excessivo no pneu"";2;""Saída de leito carroçável"";""Sem Vítimas"";""Amanhecer"";""Crescente"";""Céu Claro"";""Simples"";""Reta"";""Não"";325938;""Caminhão-trator"";""VOLVO/FH 540 6X4T"";2015;""Condutor"";""Ileso"";36;""Masculino"";1;0;0;0;-17",749666;-52,"126781;""SR-GO"";""DEL1/5"";""UOP01/GO"""
"183297;405265;2019-01-04;""sexta-feira"";""05:50:00"";""GO"";364;246","7;""JATAI"";""Sim"";""Avarias e/ou desgaste excessivo no pneu"";1;""Incêndio"";""Sem Vítimas"";""Amanhecer"";""Crescente"";""Céu Claro"";""Simples"";""Reta"";""Não"";325938;""Caminhão-trator"";""VOLVO/FH 540 6X4T"";2015;""Condutor"";""Ileso"";36;""Masculino"";1;0;0;0;-17",749666;-52,"126781;""SR-GO"";""DEL1/5"";""UOP01/GO"""
"183298;404269;2019-01-04;""sexta-feira"";""06:00:00"";""PR"";277;76;""SAO JOSE DOS PINHAIS"";""Sim"";""Falta de Atenção à Condução"";1;""Queda de ocupante de veículo"";""Com Vítimas Feridas"";""Amanhecer"";""Crescente"";""Céu Claro"";""Dupla"";""Reta"";""Não"";325925;""Motocicleta"";""JTA/SUZUKI EN125 YES"";2008;""Condutor"";""Lesões Leves"";39;""Masculino"";0;1;0;0;-25",49430517;-49,"16677952;""SR-PR"";""DEL7/1"";""UOP01/PR""",
"183298;404270;2019-01-04;""sexta-feira"";""06:00:00"";""PR"";277;76;""SAO JOSE DOS PINHAIS"";""Sim"";""Falta de Atenção à Condução"";1;""Queda de ocupante de veículo"";""Com Vítimas Feridas"";""Amanhecer"";""Crescente"";""Céu Claro"";""Dupla"";""Reta"";""Não"";326296;""Automóvel"";"""";NA;""Condutor"";""Não Informado"";NA;""Não Informado"";0;0;0;0;-25",49430517;-49,"16677952;""SR-PR"";""DEL7/1"";""UOP01/PR""",
"183299;403721;2019-01-04;""sexta-feira"";""06:10:00"";""SP"";153;56","1;""SAO JOSE DO RIO PRETO"";""Sim"";""Falta de Atenção do Pedestre"";1;""Atropelamento de Pedestre"";""Com Vítimas Feridas"";""Amanhecer"";""Decrescente"";""Céu Claro"";""Simples"";""Não Informado"";""Sim"";325936;""Ônibus"";""M.BENZ/MPOLO TORINO U"";2017;""Pedestre"";""Lesões Graves"";46;""Masculino"";0;0;1;0;-20",761505;-49,"346199;""SR-SP"";""DEL6/9"";""UOP01/SP"""
"183299;403719;2019-01-04;""sexta-feira"";""06:10:00"";""SP"";153;56","1;""SAO JOSE DO RIO PRETO"";""Sim"";""Falta de Atenção do Pedestre"";1;""Atropelamento de Pedestre"";""Com Vítimas Feridas"";""Amanhecer"";""Decrescente"";""Céu Claro"";""Simples"";""Não Informado"";""Sim"";325936;""Ônibus"";""M.BENZ/MPOLO TORINO U"";2017;""Condutor"";""Ileso"";36;""Masculino"";1;0;0;0;-20",761505;-49,"346199;""SR-SP"";""DEL6/9"";""UOP01/SP"""
"183300;406845;2019-01-04;""sexta-feira"";""05:40:00"";""SC"";282;30","3;""SANTO AMARO DA IMPERATRIZ"";""Sim"";""Falta de Atenção à Condução"";2;""Colisão com objeto em movimento"";""Com Vítimas Fatais"";""Amanhecer"";""Decrescente"";""Nublado"";""Simples"";""Curva"";""Não"";325943;""Micro-ônibus"";""RENAULT/M REVESCAP L3H2"";2008;""Passageiro"";""Lesões Graves"";15;""Masculino"";0;0;1;0;-27",68892433;-48,"7929225;""SR-SC"";""DEL8/1"";""UOP03/SC"""
"183300;406845;2019-01-04;""sexta-feira"";""05:40:00"";""SC"";282;30","3;""SANTO AMARO DA IMPERATRIZ"";""Sim"";""Falta de Atenção à Condução"";1;""Tombamento"";""Com Vítimas Fatais"";""Amanhecer"";""Decrescente"";""Nublado"";""Simples"";""Curva"";""Não"";325943;""Micro-ônibus"";""RENAULT/M REVESCAP L3H2"";2008;""Passageiro"";""Lesões Graves"";15;""Masculino"";0;0;1;0;-27",68892433;-48,"7929225;""SR-SC"";""DEL8/1"";""UOP03/SC"""
"183300;406846;2019-01-04;""sexta-feira"";""05:40:00"";""SC"";282;30","3;""SANTO AMARO DA IMPERATRIZ"";""Sim"";""Falta de Atenção à Condução"";2;""Colisão com objeto em movimento"";""Com Vítimas Fatais"";""Amanhecer"";""Decrescente"";""Nublado"";""Simples"";""Curva"";""Não"";325943;""Micro-ônibus"";""RENAULT/M REVESCAP L3H2"";2008;""Passageiro"";""Lesões Leves"";46;""Feminino"";0;1;0;0;-27",68892433;-48,"7929225;""SR-SC"";""DEL8/1"";""UOP03/SC"""
"183300;406846;2019-01-04;""sexta-feira"";""05:40:00"";""SC"";282;30","3;""SANTO AMARO DA IMPERATRIZ"";""Sim"";""Falta de Atenção à Condução"";1;""Tombamento"";""Com Vítimas Fatais"";""Amanhecer"";""Decrescente"";""Nublado"";""Simples"";""Curva"";""Não"";325943;""Micro-ônibus"";""RENAULT/M REVESCAP L3H2"";2008;""Passageiro"";""Lesões Leves"";46;""Feminino"";0;1;0;0;-27",68892433;-48,"7929225;""SR-SC"";""DEL8/1"";""UOP03/SC"""
"183300;405270;2019-01-04;""sexta-feira"";""05:40:00"";""SC"";282;30","3;""SANTO AMARO DA IMPERATRIZ"";""Sim"";""Falta de Atenção à Condução"";2;""Colisão com objeto em movimento"";""Com Vítimas Fatais"";""Amanhecer"";""Decrescente"";""Nublado"";""Simples"";""Curva"";""Não"";325943;""Micro-ônibus"";""RENAULT/M REVESCAP L3H2"";2008;""Condutor"";""Lesões Leves"";54;""Masculino"";0;1;0;0;-27",68892433;-48,"7929225;""SR-SC"";""DEL8/1"";""UOP03/SC"""
"183300;405270;2019-01-04;""sexta-feira"";""05:40:00"";""SC"";282;30","3;""SANTO AMARO DA IMPERATRIZ"";""Sim"";""Falta de Atenção à Condução"";1;""Tombamento"";""Com Vítimas Fatais"";""Amanhecer"";""Decrescente"";""Nublado"";""Simples"";""Curva"";""Não"";325943;""Micro-ônibus"";""RENAULT/M REVESCAP L3H2"";2008;""Condutor"";""Lesões Leves"";54;""Masculino"";0;1;0;0;-27",68892433;-48,"7929225;""SR-SC"";""DEL8/1"";""UOP03/SC"""
"183300;406856;2019-01-04;""sexta-feira"";""05:40:00"";""SC"";282;30","3;""SANTO AMARO DA IMPERATRIZ"";""Sim"";""Falta de Atenção à Condução"";2;""Colisão com objeto em movimento"";""Com Vítimas Fatais"";""Amanhecer"";""Decrescente"";""Nublado"";""Simples"";""Curva"";""Não"";325943;""Micro-ônibus"";""RENAULT/M REVESCAP L3H2"";2008;""Passageiro"";""Lesões Graves"";16;""Masculino"";0;0;1;0;-27",68892433;-48,"7929225;""SR-SC"";""DEL8/1"";""UOP03/SC"""
"183300;406856;2019-01-04;""sexta-feira"";""05:40:00"";""SC"";282;30","3;""SANTO AMARO DA IMPERATRIZ"";""Sim"";""Falta de Atenção à Condução"";1;""Tombamento"";""Com Vítimas Fatais"";""Amanhecer"";""Decrescente"";""Nublado"";""Simples"";""Curva"";""Não"";325943;""Micro-ônibus"";""RENAULT/M REVESCAP L3H2"";2008;""Passageiro"";""Lesões Graves"";16;""Masculino"";0;0;1;0;-27",68892433;-48,"7929225;""SR-SC"";""DEL8/1"";""UOP03/SC"""
"183300;406843;2019-01-04;""sexta-feira"";""05:40:00"";""SC"";282;30","3;""SANTO AMARO DA IMPERATRIZ"";""Sim"";""Falta de Atenção à Condução"";2;""Colisão com objeto em movimento"";""Com Vítimas Fatais"";""Amanhecer"";""Decrescente"";""Nublado"";""Simples"";""Curva"";""Não"";325942;""Caminhão"";""VW/30.330 CRC 8X2"";2018;""Condutor"";""Óbito"";28;""Masculino"";0;0;0;1;-27",68892433;-48,"7929225;""SR-SC"";""DEL8/1"";""UOP03/SC"""
"183300;406843;2019-01-04;""sexta-feira"";""05:40:00"";""SC"";282;30","3;""SANTO AMARO DA IMPERATRIZ"";""Sim"";""Falta de Atenção à Condução"";1;""Tombamento"";""Com Vítimas Fatais"";""Amanhecer"";""Decrescente"";""Nublado"";""Simples"";""Curva"";""Não"";325942;""Caminhão"";""VW/30.330 CRC 8X2"";2018;""Condutor"";""Óbito"";28;""Masculino"";0;0;0;1;-27",68892433;-48,"7929225;""SR-SC"";""DEL8/1"";""UOP03/SC"""
"183301;406888;2019-01-04;""sexta-feira"";""06:25:00"";""SC"";101;30","4;""JOINVILLE"";""Sim"";""Falta de Atenção à Condução"";1;""Colisão lateral"";""Com Vítimas Feridas"";""Pleno dia"";""Decrescente"";""Céu Claro"";""Dupla"";""Viaduto"";""Não"";325930;""Automóvel"";""FIAT/SIENA ATTRACTIV 1.4"";2013;""Passageiro"";""Lesões Leves"";49;""Feminino"";0;1;0;0;-26",2367;-48,"9146;""SR-SC"";""DEL8/3"";""UOP01/SC"""
"183301;406913;2019-01-04;""sexta-feira"";""06:25:00"";""SC"";101;30","4;""JOINVILLE"";""Sim"";""Falta de Atenção à Condução"";1;""Colisão lateral"";""Com Vítimas Feridas"";""Pleno dia"";""Decrescente"";""Céu Claro"";""Dupla"";""Viaduto"";""Não"";325930;""Automóvel"";""FIAT/SIENA ATTRACTIV 1.4"";2013;""Passageiro"";""Lesões Leves"";19;""Feminino"";0;1;0;0;-26",2367;-48,"9146;""SR-SC"";""DEL8/3"";""UOP01/SC"""
"183301;405298;2019-01-04;""sexta-feira"";""06:25:00"";""SC"";101;30","4;""JOINVILLE"";""Sim"";""Falta de Atenção à Condução"";1;""Colisão lateral"";""Com Vítimas Feridas"";""Pleno dia"";""Decrescente"";""Céu Claro"";""Dupla"";""Viaduto"";""Não"";325930;""Automóvel"";""FIAT/SIENA ATTRACTIV 1.4"";2013;""Condutor"";""Lesões Leves"";49;""Masculino"";0;1;0;0;-26",2367;-48,"9146;""SR-SC"";""DEL8/3"";""UOP01/SC"""
"183301;405282;2019-01-04;""sexta-feira"";""06:25:00"";""SC"";101;30","4;""JOINVILLE"";""Sim"";""Falta de Atenção à Condução"";1;""Colisão lateral"";""Com Vítimas Feridas"";""Pleno dia"";""Decrescente"";""Céu Claro"";""Dupla"";""Viaduto"";""Não"";325929;""Caminhão"";""M.BENZ/ATEGO 2429"";2013;""Condutor"";""Ileso"";41;""Masculino"";1;0;0;0;-26",2367;-48,"9146;""SR-SC"";""DEL8/3"";""UOP01/SC"""
"183302;408098;2019-01-04;""sexta-feira"";""07:00:00"";""SC"";101;155;""PORTO BELO"";""Sim"";""Ultrapassagem Indevida"";1;""Colisão frontal"";""Com Vítimas Fatais"";""Pleno dia"";""Decrescente"";""Céu Claro"";""Dupla"";""Reta"";""Não"";325981;""Automóvel"";""VW/UP MOVE MA"";2014;""Condutor"";""Ileso"";33;""Feminino"";1;0;0;0;-27",1719;-48,"6115;""SR-SC"";""DEL8/4"";""UOP03/SC""",
"183302;408097;2019-01-04;""sexta-feira"";""07:00:00"";""SC"";101;155;""PORTO BELO"";""Sim"";""Ultrapassagem Indevida"";1;""Colisão frontal"";""Com Vítimas Fatais"";""Pleno dia"";""Decrescente"";""Céu Claro"";""Dupla"";""Reta"";""Não"";325980;""Caminhonete"";""RENAULT/MASTER FUR L3H2"";2013;""Condutor"";""Ileso"";46;""Masculino"";1;0;0;0;-27",1719;-48,"6115;""SR-SC"";""DEL8/4"";""UOP03/SC""",
"183302;403781;2019-01-04;""sexta-feira"";""07:00:00"";""SC"";101;155;""PORTO BELO"";""Sim"";""Ultrapassagem Indevida"";1;""Colisão frontal"";""Com Vítimas Fatais"";""Pleno dia"";""Decrescente"";""Céu Claro"";""Dupla"";""Reta"";""Não"";325979;""Motoneta"";""JTA/SUZUKI BURGMAN I"";2011;""Condutor"";""Óbito"";49;""Masculino"";0;0;0;1;-27",1719;-48,"6115;""SR-SC"";""DEL8/4"";""UOP03/SC""",
"183304;403723;2019-01-04;""sexta-feira"";""07:20:00"";""RJ"";101;316;""SAO GONCALO"";""Sim"";""Falta de Atenção à Condução"";1;""Tombamento"";""Com Vítimas Feridas"";""Pleno dia"";""Crescente"";""Céu Claro"";""Dupla"";""Reta"";""Sim"";325939;""Motocicleta"";""HONDA/CG 150 FAN ESI"";2012;""Passageiro"";""Lesões Leves"";50;""Feminino"";0;1;0;0;-22",828388;-43,"092102;""SR-RJ"";""DEL5/2"";""UOP04/RJ""",
"183304;403722;2019-01-04;""sexta-feira"";""07:20:00"";""RJ"";101;316;""SAO GONCALO"";""Sim"";""Falta de Atenção à Condução"";1;""Tombamento"";""Com Vítimas Feridas"";""Pleno dia"";""Crescente"";""Céu Claro"";""Dupla"";""Reta"";""Sim"";325939;""Motocicleta"";""HONDA/CG 150 FAN ESI"";2012;""Condutor"";""Lesões Leves"";34;""Masculino"";0;1;0;0;-22",828388;-43,"092102;""SR-RJ"";""DEL5/2"";""UOP04/RJ""",
"183305;405413;2019-01-04;""sexta-feira"";""04:30:00"";""RR"";174;500;""BOA VISTA"";""Sim"";""Desobediência às normas de trânsito pelo condutor"";1;""Colisão frontal"";""Com Vítimas Feridas"";""Amanhecer"";""Decrescente"";""Céu Claro"";""Dupla"";""Reta"";""Não"";327043;""Bicicleta"";"""";NA;""Condutor"";""Lesões Leves"";19;""Masculino"";0;1;0;0;2",78488113;-60,"70113659;""SR-RR"";""UOP01/RR"";""""",
"183305;405385;2019-01-04;""sexta-feira"";""04:30:00"";""RR"";174;500;""BOA VISTA"";""Sim"";""Desobediência às normas de trânsito pelo condutor"";1;""Colisão frontal"";""Com Vítimas Feridas"";""Amanhecer"";""Decrescente"";""Céu Claro"";""Dupla"";""Reta"";""Não"";325944;""Motocicleta"";""YAMAHA/YBR 125E"";2004;""Testemunha"";""Não Informado"";NA;""Não Informado"";0;0;0;0;2",78488113;-60,"70113659;""SR-RR"";""UOP01/RR"";""""",
"183305;405385;2019-01-04;""sexta-feira"";""04:30:00"";""RR"";174;500;""BOA VISTA"";""Sim"";""Desobediência às normas de trânsito pelo condutor"";1;""Colisão frontal"";""Com Vítimas Feridas"";""Amanhecer"";""Decrescente"";""Céu Claro"";""Dupla"";""Reta"";""Não"";327043;""Bicicleta"";"""";NA;""Testemunha"";""Não Informado"";NA;""Não Informado"";0;0;0;0;2",78488113;-60,"70113659;""SR-RR"";""UOP01/RR"";""""",
"183305;405382;2019-01-04;""sexta-feira"";""04:30:00"";""RR"";174;500;""BOA VISTA"";""Sim"";""Desobediência às normas de trânsito pelo condutor"";1;""Colisão frontal"";""Com Vítimas Feridas"";""Amanhecer"";""Decrescente"";""Céu Claro"";""Dupla"";""Reta"";""Não"";325944;""Motocicleta"";""YAMAHA/YBR 125E"";2004;""Condutor"";""Ileso"";25;""Masculino"";1;0;0;0;2",78488113;-60,"70113659;""SR-RR"";""UOP01/RR"";""""",
"183306;405285;2019-01-04;""sexta-feira"";""07:00:00"";""RJ"";40;94","1;""DUQUE DE CAXIAS"";""Sim"";""Falta de Atenção à Condução"";1;""Saída de leito carroçável"";""Com Vítimas Feridas"";""Amanhecer"";""Decrescente"";""Céu Claro"";""Dupla"";""Não Informado"";""Não"";326943;""Automóvel"";""VW/GOL 1.0"";2003;""Passageiro"";""Lesões Leves"";21;""Feminino"";0;1;0;0;-22",5723;-43,"2583;""SR-RJ"";""DEL5/6"";""UOP03/RJ"""