"id;""pesid"";""data_inversa"";""dia_semana"";""horario"";""uf"";""br"";""km"";""municipio"";""causa_principal"";""causa_acidente"";""ordem_tipo_acidente"";""tipo_acidente"";""classificacao_acidente"";""fase_dia"";""sentido_via"";""condicao_metereologica"";""tipo_pista"";""tracado_via"";""uso_solo"";""id_veiculo"";""tipo_veiculo"";""marca"";""ano_fabricacao_veiculo"";""tipo_envolvido"";""estado_fisico"";""idade"";""sexo"";""ilesos"";""feridos_leves"";""feridos_graves"";""mortos"";""latitude"";""longitude"";""regional"";""delegacia"";""uop""",,,
"183306;405286;2019-01-04;""sexta-feira"";""07:00:00"";""RJ"";40;94","1;""DUQUE DE CAXIAS"";""Sim"";""Falta de Atenção à Condução"";1;""Saída de leito carroçável"";""Com Vítimas Feridas"";""Amanhecer"";""Decrescente"";""Céu Claro"";""Dupla"";""Não Informado"";""Não"";326943;""Automóvel"";""VW/GOL 1.0"";2003;""Passageiro"";""Lesões Leves"";35;""Masculino"";0;1;0;0;-22",5723;-43,"2583;""SR-RJ"";""DEL5/6"";""UOP03/RJ"""
"183306;405284;2019-01-04;""sexta-feira"";""07:00:00"";""RJ"";40;94","1;""DUQUE DE CAXIAS"";""Sim"";""Falta de Atenção à Condução"";1;""Saída de leito carroçável"";""Com Vítimas Feridas"";""Amanhecer"";""Decrescente"";""Céu Claro"";""Dupla"";""Não Informado"";""Não"";326943;""Automóvel"";""VW/GOL 1.0"";2003;""Condutor"";""Lesões Leves"";28;""Masculino"";0;1;0;0;-22",5723;-43,"2583;""SR-RJ"";""DEL5/6"";""UOP03/RJ"""
"183307;405931;2019-01-04;""sexta-feira"";""07:00:00"";""SP"";116;272","2;""TABOAO DA SERRA"";""Sim"";""Desobediência às normas de trânsito pelo condutor"";1;""Colisão lateral"";""Com Vítimas Feridas"";""Amanhecer"";""Crescente"";""Nublado"";""Dupla"";""Não Informado"";""Sim"";325950;""Motoneta"";""HONDA/C100 BIZ"";2004;""Testemunha"";""Não Informado"";NA;""Não Informado"";0;0;0;0;-23",61470215;-46,"78782105;""SR-SP"";""DEL6/4"";""UOP01/SP"""
"183307;405931;2019-01-04;""sexta-feira"";""07:00:00"";""SP"";116;272","2;""TABOAO DA SERRA"";""Sim"";""Desobediência às normas de trânsito pelo condutor"";1;""Colisão lateral"";""Com Vítimas Feridas"";""Amanhecer"";""Crescente"";""Nublado"";""Dupla"";""Não Informado"";""Sim"";325951;""Automóvel"";""I/RENAULT CLIO EXP1016VH"";2012;""Testemunha"";""Não Informado"";NA;""Não Informado"";0;0;0;0;-23",61470215;-46,"78782105;""SR-SP"";""DEL6/4"";""UOP01/SP"""
"183307;405930;2019-01-04;""sexta-feira"";""07:00:00"";""SP"";116;272","2;""TABOAO DA SERRA"";""Sim"";""Desobediência às normas de trânsito pelo condutor"";1;""Colisão lateral"";""Com Vítimas Feridas"";""Amanhecer"";""Crescente"";""Nublado"";""Dupla"";""Não Informado"";""Sim"";325950;""Motoneta"";""HONDA/C100 BIZ"";2004;""Testemunha"";""Não Informado"";NA;""Não Informado"";0;0;0;0;-23",61470215;-46,"78782105;""SR-SP"";""DEL6/4"";""UOP01/SP"""
"183307;405930;2019-01-04;""sexta-feira"";""07:00:00"";""SP"";116;272","2;""TABOAO DA SERRA"";""Sim"";""Desobediência às normas de trânsito pelo condutor"";1;""Colisão lateral"";""Com Vítimas Feridas"";""Amanhecer"";""Crescente"";""Nublado"";""Dupla"";""Não Informado"";""Sim"";325951;""Automóvel"";""I/RENAULT CLIO EXP1016VH"";2012;""Testemunha"";""Não Informado"";NA;""Não Informado"";0;0;0;0;-23",61470215;-46,"78782105;""SR-SP"";""DEL6/4"";""UOP01/SP"""
"183307;405927;2019-01-04;""sexta-feira"";""07:00:00"";""SP"";116;272","2;""TABOAO DA SERRA"";""Sim"";""Desobediência às normas de trânsito pelo condutor"";1;""Colisão lateral"";""Com Vítimas Feridas"";""Amanhecer"";""Crescente"";""Nublado"";""Dupla"";""Não Informado"";""Sim"";325951;""Automóvel"";""I/RENAULT CLIO EXP1016VH"";2012;""Condutor"";""Ileso"";35;""Masculino"";1;0;0;0;-23",61470215;-46,"78782105;""SR-SP"";""DEL6/4"";""UOP01/SP"""
"183307;405916;2019-01-04;""sexta-feira"";""07:00:00"";""SP"";116;272","2;""TABOAO DA SERRA"";""Sim"";""Desobediência às normas de trânsito pelo condutor"";1;""Colisão lateral"";""Com Vítimas Feridas"";""Amanhecer"";""Crescente"";""Nublado"";""Dupla"";""Não Informado"";""Sim"";325950;""Motoneta"";""HONDA/C100 BIZ"";2004;""Condutor"";""Lesões Leves"";36;""Masculino"";0;1;0;0;-23",61470215;-46,"78782105;""SR-SP"";""DEL6/4"";""UOP01/SP"""
"183308;405877;2019-01-04;""sexta-feira"";""07:10:00"";""MG"";381;345;""BELA VISTA DE MINAS"";""Sim"";""Velocidade Incompatível"";2;""Saída de leito carroçável"";""Com Vítimas Feridas"";""Pleno dia"";""Decrescente"";""Chuva"";""Simples"";""Não Informado"";""Não"";325964;""Automóvel"";""PEUGEOT/206"";2009;""Passageiro"";""Lesões Leves"";7;""Feminino"";0;1;0;0;-19",83205367;-43,"09613678;""SR-MG"";""DEL4/3"";""UOP01/MG""",
"183308;405877;2019-01-04;""sexta-feira"";""07:10:00"";""MG"";381;345;""BELA VISTA DE MINAS"";""Sim"";""Velocidade Incompatível"";1;""Colisão frontal"";""Com Vítimas Feridas"";""Pleno dia"";""Decrescente"";""Chuva"";""Simples"";""Não Informado"";""Não"";325964;""Automóvel"";""PEUGEOT/206"";2009;""Passageiro"";""Lesões Leves"";7;""Feminino"";0;1;0;0;-19",83205367;-43,"09613678;""SR-MG"";""DEL4/3"";""UOP01/MG""",
"183308;405885;2019-01-04;""sexta-feira"";""07:10:00"";""MG"";381;345;""BELA VISTA DE MINAS"";""Sim"";""Velocidade Incompatível"";2;""Saída de leito carroçável"";""Com Vítimas Feridas"";""Pleno dia"";""Decrescente"";""Chuva"";""Simples"";""Não Informado"";""Não"";325964;""Automóvel"";""PEUGEOT/206"";2009;""Passageiro"";""Lesões Leves"";2;""Feminino"";0;1;0;0;-19",83205367;-43,"09613678;""SR-MG"";""DEL4/3"";""UOP01/MG""",
"183308;405885;2019-01-04;""sexta-feira"";""07:10:00"";""MG"";381;345;""BELA VISTA DE MINAS"";""Sim"";""Velocidade Incompatível"";1;""Colisão frontal"";""Com Vítimas Feridas"";""Pleno dia"";""Decrescente"";""Chuva"";""Simples"";""Não Informado"";""Não"";325964;""Automóvel"";""PEUGEOT/206"";2009;""Passageiro"";""Lesões Leves"";2;""Feminino"";0;1;0;0;-19",83205367;-43,"09613678;""SR-MG"";""DEL4/3"";""UOP01/MG""",
"183308;405876;2019-01-04;""sexta-feira"";""07:10:00"";""MG"";381;345;""BELA VISTA DE MINAS"";""Sim"";""Velocidade Incompatível"";2;""Saída de leito carroçável"";""Com Vítimas Feridas"";""Pleno dia"";""Decrescente"";""Chuva"";""Simples"";""Não Informado"";""Não"";325964;""Automóvel"";""PEUGEOT/206"";2009;""Condutor"";""Lesões Leves"";43;""Masculino"";0;1;0;0;-19",83205367;-43,"09613678;""SR-MG"";""DEL4/3"";""UOP01/MG""",
"183308;405876;2019-01-04;""sexta-feira"";""07:10:00"";""MG"";381;345;""BELA VISTA DE MINAS"";""Sim"";""Velocidade Incompatível"";1;""Colisão frontal"";""Com Vítimas Feridas"";""Pleno dia"";""Decrescente"";""Chuva"";""Simples"";""Não Informado"";""Não"";325964;""Automóvel"";""PEUGEOT/206"";2009;""Condutor"";""Lesões Leves"";43;""Masculino"";0;1;0;0;-19",83205367;-43,"09613678;""SR-MG"";""DEL4/3"";""UOP01/MG""",
"183308;405879;2019-01-04;""sexta-feira"";""07:10:00"";""MG"";381;345;""BELA VISTA DE MINAS"";""Sim"";""Velocidade Incompatível"";2;""Saída de leito carroçável"";""Com Vítimas Feridas"";""Pleno dia"";""Decrescente"";""Chuva"";""Simples"";""Não Informado"";""Não"";325964;""Automóvel"";""PEUGEOT/206"";2009;""Passageiro"";""Lesões Leves"";30;""Feminino"";0;1;0;0;-19",83205367;-43,"09613678;""SR-MG"";""DEL4/3"";""UOP01/MG""",
"183308;405879;2019-01-04;""sexta-feira"";""07:10:00"";""MG"";381;345;""BELA VISTA DE MINAS"";""Sim"";""Velocidade Incompatível"";1;""Colisão frontal"";""Com Vítimas Feridas"";""Pleno dia"";""Decrescente"";""Chuva"";""Simples"";""Não Informado"";""Não"";325964;""Automóvel"";""PEUGEOT/206"";2009;""Passageiro"";""Lesões Leves"";30;""Feminino"";0;1;0;0;-19",83205367;-43,"09613678;""SR-MG"";""DEL4/3"";""UOP01/MG""",
"183308;405872;2019-01-04;""sexta-feira"";""07:10:00"";""MG"";381;345;""BELA VISTA DE MINAS"";""Sim"";""Velocidade Incompatível"";2;""Saída de leito carroçável"";""Com Vítimas Feridas"";""Pleno dia"";""Decrescente"";""Chuva"";""Simples"";""Não Informado"";""Não"";325963;""Automóvel"";""GM/CLASSIC SPIRIT"";2007;""Passageiro"";""Lesões Leves"";52;""Feminino"";0;1;0;0;-19",83205367;-43,"09613678;""SR-MG"";""DEL4/3"";""UOP01/MG""",
"183308;405872;2019-01-04;""sexta-feira"";""07:10:00"";""MG"";381;345;""BELA VISTA DE MINAS"";""Sim"";""Velocidade Incompatível"";1;""Colisão frontal"";""Com Vítimas Feridas"";""Pleno dia"";""Decrescente"";""Chuva"";""Simples"";""Não Informado"";""Não"";325963;""Automóvel"";""GM/CLASSIC SPIRIT"";2007;""Passageiro"";""Lesões Leves"";52;""Feminino"";0;1;0;0;-19",83205367;-43,"09613678;""SR-MG"";""DEL4/3"";""UOP01/MG""",
"183308;405869;2019-01-04;""sexta-feira"";""07:10:00"";""MG"";381;345;""BELA VISTA DE MINAS"";""Sim"";""Velocidade Incompatível"";2;""Saída de leito carroçável"";""Com Vítimas Feridas"";""Pleno dia"";""Decrescente"";""Chuva"";""Simples"";""Não Informado"";""Não"";325963;""Automóvel"";""GM/CLASSIC SPIRIT"";2007;""Condutor"";""Lesões Leves"";57;""Masculino"";0;1;0;0;-19",83205367;-43,"09613678;""SR-MG"";""DEL4/3"";""UOP01/MG""",
"183308;405869;2019-01-04;""sexta-feira"";""07:10:00"";""MG"";381;345;""BELA VISTA DE MINAS"";""Sim"";""Velocidade Incompatível"";1;""Colisão frontal"";""Com Vítimas Feridas"";""Pleno dia"";""Decrescente"";""Chuva"";""Simples"";""Não Informado"";""Não"";325963;""Automóvel"";""GM/CLASSIC SPIRIT"";2007;""Condutor"";""Lesões Leves"";57;""Masculino"";0;1;0;0;-19",83205367;-43,"09613678;""SR-MG"";""DEL4/3"";""UOP01/MG""",
"183308;405875;2019-01-04;""sexta-feira"";""07:10:00"";""MG"";381;345;""BELA VISTA DE MINAS"";""Sim"";""Velocidade Incompatível"";2;""Saída de leito carroçável"";""Com Vítimas Feridas"";""Pleno dia"";""Decrescente"";""Chuva"";""Simples"";""Não Informado"";""Não"";325963;""Automóvel"";""GM/CLASSIC SPIRIT"";2007;""Passageiro"";""Lesões Leves"";15;""Feminino"";0;1;0;0;-19",83205367;-43,"09613678;""SR-MG"";""DEL4/3"";""UOP01/MG""",
"183308;405875;2019-01-04;""sexta-feira"";""07:10:00"";""MG"";381;345;""BELA VISTA DE MINAS"";""Sim"";""Velocidade Incompatível"";1;""Colisão frontal"";""Com Vítimas Feridas"";""Pleno dia"";""Decrescente"";""Chuva"";""Simples"";""Não Informado"";""Não"";325963;""Automóvel"";""GM/CLASSIC SPIRIT"";2007;""Passageiro"";""Lesões Leves"";15;""Feminino"";0;1;0;0;-19",83205367;-43,"09613678;""SR-MG"";""DEL4/3"";""UOP01/MG""",
"183308;405880;2019-01-04;""sexta-feira"";""07:10:00"";""MG"";381;345;""BELA VISTA DE MINAS"";""Sim"";""Velocidade Incompatível"";2;""Saída de leito carroçável"";""Com Vítimas Feridas"";""Pleno dia"";""Decrescente"";""Chuva"";""Simples"";""Não Informado"";""Não"";325964;""Automóvel"";""PEUGEOT/206"";2009;""Passageiro"";""Lesões Leves"";9;""Masculino"";0;1;0;0;-19",83205367;-43,"09613678;""SR-MG"";""DEL4/3"";""UOP01/MG""",
"183308;405880;2019-01-04;""sexta-feira"";""07:10:00"";""MG"";381;345;""BELA VISTA DE MINAS"";""Sim"";""Velocidade Incompatível"";1;""Colisão frontal"";""Com Vítimas Feridas"";""Pleno dia"";""Decrescente"";""Chuva"";""Simples"";""Não Informado"";""Não"";325964;""Automóvel"";""PEUGEOT/206"";2009;""Passageiro"";""Lesões Leves"";9;""Masculino"";0;1;0;0;-19",83205367;-43,"09613678;""SR-MG"";""DEL4/3"";""UOP01/MG""",
"183308;405873;2019-01-04;""sexta-feira"";""07:10:00"";""MG"";381;345;""BELA VISTA DE MINAS"";""Sim"";""Velocidade Incompatível"";2;""Saída de leito carroçável"";""Com Vítimas Feridas"";""Pleno dia"";""Decrescente"";""Chuva"";""Simples"";""Não Informado"";""Não"";325963;""Automóvel"";""GM/CLASSIC SPIRIT"";2007;""Passageiro"";""Lesões Leves"";13;""Masculino"";0;1;0;0;-19",83205367;-43,"09613678;""SR-MG"";""DEL4/3"";""UOP01/MG""",
"183308;405873;2019-01-04;""sexta-feira"";""07:10:00"";""MG"";381;345;""BELA VISTA DE MINAS"";""Sim"";""Velocidade Incompatível"";1;""Colisão frontal"";""Com Vítimas Feridas"";""Pleno dia"";""Decrescente"";""Chuva"";""Simples"";""Não Informado"";""Não"";325963;""Automóvel"";""GM/CLASSIC SPIRIT"";2007;""Passageiro"";""Lesões Leves"";13;""Masculino"";0;1;0;0;-19",83205367;-43,"09613678;""SR-MG"";""DEL4/3"";""UOP01/MG""",
"183309;404205;2019-01-04;""sexta-feira"";""06:45:00"";""ES"";101;299","9;""VIANA"";""Sim"";""Falta de Atenção à Condução"";1;""Colisão lateral"";""Com Vítimas Feridas"";""Pleno dia"";""Crescente"";""Céu Claro"";""Múltipla"";""Curva"";""Sim"";326250;""Caminhão"";""M.BENZ/L 1113"";1977;""Condutor"";""Ileso"";69;""Masculino"";1;0;0;0;-20",35783552;-40,"43102156;""SR-ES"";""DEL12/1"";""UOP01/ES"""
"183309;404204;2019-01-04;""sexta-feira"";""06:45:00"";""ES"";101;299","9;""VIANA"";""Sim"";""Falta de Atenção à Condução"";1;""Colisão lateral"";""Com Vítimas Feridas"";""Pleno dia"";""Crescente"";""Céu Claro"";""Múltipla"";""Curva"";""Sim"";326249;""Automóvel"";""I/RENAULT SYMBOL PR1616V"";2009;""Passageiro"";""Lesões Leves"";31;""Masculino"";0;1;0;0;-20",35783552;-40,"43102156;""SR-ES"";""DEL12/1"";""UOP01/ES"""
"183309;404203;2019-01-04;""sexta-feira"";""06:45:00"";""ES"";101;299","9;""VIANA"";""Sim"";""Falta de Atenção à Condução"";1;""Colisão lateral"";""Com Vítimas Feridas"";""Pleno dia"";""Crescente"";""Céu Claro"";""Múltipla"";""Curva"";""Sim"";326249;""Automóvel"";""I/RENAULT SYMBOL PR1616V"";2009;""Condutor"";""Lesões Leves"";41;""Masculino"";0;1;0;0;-20",35783552;-40,"43102156;""SR-ES"";""DEL12/1"";""UOP01/ES"""
"183310;403887;2019-01-04;""sexta-feira"";""07:50:00"";""ES"";101;271","5;""SERRA"";""Sim"";""Falta de Atenção à Condução"";1;""Colisão traseira"";""Com Vítimas Feridas"";""Pleno dia"";""Crescente"";""Céu Claro"";""Dupla"";""Reta"";""Sim"";326020;""Motocicleta"";""HONDA/CG 150 TITAN ES"";2008;""Condutor"";""Lesões Leves"";30;""Masculino"";0;1;0;0;-20",22604731;-40,"28620809;""SR-ES"";""DEL12/2"";""UOP01/ES"""
"183310;403896;2019-01-04;""sexta-feira"";""07:50:00"";""ES"";101;271","5;""SERRA"";""Sim"";""Falta de Atenção à Condução"";1;""Colisão traseira"";""Com Vítimas Feridas"";""Pleno dia"";""Crescente"";""Céu Claro"";""Dupla"";""Reta"";""Sim"";326048;""Outros"";"""";NA;""Condutor"";""Ileso"";NA;""Ignorado"";1;0;0;0;-20",22604731;-40,"28620809;""SR-ES"";""DEL12/2"";""UOP01/ES"""
"183310;403891;2019-01-04;""sexta-feira"";""07:50:00"";""ES"";101;271","5;""SERRA"";""Sim"";""Falta de Atenção à Condução"";1;""Colisão traseira"";""Com Vítimas Feridas"";""Pleno dia"";""Crescente"";""Céu Claro"";""Dupla"";""Reta"";""Sim"";326040;""Micro-ônibus"";""IMP/MBENZ 310D SPRINTERM"";1998;""Condutor"";""Ileso"";30;""Masculino"";1;0;0;0;-20",22604731;-40,"28620809;""SR-ES"";""DEL12/2"";""UOP01/ES"""
"183310;403890;2019-01-04;""sexta-feira"";""07:50:00"";""ES"";101;271","5;""SERRA"";""Sim"";""Falta de Atenção à Condução"";1;""Colisão traseira"";""Com Vítimas Feridas"";""Pleno dia"";""Crescente"";""Céu Claro"";""Dupla"";""Reta"";""Sim"";326032;""Motocicleta"";""HONDA/CG 160 TITAN EX"";2015;""Condutor"";""Ileso"";26;""Masculino"";1;0;0;0;-20",22604731;-40,"28620809;""SR-ES"";""DEL12/2"";""UOP01/ES"""
"183311;404809;2019-01-04;""sexta-feira"";""07:30:00"";""SP"";153;135","4;""UBARANA"";""Sim"";""Desobediência às normas de trânsito pelo condutor"";2;""Saída de leito carroçável"";""Com Vítimas Fatais"";""Pleno dia"";""Decrescente"";""Sol"";""Simples"";""Curva"";""Não"";326051;""Automóvel"";""VW/GOL 1.6 RALLYE"";2011;""Passageiro"";""Lesões Leves"";44;""Masculino"";0;1;0;0;-21",284042;-49,"788876;""SR-SP"";""DEL6/9"";""UOP01/SP"""
"183311;404809;2019-01-04;""sexta-feira"";""07:30:00"";""SP"";153;135","4;""UBARANA"";""Sim"";""Desobediência às normas de trânsito pelo condutor"";1;""Colisão frontal"";""Com Vítimas Fatais"";""Pleno dia"";""Decrescente"";""Sol"";""Simples"";""Curva"";""Não"";326051;""Automóvel"";""VW/GOL 1.6 RALLYE"";2011;""Passageiro"";""Lesões Leves"";44;""Masculino"";0;1;0;0;-21",284042;-49,"788876;""SR-SP"";""DEL6/9"";""UOP01/SP"""
"183311;404806;2019-01-04;""sexta-feira"";""07:30:00"";""SP"";153;135","4;""UBARANA"";""Sim"";""Desobediência às normas de trânsito pelo condutor"";2;""Saída de leito carroçável"";""Com Vítimas Fatais"";""Pleno dia"";""Decrescente"";""Sol"";""Simples"";""Curva"";""Não"";326051;""Automóvel"";""VW/GOL 1.6 RALLYE"";2011;""Passageiro"";""Lesões Leves"";50;""Masculino"";0;1;0;0;-21",284042;-49,"788876;""SR-SP"";""DEL6/9"";""UOP01/SP"""
"183311;404806;2019-01-04;""sexta-feira"";""07:30:00"";""SP"";153;135","4;""UBARANA"";""Sim"";""Desobediência às normas de trânsito pelo condutor"";1;""Colisão frontal"";""Com Vítimas Fatais"";""Pleno dia"";""Decrescente"";""Sol"";""Simples"";""Curva"";""Não"";326051;""Automóvel"";""VW/GOL 1.6 RALLYE"";2011;""Passageiro"";""Lesões Leves"";50;""Masculino"";0;1;0;0;-21",284042;-49,"788876;""SR-SP"";""DEL6/9"";""UOP01/SP"""
"183311;404798;2019-01-04;""sexta-feira"";""07:30:00"";""SP"";153;135","4;""UBARANA"";""Sim"";""Desobediência às normas de trânsito pelo condutor"";2;""Saída de leito carroçável"";""Com Vítimas Fatais"";""Pleno dia"";""Decrescente"";""Sol"";""Simples"";""Curva"";""Não"";326050;""Automóvel"";""GM/CORSA WIND"";2000;""Passageiro"";""Lesões Graves"";50;""Masculino"";0;0;1;0;-21",284042;-49,"788876;""SR-SP"";""DEL6/9"";""UOP01/SP"""
"183311;404798;2019-01-04;""sexta-feira"";""07:30:00"";""SP"";153;135","4;""UBARANA"";""Sim"";""Desobediência às normas de trânsito pelo condutor"";1;""Colisão frontal"";""Com Vítimas Fatais"";""Pleno dia"";""Decrescente"";""Sol"";""Simples"";""Curva"";""Não"";326050;""Automóvel"";""GM/CORSA WIND"";2000;""Passageiro"";""Lesões Graves"";50;""Masculino"";0;0;1;0;-21",284042;-49,"788876;""SR-SP"";""DEL6/9"";""UOP01/SP"""
"183311;404801;2019-01-04;""sexta-feira"";""07:30:00"";""SP"";153;135","4;""UBARANA"";""Sim"";""Desobediência às normas de trânsito pelo condutor"";2;""Saída de leito carroçável"";""Com Vítimas Fatais"";""Pleno dia"";""Decrescente"";""Sol"";""Simples"";""Curva"";""Não"";326051;""Automóvel"";""VW/GOL 1.6 RALLYE"";2011;""Condutor"";""Ileso"";33;""Masculino"";1;0;0;0;-21",284042;-49,"788876;""SR-SP"";""DEL6/9"";""UOP01/SP"""
"183311;404801;2019-01-04;""sexta-feira"";""07:30:00"";""SP"";153;135","4;""UBARANA"";""Sim"";""Desobediência às normas de trânsito pelo condutor"";1;""Colisão frontal"";""Com Vítimas Fatais"";""Pleno dia"";""Decrescente"";""Sol"";""Simples"";""Curva"";""Não"";326051;""Automóvel"";""VW/GOL 1.6 RALLYE"";2011;""Condutor"";""Ileso"";33;""Masculino"";1;0;0;0;-21",284042;-49,"788876;""SR-SP"";""DEL6/9"";""UOP01/SP"""
"183311;404792;2019-01-04;""sexta-feira"";""07:30:00"";""SP"";153;135","4;""UBARANA"";""Sim"";""Desobediência às normas de trânsito pelo condutor"";2;""Saída de leito carroçável"";""Com Vítimas Fatais"";""Pleno dia"";""Decrescente"";""Sol"";""Simples"";""Curva"";""Não"";326050;""Automóvel"";""GM/CORSA WIND"";2000;""Condutor"";""Ileso"";47;""Masculino"";1;0;0;0;-21",284042;-49,"788876;""SR-SP"";""DEL6/9"";""UOP01/SP"""
"183311;404792;2019-01-04;""sexta-feira"";""07:30:00"";""SP"";153;135","4;""UBARANA"";""Sim"";""Desobediência às normas de trânsito pelo condutor"";1;""Colisão frontal"";""Com Vítimas Fatais"";""Pleno dia"";""Decrescente"";""Sol"";""Simples"";""Curva"";""Não"";326050;""Automóvel"";""GM/CORSA WIND"";2000;""Condutor"";""Ileso"";47;""Masculino"";1;0;0;0;-21",284042;-49,"788876;""SR-SP"";""DEL6/9"";""UOP01/SP"""
"183311;404842;2019-01-04;""sexta-feira"";""07:30:00"";""SP"";153;135","4;""UBARANA"";""Sim"";""Desobediência às normas de trânsito pelo condutor"";2;""Saída de leito carroçável"";""Com Vítimas Fatais"";""Pleno dia"";""Decrescente"";""Sol"";""Simples"";""Curva"";""Não"";326050;""Automóvel"";""GM/CORSA WIND"";2000;""Testemunha"";""Não Informado"";NA;""Não Informado"";0;0;0;0;-21",284042;-49,"788876;""SR-SP"";""DEL6/9"";""UOP01/SP"""
"183311;404842;2019-01-04;""sexta-feira"";""07:30:00"";""SP"";153;135","4;""UBARANA"";""Sim"";""Desobediência às normas de trânsito pelo condutor"";1;""Colisão frontal"";""Com Vítimas Fatais"";""Pleno dia"";""Decrescente"";""Sol"";""Simples"";""Curva"";""Não"";326050;""Automóvel"";""GM/CORSA WIND"";2000;""Testemunha"";""Não Informado"";NA;""Não Informado"";0;0;0;0;-21",284042;-49,"788876;""SR-SP"";""DEL6/9"";""UOP01/SP"""
"183311;404842;2019-01-04;""sexta-feira"";""07:30:00"";""SP"";153;135","4;""UBARANA"";""Sim"";""Desobediência às normas de trânsito pelo condutor"";2;""Saída de leito carroçável"";""Com Vítimas Fatais"";""Pleno dia"";""Decrescente"";""Sol"";""Simples"";""Curva"";""Não"";326052;""Caminhão"";"""";NA;""Testemunha"";""Não Informado"";NA;""Não Informado"";0;0;0;0;-21",284042;-49,"788876;""SR-SP"";""DEL6/9"";""UOP01/SP"""
"183311;404842;2019-01-04;""sexta-feira"";""07:30:00"";""SP"";153;135","4;""UBARANA"";""Sim"";""Desobediência às normas de trânsito pelo condutor"";1;""Colisão frontal"";""Com Vítimas Fatais"";""Pleno dia"";""Decrescente"";""Sol"";""Simples"";""Curva"";""Não"";326052;""Caminhão"";"""";NA;""Testemunha"";""Não Informado"";NA;""Não Informado"";0;0;0;0;-21",284042;-49,"788876;""SR-SP"";""DEL6/9"";""UOP01/SP"""
"183311;404842;2019-01-04;""sexta-feira"";""07:30:00"";""SP"";153;135","4;""UBARANA"";""Sim"";""Desobediência às normas de trânsito pelo condutor"";2;""Saída de leito carroçável"";""Com Vítimas Fatais"";""Pleno dia"";""Decrescente"";""Sol"";""Simples"";""Curva"";""Não"";326051;""Automóvel"";""VW/GOL 1.6 RALLYE"";2011;""Testemunha"";""Não Informado"";NA;""Não Informado"";0;0;0;0;-21",284042;-49,"788876;""SR-SP"";""DEL6/9"";""UOP01/SP"""
"183311;404842;2019-01-04;""sexta-feira"";""07:30:00"";""SP"";153;135","4;""UBARANA"";""Sim"";""Desobediência às normas de trânsito pelo condutor"";1;""Colisão frontal"";""Com Vítimas Fatais"";""Pleno dia"";""Decrescente"";""Sol"";""Simples"";""Curva"";""Não"";326051;""Automóvel"";""VW/GOL 1.6 RALLYE"";2011;""Testemunha"";""Não Informado"";NA;""Não Informado"";0;0;0;0;-21",284042;-49,"788876;""SR-SP"";""DEL6/9"";""UOP01/SP"""
"183311;404840;2019-01-04;""sexta-feira"";""07:30:00"";""SP"";153;135","4;""UBARANA"";""Sim"";""Desobediência às normas de trânsito pelo condutor"";2;""Saída de leito carroçável"";""Com Vítimas Fatais"";""Pleno dia"";""Decrescente"";""Sol"";""Simples"";""Curva"";""Não"";326050;""Automóvel"";""GM/CORSA WIND"";2000;""Testemunha"";""Não Informado"";NA;""Não Informado"";0;0;0;0;-21",284042;-49,"788876;""SR-SP"";""DEL6/9"";""UOP01/SP"""
"183311;404840;2019-01-04;""sexta-feira"";""07:30:00"";""SP"";153;135","4;""UBARANA"";""Sim"";""Desobediência às normas de trânsito pelo condutor"";1;""Colisão frontal"";""Com Vítimas Fatais"";""Pleno dia"";""Decrescente"";""Sol"";""Simples"";""Curva"";""Não"";326050;""Automóvel"";""GM/CORSA WIND"";2000;""Testemunha"";""Não Informado"";NA;""Não Informado"";0;0;0;0;-21",284042;-49,"788876;""SR-SP"";""DEL6/9"";""UOP01/SP"""
"183311;404840;2019-01-04;""sexta-feira"";""07:30:00"";""SP"";153;135","4;""UBARANA"";""Sim"";""Desobediência às normas de trânsito pelo condutor"";2;""Saída de leito carroçável"";""Com Vítimas Fatais"";""Pleno dia"";""Decrescente"";""Sol"";""Simples"";""Curva"";""Não"";326052;""Caminhão"";"""";NA;""Testemunha"";""Não Informado"";NA;""Não Informado"";0;0;0;0;-21",284042;-49,"788876;""SR-SP"";""DEL6/9"";""UOP01/SP"""
"183311;404840;2019-01-04;""sexta-feira"";""07:30:00"";""SP"";153;135","4;""UBARANA"";""Sim"";""Desobediência às normas de trânsito pelo condutor"";1;""Colisão frontal"";""Com Vítimas Fatais"";""Pleno dia"";""Decrescente"";""Sol"";""Simples"";""Curva"";""Não"";326052;""Caminhão"";"""";NA;""Testemunha"";""Não Informado"";NA;""Não Informado"";0;0;0;0;-21",284042;-49,"788876;""SR-SP"";""DEL6/9"";""UOP01/SP"""