"id;""pesid"";""data_inversa"";""dia_semana"";""horario"";""uf"";""br"";""km"";""municipio"";""causa_principal"";""causa_acidente"";""ordem_tipo_acidente"";""tipo_acidente"";""classificacao_acidente"";""fase_dia"";""sentido_via"";""condicao_metereologica"";""tipo_pista"";""tracado_via"";""uso_solo"";""id_veiculo"";""tipo_veiculo"";""marca"";""ano_fabricacao_veiculo"";""tipo_envolvido"";""estado_fisico"";""idade"";""sexo"";""ilesos"";""feridos_leves"";""feridos_graves"";""mortos"";""latitude"";""longitude"";""regional"";""delegacia"";""uop""",,,
"183362;NA;2019-01-04;""sexta-feira"";""11:40:00"";""RS"";386;238","7;""SOLEDADE"";""Não"";""Falta de Atenção à Condução"";1;""Saída de leito carroçável"";""Com Vítimas Feridas"";""Pleno dia"";""Decrescente"";""Nublado"";""Simples"";""Curva"";""Não"";326234;""Semireboque"";""SR/GUERRA AG GR"";2004;""Não Informado"";""Não Informado"";NA;""Não Informado"";0;0;0;0;-28",74438424;-52,"54989461;""SR-RS"";""DEL9/4"";""UOP04/RS"""
"183362;NA;2019-01-04;""sexta-feira"";""11:40:00"";""RS"";386;238","7;""SOLEDADE"";""Sim"";""Defeito Mecânico no Veículo"";1;""Saída de leito carroçável"";""Com Vítimas Feridas"";""Pleno dia"";""Decrescente"";""Nublado"";""Simples"";""Curva"";""Não"";326234;""Semireboque"";""SR/GUERRA AG GR"";2004;""Não Informado"";""Não Informado"";NA;""Não Informado"";0;0;0;0;-28",74438424;-52,"54989461;""SR-RS"";""DEL9/4"";""UOP04/RS"""
"183362;404186;2019-01-04;""sexta-feira"";""11:40:00"";""RS"";386;238","7;""SOLEDADE"";""Não"";""Falta de Atenção à Condução"";1;""Saída de leito carroçável"";""Com Vítimas Feridas"";""Pleno dia"";""Decrescente"";""Nublado"";""Simples"";""Curva"";""Não"";326211;""Caminhão-trator"";""VOLVO/FH 440 6X4T"";2011;""Condutor"";""Lesões Leves"";37;""Masculino"";0;1;0;0;-28",74438424;-52,"54989461;""SR-RS"";""DEL9/4"";""UOP04/RS"""
"183362;404186;2019-01-04;""sexta-feira"";""11:40:00"";""RS"";386;238","7;""SOLEDADE"";""Sim"";""Defeito Mecânico no Veículo"";1;""Saída de leito carroçável"";""Com Vítimas Feridas"";""Pleno dia"";""Decrescente"";""Nublado"";""Simples"";""Curva"";""Não"";326211;""Caminhão-trator"";""VOLVO/FH 440 6X4T"";2011;""Condutor"";""Lesões Leves"";37;""Masculino"";0;1;0;0;-28",74438424;-52,"54989461;""SR-RS"";""DEL9/4"";""UOP04/RS"""
"183363;403857;2019-01-04;""sexta-feira"";""09:30:00"";""MT"";70;184;""GENERAL CARNEIRO"";""Sim"";""Ingestão de Álcool"";2;""Capotamento"";""Com Vítimas Feridas"";""Pleno dia"";""Decrescente"";""Céu Claro"";""Simples"";""Desvio Temporário"";""Não"";326011;""Automóvel"";""FIAT/UNO VIVACE 1.0"";2015;""Condutor"";""Lesões Leves"";44;""Masculino"";0;1;0;0;-15",699483;-53,"614403;""SR-MT"";""DEL2/5"";""UOP01/MT""",
"183363;403857;2019-01-04;""sexta-feira"";""09:30:00"";""MT"";70;184;""GENERAL CARNEIRO"";""Não"";""Falta de Atenção à Condução"";2;""Capotamento"";""Com Vítimas Feridas"";""Pleno dia"";""Decrescente"";""Céu Claro"";""Simples"";""Desvio Temporário"";""Não"";326011;""Automóvel"";""FIAT/UNO VIVACE 1.0"";2015;""Condutor"";""Lesões Leves"";44;""Masculino"";0;1;0;0;-15",699483;-53,"614403;""SR-MT"";""DEL2/5"";""UOP01/MT""",
"183363;403857;2019-01-04;""sexta-feira"";""09:30:00"";""MT"";70;184;""GENERAL CARNEIRO"";""Sim"";""Ingestão de Álcool"";1;""Saída de leito carroçável"";""Com Vítimas Feridas"";""Pleno dia"";""Decrescente"";""Céu Claro"";""Simples"";""Desvio Temporário"";""Não"";326011;""Automóvel"";""FIAT/UNO VIVACE 1.0"";2015;""Condutor"";""Lesões Leves"";44;""Masculino"";0;1;0;0;-15",699483;-53,"614403;""SR-MT"";""DEL2/5"";""UOP01/MT""",
"183363;403857;2019-01-04;""sexta-feira"";""09:30:00"";""MT"";70;184;""GENERAL CARNEIRO"";""Não"";""Falta de Atenção à Condução"";1;""Saída de leito carroçável"";""Com Vítimas Feridas"";""Pleno dia"";""Decrescente"";""Céu Claro"";""Simples"";""Desvio Temporário"";""Não"";326011;""Automóvel"";""FIAT/UNO VIVACE 1.0"";2015;""Condutor"";""Lesões Leves"";44;""Masculino"";0;1;0;0;-15",699483;-53,"614403;""SR-MT"";""DEL2/5"";""UOP01/MT""",
"183364;405677;2019-01-04;""sexta-feira"";""12:00:00"";""PI"";343;3","4;""TERESINA"";""Sim"";""Desobediência às normas de trânsito pelo condutor"";1;""Colisão transversal"";""Com Vítimas Feridas"";""Pleno dia"";""Crescente"";""Sol"";""Múltipla"";""Interseção de vias"";""Sim"";326104;""Motocicleta"";""HONDA/CG 150 TITAN KS"";2004;""Condutor"";""Lesões Leves"";30;""Masculino"";0;1;0;0;-5",08082931;-42,"78024137;""SR-PI"";""DEL17/1"";""UOP01/PI"""
"183364;405675;2019-01-04;""sexta-feira"";""12:00:00"";""PI"";343;3","4;""TERESINA"";""Sim"";""Desobediência às normas de trânsito pelo condutor"";1;""Colisão transversal"";""Com Vítimas Feridas"";""Pleno dia"";""Crescente"";""Sol"";""Múltipla"";""Interseção de vias"";""Sim"";326103;""Automóvel"";""TOYOTA/COROLLA XEI18VVT"";2003;""Condutor"";""Ileso"";53;""Masculino"";1;0;0;0;-5",08082931;-42,"78024137;""SR-PI"";""DEL17/1"";""UOP01/PI"""
"183365;NA;2019-01-04;""sexta-feira"";""13:00:00"";""MG"";381;737","4;""TRES CORACOES"";""Sim"";""Velocidade Incompatível"";2;""Saída de leito carroçável"";""Sem Vítimas"";""Pleno dia"";""Crescente"";""Chuva"";""Dupla"";""Curva"";""Não"";326043;""Semireboque"";""SR/PALMEIRA SRCF 2E"";2016;""Não Informado"";""Não Informado"";NA;""Não Informado"";0;0;0;0;-21",5656;-45,"2439;""SR-MG"";""DEL09"";""UOP02/MG"""
"183365;NA;2019-01-04;""sexta-feira"";""13:00:00"";""MG"";381;737","4;""TRES CORACOES"";""Sim"";""Velocidade Incompatível"";1;""Colisão com objeto estático"";""Sem Vítimas"";""Pleno dia"";""Crescente"";""Chuva"";""Dupla"";""Curva"";""Não"";326043;""Semireboque"";""SR/PALMEIRA SRCF 2E"";2016;""Não Informado"";""Não Informado"";NA;""Não Informado"";0;0;0;0;-21",5656;-45,"2439;""SR-MG"";""DEL09"";""UOP02/MG"""
"183365;NA;2019-01-04;""sexta-feira"";""13:00:00"";""MG"";381;737","4;""TRES CORACOES"";""Sim"";""Velocidade Incompatível"";2;""Saída de leito carroçável"";""Sem Vítimas"";""Pleno dia"";""Crescente"";""Chuva"";""Dupla"";""Curva"";""Não"";326037;""Semireboque"";""SR/PALMEIRA SRBIQR 2E"";2018;""Não Informado"";""Não Informado"";NA;""Não Informado"";0;0;0;0;-21",5656;-45,"2439;""SR-MG"";""DEL09"";""UOP02/MG"""
"183365;NA;2019-01-04;""sexta-feira"";""13:00:00"";""MG"";381;737","4;""TRES CORACOES"";""Sim"";""Velocidade Incompatível"";1;""Colisão com objeto estático"";""Sem Vítimas"";""Pleno dia"";""Crescente"";""Chuva"";""Dupla"";""Curva"";""Não"";326037;""Semireboque"";""SR/PALMEIRA SRBIQR 2E"";2018;""Não Informado"";""Não Informado"";NA;""Não Informado"";0;0;0;0;-21",5656;-45,"2439;""SR-MG"";""DEL09"";""UOP02/MG"""
"183365;403888;2019-01-04;""sexta-feira"";""13:00:00"";""MG"";381;737","4;""TRES CORACOES"";""Sim"";""Velocidade Incompatível"";2;""Saída de leito carroçável"";""Sem Vítimas"";""Pleno dia"";""Crescente"";""Chuva"";""Dupla"";""Curva"";""Não"";326036;""Caminhão-trator"";""SCANIA/R 400 A4X2"";2014;""Condutor"";""Ileso"";51;""Masculino"";1;0;0;0;-21",5656;-45,"2439;""SR-MG"";""DEL09"";""UOP02/MG"""
"183365;403888;2019-01-04;""sexta-feira"";""13:00:00"";""MG"";381;737","4;""TRES CORACOES"";""Sim"";""Velocidade Incompatível"";1;""Colisão com objeto estático"";""Sem Vítimas"";""Pleno dia"";""Crescente"";""Chuva"";""Dupla"";""Curva"";""Não"";326036;""Caminhão-trator"";""SCANIA/R 400 A4X2"";2014;""Condutor"";""Ileso"";51;""Masculino"";1;0;0;0;-21",5656;-45,"2439;""SR-MG"";""DEL09"";""UOP02/MG"""
"183366;403967;2019-01-04;""sexta-feira"";""11:20:00"";""PI"";316;17;""TERESINA"";""Sim"";""Desobediência às normas de trânsito pelo condutor"";1;""Colisão transversal"";""Com Vítimas Feridas"";""Pleno dia"";""Decrescente"";""Céu Claro"";""Simples"";""Reta"";""Não"";326099;""Automóvel"";""VW/GOL CL"";1990;""Condutor"";""Lesões Leves"";71;""Masculino"";0;1;0;0;-5",238861;-42,"740273;""SR-PI"";""DEL17/1"";""UOP02/PI""",
"183366;404236;2019-01-04;""sexta-feira"";""11:20:00"";""PI"";316;17;""TERESINA"";""Sim"";""Desobediência às normas de trânsito pelo condutor"";1;""Colisão transversal"";""Com Vítimas Feridas"";""Pleno dia"";""Decrescente"";""Céu Claro"";""Simples"";""Reta"";""Não"";326098;""Automóvel"";""FORD/FIESTA FLEX"";2012;""Condutor"";""Ileso"";30;""Masculino"";1;0;0;0;-5",238861;-42,"740273;""SR-PI"";""DEL17/1"";""UOP02/PI""",
"183367;NA;2019-01-04;""sexta-feira"";""10:20:00"";""MG"";50;68;""UBERLANDIA"";""Sim"";""Falta de Atenção à Condução"";1;""Colisão lateral"";""Sem Vítimas"";""Pleno dia"";""Decrescente"";""Chuva"";""Dupla"";""Curva"";""Sim"";326018;""Semireboque"";""R/RANDON SR BA"";2018;""Não Informado"";""Não Informado"";NA;""Não Informado"";0;0;0;0;-18",8857;-48,"2638;""SR-MG"";""DEL4/15"";""UOP01/MG""",
"183367;NA;2019-01-04;""sexta-feira"";""10:20:00"";""MG"";50;68;""UBERLANDIA"";""Sim"";""Falta de Atenção à Condução"";1;""Colisão lateral"";""Sem Vítimas"";""Pleno dia"";""Decrescente"";""Chuva"";""Dupla"";""Curva"";""Sim"";326019;""Semireboque"";""R/RANDON SR BA"";2018;""Não Informado"";""Não Informado"";NA;""Não Informado"";0;0;0;0;-18",8857;-48,"2638;""SR-MG"";""DEL4/15"";""UOP01/MG""",
"183367;403867;2019-01-04;""sexta-feira"";""10:20:00"";""MG"";50;68;""UBERLANDIA"";""Sim"";""Falta de Atenção à Condução"";1;""Colisão lateral"";""Sem Vítimas"";""Pleno dia"";""Decrescente"";""Chuva"";""Dupla"";""Curva"";""Sim"";326021;""Caminhão"";"""";NA;""Condutor"";""Ileso"";23;""Masculino"";1;0;0;0;-18",8857;-48,"2638;""SR-MG"";""DEL4/15"";""UOP01/MG""",
"183367;403866;2019-01-04;""sexta-feira"";""10:20:00"";""MG"";50;68;""UBERLANDIA"";""Sim"";""Falta de Atenção à Condução"";1;""Colisão lateral"";""Sem Vítimas"";""Pleno dia"";""Decrescente"";""Chuva"";""Dupla"";""Curva"";""Sim"";326017;""Caminhão-trator"";""SCANIA/R510 A6X4"";2018;""Condutor"";""Ileso"";40;""Masculino"";1;0;0;0;-18",8857;-48,"2638;""SR-MG"";""DEL4/15"";""UOP01/MG""",
"183368;404059;2019-01-04;""sexta-feira"";""12:15:00"";""BA"";324;619;""SALVADOR"";""Sim"";""Falta de Atenção à Condução"";1;""Queda de ocupante de veículo"";""Com Vítimas Feridas"";""Pleno dia"";""Decrescente"";""Céu Claro"";""Múltipla"";""Reta"";""Sim"";326071;""Motocicleta"";""YAMAHA/MT07"";2015;""Condutor"";""Lesões Leves"";38;""Masculino"";0;1;0;0;-12",91296678;-38,"45965862;""SR-BA"";""DEL10/1"";""UOP01/BA""",
"183368;404061;2019-01-04;""sexta-feira"";""12:15:00"";""BA"";324;619;""SALVADOR"";""Sim"";""Falta de Atenção à Condução"";1;""Queda de ocupante de veículo"";""Com Vítimas Feridas"";""Pleno dia"";""Decrescente"";""Céu Claro"";""Múltipla"";""Reta"";""Sim"";326071;""Motocicleta"";""YAMAHA/MT07"";2015;""Passageiro"";""Lesões Leves"";41;""Feminino"";0;1;0;0;-12",91296678;-38,"45965862;""SR-BA"";""DEL10/1"";""UOP01/BA""",
"183369;403985;2019-01-04;""sexta-feira"";""12:40:00"";""CE"";116;60","4;""CHOROZINHO"";""Sim"";""Ultrapassagem Indevida"";1;""Colisão com objeto estático"";""Com Vítimas Feridas"";""Pleno dia"";""Crescente"";""Céu Claro"";""Simples"";""Reta"";""Sim"";326100;""Camioneta"";""I/CHERY TIGGO FL 2.0 MT"";2014;""Passageiro"";""Ileso"";34;""Feminino"";1;0;0;0;-4",2217;-38,"4761;""SR-CE"";""DEL16/3"";""UOP02/CE"""
"183369;403979;2019-01-04;""sexta-feira"";""12:40:00"";""CE"";116;60","4;""CHOROZINHO"";""Sim"";""Ultrapassagem Indevida"";1;""Colisão com objeto estático"";""Com Vítimas Feridas"";""Pleno dia"";""Crescente"";""Céu Claro"";""Simples"";""Reta"";""Sim"";326100;""Camioneta"";""I/CHERY TIGGO FL 2.0 MT"";2014;""Condutor"";""Ileso"";45;""Masculino"";1;0;0;0;-4",2217;-38,"4761;""SR-CE"";""DEL16/3"";""UOP02/CE"""
"183369;403976;2019-01-04;""sexta-feira"";""12:40:00"";""CE"";116;60","4;""CHOROZINHO"";""Sim"";""Ultrapassagem Indevida"";1;""Colisão com objeto estático"";""Com Vítimas Feridas"";""Pleno dia"";""Crescente"";""Céu Claro"";""Simples"";""Reta"";""Sim"";326077;""Automóvel"";""I/CHEVROLET AGILE LTZ"";2009;""Passageiro"";""Lesões Leves"";55;""Feminino"";0;1;0;0;-4",2217;-38,"4761;""SR-CE"";""DEL16/3"";""UOP02/CE"""
"183369;403974;2019-01-04;""sexta-feira"";""12:40:00"";""CE"";116;60","4;""CHOROZINHO"";""Sim"";""Ultrapassagem Indevida"";1;""Colisão com objeto estático"";""Com Vítimas Feridas"";""Pleno dia"";""Crescente"";""Céu Claro"";""Simples"";""Reta"";""Sim"";326077;""Automóvel"";""I/CHEVROLET AGILE LTZ"";2009;""Passageiro"";""Lesões Leves"";41;""Feminino"";0;1;0;0;-4",2217;-38,"4761;""SR-CE"";""DEL16/3"";""UOP02/CE"""
"183369;403972;2019-01-04;""sexta-feira"";""12:40:00"";""CE"";116;60","4;""CHOROZINHO"";""Sim"";""Ultrapassagem Indevida"";1;""Colisão com objeto estático"";""Com Vítimas Feridas"";""Pleno dia"";""Crescente"";""Céu Claro"";""Simples"";""Reta"";""Sim"";326077;""Automóvel"";""I/CHEVROLET AGILE LTZ"";2009;""Condutor"";""Lesões Leves"";37;""Masculino"";0;1;0;0;-4",2217;-38,"4761;""SR-CE"";""DEL16/3"";""UOP02/CE"""
"183370;405569;2019-01-04;""sexta-feira"";""13:45:00"";""SP"";116;89","9;""PINDAMONHANGABA"";""Sim"";""Não guardar distância de segurança"";1;""Colisão traseira"";""Com Vítimas Feridas"";""Pleno dia"";""Crescente"";""Nublado"";""Dupla"";""Reta"";""Não"";326034;""Automóvel"";""RENAULT/SANDERO EXP 16"";2010;""Condutor"";""Ileso"";62;""Masculino"";1;0;0;0;-22",939379;-45,"378887;""SR-SP"";""DEL6"";""UOP01/SP"""
"183370;405546;2019-01-04;""sexta-feira"";""13:45:00"";""SP"";116;89","9;""PINDAMONHANGABA"";""Sim"";""Não guardar distância de segurança"";1;""Colisão traseira"";""Com Vítimas Feridas"";""Pleno dia"";""Crescente"";""Nublado"";""Dupla"";""Reta"";""Não"";326033;""Motocicleta"";""YAMAHA/FAZER YS250"";2010;""Condutor"";""Lesões Leves"";43;""Masculino"";0;1;0;0;-22",939379;-45,"378887;""SR-SP"";""DEL6"";""UOP01/SP"""
"183371;403951;2019-01-04;""sexta-feira"";""13:00:00"";""MG"";365;307","9;""JOAO PINHEIRO"";""Não"";""Pista Escorregadia"";2;""Capotamento"";""Com Vítimas Feridas"";""Pleno dia"";""Crescente"";""Chuva"";""Simples"";""Reta"";""Não"";326085;""Automóvel"";""GM/PRISMA JOY"";2008;""Passageiro"";""Lesões Leves"";3;""Feminino"";0;1;0;0;-18",181417;-45,"812325;""SR-MG"";""DEL4/10"";""UOP01/MG"""
"183371;403951;2019-01-04;""sexta-feira"";""13:00:00"";""MG"";365;307","9;""JOAO PINHEIRO"";""Sim"";""Velocidade Incompatível"";2;""Capotamento"";""Com Vítimas Feridas"";""Pleno dia"";""Crescente"";""Chuva"";""Simples"";""Reta"";""Não"";326085;""Automóvel"";""GM/PRISMA JOY"";2008;""Passageiro"";""Lesões Leves"";3;""Feminino"";0;1;0;0;-18",181417;-45,"812325;""SR-MG"";""DEL4/10"";""UOP01/MG"""
"183371;403951;2019-01-04;""sexta-feira"";""13:00:00"";""MG"";365;307","9;""JOAO PINHEIRO"";""Não"";""Pista Escorregadia"";1;""Saída de leito carroçável"";""Com Vítimas Feridas"";""Pleno dia"";""Crescente"";""Chuva"";""Simples"";""Reta"";""Não"";326085;""Automóvel"";""GM/PRISMA JOY"";2008;""Passageiro"";""Lesões Leves"";3;""Feminino"";0;1;0;0;-18",181417;-45,"812325;""SR-MG"";""DEL4/10"";""UOP01/MG"""
"183371;403951;2019-01-04;""sexta-feira"";""13:00:00"";""MG"";365;307","9;""JOAO PINHEIRO"";""Sim"";""Velocidade Incompatível"";1;""Saída de leito carroçável"";""Com Vítimas Feridas"";""Pleno dia"";""Crescente"";""Chuva"";""Simples"";""Reta"";""Não"";326085;""Automóvel"";""GM/PRISMA JOY"";2008;""Passageiro"";""Lesões Leves"";3;""Feminino"";0;1;0;0;-18",181417;-45,"812325;""SR-MG"";""DEL4/10"";""UOP01/MG"""
"183371;403950;2019-01-04;""sexta-feira"";""13:00:00"";""MG"";365;307","9;""JOAO PINHEIRO"";""Não"";""Pista Escorregadia"";2;""Capotamento"";""Com Vítimas Feridas"";""Pleno dia"";""Crescente"";""Chuva"";""Simples"";""Reta"";""Não"";326085;""Automóvel"";""GM/PRISMA JOY"";2008;""Passageiro"";""Lesões Leves"";9;""Feminino"";0;1;0;0;-18",181417;-45,"812325;""SR-MG"";""DEL4/10"";""UOP01/MG"""
"183371;403950;2019-01-04;""sexta-feira"";""13:00:00"";""MG"";365;307","9;""JOAO PINHEIRO"";""Sim"";""Velocidade Incompatível"";2;""Capotamento"";""Com Vítimas Feridas"";""Pleno dia"";""Crescente"";""Chuva"";""Simples"";""Reta"";""Não"";326085;""Automóvel"";""GM/PRISMA JOY"";2008;""Passageiro"";""Lesões Leves"";9;""Feminino"";0;1;0;0;-18",181417;-45,"812325;""SR-MG"";""DEL4/10"";""UOP01/MG"""
"183371;403950;2019-01-04;""sexta-feira"";""13:00:00"";""MG"";365;307","9;""JOAO PINHEIRO"";""Não"";""Pista Escorregadia"";1;""Saída de leito carroçável"";""Com Vítimas Feridas"";""Pleno dia"";""Crescente"";""Chuva"";""Simples"";""Reta"";""Não"";326085;""Automóvel"";""GM/PRISMA JOY"";2008;""Passageiro"";""Lesões Leves"";9;""Feminino"";0;1;0;0;-18",181417;-45,"812325;""SR-MG"";""DEL4/10"";""UOP01/MG"""
"183371;403950;2019-01-04;""sexta-feira"";""13:00:00"";""MG"";365;307","9;""JOAO PINHEIRO"";""Sim"";""Velocidade Incompatível"";1;""Saída de leito carroçável"";""Com Vítimas Feridas"";""Pleno dia"";""Crescente"";""Chuva"";""Simples"";""Reta"";""Não"";326085;""Automóvel"";""GM/PRISMA JOY"";2008;""Passageiro"";""Lesões Leves"";9;""Feminino"";0;1;0;0;-18",181417;-45,"812325;""SR-MG"";""DEL4/10"";""UOP01/MG"""
"183371;403948;2019-01-04;""sexta-feira"";""13:00:00"";""MG"";365;307","9;""JOAO PINHEIRO"";""Não"";""Pista Escorregadia"";2;""Capotamento"";""Com Vítimas Feridas"";""Pleno dia"";""Crescente"";""Chuva"";""Simples"";""Reta"";""Não"";326085;""Automóvel"";""GM/PRISMA JOY"";2008;""Passageiro"";""Lesões Leves"";16;""Feminino"";0;1;0;0;-18",181417;-45,"812325;""SR-MG"";""DEL4/10"";""UOP01/MG"""
"183371;403948;2019-01-04;""sexta-feira"";""13:00:00"";""MG"";365;307","9;""JOAO PINHEIRO"";""Sim"";""Velocidade Incompatível"";2;""Capotamento"";""Com Vítimas Feridas"";""Pleno dia"";""Crescente"";""Chuva"";""Simples"";""Reta"";""Não"";326085;""Automóvel"";""GM/PRISMA JOY"";2008;""Passageiro"";""Lesões Leves"";16;""Feminino"";0;1;0;0;-18",181417;-45,"812325;""SR-MG"";""DEL4/10"";""UOP01/MG"""
"183371;403948;2019-01-04;""sexta-feira"";""13:00:00"";""MG"";365;307","9;""JOAO PINHEIRO"";""Não"";""Pista Escorregadia"";1;""Saída de leito carroçável"";""Com Vítimas Feridas"";""Pleno dia"";""Crescente"";""Chuva"";""Simples"";""Reta"";""Não"";326085;""Automóvel"";""GM/PRISMA JOY"";2008;""Passageiro"";""Lesões Leves"";16;""Feminino"";0;1;0;0;-18",181417;-45,"812325;""SR-MG"";""DEL4/10"";""UOP01/MG"""
"183371;403948;2019-01-04;""sexta-feira"";""13:00:00"";""MG"";365;307","9;""JOAO PINHEIRO"";""Sim"";""Velocidade Incompatível"";1;""Saída de leito carroçável"";""Com Vítimas Feridas"";""Pleno dia"";""Crescente"";""Chuva"";""Simples"";""Reta"";""Não"";326085;""Automóvel"";""GM/PRISMA JOY"";2008;""Passageiro"";""Lesões Leves"";16;""Feminino"";0;1;0;0;-18",181417;-45,"812325;""SR-MG"";""DEL4/10"";""UOP01/MG"""
"183371;403949;2019-01-04;""sexta-feira"";""13:00:00"";""MG"";365;307","9;""JOAO PINHEIRO"";""Não"";""Pista Escorregadia"";2;""Capotamento"";""Com Vítimas Feridas"";""Pleno dia"";""Crescente"";""Chuva"";""Simples"";""Reta"";""Não"";326085;""Automóvel"";""GM/PRISMA JOY"";2008;""Passageiro"";""Lesões Leves"";37;""Feminino"";0;1;0;0;-18",181417;-45,"812325;""SR-MG"";""DEL4/10"";""UOP01/MG"""
"183371;403949;2019-01-04;""sexta-feira"";""13:00:00"";""MG"";365;307","9;""JOAO PINHEIRO"";""Sim"";""Velocidade Incompatível"";2;""Capotamento"";""Com Vítimas Feridas"";""Pleno dia"";""Crescente"";""Chuva"";""Simples"";""Reta"";""Não"";326085;""Automóvel"";""GM/PRISMA JOY"";2008;""Passageiro"";""Lesões Leves"";37;""Feminino"";0;1;0;0;-18",181417;-45,"812325;""SR-MG"";""DEL4/10"";""UOP01/MG"""
"183371;403949;2019-01-04;""sexta-feira"";""13:00:00"";""MG"";365;307","9;""JOAO PINHEIRO"";""Não"";""Pista Escorregadia"";1;""Saída de leito carroçável"";""Com Vítimas Feridas"";""Pleno dia"";""Crescente"";""Chuva"";""Simples"";""Reta"";""Não"";326085;""Automóvel"";""GM/PRISMA JOY"";2008;""Passageiro"";""Lesões Leves"";37;""Feminino"";0;1;0;0;-18",181417;-45,"812325;""SR-MG"";""DEL4/10"";""UOP01/MG"""
"183371;403949;2019-01-04;""sexta-feira"";""13:00:00"";""MG"";365;307","9;""JOAO PINHEIRO"";""Sim"";""Velocidade Incompatível"";1;""Saída de leito carroçável"";""Com Vítimas Feridas"";""Pleno dia"";""Crescente"";""Chuva"";""Simples"";""Reta"";""Não"";326085;""Automóvel"";""GM/PRISMA JOY"";2008;""Passageiro"";""Lesões Leves"";37;""Feminino"";0;1;0;0;-18",181417;-45,"812325;""SR-MG"";""DEL4/10"";""UOP01/MG"""
"183371;403942;2019-01-04;""sexta-feira"";""13:00:00"";""MG"";365;307","9;""JOAO PINHEIRO"";""Não"";""Pista Escorregadia"";2;""Capotamento"";""Com Vítimas Feridas"";""Pleno dia"";""Crescente"";""Chuva"";""Simples"";""Reta"";""Não"";326085;""Automóvel"";""GM/PRISMA JOY"";2008;""Condutor"";""Lesões Leves"";40;""Masculino"";0;1;0;0;-18",181417;-45,"812325;""SR-MG"";""DEL4/10"";""UOP01/MG"""
"183371;403942;2019-01-04;""sexta-feira"";""13:00:00"";""MG"";365;307","9;""JOAO PINHEIRO"";""Sim"";""Velocidade Incompatível"";2;""Capotamento"";""Com Vítimas Feridas"";""Pleno dia"";""Crescente"";""Chuva"";""Simples"";""Reta"";""Não"";326085;""Automóvel"";""GM/PRISMA JOY"";2008;""Condutor"";""Lesões Leves"";40;""Masculino"";0;1;0;0;-18",181417;-45,"812325;""SR-MG"";""DEL4/10"";""UOP01/MG"""
"183371;403942;2019-01-04;""sexta-feira"";""13:00:00"";""MG"";365;307","9;""JOAO PINHEIRO"";""Não"";""Pista Escorregadia"";1;""Saída de leito carroçável"";""Com Vítimas Feridas"";""Pleno dia"";""Crescente"";""Chuva"";""Simples"";""Reta"";""Não"";326085;""Automóvel"";""GM/PRISMA JOY"";2008;""Condutor"";""Lesões Leves"";40;""Masculino"";0;1;0;0;-18",181417;-45,"812325;""SR-MG"";""DEL4/10"";""UOP01/MG"""
"183371;403942;2019-01-04;""sexta-feira"";""13:00:00"";""MG"";365;307","9;""JOAO PINHEIRO"";""Sim"";""Velocidade Incompatível"";1;""Saída de leito carroçável"";""Com Vítimas Feridas"";""Pleno dia"";""Crescente"";""Chuva"";""Simples"";""Reta"";""Não"";326085;""Automóvel"";""GM/PRISMA JOY"";2008;""Condutor"";""Lesões Leves"";40;""Masculino"";0;1;0;0;-18",181417;-45,"812325;""SR-MG"";""DEL4/10"";""UOP01/MG"""
"183372;403876;2019-01-04;""sexta-feira"";""12:30:00"";""MT"";163;66","7;""RONDONOPOLIS"";""Sim"";""Fenômenos da Natureza"";1;""Queda de ocupante de veículo"";""Com Vítimas Feridas"";""Pleno dia"";""Decrescente"";""Chuva"";""Dupla"";""Reta"";""Não"";326025;""Motocicleta"";""JTA/SUZUKI GSXR1000"";2013;""Condutor"";""Lesões Leves"";34;""Masculino"";0;1;0;0;-16",936388;-54,"733311;""SR-MT"";""DEL2/2"";""UOP02/MT"""
"183373;403915;2019-01-04;""sexta-feira"";""14:00:00"";""SC"";101;215;""PALHOCA"";""Sim"";""Falta de Atenção à Condução"";1;""Colisão lateral"";""Com Vítimas Feridas"";""Pleno dia"";""Decrescente"";""Céu Claro"";""Múltipla"";""Reta"";""Sim"";326029;""Automóvel"";""VW/NOVO GOL TL MCV"";2017;""Condutor"";""Ileso"";61;""Masculino"";1;0;0;0;-27",6601;-48,"6774;""SR-SC"";""DEL8/1"";""UOP02/SC""",
"183373;403914;2019-01-04;""sexta-feira"";""14:00:00"";""SC"";101;215;""PALHOCA"";""Sim"";""Falta de Atenção à Condução"";1;""Colisão lateral"";""Com Vítimas Feridas"";""Pleno dia"";""Decrescente"";""Céu Claro"";""Múltipla"";""Reta"";""Sim"";326028;""Motocicleta"";""HONDA/CG 150 TITAN KS"";2005;""Condutor"";""Lesões Leves"";20;""Masculino"";0;1;0;0;-27",6601;-48,"6774;""SR-SC"";""DEL8/1"";""UOP02/SC""",
"183373;403897;2019-01-04;""sexta-feira"";""14:00:00"";""SC"";101;215;""PALHOCA"";""Sim"";""Falta de Atenção à Condução"";1;""Colisão lateral"";""Com Vítimas Feridas"";""Pleno dia"";""Decrescente"";""Céu Claro"";""Múltipla"";""Reta"";""Sim"";326027;""Automóvel"";""TOYOTA/COROLLA XEI20FLEX"";2013;""Condutor"";""Ileso"";57;""Masculino"";1;0;0;0;-27",6601;-48,"6774;""SR-SC"";""DEL8/1"";""UOP02/SC""",
"183374;403918;2019-01-04;""sexta-feira"";""13:20:00"";""RJ"";116;234","6;""PIRAI"";""Sim"";""Defeito na Via"";1;""Colisão com objeto estático"";""Com Vítimas Feridas"";""Pleno dia"";""Crescente"";""Sol"";""Dupla"";""Reta"";""Não"";326069;""Motocicleta"";""HONDA/NXR150 BROS ES"";2010;""Condutor"";""Lesões Leves"";46;""Masculino"";0;1;0;0;-22",64609597;-43,"89561653;""SR-RJ"";""DEL5/7"";""UOP01/RJ"""