"id;""pesid"";""data_inversa"";""dia_semana"";""horario"";""uf"";""br"";""km"";""municipio"";""causa_principal"";""causa_acidente"";""ordem_tipo_acidente"";""tipo_acidente"";""classificacao_acidente"";""fase_dia"";""sentido_via"";""condicao_metereologica"";""tipo_pista"";""tracado_via"";""uso_solo"";""id_veiculo"";""tipo_veiculo"";""marca"";""ano_fabricacao_veiculo"";""tipo_envolvido"";""estado_fisico"";""idade"";""sexo"";""ilesos"";""feridos_leves"";""feridos_graves"";""mortos"";""latitude"";""longitude"";""regional"";""delegacia"";""uop""",,,
"183396;403989;2019-01-04;""sexta-feira"";""10:45:00"";""PR"";277;103","9;""CAMPO LARGO"";""Sim"";""Não guardar distância de segurança"";1;""Engavetamento"";""Com Vítimas Feridas"";""Pleno dia"";""Crescente"";""Nublado"";""Dupla"";""Reta"";""Não"";326081;""Automóvel"";""VW/POLO 1.6"";2003;""Condutor"";""Ileso"";51;""Masculino"";1;0;0;0;-25",4306515;-49,"3978505;""SR-PR"";""DEL7/1"";""UOP04/PR"""
"183397;404080;2019-01-04;""sexta-feira"";""16:10:00"";""RJ"";101;318","8;""SAO GONCALO"";""Sim"";""Defeito Mecânico no Veículo"";1;""Queda de ocupante de veículo"";""Com Vítimas Feridas"";""Pleno dia"";""Decrescente"";""Céu Claro"";""Dupla"";""Reta"";""Não"";326169;""Motocicleta"";""HONDA/CG 150 TITAN ES"";2008;""Condutor"";""Lesões Leves"";39;""Masculino"";0;1;0;0;-22",845663;-43,"098431;""SR-RJ"";""DEL5/2"";""UOP04/RJ"""
"183398;404014;2019-01-04;""sexta-feira"";""12:15:00"";""MG"";381;729","8;""CARMO DA CACHOEIRA"";""Sim"";""Velocidade Incompatível"";2;""Colisão com objeto estático"";""Com Vítimas Feridas"";""Pleno dia"";""Crescente"";""Chuva"";""Dupla"";""Curva"";""Não"";326076;""Automóvel"";""VW/GOL 1.0"";2012;""Passageiro"";""Lesões Leves"";35;""Feminino"";0;1;0;0;-21",503;-45,"215;""SR-MG"";""DEL4/4"";""UOP02/MG"""
"183398;404014;2019-01-04;""sexta-feira"";""12:15:00"";""MG"";381;729","8;""CARMO DA CACHOEIRA"";""Sim"";""Velocidade Incompatível"";1;""Saída de leito carroçável"";""Com Vítimas Feridas"";""Pleno dia"";""Crescente"";""Chuva"";""Dupla"";""Curva"";""Não"";326076;""Automóvel"";""VW/GOL 1.0"";2012;""Passageiro"";""Lesões Leves"";35;""Feminino"";0;1;0;0;-21",503;-45,"215;""SR-MG"";""DEL4/4"";""UOP02/MG"""
"183398;404012;2019-01-04;""sexta-feira"";""12:15:00"";""MG"";381;729","8;""CARMO DA CACHOEIRA"";""Sim"";""Velocidade Incompatível"";2;""Colisão com objeto estático"";""Com Vítimas Feridas"";""Pleno dia"";""Crescente"";""Chuva"";""Dupla"";""Curva"";""Não"";326076;""Automóvel"";""VW/GOL 1.0"";2012;""Condutor"";""Ileso"";27;""Masculino"";1;0;0;0;-21",503;-45,"215;""SR-MG"";""DEL4/4"";""UOP02/MG"""
"183398;404012;2019-01-04;""sexta-feira"";""12:15:00"";""MG"";381;729","8;""CARMO DA CACHOEIRA"";""Sim"";""Velocidade Incompatível"";1;""Saída de leito carroçável"";""Com Vítimas Feridas"";""Pleno dia"";""Crescente"";""Chuva"";""Dupla"";""Curva"";""Não"";326076;""Automóvel"";""VW/GOL 1.0"";2012;""Condutor"";""Ileso"";27;""Masculino"";1;0;0;0;-21",503;-45,"215;""SR-MG"";""DEL4/4"";""UOP02/MG"""
"183399;403978;2019-01-04;""sexta-feira"";""13:50:00"";""SC"";470;216","6;""SAO CRISTOVAO DO SUL"";""Sim"";""Falta de Atenção à Condução"";1;""Colisão lateral"";""Com Vítimas Feridas"";""Pleno dia"";""Decrescente"";""Nublado"";""Simples"";""Reta"";""Não"";326079;""Caminhonete"";""I/TOYOTA HILUX CD4X4 SRV"";2011;""Condutor"";""Ileso"";39;""Masculino"";1;0;0;0;-27",303444;-50,"276501;""SR-SC"";""DEL8/5"";""UOP03/SC"""
"183399;403975;2019-01-04;""sexta-feira"";""13:50:00"";""SC"";470;216","6;""SAO CRISTOVAO DO SUL"";""Sim"";""Falta de Atenção à Condução"";1;""Colisão lateral"";""Com Vítimas Feridas"";""Pleno dia"";""Decrescente"";""Nublado"";""Simples"";""Reta"";""Não"";326078;""Automóvel"";""FIAT/PALIO EX"";1999;""Condutor"";""Lesões Leves"";33;""Masculino"";0;1;0;0;-27",303444;-50,"276501;""SR-SC"";""DEL8/5"";""UOP03/SC"""
"183400;404081;2019-01-04;""sexta-feira"";""17:10:00"";""SC"";101;77","4;""ARAQUARI"";""Sim"";""Defeito Mecânico no Veículo"";2;""Colisão com objeto estático"";""Com Vítimas Feridas"";""Pleno dia"";""Decrescente"";""Chuva"";""Simples"";""Curva"";""Não"";326135;""Motoneta"";""HONDA/BIZ 125 ES"";2013;""Passageiro"";""Lesões Leves"";27;""Masculino"";0;1;0;0;-26",57289279;-48,"72251451;""SR-SC"";""DEL8/3"";""UOP02/SC"""
"183400;404081;2019-01-04;""sexta-feira"";""17:10:00"";""SC"";101;77","4;""ARAQUARI"";""Sim"";""Defeito Mecânico no Veículo"";1;""Queda de ocupante de veículo"";""Com Vítimas Feridas"";""Pleno dia"";""Decrescente"";""Chuva"";""Simples"";""Curva"";""Não"";326135;""Motoneta"";""HONDA/BIZ 125 ES"";2013;""Passageiro"";""Lesões Leves"";27;""Masculino"";0;1;0;0;-26",57289279;-48,"72251451;""SR-SC"";""DEL8/3"";""UOP02/SC"""
"183400;404021;2019-01-04;""sexta-feira"";""17:10:00"";""SC"";101;77","4;""ARAQUARI"";""Sim"";""Defeito Mecânico no Veículo"";2;""Colisão com objeto estático"";""Com Vítimas Feridas"";""Pleno dia"";""Decrescente"";""Chuva"";""Simples"";""Curva"";""Não"";326135;""Motoneta"";""HONDA/BIZ 125 ES"";2013;""Condutor"";""Lesões Graves"";46;""Masculino"";0;0;1;0;-26",57289279;-48,"72251451;""SR-SC"";""DEL8/3"";""UOP02/SC"""
"183400;404021;2019-01-04;""sexta-feira"";""17:10:00"";""SC"";101;77","4;""ARAQUARI"";""Sim"";""Defeito Mecânico no Veículo"";1;""Queda de ocupante de veículo"";""Com Vítimas Feridas"";""Pleno dia"";""Decrescente"";""Chuva"";""Simples"";""Curva"";""Não"";326135;""Motoneta"";""HONDA/BIZ 125 ES"";2013;""Condutor"";""Lesões Graves"";46;""Masculino"";0;0;1;0;-26",57289279;-48,"72251451;""SR-SC"";""DEL8/3"";""UOP02/SC"""
"183401;NA;2019-01-04;""sexta-feira"";""15:10:00"";""MG"";116;782","2;""LEOPOLDINA"";""Sim"";""Velocidade Incompatível"";1;""Saída de leito carroçável"";""Com Vítimas Feridas"";""Pleno dia"";""Decrescente"";""Céu Claro"";""Simples"";""Curva"";""Não"";327253;""Semireboque"";""SR/CDL SRCACE 2E"";2011;""Não Informado"";""Não Informado"";NA;""Não Informado"";0;0;0;0;-21",5426152;-42,"6557796;""SR-MG"";""DEL4/7"";""UOP01/MG"""
"183401;405689;2019-01-04;""sexta-feira"";""15:10:00"";""MG"";116;782","2;""LEOPOLDINA"";""Sim"";""Velocidade Incompatível"";1;""Saída de leito carroçável"";""Com Vítimas Feridas"";""Pleno dia"";""Decrescente"";""Céu Claro"";""Simples"";""Curva"";""Não"";326291;""Caminhão-trator"";""VW/25.390 CTC 6X2"";2012;""Passageiro"";""Lesões Leves"";43;""Feminino"";0;1;0;0;-21",5426152;-42,"6557796;""SR-MG"";""DEL4/7"";""UOP01/MG"""
"183401;405694;2019-01-04;""sexta-feira"";""15:10:00"";""MG"";116;782","2;""LEOPOLDINA"";""Sim"";""Velocidade Incompatível"";1;""Saída de leito carroçável"";""Com Vítimas Feridas"";""Pleno dia"";""Decrescente"";""Céu Claro"";""Simples"";""Curva"";""Não"";326291;""Caminhão-trator"";""VW/25.390 CTC 6X2"";2012;""Passageiro"";""Lesões Leves"";9;""Masculino"";0;1;0;0;-21",5426152;-42,"6557796;""SR-MG"";""DEL4/7"";""UOP01/MG"""
"183401;405684;2019-01-04;""sexta-feira"";""15:10:00"";""MG"";116;782","2;""LEOPOLDINA"";""Sim"";""Velocidade Incompatível"";1;""Saída de leito carroçável"";""Com Vítimas Feridas"";""Pleno dia"";""Decrescente"";""Céu Claro"";""Simples"";""Curva"";""Não"";326291;""Caminhão-trator"";""VW/25.390 CTC 6X2"";2012;""Condutor"";""Lesões Leves"";44;""Masculino"";0;1;0;0;-21",5426152;-42,"6557796;""SR-MG"";""DEL4/7"";""UOP01/MG"""
"183402;405561;2019-01-04;""sexta-feira"";""16:50:00"";""RJ"";116;258","1;""VOLTA REDONDA"";""Sim"";""Pista Escorregadia"";1;""Colisão com objeto estático"";""Com Vítimas Feridas"";""Pleno dia"";""Crescente"";""Chuva"";""Dupla"";""Curva"";""Não"";327101;""Automóvel"";""HONDA/FIT LXL"";2006;""Condutor"";""Lesões Leves"";40;""Feminino"";0;1;0;0;-22",560883;-44,"122238;""SR-RJ"";""DEL5/7"";""UOP02/RJ"""
"183403;NA;2019-01-04;""sexta-feira"";""16:18:00"";""PR"";116;143","3;""MANDIRITUBA"";""Sim"";""Pista Escorregadia"";1;""Colisão frontal"";""Com Vítimas Feridas"";""Pleno dia"";""Crescente"";""Chuva"";""Múltipla"";""Não Informado"";""Não"";326120;""Semireboque"";""SR/RANDON SR CA"";1998;""Não Informado"";""Não Informado"";NA;""Não Informado"";0;0;0;0;-25",772902;-49,"323254;""SR-PR"";""DEL7/1"";""UOP03/PR"""
"183403;NA;2019-01-04;""sexta-feira"";""16:18:00"";""PR"";116;143","3;""MANDIRITUBA"";""Não"";""Falta de Atenção à Condução"";1;""Colisão frontal"";""Com Vítimas Feridas"";""Pleno dia"";""Crescente"";""Chuva"";""Múltipla"";""Não Informado"";""Não"";326120;""Semireboque"";""SR/RANDON SR CA"";1998;""Não Informado"";""Não Informado"";NA;""Não Informado"";0;0;0;0;-25",772902;-49,"323254;""SR-PR"";""DEL7/1"";""UOP03/PR"""
"183403;NA;2019-01-04;""sexta-feira"";""16:18:00"";""PR"";116;143","3;""MANDIRITUBA"";""Não"";""Defeito Mecânico no Veículo"";1;""Colisão frontal"";""Com Vítimas Feridas"";""Pleno dia"";""Crescente"";""Chuva"";""Múltipla"";""Não Informado"";""Não"";326120;""Semireboque"";""SR/RANDON SR CA"";1998;""Não Informado"";""Não Informado"";NA;""Não Informado"";0;0;0;0;-25",772902;-49,"323254;""SR-PR"";""DEL7/1"";""UOP03/PR"""
"183403;404022;2019-01-04;""sexta-feira"";""16:18:00"";""PR"";116;143","3;""MANDIRITUBA"";""Sim"";""Pista Escorregadia"";1;""Colisão frontal"";""Com Vítimas Feridas"";""Pleno dia"";""Crescente"";""Chuva"";""Múltipla"";""Não Informado"";""Não"";326116;""Caminhão"";""SCANIA/P124 CB6X4NZ 360"";2001;""Condutor"";""Lesões Leves"";26;""Masculino"";0;1;0;0;-25",772902;-49,"323254;""SR-PR"";""DEL7/1"";""UOP03/PR"""
"183403;404022;2019-01-04;""sexta-feira"";""16:18:00"";""PR"";116;143","3;""MANDIRITUBA"";""Não"";""Falta de Atenção à Condução"";1;""Colisão frontal"";""Com Vítimas Feridas"";""Pleno dia"";""Crescente"";""Chuva"";""Múltipla"";""Não Informado"";""Não"";326116;""Caminhão"";""SCANIA/P124 CB6X4NZ 360"";2001;""Condutor"";""Lesões Leves"";26;""Masculino"";0;1;0;0;-25",772902;-49,"323254;""SR-PR"";""DEL7/1"";""UOP03/PR"""
"183403;404022;2019-01-04;""sexta-feira"";""16:18:00"";""PR"";116;143","3;""MANDIRITUBA"";""Não"";""Defeito Mecânico no Veículo"";1;""Colisão frontal"";""Com Vítimas Feridas"";""Pleno dia"";""Crescente"";""Chuva"";""Múltipla"";""Não Informado"";""Não"";326116;""Caminhão"";""SCANIA/P124 CB6X4NZ 360"";2001;""Condutor"";""Lesões Leves"";26;""Masculino"";0;1;0;0;-25",772902;-49,"323254;""SR-PR"";""DEL7/1"";""UOP03/PR"""
"183403;404024;2019-01-04;""sexta-feira"";""16:18:00"";""PR"";116;143","3;""MANDIRITUBA"";""Sim"";""Pista Escorregadia"";1;""Colisão frontal"";""Com Vítimas Feridas"";""Pleno dia"";""Crescente"";""Chuva"";""Múltipla"";""Não Informado"";""Não"";326119;""Automóvel"";""GM/KADETT GLS"";1998;""Condutor"";""Lesões Leves"";47;""Masculino"";0;1;0;0;-25",772902;-49,"323254;""SR-PR"";""DEL7/1"";""UOP03/PR"""
"183403;404024;2019-01-04;""sexta-feira"";""16:18:00"";""PR"";116;143","3;""MANDIRITUBA"";""Não"";""Falta de Atenção à Condução"";1;""Colisão frontal"";""Com Vítimas Feridas"";""Pleno dia"";""Crescente"";""Chuva"";""Múltipla"";""Não Informado"";""Não"";326119;""Automóvel"";""GM/KADETT GLS"";1998;""Condutor"";""Lesões Leves"";47;""Masculino"";0;1;0;0;-25",772902;-49,"323254;""SR-PR"";""DEL7/1"";""UOP03/PR"""
"183403;404024;2019-01-04;""sexta-feira"";""16:18:00"";""PR"";116;143","3;""MANDIRITUBA"";""Não"";""Defeito Mecânico no Veículo"";1;""Colisão frontal"";""Com Vítimas Feridas"";""Pleno dia"";""Crescente"";""Chuva"";""Múltipla"";""Não Informado"";""Não"";326119;""Automóvel"";""GM/KADETT GLS"";1998;""Condutor"";""Lesões Leves"";47;""Masculino"";0;1;0;0;-25",772902;-49,"323254;""SR-PR"";""DEL7/1"";""UOP03/PR"""
"183403;404026;2019-01-04;""sexta-feira"";""16:18:00"";""PR"";116;143","3;""MANDIRITUBA"";""Sim"";""Pista Escorregadia"";1;""Colisão frontal"";""Com Vítimas Feridas"";""Pleno dia"";""Crescente"";""Chuva"";""Múltipla"";""Não Informado"";""Não"";326119;""Automóvel"";""GM/KADETT GLS"";1998;""Passageiro"";""Ileso"";4;""Masculino"";1;0;0;0;-25",772902;-49,"323254;""SR-PR"";""DEL7/1"";""UOP03/PR"""
"183403;404026;2019-01-04;""sexta-feira"";""16:18:00"";""PR"";116;143","3;""MANDIRITUBA"";""Não"";""Falta de Atenção à Condução"";1;""Colisão frontal"";""Com Vítimas Feridas"";""Pleno dia"";""Crescente"";""Chuva"";""Múltipla"";""Não Informado"";""Não"";326119;""Automóvel"";""GM/KADETT GLS"";1998;""Passageiro"";""Ileso"";4;""Masculino"";1;0;0;0;-25",772902;-49,"323254;""SR-PR"";""DEL7/1"";""UOP03/PR"""
"183403;404026;2019-01-04;""sexta-feira"";""16:18:00"";""PR"";116;143","3;""MANDIRITUBA"";""Não"";""Defeito Mecânico no Veículo"";1;""Colisão frontal"";""Com Vítimas Feridas"";""Pleno dia"";""Crescente"";""Chuva"";""Múltipla"";""Não Informado"";""Não"";326119;""Automóvel"";""GM/KADETT GLS"";1998;""Passageiro"";""Ileso"";4;""Masculino"";1;0;0;0;-25",772902;-49,"323254;""SR-PR"";""DEL7/1"";""UOP03/PR"""
"183403;404023;2019-01-04;""sexta-feira"";""16:18:00"";""PR"";116;143","3;""MANDIRITUBA"";""Sim"";""Pista Escorregadia"";1;""Colisão frontal"";""Com Vítimas Feridas"";""Pleno dia"";""Crescente"";""Chuva"";""Múltipla"";""Não Informado"";""Não"";326117;""Caminhão-trator"";""SCANIA/T124 GA4X2NZ 360"";2003;""Condutor"";""Ileso"";71;""Masculino"";1;0;0;0;-25",772902;-49,"323254;""SR-PR"";""DEL7/1"";""UOP03/PR"""
"183403;404023;2019-01-04;""sexta-feira"";""16:18:00"";""PR"";116;143","3;""MANDIRITUBA"";""Não"";""Falta de Atenção à Condução"";1;""Colisão frontal"";""Com Vítimas Feridas"";""Pleno dia"";""Crescente"";""Chuva"";""Múltipla"";""Não Informado"";""Não"";326117;""Caminhão-trator"";""SCANIA/T124 GA4X2NZ 360"";2003;""Condutor"";""Ileso"";71;""Masculino"";1;0;0;0;-25",772902;-49,"323254;""SR-PR"";""DEL7/1"";""UOP03/PR"""
"183403;404023;2019-01-04;""sexta-feira"";""16:18:00"";""PR"";116;143","3;""MANDIRITUBA"";""Não"";""Defeito Mecânico no Veículo"";1;""Colisão frontal"";""Com Vítimas Feridas"";""Pleno dia"";""Crescente"";""Chuva"";""Múltipla"";""Não Informado"";""Não"";326117;""Caminhão-trator"";""SCANIA/T124 GA4X2NZ 360"";2003;""Condutor"";""Ileso"";71;""Masculino"";1;0;0;0;-25",772902;-49,"323254;""SR-PR"";""DEL7/1"";""UOP03/PR"""
"183404;404138;2019-01-04;""sexta-feira"";""17:10:00"";""PR"";476;82","2;""BOCAIUVA DO SUL"";""Sim"";""Falta de Atenção à Condução"";1;""Colisão frontal"";""Com Vítimas Feridas"";""Pleno dia"";""Crescente"";""Garoa/Chuvisco"";""Simples"";""Curva"";""Não"";326188;""Automóvel"";""VW/GOL GL"";1988;""Condutor"";""Lesões Leves"";27;""Masculino"";0;1;0;0;-25",138002;-49,"104736;""SR-PR"";""DEL7/1"";""UOP01/PR"""
"183404;404136;2019-01-04;""sexta-feira"";""17:10:00"";""PR"";476;82","2;""BOCAIUVA DO SUL"";""Sim"";""Falta de Atenção à Condução"";1;""Colisão frontal"";""Com Vítimas Feridas"";""Pleno dia"";""Crescente"";""Garoa/Chuvisco"";""Simples"";""Curva"";""Não"";326187;""Caminhão"";""M.BENZ/915C"";2009;""Condutor"";""Ileso"";35;""Masculino"";1;0;0;0;-25",138002;-49,"104736;""SR-PR"";""DEL7/1"";""UOP01/PR"""
"183405;404149;2019-01-04;""sexta-feira"";""17:00:00"";""RS"";386;241;""SOLEDADE"";""Sim"";""Desobediência às normas de trânsito pelo condutor"";3;""Colisão com objeto estático"";""Com Vítimas Fatais"";""Pleno dia"";""Decrescente"";""Sol"";""Simples"";""Reta"";""Não"";326217;""Automóvel"";""RENAULT/SANDERO EXP1016V"";2013;""Condutor"";""Óbito"";44;""Masculino"";0;0;0;1;-28",774895;-52,"533451;""SR-RS"";""DEL9/4"";""UOP04/RS""",
"183405;404149;2019-01-04;""sexta-feira"";""17:00:00"";""RS"";386;241;""SOLEDADE"";""Sim"";""Desobediência às normas de trânsito pelo condutor"";2;""Saída de leito carroçável"";""Com Vítimas Fatais"";""Pleno dia"";""Decrescente"";""Sol"";""Simples"";""Reta"";""Não"";326217;""Automóvel"";""RENAULT/SANDERO EXP1016V"";2013;""Condutor"";""Óbito"";44;""Masculino"";0;0;0;1;-28",774895;-52,"533451;""SR-RS"";""DEL9/4"";""UOP04/RS""",
"183405;404149;2019-01-04;""sexta-feira"";""17:00:00"";""RS"";386;241;""SOLEDADE"";""Sim"";""Desobediência às normas de trânsito pelo condutor"";1;""Colisão frontal"";""Com Vítimas Fatais"";""Pleno dia"";""Decrescente"";""Sol"";""Simples"";""Reta"";""Não"";326217;""Automóvel"";""RENAULT/SANDERO EXP1016V"";2013;""Condutor"";""Óbito"";44;""Masculino"";0;0;0;1;-28",774895;-52,"533451;""SR-RS"";""DEL9/4"";""UOP04/RS""",
"183405;404218;2019-01-04;""sexta-feira"";""17:00:00"";""RS"";386;241;""SOLEDADE"";""Sim"";""Desobediência às normas de trânsito pelo condutor"";3;""Colisão com objeto estático"";""Com Vítimas Fatais"";""Pleno dia"";""Decrescente"";""Sol"";""Simples"";""Reta"";""Não"";326217;""Automóvel"";""RENAULT/SANDERO EXP1016V"";2013;""Passageiro"";""Lesões Graves"";35;""Feminino"";0;0;1;0;-28",774895;-52,"533451;""SR-RS"";""DEL9/4"";""UOP04/RS""",
"183405;404218;2019-01-04;""sexta-feira"";""17:00:00"";""RS"";386;241;""SOLEDADE"";""Sim"";""Desobediência às normas de trânsito pelo condutor"";2;""Saída de leito carroçável"";""Com Vítimas Fatais"";""Pleno dia"";""Decrescente"";""Sol"";""Simples"";""Reta"";""Não"";326217;""Automóvel"";""RENAULT/SANDERO EXP1016V"";2013;""Passageiro"";""Lesões Graves"";35;""Feminino"";0;0;1;0;-28",774895;-52,"533451;""SR-RS"";""DEL9/4"";""UOP04/RS""",
"183405;404218;2019-01-04;""sexta-feira"";""17:00:00"";""RS"";386;241;""SOLEDADE"";""Sim"";""Desobediência às normas de trânsito pelo condutor"";1;""Colisão frontal"";""Com Vítimas Fatais"";""Pleno dia"";""Decrescente"";""Sol"";""Simples"";""Reta"";""Não"";326217;""Automóvel"";""RENAULT/SANDERO EXP1016V"";2013;""Passageiro"";""Lesões Graves"";35;""Feminino"";0;0;1;0;-28",774895;-52,"533451;""SR-RS"";""DEL9/4"";""UOP04/RS""",
"183405;405420;2019-01-04;""sexta-feira"";""17:00:00"";""RS"";386;241;""SOLEDADE"";""Sim"";""Desobediência às normas de trânsito pelo condutor"";3;""Colisão com objeto estático"";""Com Vítimas Fatais"";""Pleno dia"";""Decrescente"";""Sol"";""Simples"";""Reta"";""Não"";326217;""Automóvel"";""RENAULT/SANDERO EXP1016V"";2013;""Testemunha"";""Não Informado"";NA;""Não Informado"";0;0;0;0;-28",774895;-52,"533451;""SR-RS"";""DEL9/4"";""UOP04/RS""",
"183405;405420;2019-01-04;""sexta-feira"";""17:00:00"";""RS"";386;241;""SOLEDADE"";""Sim"";""Desobediência às normas de trânsito pelo condutor"";2;""Saída de leito carroçável"";""Com Vítimas Fatais"";""Pleno dia"";""Decrescente"";""Sol"";""Simples"";""Reta"";""Não"";326217;""Automóvel"";""RENAULT/SANDERO EXP1016V"";2013;""Testemunha"";""Não Informado"";NA;""Não Informado"";0;0;0;0;-28",774895;-52,"533451;""SR-RS"";""DEL9/4"";""UOP04/RS""",
"183405;405420;2019-01-04;""sexta-feira"";""17:00:00"";""RS"";386;241;""SOLEDADE"";""Sim"";""Desobediência às normas de trânsito pelo condutor"";1;""Colisão frontal"";""Com Vítimas Fatais"";""Pleno dia"";""Decrescente"";""Sol"";""Simples"";""Reta"";""Não"";326217;""Automóvel"";""RENAULT/SANDERO EXP1016V"";2013;""Testemunha"";""Não Informado"";NA;""Não Informado"";0;0;0;0;-28",774895;-52,"533451;""SR-RS"";""DEL9/4"";""UOP04/RS""",
"183405;405420;2019-01-04;""sexta-feira"";""17:00:00"";""RS"";386;241;""SOLEDADE"";""Sim"";""Desobediência às normas de trânsito pelo condutor"";3;""Colisão com objeto estático"";""Com Vítimas Fatais"";""Pleno dia"";""Decrescente"";""Sol"";""Simples"";""Reta"";""Não"";326254;""Caminhão-trator"";""I/SCANIA 124 L 420"";1998;""Testemunha"";""Não Informado"";NA;""Não Informado"";0;0;0;0;-28",774895;-52,"533451;""SR-RS"";""DEL9/4"";""UOP04/RS""",
"183405;405420;2019-01-04;""sexta-feira"";""17:00:00"";""RS"";386;241;""SOLEDADE"";""Sim"";""Desobediência às normas de trânsito pelo condutor"";2;""Saída de leito carroçável"";""Com Vítimas Fatais"";""Pleno dia"";""Decrescente"";""Sol"";""Simples"";""Reta"";""Não"";326254;""Caminhão-trator"";""I/SCANIA 124 L 420"";1998;""Testemunha"";""Não Informado"";NA;""Não Informado"";0;0;0;0;-28",774895;-52,"533451;""SR-RS"";""DEL9/4"";""UOP04/RS""",
"183405;405420;2019-01-04;""sexta-feira"";""17:00:00"";""RS"";386;241;""SOLEDADE"";""Sim"";""Desobediência às normas de trânsito pelo condutor"";1;""Colisão frontal"";""Com Vítimas Fatais"";""Pleno dia"";""Decrescente"";""Sol"";""Simples"";""Reta"";""Não"";326254;""Caminhão-trator"";""I/SCANIA 124 L 420"";1998;""Testemunha"";""Não Informado"";NA;""Não Informado"";0;0;0;0;-28",774895;-52,"533451;""SR-RS"";""DEL9/4"";""UOP04/RS""",
"183405;405420;2019-01-04;""sexta-feira"";""17:00:00"";""RS"";386;241;""SOLEDADE"";""Sim"";""Desobediência às normas de trânsito pelo condutor"";3;""Colisão com objeto estático"";""Com Vítimas Fatais"";""Pleno dia"";""Decrescente"";""Sol"";""Simples"";""Reta"";""Não"";327265;""Semireboque"";""REB/GUERRA"";2006;""Testemunha"";""Não Informado"";NA;""Não Informado"";0;0;0;0;-28",774895;-52,"533451;""SR-RS"";""DEL9/4"";""UOP04/RS""",
"183405;405420;2019-01-04;""sexta-feira"";""17:00:00"";""RS"";386;241;""SOLEDADE"";""Sim"";""Desobediência às normas de trânsito pelo condutor"";2;""Saída de leito carroçável"";""Com Vítimas Fatais"";""Pleno dia"";""Decrescente"";""Sol"";""Simples"";""Reta"";""Não"";327265;""Semireboque"";""REB/GUERRA"";2006;""Testemunha"";""Não Informado"";NA;""Não Informado"";0;0;0;0;-28",774895;-52,"533451;""SR-RS"";""DEL9/4"";""UOP04/RS""",
"183405;405420;2019-01-04;""sexta-feira"";""17:00:00"";""RS"";386;241;""SOLEDADE"";""Sim"";""Desobediência às normas de trânsito pelo condutor"";1;""Colisão frontal"";""Com Vítimas Fatais"";""Pleno dia"";""Decrescente"";""Sol"";""Simples"";""Reta"";""Não"";327265;""Semireboque"";""REB/GUERRA"";2006;""Testemunha"";""Não Informado"";NA;""Não Informado"";0;0;0;0;-28",774895;-52,"533451;""SR-RS"";""DEL9/4"";""UOP04/RS""",
"183405;404220;2019-01-04;""sexta-feira"";""17:00:00"";""RS"";386;241;""SOLEDADE"";""Sim"";""Desobediência às normas de trânsito pelo condutor"";3;""Colisão com objeto estático"";""Com Vítimas Fatais"";""Pleno dia"";""Decrescente"";""Sol"";""Simples"";""Reta"";""Não"";326254;""Caminhão-trator"";""I/SCANIA 124 L 420"";1998;""Condutor"";""Lesões Leves"";60;""Masculino"";0;1;0;0;-28",774895;-52,"533451;""SR-RS"";""DEL9/4"";""UOP04/RS""",
"183405;404220;2019-01-04;""sexta-feira"";""17:00:00"";""RS"";386;241;""SOLEDADE"";""Sim"";""Desobediência às normas de trânsito pelo condutor"";2;""Saída de leito carroçável"";""Com Vítimas Fatais"";""Pleno dia"";""Decrescente"";""Sol"";""Simples"";""Reta"";""Não"";326254;""Caminhão-trator"";""I/SCANIA 124 L 420"";1998;""Condutor"";""Lesões Leves"";60;""Masculino"";0;1;0;0;-28",774895;-52,"533451;""SR-RS"";""DEL9/4"";""UOP04/RS""",
"183405;404220;2019-01-04;""sexta-feira"";""17:00:00"";""RS"";386;241;""SOLEDADE"";""Sim"";""Desobediência às normas de trânsito pelo condutor"";1;""Colisão frontal"";""Com Vítimas Fatais"";""Pleno dia"";""Decrescente"";""Sol"";""Simples"";""Reta"";""Não"";326254;""Caminhão-trator"";""I/SCANIA 124 L 420"";1998;""Condutor"";""Lesões Leves"";60;""Masculino"";0;1;0;0;-28",774895;-52,"533451;""SR-RS"";""DEL9/4"";""UOP04/RS""",
"183405;404221;2019-01-04;""sexta-feira"";""17:00:00"";""RS"";386;241;""SOLEDADE"";""Sim"";""Desobediência às normas de trânsito pelo condutor"";3;""Colisão com objeto estático"";""Com Vítimas Fatais"";""Pleno dia"";""Decrescente"";""Sol"";""Simples"";""Reta"";""Não"";326254;""Caminhão-trator"";""I/SCANIA 124 L 420"";1998;""Passageiro"";""Ileso"";12;""Masculino"";1;0;0;0;-28",774895;-52,"533451;""SR-RS"";""DEL9/4"";""UOP04/RS""",
"183405;404221;2019-01-04;""sexta-feira"";""17:00:00"";""RS"";386;241;""SOLEDADE"";""Sim"";""Desobediência às normas de trânsito pelo condutor"";2;""Saída de leito carroçável"";""Com Vítimas Fatais"";""Pleno dia"";""Decrescente"";""Sol"";""Simples"";""Reta"";""Não"";326254;""Caminhão-trator"";""I/SCANIA 124 L 420"";1998;""Passageiro"";""Ileso"";12;""Masculino"";1;0;0;0;-28",774895;-52,"533451;""SR-RS"";""DEL9/4"";""UOP04/RS""",