"id;""pesid"";""data_inversa"";""dia_semana"";""horario"";""uf"";""br"";""km"";""municipio"";""causa_principal"";""causa_acidente"";""ordem_tipo_acidente"";""tipo_acidente"";""classificacao_acidente"";""fase_dia"";""sentido_via"";""condicao_metereologica"";""tipo_pista"";""tracado_via"";""uso_solo"";""id_veiculo"";""tipo_veiculo"";""marca"";""ano_fabricacao_veiculo"";""tipo_envolvido"";""estado_fisico"";""idade"";""sexo"";""ilesos"";""feridos_leves"";""feridos_graves"";""mortos"";""latitude"";""longitude"";""regional"";""delegacia"";""uop""",,,
"183436;404212;2019-01-04;""sexta-feira"";""19:00:00"";""ES"";101;263","8;""SERRA"";""Sim"";""Desobediência às normas de trânsito pelo condutor"";1;""Colisão transversal"";""Com Vítimas Feridas"";""Plena Noite"";""Decrescente"";""Céu Claro"";""Dupla"";""Interseção de vias"";""Sim"";326170;""Motocicleta"";""HONDA/CG 125 FAN KS"";2010;""Passageiro"";""Lesões Leves"";32;""Feminino"";0;1;0;0;-20",17324364;-40,"26726549;""SR-ES"";""DEL12/2"";""UOP01/ES"""
"183436;404213;2019-01-04;""sexta-feira"";""19:00:00"";""ES"";101;263","8;""SERRA"";""Sim"";""Desobediência às normas de trânsito pelo condutor"";3;""Queda de ocupante de veículo"";""Com Vítimas Feridas"";""Plena Noite"";""Decrescente"";""Céu Claro"";""Dupla"";""Interseção de vias"";""Sim"";326252;""Motocicleta"";""HONDA/CB 300R"";2011;""Condutor"";""Ileso"";42;""Masculino"";1;0;0;0;-20",17324364;-40,"26726549;""SR-ES"";""DEL12/2"";""UOP01/ES"""
"183436;404213;2019-01-04;""sexta-feira"";""19:00:00"";""ES"";101;263","8;""SERRA"";""Sim"";""Desobediência às normas de trânsito pelo condutor"";2;""Tombamento"";""Com Vítimas Feridas"";""Plena Noite"";""Decrescente"";""Céu Claro"";""Dupla"";""Interseção de vias"";""Sim"";326252;""Motocicleta"";""HONDA/CB 300R"";2011;""Condutor"";""Ileso"";42;""Masculino"";1;0;0;0;-20",17324364;-40,"26726549;""SR-ES"";""DEL12/2"";""UOP01/ES"""
"183436;404213;2019-01-04;""sexta-feira"";""19:00:00"";""ES"";101;263","8;""SERRA"";""Sim"";""Desobediência às normas de trânsito pelo condutor"";1;""Colisão transversal"";""Com Vítimas Feridas"";""Plena Noite"";""Decrescente"";""Céu Claro"";""Dupla"";""Interseção de vias"";""Sim"";326252;""Motocicleta"";""HONDA/CB 300R"";2011;""Condutor"";""Ileso"";42;""Masculino"";1;0;0;0;-20",17324364;-40,"26726549;""SR-ES"";""DEL12/2"";""UOP01/ES"""
"183436;404209;2019-01-04;""sexta-feira"";""19:00:00"";""ES"";101;263","8;""SERRA"";""Sim"";""Desobediência às normas de trânsito pelo condutor"";3;""Queda de ocupante de veículo"";""Com Vítimas Feridas"";""Plena Noite"";""Decrescente"";""Céu Claro"";""Dupla"";""Interseção de vias"";""Sim"";326170;""Motocicleta"";""HONDA/CG 125 FAN KS"";2010;""Condutor"";""Lesões Leves"";46;""Masculino"";0;1;0;0;-20",17324364;-40,"26726549;""SR-ES"";""DEL12/2"";""UOP01/ES"""
"183436;404209;2019-01-04;""sexta-feira"";""19:00:00"";""ES"";101;263","8;""SERRA"";""Sim"";""Desobediência às normas de trânsito pelo condutor"";2;""Tombamento"";""Com Vítimas Feridas"";""Plena Noite"";""Decrescente"";""Céu Claro"";""Dupla"";""Interseção de vias"";""Sim"";326170;""Motocicleta"";""HONDA/CG 125 FAN KS"";2010;""Condutor"";""Lesões Leves"";46;""Masculino"";0;1;0;0;-20",17324364;-40,"26726549;""SR-ES"";""DEL12/2"";""UOP01/ES"""
"183436;404209;2019-01-04;""sexta-feira"";""19:00:00"";""ES"";101;263","8;""SERRA"";""Sim"";""Desobediência às normas de trânsito pelo condutor"";1;""Colisão transversal"";""Com Vítimas Feridas"";""Plena Noite"";""Decrescente"";""Céu Claro"";""Dupla"";""Interseção de vias"";""Sim"";326170;""Motocicleta"";""HONDA/CG 125 FAN KS"";2010;""Condutor"";""Lesões Leves"";46;""Masculino"";0;1;0;0;-20",17324364;-40,"26726549;""SR-ES"";""DEL12/2"";""UOP01/ES"""
"183437;404091;2019-01-04;""sexta-feira"";""17:30:00"";""ES"";101;269","9;""SERRA"";""Sim"";""Falta de Atenção à Condução"";1;""Colisão traseira"";""Com Vítimas Feridas"";""Anoitecer"";""Decrescente"";""Céu Claro"";""Dupla"";""Reta"";""Sim"";326180;""Outros"";"""";NA;""Condutor"";""Ileso"";NA;""Ignorado"";1;0;0;0;-20",21676298;-40,"27010864;""SR-ES"";""DEL12/2"";""UOP01/ES"""
"183437;404089;2019-01-04;""sexta-feira"";""17:30:00"";""ES"";101;269","9;""SERRA"";""Sim"";""Falta de Atenção à Condução"";1;""Colisão traseira"";""Com Vítimas Feridas"";""Anoitecer"";""Decrescente"";""Céu Claro"";""Dupla"";""Reta"";""Sim"";326176;""Motocicleta"";""HONDA/CG150 FAN ESDI"";2011;""Condutor"";""Lesões Leves"";27;""Masculino"";0;1;0;0;-20",21676298;-40,"27010864;""SR-ES"";""DEL12/2"";""UOP01/ES"""
"183438;404245;2019-01-04;""sexta-feira"";""19:00:00"";""RJ"";40;38;""AREAL"";""Sim"";""Falta de Atenção à Condução"";1;""Tombamento"";""Com Vítimas Feridas"";""Plena Noite"";""Decrescente"";""Chuva"";""Dupla"";""Curva"";""Não"";326270;""Caminhonete"";""I/KIA UK2500 HD SC"";2013;""Passageiro"";""Ileso"";61;""Masculino"";1;0;0;0;-22",22962;-43,"118694;""SR-RJ"";""DEL5/6"";""UOP01/RJ""",
"183438;404244;2019-01-04;""sexta-feira"";""19:00:00"";""RJ"";40;38;""AREAL"";""Sim"";""Falta de Atenção à Condução"";1;""Tombamento"";""Com Vítimas Feridas"";""Plena Noite"";""Decrescente"";""Chuva"";""Dupla"";""Curva"";""Não"";326270;""Caminhonete"";""I/KIA UK2500 HD SC"";2013;""Condutor"";""Lesões Leves"";43;""Masculino"";0;1;0;0;-22",22962;-43,"118694;""SR-RJ"";""DEL5/6"";""UOP01/RJ""",
"183439;404048;2019-01-04;""sexta-feira"";""16:25:00"";""MG"";116;517","3;""UBAPORANGA"";""Sim"";""Velocidade Incompatível"";1;""Saída de leito carroçável"";""Com Vítimas Feridas"";""Pleno dia"";""Crescente"";""Céu Claro"";""Simples"";""Curva"";""Não"";326144;""Caminhonete"";""VW/SAVEIRO CL"";1996;""Condutor"";""Lesões Leves"";73;""Masculino"";0;1;0;0;-19",693707;-42,"118003;""SR-MG"";""DEL4/6"";""UOP02/MG"""
"183439;404050;2019-01-04;""sexta-feira"";""16:25:00"";""MG"";116;517","3;""UBAPORANGA"";""Sim"";""Velocidade Incompatível"";1;""Saída de leito carroçável"";""Com Vítimas Feridas"";""Pleno dia"";""Crescente"";""Céu Claro"";""Simples"";""Curva"";""Não"";326144;""Caminhonete"";""VW/SAVEIRO CL"";1996;""Passageiro"";""Lesões Graves"";52;""Masculino"";0;0;1;0;-19",693707;-42,"118003;""SR-MG"";""DEL4/6"";""UOP02/MG"""
"183440;404172;2019-01-04;""sexta-feira"";""18:20:00"";""CE"";304;68","4;""ARACATI"";""Sim"";""Falta de Atenção do Pedestre"";1;""Atropelamento de Pedestre"";""Com Vítimas Fatais"";""Plena Noite"";""Crescente"";""Céu Claro"";""Simples"";""Reta"";""Não"";326226;""Outros"";"""";NA;""Pedestre"";""Óbito"";60;""Masculino"";0;0;0;1;-4",646055;-37,"626686;""SR-CE"";""DEL16/3"";""UOP03/CE"""
"183440;404172;2019-01-04;""sexta-feira"";""18:20:00"";""CE"";304;68","4;""ARACATI"";""Sim"";""Falta de Atenção do Pedestre"";1;""Atropelamento de Pedestre"";""Com Vítimas Fatais"";""Plena Noite"";""Crescente"";""Céu Claro"";""Simples"";""Reta"";""Não"";326230;""Caminhonete"";""I/FORD RANGER XLTCD4A32C"";2017;""Pedestre"";""Óbito"";60;""Masculino"";0;0;0;1;-4",646055;-37,"626686;""SR-CE"";""DEL16/3"";""UOP03/CE"""
"183440;404172;2019-01-04;""sexta-feira"";""18:20:00"";""CE"";304;68","4;""ARACATI"";""Sim"";""Falta de Atenção do Pedestre"";1;""Atropelamento de Pedestre"";""Com Vítimas Fatais"";""Plena Noite"";""Crescente"";""Céu Claro"";""Simples"";""Reta"";""Não"";326229;""Caminhonete"";""I/FORD RANGER XLTCD4A32C"";2017;""Pedestre"";""Óbito"";60;""Masculino"";0;0;0;1;-4",646055;-37,"626686;""SR-CE"";""DEL16/3"";""UOP03/CE"""
"183440;404179;2019-01-04;""sexta-feira"";""18:20:00"";""CE"";304;68","4;""ARACATI"";""Sim"";""Falta de Atenção do Pedestre"";1;""Atropelamento de Pedestre"";""Com Vítimas Fatais"";""Plena Noite"";""Crescente"";""Céu Claro"";""Simples"";""Reta"";""Não"";326230;""Caminhonete"";""I/FORD RANGER XLTCD4A32C"";2017;""Condutor"";""Ileso"";62;""Masculino"";1;0;0;0;-4",646055;-37,"626686;""SR-CE"";""DEL16/3"";""UOP03/CE"""
"183440;404176;2019-01-04;""sexta-feira"";""18:20:00"";""CE"";304;68","4;""ARACATI"";""Sim"";""Falta de Atenção do Pedestre"";1;""Atropelamento de Pedestre"";""Com Vítimas Fatais"";""Plena Noite"";""Crescente"";""Céu Claro"";""Simples"";""Reta"";""Não"";326229;""Caminhonete"";""I/FORD RANGER XLTCD4A32C"";2017;""Condutor"";""Ileso"";30;""Masculino"";1;0;0;0;-4",646055;-37,"626686;""SR-CE"";""DEL16/3"";""UOP03/CE"""
"183440;404173;2019-01-04;""sexta-feira"";""18:20:00"";""CE"";304;68","4;""ARACATI"";""Sim"";""Falta de Atenção do Pedestre"";1;""Atropelamento de Pedestre"";""Com Vítimas Fatais"";""Plena Noite"";""Crescente"";""Céu Claro"";""Simples"";""Reta"";""Não"";326226;""Outros"";"""";NA;""Condutor"";""Não Informado"";NA;""Não Informado"";0;0;0;0;-4",646055;-37,"626686;""SR-CE"";""DEL16/3"";""UOP03/CE"""
"183440;404180;2019-01-04;""sexta-feira"";""18:20:00"";""CE"";304;68","4;""ARACATI"";""Sim"";""Falta de Atenção do Pedestre"";1;""Atropelamento de Pedestre"";""Com Vítimas Fatais"";""Plena Noite"";""Crescente"";""Céu Claro"";""Simples"";""Reta"";""Não"";326230;""Caminhonete"";""I/FORD RANGER XLTCD4A32C"";2017;""Passageiro"";""Ileso"";29;""Masculino"";1;0;0;0;-4",646055;-37,"626686;""SR-CE"";""DEL16/3"";""UOP03/CE"""
"183440;404178;2019-01-04;""sexta-feira"";""18:20:00"";""CE"";304;68","4;""ARACATI"";""Sim"";""Falta de Atenção do Pedestre"";1;""Atropelamento de Pedestre"";""Com Vítimas Fatais"";""Plena Noite"";""Crescente"";""Céu Claro"";""Simples"";""Reta"";""Não"";326229;""Caminhonete"";""I/FORD RANGER XLTCD4A32C"";2017;""Passageiro"";""Ileso"";56;""Masculino"";1;0;0;0;-4",646055;-37,"626686;""SR-CE"";""DEL16/3"";""UOP03/CE"""
"183441;405823;2019-01-04;""sexta-feira"";""17:25:00"";""PE"";232;181;""BELO JARDIM"";""Sim"";""Falta de Atenção à Condução"";2;""Colisão frontal"";""Com Vítimas Feridas"";""Anoitecer"";""Decrescente"";""Céu Claro"";""Simples"";""Reta"";""Não"";326228;""Motocicleta"";""HONDA/NXR150 BROS ES"";2010;""Condutor"";""Lesões Graves"";NA;""Masculino"";0;0;1;0;-8",34628;-36,"437763;""SR-PE"";""DEL11/2"";""UOP02/PE""",
"183441;405823;2019-01-04;""sexta-feira"";""17:25:00"";""PE"";232;181;""BELO JARDIM"";""Sim"";""Falta de Atenção à Condução"";1;""Colisão lateral"";""Com Vítimas Feridas"";""Anoitecer"";""Decrescente"";""Céu Claro"";""Simples"";""Reta"";""Não"";326228;""Motocicleta"";""HONDA/NXR150 BROS ES"";2010;""Condutor"";""Lesões Graves"";NA;""Masculino"";0;0;1;0;-8",34628;-36,"437763;""SR-PE"";""DEL11/2"";""UOP02/PE""",
"183441;405820;2019-01-04;""sexta-feira"";""17:25:00"";""PE"";232;181;""BELO JARDIM"";""Sim"";""Falta de Atenção à Condução"";2;""Colisão frontal"";""Com Vítimas Feridas"";""Anoitecer"";""Decrescente"";""Céu Claro"";""Simples"";""Reta"";""Não"";326227;""Automóvel"";""FORD/FIESTA SEDAN1.6FLEX"";2009;""Condutor"";""Ileso"";58;""Masculino"";1;0;0;0;-8",34628;-36,"437763;""SR-PE"";""DEL11/2"";""UOP02/PE""",
"183441;405820;2019-01-04;""sexta-feira"";""17:25:00"";""PE"";232;181;""BELO JARDIM"";""Sim"";""Falta de Atenção à Condução"";1;""Colisão lateral"";""Com Vítimas Feridas"";""Anoitecer"";""Decrescente"";""Céu Claro"";""Simples"";""Reta"";""Não"";326227;""Automóvel"";""FORD/FIESTA SEDAN1.6FLEX"";2009;""Condutor"";""Ileso"";58;""Masculino"";1;0;0;0;-8",34628;-36,"437763;""SR-PE"";""DEL11/2"";""UOP02/PE""",
"183442;NA;2019-01-04;""sexta-feira"";""17:10:00"";""SC"";280;230","2;""CANOINHAS"";""Sim"";""Defeito Mecânico no Veículo"";NA;"""";""Sem Vítimas"";""Pleno dia"";""Crescente"";""Céu Claro"";""Simples"";""Rotatória"";""Não"";326160;""Semireboque"";""SR/FACCHINI SRF RT"";2008;""Não Informado"";""Não Informado"";NA;""Não Informado"";0;0;0;0;-26",187521;-50,"361839;""SR-SC"";""DEL8/6"";""UOP04/SC"""
"183442;NA;2019-01-04;""sexta-feira"";""17:10:00"";""SC"";280;230","2;""CANOINHAS"";""Sim"";""Defeito Mecânico no Veículo"";NA;"""";""Sem Vítimas"";""Pleno dia"";""Crescente"";""Céu Claro"";""Simples"";""Rotatória"";""Não"";326162;""Semireboque"";""SR/FACCHINI SRF RT"";2008;""Não Informado"";""Não Informado"";NA;""Não Informado"";0;0;0;0;-26",187521;-50,"361839;""SR-SC"";""DEL8/6"";""UOP04/SC"""
"183442;404838;2019-01-04;""sexta-feira"";""17:10:00"";""SC"";280;230","2;""CANOINHAS"";""Sim"";""Defeito Mecânico no Veículo"";NA;"""";""Sem Vítimas"";""Pleno dia"";""Crescente"";""Céu Claro"";""Simples"";""Rotatória"";""Não"";326146;""Caminhão-trator"";""VOLVO/NH12380 4X2T"";2001;""Condutor"";""Ileso"";61;""Masculino"";1;0;0;0;-26",187521;-50,"361839;""SR-SC"";""DEL8/6"";""UOP04/SC"""
"183444;404188;2019-01-04;""sexta-feira"";""19:35:00"";""PR"";376;474","7;""PONTA GROSSA"";""Sim"";""Velocidade Incompatível"";3;""Capotamento"";""Com Vítimas Feridas"";""Anoitecer"";""Decrescente"";""Chuva"";""Dupla"";""Curva"";""Não"";326218;""Automóvel"";""CHEVROLET/ONIX 1.4AT LTZ"";2016;""Passageiro"";""Lesões Leves"";62;""Feminino"";0;1;0;0;-25",03518992;-50,"30054659;""SR-PR"";""DEL7/3"";""UOP01/PR"""
"183444;404188;2019-01-04;""sexta-feira"";""19:35:00"";""PR"";376;474","7;""PONTA GROSSA"";""Sim"";""Velocidade Incompatível"";2;""Colisão com objeto estático"";""Com Vítimas Feridas"";""Anoitecer"";""Decrescente"";""Chuva"";""Dupla"";""Curva"";""Não"";326218;""Automóvel"";""CHEVROLET/ONIX 1.4AT LTZ"";2016;""Passageiro"";""Lesões Leves"";62;""Feminino"";0;1;0;0;-25",03518992;-50,"30054659;""SR-PR"";""DEL7/3"";""UOP01/PR"""
"183444;404188;2019-01-04;""sexta-feira"";""19:35:00"";""PR"";376;474","7;""PONTA GROSSA"";""Sim"";""Velocidade Incompatível"";1;""Saída de leito carroçável"";""Com Vítimas Feridas"";""Anoitecer"";""Decrescente"";""Chuva"";""Dupla"";""Curva"";""Não"";326218;""Automóvel"";""CHEVROLET/ONIX 1.4AT LTZ"";2016;""Passageiro"";""Lesões Leves"";62;""Feminino"";0;1;0;0;-25",03518992;-50,"30054659;""SR-PR"";""DEL7/3"";""UOP01/PR"""
"183444;404187;2019-01-04;""sexta-feira"";""19:35:00"";""PR"";376;474","7;""PONTA GROSSA"";""Sim"";""Velocidade Incompatível"";3;""Capotamento"";""Com Vítimas Feridas"";""Anoitecer"";""Decrescente"";""Chuva"";""Dupla"";""Curva"";""Não"";326218;""Automóvel"";""CHEVROLET/ONIX 1.4AT LTZ"";2016;""Condutor"";""Lesões Leves"";42;""Masculino"";0;1;0;0;-25",03518992;-50,"30054659;""SR-PR"";""DEL7/3"";""UOP01/PR"""
"183444;404187;2019-01-04;""sexta-feira"";""19:35:00"";""PR"";376;474","7;""PONTA GROSSA"";""Sim"";""Velocidade Incompatível"";2;""Colisão com objeto estático"";""Com Vítimas Feridas"";""Anoitecer"";""Decrescente"";""Chuva"";""Dupla"";""Curva"";""Não"";326218;""Automóvel"";""CHEVROLET/ONIX 1.4AT LTZ"";2016;""Condutor"";""Lesões Leves"";42;""Masculino"";0;1;0;0;-25",03518992;-50,"30054659;""SR-PR"";""DEL7/3"";""UOP01/PR"""
"183444;404187;2019-01-04;""sexta-feira"";""19:35:00"";""PR"";376;474","7;""PONTA GROSSA"";""Sim"";""Velocidade Incompatível"";1;""Saída de leito carroçável"";""Com Vítimas Feridas"";""Anoitecer"";""Decrescente"";""Chuva"";""Dupla"";""Curva"";""Não"";326218;""Automóvel"";""CHEVROLET/ONIX 1.4AT LTZ"";2016;""Condutor"";""Lesões Leves"";42;""Masculino"";0;1;0;0;-25",03518992;-50,"30054659;""SR-PR"";""DEL7/3"";""UOP01/PR"""
"183444;404190;2019-01-04;""sexta-feira"";""19:35:00"";""PR"";376;474","7;""PONTA GROSSA"";""Sim"";""Velocidade Incompatível"";3;""Capotamento"";""Com Vítimas Feridas"";""Anoitecer"";""Decrescente"";""Chuva"";""Dupla"";""Curva"";""Não"";326218;""Automóvel"";""CHEVROLET/ONIX 1.4AT LTZ"";2016;""Passageiro"";""Lesões Graves"";23;""Feminino"";0;0;1;0;-25",03518992;-50,"30054659;""SR-PR"";""DEL7/3"";""UOP01/PR"""
"183444;404190;2019-01-04;""sexta-feira"";""19:35:00"";""PR"";376;474","7;""PONTA GROSSA"";""Sim"";""Velocidade Incompatível"";2;""Colisão com objeto estático"";""Com Vítimas Feridas"";""Anoitecer"";""Decrescente"";""Chuva"";""Dupla"";""Curva"";""Não"";326218;""Automóvel"";""CHEVROLET/ONIX 1.4AT LTZ"";2016;""Passageiro"";""Lesões Graves"";23;""Feminino"";0;0;1;0;-25",03518992;-50,"30054659;""SR-PR"";""DEL7/3"";""UOP01/PR"""
"183444;404190;2019-01-04;""sexta-feira"";""19:35:00"";""PR"";376;474","7;""PONTA GROSSA"";""Sim"";""Velocidade Incompatível"";1;""Saída de leito carroçável"";""Com Vítimas Feridas"";""Anoitecer"";""Decrescente"";""Chuva"";""Dupla"";""Curva"";""Não"";326218;""Automóvel"";""CHEVROLET/ONIX 1.4AT LTZ"";2016;""Passageiro"";""Lesões Graves"";23;""Feminino"";0;0;1;0;-25",03518992;-50,"30054659;""SR-PR"";""DEL7/3"";""UOP01/PR"""
"183444;404189;2019-01-04;""sexta-feira"";""19:35:00"";""PR"";376;474","7;""PONTA GROSSA"";""Sim"";""Velocidade Incompatível"";3;""Capotamento"";""Com Vítimas Feridas"";""Anoitecer"";""Decrescente"";""Chuva"";""Dupla"";""Curva"";""Não"";326218;""Automóvel"";""CHEVROLET/ONIX 1.4AT LTZ"";2016;""Passageiro"";""Lesões Graves"";45;""Feminino"";0;0;1;0;-25",03518992;-50,"30054659;""SR-PR"";""DEL7/3"";""UOP01/PR"""
"183444;404189;2019-01-04;""sexta-feira"";""19:35:00"";""PR"";376;474","7;""PONTA GROSSA"";""Sim"";""Velocidade Incompatível"";2;""Colisão com objeto estático"";""Com Vítimas Feridas"";""Anoitecer"";""Decrescente"";""Chuva"";""Dupla"";""Curva"";""Não"";326218;""Automóvel"";""CHEVROLET/ONIX 1.4AT LTZ"";2016;""Passageiro"";""Lesões Graves"";45;""Feminino"";0;0;1;0;-25",03518992;-50,"30054659;""SR-PR"";""DEL7/3"";""UOP01/PR"""
"183444;404189;2019-01-04;""sexta-feira"";""19:35:00"";""PR"";376;474","7;""PONTA GROSSA"";""Sim"";""Velocidade Incompatível"";1;""Saída de leito carroçável"";""Com Vítimas Feridas"";""Anoitecer"";""Decrescente"";""Chuva"";""Dupla"";""Curva"";""Não"";326218;""Automóvel"";""CHEVROLET/ONIX 1.4AT LTZ"";2016;""Passageiro"";""Lesões Graves"";45;""Feminino"";0;0;1;0;-25",03518992;-50,"30054659;""SR-PR"";""DEL7/3"";""UOP01/PR"""
"183445;407439;2019-01-04;""sexta-feira"";""17:45:00"";""SC"";282;80;""RANCHO QUEIMADO"";""Sim"";""Pista Escorregadia"";1;""Colisão frontal"";""Com Vítimas Feridas"";""Pleno dia"";""Decrescente"";""Nublado"";""Simples"";""Curva"";""Não"";326166;""Caminhonete"";""I/TOYOTA HILUX CD4X4 STD"";2013;""Condutor"";""Lesões Leves"";53;""Masculino"";0;1;0;0;-27",663555;-49,"159309;""SR-SC"";""DEL8/1"";""UOP03/SC""",
"183445;407441;2019-01-04;""sexta-feira"";""17:45:00"";""SC"";282;80;""RANCHO QUEIMADO"";""Sim"";""Pista Escorregadia"";1;""Colisão frontal"";""Com Vítimas Feridas"";""Pleno dia"";""Decrescente"";""Nublado"";""Simples"";""Curva"";""Não"";326166;""Caminhonete"";""I/TOYOTA HILUX CD4X4 STD"";2013;""Passageiro"";""Lesões Graves"";29;""Feminino"";0;0;1;0;-27",663555;-49,"159309;""SR-SC"";""DEL8/1"";""UOP03/SC""",
"183445;407432;2019-01-04;""sexta-feira"";""17:45:00"";""SC"";282;80;""RANCHO QUEIMADO"";""Sim"";""Pista Escorregadia"";1;""Colisão frontal"";""Com Vítimas Feridas"";""Pleno dia"";""Decrescente"";""Nublado"";""Simples"";""Curva"";""Não"";328420;""Automóvel"";""RENAULT/SCENIC RT 1.6 16"";2000;""Condutor"";""Lesões Graves"";38;""Masculino"";0;0;1;0;-27",663555;-49,"159309;""SR-SC"";""DEL8/1"";""UOP03/SC""",
"183445;407446;2019-01-04;""sexta-feira"";""17:45:00"";""SC"";282;80;""RANCHO QUEIMADO"";""Sim"";""Pista Escorregadia"";1;""Colisão frontal"";""Com Vítimas Feridas"";""Pleno dia"";""Decrescente"";""Nublado"";""Simples"";""Curva"";""Não"";326166;""Caminhonete"";""I/TOYOTA HILUX CD4X4 STD"";2013;""Passageiro"";""Lesões Leves"";5;""Feminino"";0;1;0;0;-27",663555;-49,"159309;""SR-SC"";""DEL8/1"";""UOP03/SC""",
"183445;407434;2019-01-04;""sexta-feira"";""17:45:00"";""SC"";282;80;""RANCHO QUEIMADO"";""Sim"";""Pista Escorregadia"";1;""Colisão frontal"";""Com Vítimas Feridas"";""Pleno dia"";""Decrescente"";""Nublado"";""Simples"";""Curva"";""Não"";328420;""Automóvel"";""RENAULT/SCENIC RT 1.6 16"";2000;""Passageiro"";""Lesões Graves"";33;""Feminino"";0;0;1;0;-27",663555;-49,"159309;""SR-SC"";""DEL8/1"";""UOP03/SC""",
"183446;404074;2019-01-04;""sexta-feira"";""20:00:00"";""RS"";290;94;""PORTO ALEGRE"";""Sim"";""Defeito Mecânico no Veículo"";1;""Tombamento"";""Com Vítimas Feridas"";""Pleno dia"";""Crescente"";""Céu Claro"";""Dupla"";""Reta"";""Sim"";326168;""Motocicleta"";""HONDA/CG 150 TITAN ESD"";2004;""Condutor"";""Lesões Leves"";24;""Masculino"";0;1;0;0;-29",973856;-51,"197853;""SR-RS"";""DEL9/1"";""UOP01/RS""",
"183446;404134;2019-01-04;""sexta-feira"";""20:00:00"";""RS"";290;94;""PORTO ALEGRE"";""Sim"";""Defeito Mecânico no Veículo"";1;""Tombamento"";""Com Vítimas Feridas"";""Pleno dia"";""Crescente"";""Céu Claro"";""Dupla"";""Reta"";""Sim"";326168;""Motocicleta"";""HONDA/CG 150 TITAN ESD"";2004;""Passageiro"";""Lesões Leves"";23;""Feminino"";0;1;0;0;-29",973856;-51,"197853;""SR-RS"";""DEL9/1"";""UOP01/RS""",
"183447;NA;2019-01-04;""sexta-feira"";""20:39:00"";""PR"";369;151","9;""LONDRINA"";""Sim"";""Desobediência às normas de trânsito pelo condutor"";1;""Colisão lateral"";""Com Vítimas Fatais"";""Plena Noite"";""Crescente"";""Céu Claro"";""Dupla"";""Reta"";""Sim"";327766;""Caminhão-trator"";""M.BENZ/AXOR 2544 LS"";2014;""Não Informado"";""Não Informado"";NA;""Não Informado"";0;0;0;0;-23",292753;-51,"180611;""SR-PR"";""DEL7/7"";""UOP01/PR"""
"183447;NA;2019-01-04;""sexta-feira"";""20:39:00"";""PR"";369;151","9;""LONDRINA"";""Não"";""Falta de Atenção à Condução"";1;""Colisão lateral"";""Com Vítimas Fatais"";""Plena Noite"";""Crescente"";""Céu Claro"";""Dupla"";""Reta"";""Sim"";327766;""Caminhão-trator"";""M.BENZ/AXOR 2544 LS"";2014;""Não Informado"";""Não Informado"";NA;""Não Informado"";0;0;0;0;-23",292753;-51,"180611;""SR-PR"";""DEL7/7"";""UOP01/PR"""
"183447;404104;2019-01-04;""sexta-feira"";""20:39:00"";""PR"";369;151","9;""LONDRINA"";""Sim"";""Desobediência às normas de trânsito pelo condutor"";1;""Colisão lateral"";""Com Vítimas Fatais"";""Plena Noite"";""Crescente"";""Céu Claro"";""Dupla"";""Reta"";""Sim"";326191;""Motocicleta"";""HONDA/CB 300R"";2010;""Condutor"";""Óbito"";20;""Masculino"";0;0;0;1;-23",292753;-51,"180611;""SR-PR"";""DEL7/7"";""UOP01/PR"""
"183447;404104;2019-01-04;""sexta-feira"";""20:39:00"";""PR"";369;151","9;""LONDRINA"";""Não"";""Falta de Atenção à Condução"";1;""Colisão lateral"";""Com Vítimas Fatais"";""Plena Noite"";""Crescente"";""Céu Claro"";""Dupla"";""Reta"";""Sim"";326191;""Motocicleta"";""HONDA/CB 300R"";2010;""Condutor"";""Óbito"";20;""Masculino"";0;0;0;1;-23",292753;-51,"180611;""SR-PR"";""DEL7/7"";""UOP01/PR"""
"183447;404108;2019-01-04;""sexta-feira"";""20:39:00"";""PR"";369;151","9;""LONDRINA"";""Sim"";""Desobediência às normas de trânsito pelo condutor"";1;""Colisão lateral"";""Com Vítimas Fatais"";""Plena Noite"";""Crescente"";""Céu Claro"";""Dupla"";""Reta"";""Sim"";326192;""Caminhão-trator"";""VOLVO/VM 310 4X2T"";2006;""Condutor"";""Ileso"";35;""Masculino"";1;0;0;0;-23",292753;-51,"180611;""SR-PR"";""DEL7/7"";""UOP01/PR"""
"183447;404108;2019-01-04;""sexta-feira"";""20:39:00"";""PR"";369;151","9;""LONDRINA"";""Não"";""Falta de Atenção à Condução"";1;""Colisão lateral"";""Com Vítimas Fatais"";""Plena Noite"";""Crescente"";""Céu Claro"";""Dupla"";""Reta"";""Sim"";326192;""Caminhão-trator"";""VOLVO/VM 310 4X2T"";2006;""Condutor"";""Ileso"";35;""Masculino"";1;0;0;0;-23",292753;-51,"180611;""SR-PR"";""DEL7/7"";""UOP01/PR"""
"183448;404145;2019-01-04;""sexta-feira"";""18:30:00"";""MG"";381;683","3;""PERDOES"";""Sim"";""Velocidade Incompatível"";2;""Colisão com objeto estático"";""Com Vítimas Feridas"";""Anoitecer"";""Decrescente"";""Chuva"";""Dupla"";""Curva"";""Não"";326161;""Automóvel"";""FIAT/PALIO FIRE FLEX"";2008;""Passageiro"";""Lesões Leves"";23;""Feminino"";0;1;0;0;-21",158;-45,"1171;""SR-MG"";""DEL4/4"";""UOP02/MG"""
"183448;404145;2019-01-04;""sexta-feira"";""18:30:00"";""MG"";381;683","3;""PERDOES"";""Sim"";""Velocidade Incompatível"";1;""Saída de leito carroçável"";""Com Vítimas Feridas"";""Anoitecer"";""Decrescente"";""Chuva"";""Dupla"";""Curva"";""Não"";326161;""Automóvel"";""FIAT/PALIO FIRE FLEX"";2008;""Passageiro"";""Lesões Leves"";23;""Feminino"";0;1;0;0;-21",158;-45,"1171;""SR-MG"";""DEL4/4"";""UOP02/MG"""