"id;""pesid"";""data_inversa"";""dia_semana"";""horario"";""uf"";""br"";""km"";""municipio"";""causa_principal"";""causa_acidente"";""ordem_tipo_acidente"";""tipo_acidente"";""classificacao_acidente"";""fase_dia"";""sentido_via"";""condicao_metereologica"";""tipo_pista"";""tracado_via"";""uso_solo"";""id_veiculo"";""tipo_veiculo"";""marca"";""ano_fabricacao_veiculo"";""tipo_envolvido"";""estado_fisico"";""idade"";""sexo"";""ilesos"";""feridos_leves"";""feridos_graves"";""mortos"";""latitude"";""longitude"";""regional"";""delegacia"";""uop""",,,
"183448;404144;2019-01-04;""sexta-feira"";""18:30:00"";""MG"";381;683","3;""PERDOES"";""Sim"";""Velocidade Incompatível"";2;""Colisão com objeto estático"";""Com Vítimas Feridas"";""Anoitecer"";""Decrescente"";""Chuva"";""Dupla"";""Curva"";""Não"";326161;""Automóvel"";""FIAT/PALIO FIRE FLEX"";2008;""Condutor"";""Ileso"";63;""Masculino"";1;0;0;0;-21",158;-45,"1171;""SR-MG"";""DEL4/4"";""UOP02/MG"""
"183448;404144;2019-01-04;""sexta-feira"";""18:30:00"";""MG"";381;683","3;""PERDOES"";""Sim"";""Velocidade Incompatível"";1;""Saída de leito carroçável"";""Com Vítimas Feridas"";""Anoitecer"";""Decrescente"";""Chuva"";""Dupla"";""Curva"";""Não"";326161;""Automóvel"";""FIAT/PALIO FIRE FLEX"";2008;""Condutor"";""Ileso"";63;""Masculino"";1;0;0;0;-21",158;-45,"1171;""SR-MG"";""DEL4/4"";""UOP02/MG"""
"183449;405627;2019-01-04;""sexta-feira"";""21:00:00"";""GO"";40;8;""VALPARAISO DE GOIAS"";""Sim"";""Falta de Atenção do Pedestre"";1;""Atropelamento de Pedestre"";""Com Vítimas Feridas"";""Plena Noite"";""Crescente"";""Céu Claro"";""Dupla"";""Reta"";""Sim"";326273;""Motocicleta"";"""";NA;""Pedestre"";""Lesões Leves"";34;""Masculino"";0;1;0;0;-16",116158;-47,"96761;""SR-DF"";""UOP01/DF"";""""",
"183449;405625;2019-01-04;""sexta-feira"";""21:00:00"";""GO"";40;8;""VALPARAISO DE GOIAS"";""Sim"";""Falta de Atenção do Pedestre"";1;""Atropelamento de Pedestre"";""Com Vítimas Feridas"";""Plena Noite"";""Crescente"";""Céu Claro"";""Dupla"";""Reta"";""Sim"";326273;""Motocicleta"";"""";NA;""Condutor"";""Ileso"";NA;""Ignorado"";1;0;0;0;-16",116158;-47,"96761;""SR-DF"";""UOP01/DF"";""""",
"183450;404222;2019-01-04;""sexta-feira"";""21:00:00"";""RS"";116;479","9;""SAO LOURENCO DO SUL"";""Sim"";""Não guardar distância de segurança"";1;""Colisão traseira"";""Com Vítimas Feridas"";""Plena Noite"";""Crescente"";""Céu Claro"";""Simples"";""Reta"";""Não"";326189;""Motocicleta"";""YAMAHA/XTZ250 TENERE"";2017;""Condutor"";""Lesões Leves"";42;""Masculino"";0;1;0;0;-31",39584654;-52,"14385986;""SR-RS"";""DEL9/7"";""UOP01/RS"""
"183450;404223;2019-01-04;""sexta-feira"";""21:00:00"";""RS"";116;479","9;""SAO LOURENCO DO SUL"";""Sim"";""Não guardar distância de segurança"";1;""Colisão traseira"";""Com Vítimas Feridas"";""Plena Noite"";""Crescente"";""Céu Claro"";""Simples"";""Reta"";""Não"";326189;""Motocicleta"";""YAMAHA/XTZ250 TENERE"";2017;""Passageiro"";""Lesões Leves"";17;""Masculino"";0;1;0;0;-31",39584654;-52,"14385986;""SR-RS"";""DEL9/7"";""UOP01/RS"""
"183450;404225;2019-01-04;""sexta-feira"";""21:00:00"";""RS"";116;479","9;""SAO LOURENCO DO SUL"";""Sim"";""Não guardar distância de segurança"";1;""Colisão traseira"";""Com Vítimas Feridas"";""Plena Noite"";""Crescente"";""Céu Claro"";""Simples"";""Reta"";""Não"";326190;""Automóvel"";""HONDA/CITY EXL CVT"";2018;""Passageiro"";""Ileso"";33;""Masculino"";1;0;0;0;-31",39584654;-52,"14385986;""SR-RS"";""DEL9/7"";""UOP01/RS"""
"183450;404224;2019-01-04;""sexta-feira"";""21:00:00"";""RS"";116;479","9;""SAO LOURENCO DO SUL"";""Sim"";""Não guardar distância de segurança"";1;""Colisão traseira"";""Com Vítimas Feridas"";""Plena Noite"";""Crescente"";""Céu Claro"";""Simples"";""Reta"";""Não"";326190;""Automóvel"";""HONDA/CITY EXL CVT"";2018;""Condutor"";""Ileso"";33;""Feminino"";1;0;0;0;-31",39584654;-52,"14385986;""SR-RS"";""DEL9/7"";""UOP01/RS"""
"183453;404088;2019-01-04;""sexta-feira"";""20:00:00"";""MG"";381;862","4;""POUSO ALEGRE"";""Sim"";""Falta de Atenção à Condução"";2;""Saída de leito carroçável"";""Com Vítimas Feridas"";""Plena Noite"";""Decrescente"";""Chuva"";""Dupla"";""Curva"";""Não"";326177;""Automóvel"";""TOYOTA/COROLLA XEI18FLEX"";2008;""Passageiro"";""Lesões Leves"";51;""Feminino"";0;1;0;0;-22",33406201;-45,"92130967;""SR-MG"";""DEL09"";""UOP01/MG"""
"183453;404088;2019-01-04;""sexta-feira"";""20:00:00"";""MG"";381;862","4;""POUSO ALEGRE"";""Sim"";""Falta de Atenção à Condução"";1;""Capotamento"";""Com Vítimas Feridas"";""Plena Noite"";""Decrescente"";""Chuva"";""Dupla"";""Curva"";""Não"";326177;""Automóvel"";""TOYOTA/COROLLA XEI18FLEX"";2008;""Passageiro"";""Lesões Leves"";51;""Feminino"";0;1;0;0;-22",33406201;-45,"92130967;""SR-MG"";""DEL09"";""UOP01/MG"""
"183453;404086;2019-01-04;""sexta-feira"";""20:00:00"";""MG"";381;862","4;""POUSO ALEGRE"";""Sim"";""Falta de Atenção à Condução"";2;""Saída de leito carroçável"";""Com Vítimas Feridas"";""Plena Noite"";""Decrescente"";""Chuva"";""Dupla"";""Curva"";""Não"";326177;""Automóvel"";""TOYOTA/COROLLA XEI18FLEX"";2008;""Condutor"";""Ileso"";60;""Masculino"";1;0;0;0;-22",33406201;-45,"92130967;""SR-MG"";""DEL09"";""UOP01/MG"""
"183453;404086;2019-01-04;""sexta-feira"";""20:00:00"";""MG"";381;862","4;""POUSO ALEGRE"";""Sim"";""Falta de Atenção à Condução"";1;""Capotamento"";""Com Vítimas Feridas"";""Plena Noite"";""Decrescente"";""Chuva"";""Dupla"";""Curva"";""Não"";326177;""Automóvel"";""TOYOTA/COROLLA XEI18FLEX"";2008;""Condutor"";""Ileso"";60;""Masculino"";1;0;0;0;-22",33406201;-45,"92130967;""SR-MG"";""DEL09"";""UOP01/MG"""
"183453;404090;2019-01-04;""sexta-feira"";""20:00:00"";""MG"";381;862","4;""POUSO ALEGRE"";""Sim"";""Falta de Atenção à Condução"";2;""Saída de leito carroçável"";""Com Vítimas Feridas"";""Plena Noite"";""Decrescente"";""Chuva"";""Dupla"";""Curva"";""Não"";326177;""Automóvel"";""TOYOTA/COROLLA XEI18FLEX"";2008;""Passageiro"";""Ileso"";58;""Masculino"";1;0;0;0;-22",33406201;-45,"92130967;""SR-MG"";""DEL09"";""UOP01/MG"""
"183453;404090;2019-01-04;""sexta-feira"";""20:00:00"";""MG"";381;862","4;""POUSO ALEGRE"";""Sim"";""Falta de Atenção à Condução"";1;""Capotamento"";""Com Vítimas Feridas"";""Plena Noite"";""Decrescente"";""Chuva"";""Dupla"";""Curva"";""Não"";326177;""Automóvel"";""TOYOTA/COROLLA XEI18FLEX"";2008;""Passageiro"";""Ileso"";58;""Masculino"";1;0;0;0;-22",33406201;-45,"92130967;""SR-MG"";""DEL09"";""UOP01/MG"""
"183454;405782;2019-01-04;""sexta-feira"";""21:00:00"";""SP"";116;502","5;""CAJATI"";""Sim"";""Agressão Externa"";1;""Queda de ocupante de veículo"";""Com Vítimas Feridas"";""Plena Noite"";""Crescente"";""Chuva"";""Simples"";""Reta"";""Não"";326183;""Motocicleta"";""HONDA/CB 250F TWISTER"";2018;""Condutor"";""Lesões Leves"";33;""Masculino"";0;1;0;0;-24",77551305;-48,"19976807;""SR-SP"";""DEL6/5"";""UOP02/SP"""
"183455;404175;2019-01-04;""sexta-feira"";""21:40:00"";""PR"";376;175","9;""MARINGA"";""Sim"";""Falta de Atenção à Condução"";3;""Capotamento"";""Com Vítimas Feridas"";""Plena Noite"";""Crescente"";""Chuva"";""Dupla"";""Reta"";""Sim"";326231;""Automóvel"";""VW/NOVO GOL 1.0"";2012;""Passageiro"";""Lesões Leves"";21;""Masculino"";0;1;0;0;-23",41151346;-51,"93528593;""SR-PR"";""DEL7/7"";""UOP04/PR"""
"183455;404175;2019-01-04;""sexta-feira"";""21:40:00"";""PR"";376;175","9;""MARINGA"";""Sim"";""Falta de Atenção à Condução"";2;""Colisão com objeto estático"";""Com Vítimas Feridas"";""Plena Noite"";""Crescente"";""Chuva"";""Dupla"";""Reta"";""Sim"";326231;""Automóvel"";""VW/NOVO GOL 1.0"";2012;""Passageiro"";""Lesões Leves"";21;""Masculino"";0;1;0;0;-23",41151346;-51,"93528593;""SR-PR"";""DEL7/7"";""UOP04/PR"""
"183455;404175;2019-01-04;""sexta-feira"";""21:40:00"";""PR"";376;175","9;""MARINGA"";""Sim"";""Falta de Atenção à Condução"";1;""Colisão com objeto estático"";""Com Vítimas Feridas"";""Plena Noite"";""Crescente"";""Chuva"";""Dupla"";""Reta"";""Sim"";326231;""Automóvel"";""VW/NOVO GOL 1.0"";2012;""Passageiro"";""Lesões Leves"";21;""Masculino"";0;1;0;0;-23",41151346;-51,"93528593;""SR-PR"";""DEL7/7"";""UOP04/PR"""
"183455;404174;2019-01-04;""sexta-feira"";""21:40:00"";""PR"";376;175","9;""MARINGA"";""Sim"";""Falta de Atenção à Condução"";3;""Capotamento"";""Com Vítimas Feridas"";""Plena Noite"";""Crescente"";""Chuva"";""Dupla"";""Reta"";""Sim"";326231;""Automóvel"";""VW/NOVO GOL 1.0"";2012;""Passageiro"";""Lesões Leves"";19;""Masculino"";0;1;0;0;-23",41151346;-51,"93528593;""SR-PR"";""DEL7/7"";""UOP04/PR"""
"183455;404174;2019-01-04;""sexta-feira"";""21:40:00"";""PR"";376;175","9;""MARINGA"";""Sim"";""Falta de Atenção à Condução"";2;""Colisão com objeto estático"";""Com Vítimas Feridas"";""Plena Noite"";""Crescente"";""Chuva"";""Dupla"";""Reta"";""Sim"";326231;""Automóvel"";""VW/NOVO GOL 1.0"";2012;""Passageiro"";""Lesões Leves"";19;""Masculino"";0;1;0;0;-23",41151346;-51,"93528593;""SR-PR"";""DEL7/7"";""UOP04/PR"""
"183455;404174;2019-01-04;""sexta-feira"";""21:40:00"";""PR"";376;175","9;""MARINGA"";""Sim"";""Falta de Atenção à Condução"";1;""Colisão com objeto estático"";""Com Vítimas Feridas"";""Plena Noite"";""Crescente"";""Chuva"";""Dupla"";""Reta"";""Sim"";326231;""Automóvel"";""VW/NOVO GOL 1.0"";2012;""Passageiro"";""Lesões Leves"";19;""Masculino"";0;1;0;0;-23",41151346;-51,"93528593;""SR-PR"";""DEL7/7"";""UOP04/PR"""
"183455;404171;2019-01-04;""sexta-feira"";""21:40:00"";""PR"";376;175","9;""MARINGA"";""Sim"";""Falta de Atenção à Condução"";3;""Capotamento"";""Com Vítimas Feridas"";""Plena Noite"";""Crescente"";""Chuva"";""Dupla"";""Reta"";""Sim"";326231;""Automóvel"";""VW/NOVO GOL 1.0"";2012;""Passageiro"";""Lesões Leves"";19;""Feminino"";0;1;0;0;-23",41151346;-51,"93528593;""SR-PR"";""DEL7/7"";""UOP04/PR"""
"183455;404171;2019-01-04;""sexta-feira"";""21:40:00"";""PR"";376;175","9;""MARINGA"";""Sim"";""Falta de Atenção à Condução"";2;""Colisão com objeto estático"";""Com Vítimas Feridas"";""Plena Noite"";""Crescente"";""Chuva"";""Dupla"";""Reta"";""Sim"";326231;""Automóvel"";""VW/NOVO GOL 1.0"";2012;""Passageiro"";""Lesões Leves"";19;""Feminino"";0;1;0;0;-23",41151346;-51,"93528593;""SR-PR"";""DEL7/7"";""UOP04/PR"""
"183455;404171;2019-01-04;""sexta-feira"";""21:40:00"";""PR"";376;175","9;""MARINGA"";""Sim"";""Falta de Atenção à Condução"";1;""Colisão com objeto estático"";""Com Vítimas Feridas"";""Plena Noite"";""Crescente"";""Chuva"";""Dupla"";""Reta"";""Sim"";326231;""Automóvel"";""VW/NOVO GOL 1.0"";2012;""Passageiro"";""Lesões Leves"";19;""Feminino"";0;1;0;0;-23",41151346;-51,"93528593;""SR-PR"";""DEL7/7"";""UOP04/PR"""
"183455;404169;2019-01-04;""sexta-feira"";""21:40:00"";""PR"";376;175","9;""MARINGA"";""Sim"";""Falta de Atenção à Condução"";3;""Capotamento"";""Com Vítimas Feridas"";""Plena Noite"";""Crescente"";""Chuva"";""Dupla"";""Reta"";""Sim"";326231;""Automóvel"";""VW/NOVO GOL 1.0"";2012;""Passageiro"";""Lesões Leves"";60;""Masculino"";0;1;0;0;-23",41151346;-51,"93528593;""SR-PR"";""DEL7/7"";""UOP04/PR"""
"183455;404169;2019-01-04;""sexta-feira"";""21:40:00"";""PR"";376;175","9;""MARINGA"";""Sim"";""Falta de Atenção à Condução"";2;""Colisão com objeto estático"";""Com Vítimas Feridas"";""Plena Noite"";""Crescente"";""Chuva"";""Dupla"";""Reta"";""Sim"";326231;""Automóvel"";""VW/NOVO GOL 1.0"";2012;""Passageiro"";""Lesões Leves"";60;""Masculino"";0;1;0;0;-23",41151346;-51,"93528593;""SR-PR"";""DEL7/7"";""UOP04/PR"""
"183455;404169;2019-01-04;""sexta-feira"";""21:40:00"";""PR"";376;175","9;""MARINGA"";""Sim"";""Falta de Atenção à Condução"";1;""Colisão com objeto estático"";""Com Vítimas Feridas"";""Plena Noite"";""Crescente"";""Chuva"";""Dupla"";""Reta"";""Sim"";326231;""Automóvel"";""VW/NOVO GOL 1.0"";2012;""Passageiro"";""Lesões Leves"";60;""Masculino"";0;1;0;0;-23",41151346;-51,"93528593;""SR-PR"";""DEL7/7"";""UOP04/PR"""
"183455;404168;2019-01-04;""sexta-feira"";""21:40:00"";""PR"";376;175","9;""MARINGA"";""Sim"";""Falta de Atenção à Condução"";3;""Capotamento"";""Com Vítimas Feridas"";""Plena Noite"";""Crescente"";""Chuva"";""Dupla"";""Reta"";""Sim"";326231;""Automóvel"";""VW/NOVO GOL 1.0"";2012;""Condutor"";""Ileso"";58;""Masculino"";1;0;0;0;-23",41151346;-51,"93528593;""SR-PR"";""DEL7/7"";""UOP04/PR"""
"183455;404168;2019-01-04;""sexta-feira"";""21:40:00"";""PR"";376;175","9;""MARINGA"";""Sim"";""Falta de Atenção à Condução"";2;""Colisão com objeto estático"";""Com Vítimas Feridas"";""Plena Noite"";""Crescente"";""Chuva"";""Dupla"";""Reta"";""Sim"";326231;""Automóvel"";""VW/NOVO GOL 1.0"";2012;""Condutor"";""Ileso"";58;""Masculino"";1;0;0;0;-23",41151346;-51,"93528593;""SR-PR"";""DEL7/7"";""UOP04/PR"""
"183455;404168;2019-01-04;""sexta-feira"";""21:40:00"";""PR"";376;175","9;""MARINGA"";""Sim"";""Falta de Atenção à Condução"";1;""Colisão com objeto estático"";""Com Vítimas Feridas"";""Plena Noite"";""Crescente"";""Chuva"";""Dupla"";""Reta"";""Sim"";326231;""Automóvel"";""VW/NOVO GOL 1.0"";2012;""Condutor"";""Ileso"";58;""Masculino"";1;0;0;0;-23",41151346;-51,"93528593;""SR-PR"";""DEL7/7"";""UOP04/PR"""
"183456;404148;2019-01-04;""sexta-feira"";""19:50:00"";""CE"";116;8","3;""FORTALEZA"";""Sim"";""Falta de Atenção do Pedestre"";1;""Atropelamento de Pedestre"";""Com Vítimas Feridas"";""Plena Noite"";""Crescente"";""Céu Claro"";""Múltipla"";""Reta"";""Sim"";326199;""Automóvel"";""PEUGEOT/207PASSION XR"";2009;""Pedestre"";""Lesões Graves"";43;""Masculino"";0;0;1;0;-3",8301;-38,"5049;""SR-CE"";""DEL16/1"";""UOP02/CE"""
"183456;404148;2019-01-04;""sexta-feira"";""19:50:00"";""CE"";116;8","3;""FORTALEZA"";""Não"";""Ingestão de Álcool"";1;""Atropelamento de Pedestre"";""Com Vítimas Feridas"";""Plena Noite"";""Crescente"";""Céu Claro"";""Múltipla"";""Reta"";""Sim"";326199;""Automóvel"";""PEUGEOT/207PASSION XR"";2009;""Pedestre"";""Lesões Graves"";43;""Masculino"";0;0;1;0;-3",8301;-38,"5049;""SR-CE"";""DEL16/1"";""UOP02/CE"""
"183456;404148;2019-01-04;""sexta-feira"";""19:50:00"";""CE"";116;8","3;""FORTALEZA"";""Não"";""Velocidade Incompatível"";1;""Atropelamento de Pedestre"";""Com Vítimas Feridas"";""Plena Noite"";""Crescente"";""Céu Claro"";""Múltipla"";""Reta"";""Sim"";326199;""Automóvel"";""PEUGEOT/207PASSION XR"";2009;""Pedestre"";""Lesões Graves"";43;""Masculino"";0;0;1;0;-3",8301;-38,"5049;""SR-CE"";""DEL16/1"";""UOP02/CE"""
"183456;404146;2019-01-04;""sexta-feira"";""19:50:00"";""CE"";116;8","3;""FORTALEZA"";""Sim"";""Falta de Atenção do Pedestre"";1;""Atropelamento de Pedestre"";""Com Vítimas Feridas"";""Plena Noite"";""Crescente"";""Céu Claro"";""Múltipla"";""Reta"";""Sim"";326199;""Automóvel"";""PEUGEOT/207PASSION XR"";2009;""Condutor"";""Ileso"";38;""Masculino"";1;0;0;0;-3",8301;-38,"5049;""SR-CE"";""DEL16/1"";""UOP02/CE"""
"183456;404146;2019-01-04;""sexta-feira"";""19:50:00"";""CE"";116;8","3;""FORTALEZA"";""Não"";""Ingestão de Álcool"";1;""Atropelamento de Pedestre"";""Com Vítimas Feridas"";""Plena Noite"";""Crescente"";""Céu Claro"";""Múltipla"";""Reta"";""Sim"";326199;""Automóvel"";""PEUGEOT/207PASSION XR"";2009;""Condutor"";""Ileso"";38;""Masculino"";1;0;0;0;-3",8301;-38,"5049;""SR-CE"";""DEL16/1"";""UOP02/CE"""
"183456;404146;2019-01-04;""sexta-feira"";""19:50:00"";""CE"";116;8","3;""FORTALEZA"";""Não"";""Velocidade Incompatível"";1;""Atropelamento de Pedestre"";""Com Vítimas Feridas"";""Plena Noite"";""Crescente"";""Céu Claro"";""Múltipla"";""Reta"";""Sim"";326199;""Automóvel"";""PEUGEOT/207PASSION XR"";2009;""Condutor"";""Ileso"";38;""Masculino"";1;0;0;0;-3",8301;-38,"5049;""SR-CE"";""DEL16/1"";""UOP02/CE"""
"183457;405423;2019-01-04;""sexta-feira"";""15:45:00"";""RJ"";40;79;""PETROPOLIS"";""Sim"";""Fenômenos da Natureza"";1;""Queda de ocupante de veículo"";""Sem Vítimas"";""Anoitecer"";""Decrescente"";""Chuva"";""Dupla"";""Curva"";""Não"";327069;""Motocicleta"";""YAMAHA/YBR125 FACTOR ED"";2014;""Condutor"";""Ileso"";43;""Masculino"";1;0;0;0;-22",519;-43,"2281;""SR-RJ"";""DEL5/6"";""UOP03/RJ""",
"183457;405423;2019-01-04;""sexta-feira"";""15:45:00"";""RJ"";40;79;""PETROPOLIS"";""Não"";""Velocidade Incompatível"";1;""Queda de ocupante de veículo"";""Sem Vítimas"";""Anoitecer"";""Decrescente"";""Chuva"";""Dupla"";""Curva"";""Não"";327069;""Motocicleta"";""YAMAHA/YBR125 FACTOR ED"";2014;""Condutor"";""Ileso"";43;""Masculino"";1;0;0;0;-22",519;-43,"2281;""SR-RJ"";""DEL5/6"";""UOP03/RJ""",
"183458;404229;2019-01-04;""sexta-feira"";""21:10:00"";""PE"";101;65;""RECIFE"";""Sim"";""Falta de Atenção à Condução"";2;""Tombamento"";""Com Vítimas Feridas"";""Plena Noite"";""Crescente"";""Céu Claro"";""Múltipla"";""Reta"";""Sim"";326194;""Automóvel"";""RENAULT/LOGAN EXPR 1016V"";2015;""Condutor"";""Ileso"";44;""Masculino"";1;0;0;0;-8",0349;-34,"9415;""SR-PE"";""DEL11/1"";""UOP01/PE""",
"183458;404229;2019-01-04;""sexta-feira"";""21:10:00"";""PE"";101;65;""RECIFE"";""Sim"";""Falta de Atenção à Condução"";1;""Colisão lateral"";""Com Vítimas Feridas"";""Plena Noite"";""Crescente"";""Céu Claro"";""Múltipla"";""Reta"";""Sim"";326194;""Automóvel"";""RENAULT/LOGAN EXPR 1016V"";2015;""Condutor"";""Ileso"";44;""Masculino"";1;0;0;0;-8",0349;-34,"9415;""SR-PE"";""DEL11/1"";""UOP01/PE""",
"183458;404219;2019-01-04;""sexta-feira"";""21:10:00"";""PE"";101;65;""RECIFE"";""Sim"";""Falta de Atenção à Condução"";2;""Tombamento"";""Com Vítimas Feridas"";""Plena Noite"";""Crescente"";""Céu Claro"";""Múltipla"";""Reta"";""Sim"";326193;""Motocicleta"";""HONDA/CG 160 FAN"";2017;""Condutor"";""Lesões Leves"";22;""Masculino"";0;1;0;0;-8",0349;-34,"9415;""SR-PE"";""DEL11/1"";""UOP01/PE""",
"183458;404219;2019-01-04;""sexta-feira"";""21:10:00"";""PE"";101;65;""RECIFE"";""Sim"";""Falta de Atenção à Condução"";1;""Colisão lateral"";""Com Vítimas Feridas"";""Plena Noite"";""Crescente"";""Céu Claro"";""Múltipla"";""Reta"";""Sim"";326193;""Motocicleta"";""HONDA/CG 160 FAN"";2017;""Condutor"";""Lesões Leves"";22;""Masculino"";0;1;0;0;-8",0349;-34,"9415;""SR-PE"";""DEL11/1"";""UOP01/PE""",
"183459;405608;2019-01-04;""sexta-feira"";""17:00:00"";""BA"";101;88;""ALAGOINHAS"";""Sim"";""Não guardar distância de segurança"";3;""Colisão frontal"";""Com Vítimas Feridas"";""Pleno dia"";""Decrescente"";""Sol"";""Simples"";""Reta"";""Não"";327208;""Automóvel"";""VW/FOX 1.0 GII"";2014;""Condutor"";""Lesões Leves"";38;""Masculino"";0;1;0;0;-12",0247;-38,"2839;""SR-BA"";""DEL10/1"";""UOP04/BA""",
"183459;405608;2019-01-04;""sexta-feira"";""17:00:00"";""BA"";101;88;""ALAGOINHAS"";""Sim"";""Não guardar distância de segurança"";2;""Colisão lateral"";""Com Vítimas Feridas"";""Pleno dia"";""Decrescente"";""Sol"";""Simples"";""Reta"";""Não"";327208;""Automóvel"";""VW/FOX 1.0 GII"";2014;""Condutor"";""Lesões Leves"";38;""Masculino"";0;1;0;0;-12",0247;-38,"2839;""SR-BA"";""DEL10/1"";""UOP04/BA""",
"183459;405608;2019-01-04;""sexta-feira"";""17:00:00"";""BA"";101;88;""ALAGOINHAS"";""Sim"";""Não guardar distância de segurança"";1;""Colisão lateral"";""Com Vítimas Feridas"";""Pleno dia"";""Decrescente"";""Sol"";""Simples"";""Reta"";""Não"";327208;""Automóvel"";""VW/FOX 1.0 GII"";2014;""Condutor"";""Lesões Leves"";38;""Masculino"";0;1;0;0;-12",0247;-38,"2839;""SR-BA"";""DEL10/1"";""UOP04/BA""",
"183459;405612;2019-01-04;""sexta-feira"";""17:00:00"";""BA"";101;88;""ALAGOINHAS"";""Sim"";""Não guardar distância de segurança"";3;""Colisão frontal"";""Com Vítimas Feridas"";""Pleno dia"";""Decrescente"";""Sol"";""Simples"";""Reta"";""Não"";327210;""Automóvel"";""VW/VOYAGE EVIDENCE MB"";2015;""Condutor"";""Lesões Leves"";52;""Masculino"";0;1;0;0;-12",0247;-38,"2839;""SR-BA"";""DEL10/1"";""UOP04/BA""",
"183459;405612;2019-01-04;""sexta-feira"";""17:00:00"";""BA"";101;88;""ALAGOINHAS"";""Sim"";""Não guardar distância de segurança"";2;""Colisão lateral"";""Com Vítimas Feridas"";""Pleno dia"";""Decrescente"";""Sol"";""Simples"";""Reta"";""Não"";327210;""Automóvel"";""VW/VOYAGE EVIDENCE MB"";2015;""Condutor"";""Lesões Leves"";52;""Masculino"";0;1;0;0;-12",0247;-38,"2839;""SR-BA"";""DEL10/1"";""UOP04/BA""",
"183459;405612;2019-01-04;""sexta-feira"";""17:00:00"";""BA"";101;88;""ALAGOINHAS"";""Sim"";""Não guardar distância de segurança"";1;""Colisão lateral"";""Com Vítimas Feridas"";""Pleno dia"";""Decrescente"";""Sol"";""Simples"";""Reta"";""Não"";327210;""Automóvel"";""VW/VOYAGE EVIDENCE MB"";2015;""Condutor"";""Lesões Leves"";52;""Masculino"";0;1;0;0;-12",0247;-38,"2839;""SR-BA"";""DEL10/1"";""UOP04/BA""",
"183459;405603;2019-01-04;""sexta-feira"";""17:00:00"";""BA"";101;88;""ALAGOINHAS"";""Sim"";""Não guardar distância de segurança"";3;""Colisão frontal"";""Com Vítimas Feridas"";""Pleno dia"";""Decrescente"";""Sol"";""Simples"";""Reta"";""Não"";327204;""Automóvel"";""CHEVROLET/ONIX 10MT JOYE"";2018;""Condutor"";""Lesões Leves"";48;""Masculino"";0;1;0;0;-12",0247;-38,"2839;""SR-BA"";""DEL10/1"";""UOP04/BA""",
"183459;405603;2019-01-04;""sexta-feira"";""17:00:00"";""BA"";101;88;""ALAGOINHAS"";""Sim"";""Não guardar distância de segurança"";2;""Colisão lateral"";""Com Vítimas Feridas"";""Pleno dia"";""Decrescente"";""Sol"";""Simples"";""Reta"";""Não"";327204;""Automóvel"";""CHEVROLET/ONIX 10MT JOYE"";2018;""Condutor"";""Lesões Leves"";48;""Masculino"";0;1;0;0;-12",0247;-38,"2839;""SR-BA"";""DEL10/1"";""UOP04/BA""",
"183459;405603;2019-01-04;""sexta-feira"";""17:00:00"";""BA"";101;88;""ALAGOINHAS"";""Sim"";""Não guardar distância de segurança"";1;""Colisão lateral"";""Com Vítimas Feridas"";""Pleno dia"";""Decrescente"";""Sol"";""Simples"";""Reta"";""Não"";327204;""Automóvel"";""CHEVROLET/ONIX 10MT JOYE"";2018;""Condutor"";""Lesões Leves"";48;""Masculino"";0;1;0;0;-12",0247;-38,"2839;""SR-BA"";""DEL10/1"";""UOP04/BA""",
"183459;405607;2019-01-04;""sexta-feira"";""17:00:00"";""BA"";101;88;""ALAGOINHAS"";""Sim"";""Não guardar distância de segurança"";3;""Colisão frontal"";""Com Vítimas Feridas"";""Pleno dia"";""Decrescente"";""Sol"";""Simples"";""Reta"";""Não"";327207;""Automóvel"";""I/FIAT SIENA EL FLEX"";2010;""Condutor"";""Lesões Leves"";40;""Masculino"";0;1;0;0;-12",0247;-38,"2839;""SR-BA"";""DEL10/1"";""UOP04/BA""",
"183459;405607;2019-01-04;""sexta-feira"";""17:00:00"";""BA"";101;88;""ALAGOINHAS"";""Sim"";""Não guardar distância de segurança"";2;""Colisão lateral"";""Com Vítimas Feridas"";""Pleno dia"";""Decrescente"";""Sol"";""Simples"";""Reta"";""Não"";327207;""Automóvel"";""I/FIAT SIENA EL FLEX"";2010;""Condutor"";""Lesões Leves"";40;""Masculino"";0;1;0;0;-12",0247;-38,"2839;""SR-BA"";""DEL10/1"";""UOP04/BA""",
"183459;405607;2019-01-04;""sexta-feira"";""17:00:00"";""BA"";101;88;""ALAGOINHAS"";""Sim"";""Não guardar distância de segurança"";1;""Colisão lateral"";""Com Vítimas Feridas"";""Pleno dia"";""Decrescente"";""Sol"";""Simples"";""Reta"";""Não"";327207;""Automóvel"";""I/FIAT SIENA EL FLEX"";2010;""Condutor"";""Lesões Leves"";40;""Masculino"";0;1;0;0;-12",0247;-38,"2839;""SR-BA"";""DEL10/1"";""UOP04/BA""",
"183459;405600;2019-01-04;""sexta-feira"";""17:00:00"";""BA"";101;88;""ALAGOINHAS"";""Sim"";""Não guardar distância de segurança"";3;""Colisão frontal"";""Com Vítimas Feridas"";""Pleno dia"";""Decrescente"";""Sol"";""Simples"";""Reta"";""Não"";327203;""Automóvel"";""I/TOYOTA COROLLA S"";NA;""Condutor"";""Ileso"";NA;""Masculino"";1;0;0;0;-12",0247;-38,"2839;""SR-BA"";""DEL10/1"";""UOP04/BA""",