"id;""pesid"";""data_inversa"";""dia_semana"";""horario"";""uf"";""br"";""km"";""municipio"";""causa_principal"";""causa_acidente"";""ordem_tipo_acidente"";""tipo_acidente"";""classificacao_acidente"";""fase_dia"";""sentido_via"";""condicao_metereologica"";""tipo_pista"";""tracado_via"";""uso_solo"";""id_veiculo"";""tipo_veiculo"";""marca"";""ano_fabricacao_veiculo"";""tipo_envolvido"";""estado_fisico"";""idade"";""sexo"";""ilesos"";""feridos_leves"";""feridos_graves"";""mortos"";""latitude"";""longitude"";""regional"";""delegacia"";""uop""",,,
"183459;405600;2019-01-04;""sexta-feira"";""17:00:00"";""BA"";101;88;""ALAGOINHAS"";""Sim"";""Não guardar distância de segurança"";2;""Colisão lateral"";""Com Vítimas Feridas"";""Pleno dia"";""Decrescente"";""Sol"";""Simples"";""Reta"";""Não"";327203;""Automóvel"";""I/TOYOTA COROLLA S"";NA;""Condutor"";""Ileso"";NA;""Masculino"";1;0;0;0;-12",0247;-38,"2839;""SR-BA"";""DEL10/1"";""UOP04/BA""",
"183459;405600;2019-01-04;""sexta-feira"";""17:00:00"";""BA"";101;88;""ALAGOINHAS"";""Sim"";""Não guardar distância de segurança"";1;""Colisão lateral"";""Com Vítimas Feridas"";""Pleno dia"";""Decrescente"";""Sol"";""Simples"";""Reta"";""Não"";327203;""Automóvel"";""I/TOYOTA COROLLA S"";NA;""Condutor"";""Ileso"";NA;""Masculino"";1;0;0;0;-12",0247;-38,"2839;""SR-BA"";""DEL10/1"";""UOP04/BA""",
"183459;404094;2019-01-04;""sexta-feira"";""17:00:00"";""BA"";101;88;""ALAGOINHAS"";""Sim"";""Não guardar distância de segurança"";3;""Colisão frontal"";""Com Vítimas Feridas"";""Pleno dia"";""Decrescente"";""Sol"";""Simples"";""Reta"";""Não"";326181;""Caminhão"";""VW/24.250 CNC 6X2"";2008;""Condutor"";""Ileso"";31;""Masculino"";1;0;0;0;-12",0247;-38,"2839;""SR-BA"";""DEL10/1"";""UOP04/BA""",
"183459;404094;2019-01-04;""sexta-feira"";""17:00:00"";""BA"";101;88;""ALAGOINHAS"";""Sim"";""Não guardar distância de segurança"";2;""Colisão lateral"";""Com Vítimas Feridas"";""Pleno dia"";""Decrescente"";""Sol"";""Simples"";""Reta"";""Não"";326181;""Caminhão"";""VW/24.250 CNC 6X2"";2008;""Condutor"";""Ileso"";31;""Masculino"";1;0;0;0;-12",0247;-38,"2839;""SR-BA"";""DEL10/1"";""UOP04/BA""",
"183459;404094;2019-01-04;""sexta-feira"";""17:00:00"";""BA"";101;88;""ALAGOINHAS"";""Sim"";""Não guardar distância de segurança"";1;""Colisão lateral"";""Com Vítimas Feridas"";""Pleno dia"";""Decrescente"";""Sol"";""Simples"";""Reta"";""Não"";326181;""Caminhão"";""VW/24.250 CNC 6X2"";2008;""Condutor"";""Ileso"";31;""Masculino"";1;0;0;0;-12",0247;-38,"2839;""SR-BA"";""DEL10/1"";""UOP04/BA""",
"183460;405472;2019-01-04;""sexta-feira"";""20:00:00"";""MA"";226;306;""BARRA DO CORDA"";""Sim"";""Falta de Atenção do Pedestre"";1;""Atropelamento de Pedestre"";""Com Vítimas Fatais"";""Plena Noite"";""Crescente"";""Céu Claro"";""Simples"";""Reta"";""Não"";327126;""Caminhonete"";""I/TOYOTA HILUX CD4X4 SR"";2014;""Condutor"";""Ileso"";51;""Masculino"";1;0;0;0;-5",501497;-45,"248226;""SR-MA"";""DEL18/4"";""UOP02/MA""",
"183460;404573;2019-01-04;""sexta-feira"";""20:00:00"";""MA"";226;306;""BARRA DO CORDA"";""Sim"";""Falta de Atenção do Pedestre"";1;""Atropelamento de Pedestre"";""Com Vítimas Fatais"";""Plena Noite"";""Crescente"";""Céu Claro"";""Simples"";""Reta"";""Não"";327126;""Caminhonete"";""I/TOYOTA HILUX CD4X4 SR"";2014;""Pedestre"";""Óbito"";42;""Masculino"";0;0;0;1;-5",501497;-45,"248226;""SR-MA"";""DEL18/4"";""UOP02/MA""",
"183461;404154;2019-01-04;""sexta-feira"";""22:35:00"";""SC"";101;38","6;""JOINVILLE"";""Sim"";""Falta de Atenção à Condução"";1;""Colisão transversal"";""Com Vítimas Feridas"";""Plena Noite"";""Crescente"";""Chuva"";""Múltipla"";""Interseção de vias"";""Sim"";326209;""Automóvel"";""FIAT/PALIO ELX"";2004;""Passageiro"";""Lesões Leves"";30;""Feminino"";0;1;0;0;-26",29666611;-48,"88416052;""SR-SC"";""DEL8/3"";""UOP01/SC"""
"183461;404156;2019-01-04;""sexta-feira"";""22:35:00"";""SC"";101;38","6;""JOINVILLE"";""Sim"";""Falta de Atenção à Condução"";1;""Colisão transversal"";""Com Vítimas Feridas"";""Plena Noite"";""Crescente"";""Chuva"";""Múltipla"";""Interseção de vias"";""Sim"";326209;""Automóvel"";""FIAT/PALIO ELX"";2004;""Passageiro"";""Ileso"";4;""Masculino"";1;0;0;0;-26",29666611;-48,"88416052;""SR-SC"";""DEL8/3"";""UOP01/SC"""
"183461;404152;2019-01-04;""sexta-feira"";""22:35:00"";""SC"";101;38","6;""JOINVILLE"";""Sim"";""Falta de Atenção à Condução"";1;""Colisão transversal"";""Com Vítimas Feridas"";""Plena Noite"";""Crescente"";""Chuva"";""Múltipla"";""Interseção de vias"";""Sim"";326209;""Automóvel"";""FIAT/PALIO ELX"";2004;""Passageiro"";""Ileso"";59;""Masculino"";1;0;0;0;-26",29666611;-48,"88416052;""SR-SC"";""DEL8/3"";""UOP01/SC"""
"183461;404141;2019-01-04;""sexta-feira"";""22:35:00"";""SC"";101;38","6;""JOINVILLE"";""Sim"";""Falta de Atenção à Condução"";1;""Colisão transversal"";""Com Vítimas Feridas"";""Plena Noite"";""Crescente"";""Chuva"";""Múltipla"";""Interseção de vias"";""Sim"";326210;""Caminhão"";""VW/8.120 EURO3"";2005;""Condutor"";""Ileso"";62;""Masculino"";1;0;0;0;-26",29666611;-48,"88416052;""SR-SC"";""DEL8/3"";""UOP01/SC"""
"183461;404140;2019-01-04;""sexta-feira"";""22:35:00"";""SC"";101;38","6;""JOINVILLE"";""Sim"";""Falta de Atenção à Condução"";1;""Colisão transversal"";""Com Vítimas Feridas"";""Plena Noite"";""Crescente"";""Chuva"";""Múltipla"";""Interseção de vias"";""Sim"";326209;""Automóvel"";""FIAT/PALIO ELX"";2004;""Condutor"";""Ileso"";41;""Masculino"";1;0;0;0;-26",29666611;-48,"88416052;""SR-SC"";""DEL8/3"";""UOP01/SC"""
"183461;404162;2019-01-04;""sexta-feira"";""22:35:00"";""SC"";101;38","6;""JOINVILLE"";""Sim"";""Falta de Atenção à Condução"";1;""Colisão transversal"";""Com Vítimas Feridas"";""Plena Noite"";""Crescente"";""Chuva"";""Múltipla"";""Interseção de vias"";""Sim"";326209;""Automóvel"";""FIAT/PALIO ELX"";2004;""Passageiro"";""Ileso"";62;""Feminino"";1;0;0;0;-26",29666611;-48,"88416052;""SR-SC"";""DEL8/3"";""UOP01/SC"""
"183462;405457;2019-01-04;""sexta-feira"";""21:30:00"";""RJ"";116;252","1;""PINHEIRAL"";""Sim"";""Pista Escorregadia"";1;""Colisão com objeto estático"";""Com Vítimas Feridas"";""Plena Noite"";""Crescente"";""Chuva"";""Dupla"";""Curva"";""Sim"";327109;""Automóvel"";""CHEVROLET/COBALT 1.8 LTZ"";2014;""Condutor"";""Lesões Leves"";49;""Masculino"";0;1;0;0;-22",58088804;-44,"02281761;""SR-RJ"";""DEL5/7"";""UOP02/RJ"""
"183462;405459;2019-01-04;""sexta-feira"";""21:30:00"";""RJ"";116;252","1;""PINHEIRAL"";""Sim"";""Pista Escorregadia"";1;""Colisão com objeto estático"";""Com Vítimas Feridas"";""Plena Noite"";""Crescente"";""Chuva"";""Dupla"";""Curva"";""Sim"";327109;""Automóvel"";""CHEVROLET/COBALT 1.8 LTZ"";2014;""Passageiro"";""Lesões Graves"";29;""Feminino"";0;0;1;0;-22",58088804;-44,"02281761;""SR-RJ"";""DEL5/7"";""UOP02/RJ"""
"183462;405571;2019-01-04;""sexta-feira"";""21:30:00"";""RJ"";116;252","1;""PINHEIRAL"";""Sim"";""Pista Escorregadia"";1;""Colisão com objeto estático"";""Com Vítimas Feridas"";""Plena Noite"";""Crescente"";""Chuva"";""Dupla"";""Curva"";""Sim"";327109;""Automóvel"";""CHEVROLET/COBALT 1.8 LTZ"";2014;""Passageiro"";""Ileso"";50;""Feminino"";1;0;0;0;-22",58088804;-44,"02281761;""SR-RJ"";""DEL5/7"";""UOP02/RJ"""
"183462;405572;2019-01-04;""sexta-feira"";""21:30:00"";""RJ"";116;252","1;""PINHEIRAL"";""Sim"";""Pista Escorregadia"";1;""Colisão com objeto estático"";""Com Vítimas Feridas"";""Plena Noite"";""Crescente"";""Chuva"";""Dupla"";""Curva"";""Sim"";327109;""Automóvel"";""CHEVROLET/COBALT 1.8 LTZ"";2014;""Passageiro"";""Ileso"";15;""Masculino"";1;0;0;0;-22",58088804;-44,"02281761;""SR-RJ"";""DEL5/7"";""UOP02/RJ"""
"183463;NA;2019-01-04;""sexta-feira"";""20:10:00"";""SC"";280;46","1;""GUARAMIRIM"";""Sim"";""Falta de Atenção à Condução"";1;""Colisão transversal"";""Com Vítimas Feridas"";""Plena Noite"";""Decrescente"";""Chuva"";""Simples"";""Reta"";""Sim"";326186;""Semireboque"";""REB/GUERRA"";1987;""Não Informado"";""Não Informado"";NA;""Não Informado"";0;0;0;0;-26",452957;-48,"907993;""SR-SC"";""DEL8/3"";""UOP03/SC"""
"183463;404109;2019-01-04;""sexta-feira"";""20:10:00"";""SC"";280;46","1;""GUARAMIRIM"";""Sim"";""Falta de Atenção à Condução"";1;""Colisão transversal"";""Com Vítimas Feridas"";""Plena Noite"";""Decrescente"";""Chuva"";""Simples"";""Reta"";""Sim"";326184;""Caminhão-trator"";""VOLVO/NL12 360 4X2"";1995;""Condutor"";""Ileso"";45;""Masculino"";1;0;0;0;-26",452957;-48,"907993;""SR-SC"";""DEL8/3"";""UOP03/SC"""
"183463;404105;2019-01-04;""sexta-feira"";""20:10:00"";""SC"";280;46","1;""GUARAMIRIM"";""Sim"";""Falta de Atenção à Condução"";1;""Colisão transversal"";""Com Vítimas Feridas"";""Plena Noite"";""Decrescente"";""Chuva"";""Simples"";""Reta"";""Sim"";326185;""Automóvel"";""RENAULT/CLIO RN 1.0 16V"";2001;""Condutor"";""Lesões Leves"";32;""Masculino"";0;1;0;0;-26",452957;-48,"907993;""SR-SC"";""DEL8/3"";""UOP03/SC"""
"183464;NA;2019-01-04;""sexta-feira"";""23:30:00"";""GO"";153;201;""URUACU"";""Sim"";""Falta de Atenção à Condução"";1;""Atropelamento de Pedestre"";""Com Vítimas Feridas"";""Plena Noite"";""Decrescente"";""Céu Claro"";""Simples"";""Reta"";""Não"";326251;""Semireboque"";""REB/LINSHALM SRF2ECL"";1999;""Não Informado"";""Não Informado"";NA;""Não Informado"";0;0;0;0;-14",519629;-49,"154972;""SR-GO"";""DEL1/7"";""UOP02/GO""",
"183464;404207;2019-01-04;""sexta-feira"";""23:30:00"";""GO"";153;201;""URUACU"";""Sim"";""Falta de Atenção à Condução"";1;""Atropelamento de Pedestre"";""Com Vítimas Feridas"";""Plena Noite"";""Decrescente"";""Céu Claro"";""Simples"";""Reta"";""Não"";326247;""Caminhão-trator"";""FORD/CARGO 4331"";2005;""Condutor"";""Lesões Graves"";61;""Masculino"";0;0;1;0;-14",519629;-49,"154972;""SR-GO"";""DEL1/7"";""UOP02/GO""",
"183465;405623;2019-01-04;""sexta-feira"";""18:40:00"";""SC"";280;2","4;""SAO FRANCISCO DO SUL"";""Sim"";""Não guardar distância de segurança"";1;""Engavetamento"";""Com Vítimas Feridas"";""Plena Noite"";""Crescente"";""Garoa/Chuvisco"";""Simples"";""Reta"";""Não"";326205;""Automóvel"";""CHEVROLET/CLASSIC LS"";2013;""Passageiro"";""Lesões Leves"";12;""Masculino"";0;1;0;0;-26",237091;-48,"619747;""SR-SC"";""DEL8/3"";""UOP03/SC"""
"183465;405617;2019-01-04;""sexta-feira"";""18:40:00"";""SC"";280;2","4;""SAO FRANCISCO DO SUL"";""Sim"";""Não guardar distância de segurança"";1;""Engavetamento"";""Com Vítimas Feridas"";""Plena Noite"";""Crescente"";""Garoa/Chuvisco"";""Simples"";""Reta"";""Não"";326205;""Automóvel"";""CHEVROLET/CLASSIC LS"";2013;""Passageiro"";""Lesões Leves"";30;""Feminino"";0;1;0;0;-26",237091;-48,"619747;""SR-SC"";""DEL8/3"";""UOP03/SC"""
"183465;405601;2019-01-04;""sexta-feira"";""18:40:00"";""SC"";280;2","4;""SAO FRANCISCO DO SUL"";""Sim"";""Não guardar distância de segurança"";1;""Engavetamento"";""Com Vítimas Feridas"";""Plena Noite"";""Crescente"";""Garoa/Chuvisco"";""Simples"";""Reta"";""Não"";326203;""Automóvel"";""FIAT/PUNTO ATTRACTIVE"";2012;""Condutor"";""Ileso"";39;""Feminino"";1;0;0;0;-26",237091;-48,"619747;""SR-SC"";""DEL8/3"";""UOP03/SC"""
"183465;405606;2019-01-04;""sexta-feira"";""18:40:00"";""SC"";280;2","4;""SAO FRANCISCO DO SUL"";""Sim"";""Não guardar distância de segurança"";1;""Engavetamento"";""Com Vítimas Feridas"";""Plena Noite"";""Crescente"";""Garoa/Chuvisco"";""Simples"";""Reta"";""Não"";326205;""Automóvel"";""CHEVROLET/CLASSIC LS"";2013;""Condutor"";""Ileso"";25;""Masculino"";1;0;0;0;-26",237091;-48,"619747;""SR-SC"";""DEL8/3"";""UOP03/SC"""
"183465;405605;2019-01-04;""sexta-feira"";""18:40:00"";""SC"";280;2","4;""SAO FRANCISCO DO SUL"";""Sim"";""Não guardar distância de segurança"";1;""Engavetamento"";""Com Vítimas Feridas"";""Plena Noite"";""Crescente"";""Garoa/Chuvisco"";""Simples"";""Reta"";""Não"";326204;""Caminhonete"";""FIAT/STRADA ADVENTURE CD"";2011;""Condutor"";""Ileso"";30;""Masculino"";1;0;0;0;-26",237091;-48,"619747;""SR-SC"";""DEL8/3"";""UOP03/SC"""
"183466;404758;2019-01-04;""sexta-feira"";""22:45:00"";""RS"";116;302;""GUAIBA"";""Sim"";""Desobediência às normas de trânsito pelo condutor"";1;""Saída de leito carroçável"";""Sem Vítimas"";""Plena Noite"";""Decrescente"";""Céu Claro"";""Simples"";""Túnel"";""Não"";326212;""Motocicleta"";""HONDA/CG 150 TITAN ESD"";2004;""Condutor"";""Não Informado"";NA;""Não Informado"";0;0;0;0;-30",139704;-51,"359425;""SR-RS"";""DEL9/2"";""UOP01/RS""",
"183468;405301;2019-01-04;""sexta-feira"";""21:40:00"";""PE"";232;43","1;""VITORIA DE SANTO ANTAO"";""Sim"";""Falta de Atenção do Pedestre"";1;""Atropelamento de Pedestre"";""Com Vítimas Fatais"";""Plena Noite"";""Crescente"";""Céu Claro"";""Dupla"";""Reta"";""Não"";326225;""Automóvel"";""VW/UP MOVE MDV"";2017;""Pedestre"";""Óbito"";NA;""Masculino"";0;0;0;1;-8",119816;-35,"26504;""SR-PE"";""DEL11/1"";""UOP04/PE"""
"183468;405301;2019-01-04;""sexta-feira"";""21:40:00"";""PE"";232;43","1;""VITORIA DE SANTO ANTAO"";""Não"";""Restrição de Visibilidade"";1;""Atropelamento de Pedestre"";""Com Vítimas Fatais"";""Plena Noite"";""Crescente"";""Céu Claro"";""Dupla"";""Reta"";""Não"";326225;""Automóvel"";""VW/UP MOVE MDV"";2017;""Pedestre"";""Óbito"";NA;""Masculino"";0;0;0;1;-8",119816;-35,"26504;""SR-PE"";""DEL11/1"";""UOP04/PE"""
"183468;405300;2019-01-04;""sexta-feira"";""21:40:00"";""PE"";232;43","1;""VITORIA DE SANTO ANTAO"";""Sim"";""Falta de Atenção do Pedestre"";1;""Atropelamento de Pedestre"";""Com Vítimas Fatais"";""Plena Noite"";""Crescente"";""Céu Claro"";""Dupla"";""Reta"";""Não"";326225;""Automóvel"";""VW/UP MOVE MDV"";2017;""Condutor"";""Ileso"";38;""Masculino"";1;0;0;0;-8",119816;-35,"26504;""SR-PE"";""DEL11/1"";""UOP04/PE"""
"183468;405300;2019-01-04;""sexta-feira"";""21:40:00"";""PE"";232;43","1;""VITORIA DE SANTO ANTAO"";""Não"";""Restrição de Visibilidade"";1;""Atropelamento de Pedestre"";""Com Vítimas Fatais"";""Plena Noite"";""Crescente"";""Céu Claro"";""Dupla"";""Reta"";""Não"";326225;""Automóvel"";""VW/UP MOVE MDV"";2017;""Condutor"";""Ileso"";38;""Masculino"";1;0;0;0;-8",119816;-35,"26504;""SR-PE"";""DEL11/1"";""UOP04/PE"""
"183470;404194;2019-01-04;""sexta-feira"";""23:40:00"";""GO"";50;266","4;""CATALAO"";""Sim"";""Defeito na Via"";1;""Tombamento"";""Com Vítimas Feridas"";""Plena Noite"";""Decrescente"";""Céu Claro"";""Simples"";""Reta"";""Não"";326232;""Motoneta"";""YAMAHA/T115 CRYPTON K"";2013;""Condutor"";""Lesões Leves"";47;""Feminino"";0;1;0;0;-18",0787;-47,"8671;""SR-GO"";""DEL1/6"";""UOP01/GO"""
"183471;404167;2019-01-04;""sexta-feira"";""23:00:00"";""SC"";101;230;""PALHOCA"";""Sim"";""Desobediência às normas de trânsito pelo condutor"";1;""Saída de leito carroçável"";""Com Vítimas Feridas"";""Plena Noite"";""Crescente"";""Nublado"";""Dupla"";""Reta"";""Sim"";326224;""Motocicleta"";""YAMAHA/FACTOR YBR125 ED"";2010;""Condutor"";""Lesões Leves"";57;""Masculino"";0;1;0;0;-27",7854;-48,"6352;""SR-SC"";""DEL8/1"";""UOP02/SC""",
"183473;405688;2019-01-04;""sexta-feira"";""22:30:00"";""MT"";163;1032;""MATUPA"";""Sim"";""Falta de Atenção à Condução"";1;""Colisão traseira"";""Com Vítimas Fatais"";""Plena Noite"";""Decrescente"";""Nublado"";""Simples"";""Reta"";""Não"";326293;""Automóvel"";""FIAT/UNO MILLE ECONOMY"";2009;""Passageiro"";""Ileso"";19;""Feminino"";1;0;0;0;-10",212166;-54,"96477;""SR-MT"";""DEL2/6"";""UOP02/MT""",
"183473;405686;2019-01-04;""sexta-feira"";""22:30:00"";""MT"";163;1032;""MATUPA"";""Sim"";""Falta de Atenção à Condução"";1;""Colisão traseira"";""Com Vítimas Fatais"";""Plena Noite"";""Decrescente"";""Nublado"";""Simples"";""Reta"";""Não"";326293;""Automóvel"";""FIAT/UNO MILLE ECONOMY"";2009;""Condutor"";""Ileso"";19;""Masculino"";1;0;0;0;-10",212166;-54,"96477;""SR-MT"";""DEL2/6"";""UOP02/MT""",
"183473;404263;2019-01-04;""sexta-feira"";""22:30:00"";""MT"";163;1032;""MATUPA"";""Sim"";""Falta de Atenção à Condução"";1;""Colisão traseira"";""Com Vítimas Fatais"";""Plena Noite"";""Decrescente"";""Nublado"";""Simples"";""Reta"";""Não"";326292;""Motocicleta"";""HONDA/CG 125 FAN ES"";2014;""Condutor"";""Óbito"";47;""Masculino"";0;0;0;1;-10",212166;-54,"96477;""SR-MT"";""DEL2/6"";""UOP02/MT""",
"183473;405690;2019-01-04;""sexta-feira"";""22:30:00"";""MT"";163;1032;""MATUPA"";""Sim"";""Falta de Atenção à Condução"";1;""Colisão traseira"";""Com Vítimas Fatais"";""Plena Noite"";""Decrescente"";""Nublado"";""Simples"";""Reta"";""Não"";326293;""Automóvel"";""FIAT/UNO MILLE ECONOMY"";2009;""Passageiro"";""Ileso"";NA;""Masculino"";1;0;0;0;-10",212166;-54,"96477;""SR-MT"";""DEL2/6"";""UOP02/MT""",
"183474;404193;2019-01-05;""sábado"";""00:12:00"";""GO"";60;78;""ANAPOLIS"";""Sim"";""Falta de Atenção à Condução"";2;""Saída de leito carroçável"";""Com Vítimas Feridas"";""Plena Noite"";""Decrescente"";""Céu Claro"";""Dupla"";""Desvio Temporário"";""Não"";326241;""Automóvel"";""HYUNDAI/HB20 1.0M COMFOR"";2016;""Condutor"";""Lesões Graves"";37;""Masculino"";0;0;1;0;-16",2967;-48,"8039;""SR-GO"";""DEL1/2"";""UOP01/GO""",
"183474;404193;2019-01-05;""sábado"";""00:12:00"";""GO"";60;78;""ANAPOLIS"";""Não"";""Condutor Dormindo"";2;""Saída de leito carroçável"";""Com Vítimas Feridas"";""Plena Noite"";""Decrescente"";""Céu Claro"";""Dupla"";""Desvio Temporário"";""Não"";326241;""Automóvel"";""HYUNDAI/HB20 1.0M COMFOR"";2016;""Condutor"";""Lesões Graves"";37;""Masculino"";0;0;1;0;-16",2967;-48,"8039;""SR-GO"";""DEL1/2"";""UOP01/GO""",
"183474;404193;2019-01-05;""sábado"";""00:12:00"";""GO"";60;78;""ANAPOLIS"";""Sim"";""Falta de Atenção à Condução"";1;""Colisão com objeto estático"";""Com Vítimas Feridas"";""Plena Noite"";""Decrescente"";""Céu Claro"";""Dupla"";""Desvio Temporário"";""Não"";326241;""Automóvel"";""HYUNDAI/HB20 1.0M COMFOR"";2016;""Condutor"";""Lesões Graves"";37;""Masculino"";0;0;1;0;-16",2967;-48,"8039;""SR-GO"";""DEL1/2"";""UOP01/GO""",
"183474;404193;2019-01-05;""sábado"";""00:12:00"";""GO"";60;78;""ANAPOLIS"";""Não"";""Condutor Dormindo"";1;""Colisão com objeto estático"";""Com Vítimas Feridas"";""Plena Noite"";""Decrescente"";""Céu Claro"";""Dupla"";""Desvio Temporário"";""Não"";326241;""Automóvel"";""HYUNDAI/HB20 1.0M COMFOR"";2016;""Condutor"";""Lesões Graves"";37;""Masculino"";0;0;1;0;-16",2967;-48,"8039;""SR-GO"";""DEL1/2"";""UOP01/GO""",
"183475;404177;2019-01-04;""sexta-feira"";""21:00:00"";""CE"";222;295;""TIANGUA"";""Sim"";""Falta de Atenção do Pedestre"";1;""Atropelamento de Pedestre"";""Com Vítimas Feridas"";""Plena Noite"";""Decrescente"";""Nublado"";""Simples"";""Reta"";""Não"";326233;""Outros"";"""";NA;""Pedestre"";""Lesões Graves"";34;""Masculino"";0;0;1;0;-3",665195;-40,"908394;""SR-CE"";""DEL16/4"";""UOP02/CE""",
"183475;404183;2019-01-04;""sexta-feira"";""21:00:00"";""CE"";222;295;""TIANGUA"";""Sim"";""Falta de Atenção do Pedestre"";1;""Atropelamento de Pedestre"";""Com Vítimas Feridas"";""Plena Noite"";""Decrescente"";""Nublado"";""Simples"";""Reta"";""Não"";326233;""Outros"";"""";NA;""Condutor"";""Ileso"";NA;""Ignorado"";1;0;0;0;-3",665195;-40,"908394;""SR-CE"";""DEL16/4"";""UOP02/CE""",
"183476;404259;2019-01-04;""sexta-feira"";""18:30:00"";""PI"";135;460;""MONTE ALEGRE DO PIAUI"";""Sim"";""Defeito na Via"";1;""Capotamento"";""Com Vítimas Feridas"";""Anoitecer"";""Crescente"";""Céu Claro"";""Simples"";""Reta"";""Não"";326235;""Automóvel"";""FIAT/SIENA ATTRACTIV 1.4"";2013;""Condutor"";""Lesões Graves"";54;""Masculino"";0;0;1;0;-9",561711;-44,"995377;""SR-PI"";""DEL17/3"";""UOP02/PI""",
"183476;404262;2019-01-04;""sexta-feira"";""18:30:00"";""PI"";135;460;""MONTE ALEGRE DO PIAUI"";""Sim"";""Defeito na Via"";1;""Capotamento"";""Com Vítimas Feridas"";""Anoitecer"";""Crescente"";""Céu Claro"";""Simples"";""Reta"";""Não"";326235;""Automóvel"";""FIAT/SIENA ATTRACTIV 1.4"";2013;""Passageiro"";""Lesões Leves"";5;""Masculino"";0;1;0;0;-9",561711;-44,"995377;""SR-PI"";""DEL17/3"";""UOP02/PI""",
"183476;404260;2019-01-04;""sexta-feira"";""18:30:00"";""PI"";135;460;""MONTE ALEGRE DO PIAUI"";""Sim"";""Defeito na Via"";1;""Capotamento"";""Com Vítimas Feridas"";""Anoitecer"";""Crescente"";""Céu Claro"";""Simples"";""Reta"";""Não"";326235;""Automóvel"";""FIAT/SIENA ATTRACTIV 1.4"";2013;""Passageiro"";""Lesões Leves"";47;""Feminino"";0;1;0;0;-9",561711;-44,"995377;""SR-PI"";""DEL17/3"";""UOP02/PI""",
"183477;404185;2019-01-04;""sexta-feira"";""18:30:00"";""PE"";232;123","7;""CARUARU"";""Sim"";""Falta de Atenção à Condução"";1;""Colisão traseira"";""Com Vítimas Fatais"";""Plena Noite"";""Crescente"";""Céu Claro"";""Dupla"";""Reta"";""Não"";326238;""Caminhão"";""VW/9.150 E DELIVERY"";2011;""Passageiro"";""Óbito"";37;""Masculino"";0;0;0;1;-8",30730313;-35,"93902588;""SR-PE"";""DEL11/2"";""UOP02/PE"""
"183477;404192;2019-01-04;""sexta-feira"";""18:30:00"";""PE"";232;123","7;""CARUARU"";""Sim"";""Falta de Atenção à Condução"";1;""Colisão traseira"";""Com Vítimas Fatais"";""Plena Noite"";""Crescente"";""Céu Claro"";""Dupla"";""Reta"";""Não"";326238;""Caminhão"";""VW/9.150 E DELIVERY"";2011;""Condutor"";""Lesões Leves"";24;""Masculino"";0;1;0;0;-8",30730313;-35,"93902588;""SR-PE"";""DEL11/2"";""UOP02/PE"""
"183478;404182;2019-01-05;""sábado"";""00:05:00"";""SC"";470;120","9;""IBIRAMA"";""Não"";""Velocidade Incompatível"";1;""Colisão frontal"";""Com Vítimas Feridas"";""Plena Noite"";""Crescente"";""Chuva"";""Simples"";""Curva"";""Não"";326236;""Automóvel"";""GM/VECTRA SEDAN ELEGANCE"";2008;""Passageiro"";""Lesões Leves"";29;""Masculino"";0;1;0;0;-27",089924;-49,"520416;""SR-SC"";""DEL8/4"";""UOP02/SC"""
"183478;404182;2019-01-05;""sábado"";""00:05:00"";""SC"";470;120","9;""IBIRAMA"";""Sim"";""Pista Escorregadia"";1;""Colisão frontal"";""Com Vítimas Feridas"";""Plena Noite"";""Crescente"";""Chuva"";""Simples"";""Curva"";""Não"";326236;""Automóvel"";""GM/VECTRA SEDAN ELEGANCE"";2008;""Passageiro"";""Lesões Leves"";29;""Masculino"";0;1;0;0;-27",089924;-49,"520416;""SR-SC"";""DEL8/4"";""UOP02/SC"""
"183478;404181;2019-01-05;""sábado"";""00:05:00"";""SC"";470;120","9;""IBIRAMA"";""Não"";""Velocidade Incompatível"";1;""Colisão frontal"";""Com Vítimas Feridas"";""Plena Noite"";""Crescente"";""Chuva"";""Simples"";""Curva"";""Não"";326236;""Automóvel"";""GM/VECTRA SEDAN ELEGANCE"";2008;""Condutor"";""Lesões Leves"";29;""Feminino"";0;1;0;0;-27",089924;-49,"520416;""SR-SC"";""DEL8/4"";""UOP02/SC"""
"183478;404181;2019-01-05;""sábado"";""00:05:00"";""SC"";470;120","9;""IBIRAMA"";""Sim"";""Pista Escorregadia"";1;""Colisão frontal"";""Com Vítimas Feridas"";""Plena Noite"";""Crescente"";""Chuva"";""Simples"";""Curva"";""Não"";326236;""Automóvel"";""GM/VECTRA SEDAN ELEGANCE"";2008;""Condutor"";""Lesões Leves"";29;""Feminino"";0;1;0;0;-27",089924;-49,"520416;""SR-SC"";""DEL8/4"";""UOP02/SC"""
"183478;404184;2019-01-05;""sábado"";""00:05:00"";""SC"";470;120","9;""IBIRAMA"";""Não"";""Velocidade Incompatível"";1;""Colisão frontal"";""Com Vítimas Feridas"";""Plena Noite"";""Crescente"";""Chuva"";""Simples"";""Curva"";""Não"";326237;""Automóvel"";""VW/NOVO GOL 1.6"";2013;""Condutor"";""Lesões Graves"";60;""Masculino"";0;0;1;0;-27",089924;-49,"520416;""SR-SC"";""DEL8/4"";""UOP02/SC"""
"183478;404184;2019-01-05;""sábado"";""00:05:00"";""SC"";470;120","9;""IBIRAMA"";""Sim"";""Pista Escorregadia"";1;""Colisão frontal"";""Com Vítimas Feridas"";""Plena Noite"";""Crescente"";""Chuva"";""Simples"";""Curva"";""Não"";326237;""Automóvel"";""VW/NOVO GOL 1.6"";2013;""Condutor"";""Lesões Graves"";60;""Masculino"";0;0;1;0;-27",089924;-49,"520416;""SR-SC"";""DEL8/4"";""UOP02/SC"""