"id;""pesid"";""data_inversa"";""dia_semana"";""horario"";""uf"";""br"";""km"";""municipio"";""causa_principal"";""causa_acidente"";""ordem_tipo_acidente"";""tipo_acidente"";""classificacao_acidente"";""fase_dia"";""sentido_via"";""condicao_metereologica"";""tipo_pista"";""tracado_via"";""uso_solo"";""id_veiculo"";""tipo_veiculo"";""marca"";""ano_fabricacao_veiculo"";""tipo_envolvido"";""estado_fisico"";""idade"";""sexo"";""ilesos"";""feridos_leves"";""feridos_graves"";""mortos"";""latitude"";""longitude"";""regional"";""delegacia"";""uop""",,,
"183479;404231;2019-01-05;""sábado"";""00:10:00"";""BA"";116;826","8;""VITORIA DA CONQUISTA"";""Sim"";""Desobediência às normas de trânsito pelo condutor"";1;""Colisão frontal"";""Com Vítimas Feridas"";""Plena Noite"";""Decrescente"";""Céu Claro"";""Simples"";""Reta"";""Sim"";326271;""Caminhonete"";""I/TOYOTA HILUX CD4X4 STD"";2015;""Condutor"";""Ileso"";34;""Masculino"";1;0;0;0;-14",88424369;-40,"8584029;""SR-BA"";""DEL10/8"";""UOP01/BA"""
"183479;404250;2019-01-05;""sábado"";""00:10:00"";""BA"";116;826","8;""VITORIA DA CONQUISTA"";""Sim"";""Desobediência às normas de trânsito pelo condutor"";1;""Colisão frontal"";""Com Vítimas Feridas"";""Plena Noite"";""Decrescente"";""Céu Claro"";""Simples"";""Reta"";""Sim"";326272;""Motocicleta"";""HONDA/CG 125I FAN"";2018;""Condutor"";""Lesões Leves"";20;""Masculino"";0;1;0;0;-14",88424369;-40,"8584029;""SR-BA"";""DEL10/8"";""UOP01/BA"""
"183480;404191;2019-01-04;""sexta-feira"";""23:40:00"";""AL"";316;141;""ESTRELA DE ALAGOAS"";""Sim"";""Animais na Pista"";1;""Atropelamento de Animal"";""Sem Vítimas"";""Plena Noite"";""Crescente"";""Céu Claro"";""Simples"";""Reta"";""Não"";326239;""Automóvel"";""GM/KADETT SL"";1991;""Condutor"";""Ileso"";30;""Masculino"";1;0;0;0;-9",392029;-36,"749443;""SR-AL"";""DEL13/3"";""UOP01/AL""",
"183481;405588;2019-01-04;""sexta-feira"";""23:50:00"";""SC"";101;88","5;""BARRA VELHA"";""Sim"";""Ingestão de Álcool"";2;""Colisão com objeto estático"";""Sem Vítimas"";""Plena Noite"";""Decrescente"";""Nublado"";""Dupla"";""Reta"";""Sim"";326240;""Automóvel"";""FIAT/PALIO FIRE"";2004;""Condutor"";""Não Informado"";NA;""Não Informado"";0;0;0;0;-26",65464173;-48,"68742585;""SR-SC"";""DEL8/3"";""UOP02/SC"""
"183481;405588;2019-01-04;""sexta-feira"";""23:50:00"";""SC"";101;88","5;""BARRA VELHA"";""Sim"";""Ingestão de Álcool"";1;""Saída de leito carroçável"";""Sem Vítimas"";""Plena Noite"";""Decrescente"";""Nublado"";""Dupla"";""Reta"";""Sim"";326240;""Automóvel"";""FIAT/PALIO FIRE"";2004;""Condutor"";""Não Informado"";NA;""Não Informado"";0;0;0;0;-26",65464173;-48,"68742585;""SR-SC"";""DEL8/3"";""UOP02/SC"""
"183483;404248;2019-01-05;""sábado"";""01:45:00"";""SP"";488;4","3;""APARECIDA"";""Sim"";""Desobediência às normas de trânsito pelo condutor"";1;""Colisão com objeto estático"";""Sem Vítimas"";""Plena Noite"";""Decrescente"";""Chuva"";""Simples"";""Reta"";""Não"";326265;""Automóvel"";""I/VW SPACEFOX SPORTLINE"";2008;""Condutor"";""Ileso"";42;""Masculino"";1;0;0;0;-22",858398;-45,"251377;""SR-SP"";""DEL6/8"";""UOP02/SP"""
"183483;404247;2019-01-05;""sábado"";""01:45:00"";""SP"";488;4","3;""APARECIDA"";""Sim"";""Desobediência às normas de trânsito pelo condutor"";1;""Colisão com objeto estático"";""Sem Vítimas"";""Plena Noite"";""Decrescente"";""Chuva"";""Simples"";""Reta"";""Não"";326264;""Automóvel"";""FIAT/UNO ELECTRONIC"";1995;""Condutor"";""Ileso"";NA;""Masculino"";1;0;0;0;-22",858398;-45,"251377;""SR-SP"";""DEL6/8"";""UOP02/SP"""
"183484;406122;2019-01-05;""sábado"";""01:40:00"";""SP"";116;51","2;""LORENA"";""Sim"";""Falta de Atenção à Condução"";3;""Colisão com objeto estático"";""Com Vítimas Feridas"";""Plena Noite"";""Crescente"";""Chuva"";""Dupla"";""Reta"";""Não"";326277;""Caminhonete"";""CHEVROLET/MONTANA LS2"";2016;""Condutor"";""Não Informado"";NA;""Não Informado"";0;0;0;0;-22",741575;-45,"092064;""SR-SP"";""DEL6/8"";""UOP03/SP"""
"183484;406122;2019-01-05;""sábado"";""01:40:00"";""SP"";116;51","2;""LORENA"";""Sim"";""Falta de Atenção à Condução"";2;""Colisão com objeto estático"";""Com Vítimas Feridas"";""Plena Noite"";""Crescente"";""Chuva"";""Dupla"";""Reta"";""Não"";326277;""Caminhonete"";""CHEVROLET/MONTANA LS2"";2016;""Condutor"";""Não Informado"";NA;""Não Informado"";0;0;0;0;-22",741575;-45,"092064;""SR-SP"";""DEL6/8"";""UOP03/SP"""
"183484;406122;2019-01-05;""sábado"";""01:40:00"";""SP"";116;51","2;""LORENA"";""Sim"";""Falta de Atenção à Condução"";1;""Colisão traseira"";""Com Vítimas Feridas"";""Plena Noite"";""Crescente"";""Chuva"";""Dupla"";""Reta"";""Não"";326277;""Caminhonete"";""CHEVROLET/MONTANA LS2"";2016;""Condutor"";""Não Informado"";NA;""Não Informado"";0;0;0;0;-22",741575;-45,"092064;""SR-SP"";""DEL6/8"";""UOP03/SP"""
"183484;405949;2019-01-05;""sábado"";""01:40:00"";""SP"";116;51","2;""LORENA"";""Sim"";""Falta de Atenção à Condução"";3;""Colisão com objeto estático"";""Com Vítimas Feridas"";""Plena Noite"";""Crescente"";""Chuva"";""Dupla"";""Reta"";""Não"";326276;""Automóvel"";""I/RENAULT CLIO CAM1016VH"";2011;""Condutor"";""Lesões Graves"";40;""Masculino"";0;0;1;0;-22",741575;-45,"092064;""SR-SP"";""DEL6/8"";""UOP03/SP"""
"183484;405949;2019-01-05;""sábado"";""01:40:00"";""SP"";116;51","2;""LORENA"";""Sim"";""Falta de Atenção à Condução"";2;""Colisão com objeto estático"";""Com Vítimas Feridas"";""Plena Noite"";""Crescente"";""Chuva"";""Dupla"";""Reta"";""Não"";326276;""Automóvel"";""I/RENAULT CLIO CAM1016VH"";2011;""Condutor"";""Lesões Graves"";40;""Masculino"";0;0;1;0;-22",741575;-45,"092064;""SR-SP"";""DEL6/8"";""UOP03/SP"""
"183484;405949;2019-01-05;""sábado"";""01:40:00"";""SP"";116;51","2;""LORENA"";""Sim"";""Falta de Atenção à Condução"";1;""Colisão traseira"";""Com Vítimas Feridas"";""Plena Noite"";""Crescente"";""Chuva"";""Dupla"";""Reta"";""Não"";326276;""Automóvel"";""I/RENAULT CLIO CAM1016VH"";2011;""Condutor"";""Lesões Graves"";40;""Masculino"";0;0;1;0;-22",741575;-45,"092064;""SR-SP"";""DEL6/8"";""UOP03/SP"""
"183485;NA;2019-01-05;""sábado"";""01:00:00"";""PR"";116;18;""CAMPINA GRANDE DO SUL"";""Sim"";""Desobediência às normas de trânsito pelo condutor"";1;""Saída de leito carroçável"";""Sem Vítimas"";""Plena Noite"";""Decrescente"";""Chuva"";""Dupla"";""Curva"";""Não"";326246;""Semireboque"";""SR/IDEROL"";1987;""Não Informado"";""Não Informado"";NA;""Não Informado"";0;0;0;0;-25",103069;-48,"720436;""SR-PR"";""DEL7/1"";""UOP02/PR""",
"183485;404195;2019-01-05;""sábado"";""01:00:00"";""PR"";116;18;""CAMPINA GRANDE DO SUL"";""Sim"";""Desobediência às normas de trânsito pelo condutor"";1;""Saída de leito carroçável"";""Sem Vítimas"";""Plena Noite"";""Decrescente"";""Chuva"";""Dupla"";""Curva"";""Não"";326244;""Caminhão-trator"";""SCANIA/P 340 A4X2"";2010;""Condutor"";""Ileso"";50;""Masculino"";1;0;0;0;-25",103069;-48,"720436;""SR-PR"";""DEL7/1"";""UOP02/PR""",
"183486;405451;2019-01-05;""sábado"";""01:20:00"";""CE"";116;477","8;""MILAGRES"";""Sim"";""Condutor Dormindo"";1;""Saída de leito carroçável"";""Sem Vítimas"";""Plena Noite"";""Crescente"";""Céu Claro"";""Simples"";""Reta"";""Não"";326248;""Caminhonete"";""GM/D20 CONQUEST"";1993;""Passageiro"";""Ileso"";53;""Masculino"";1;0;0;0;-7",301562;-38,"907394;""SR-CE"";""DEL16/5"";""UOP03/CE"""
"183486;405450;2019-01-05;""sábado"";""01:20:00"";""CE"";116;477","8;""MILAGRES"";""Sim"";""Condutor Dormindo"";1;""Saída de leito carroçável"";""Sem Vítimas"";""Plena Noite"";""Crescente"";""Céu Claro"";""Simples"";""Reta"";""Não"";326248;""Caminhonete"";""GM/D20 CONQUEST"";1993;""Condutor"";""Ileso"";25;""Masculino"";1;0;0;0;-7",301562;-38,"907394;""SR-CE"";""DEL16/5"";""UOP03/CE"""
"183487;405454;2019-01-05;""sábado"";""02:05:00"";""RS"";116;232;""NOVO HAMBURGO"";""Sim"";""Ingestão de Álcool"";1;""Saída de leito carroçável"";""Com Vítimas Feridas"";""Plena Noite"";""Decrescente"";""Nublado"";""Simples"";""Não Informado"";""Sim"";326266;""Automóvel"";""FIAT/PALIO FIRE ECONOMY"";2013;""Passageiro"";""Lesões Leves"";24;""Masculino"";0;1;0;0;-29",63275;-51,"143333;""SR-RS"";""DEL9/1"";""UOP02/RS""",
"183487;405453;2019-01-05;""sábado"";""02:05:00"";""RS"";116;232;""NOVO HAMBURGO"";""Sim"";""Ingestão de Álcool"";1;""Saída de leito carroçável"";""Com Vítimas Feridas"";""Plena Noite"";""Decrescente"";""Nublado"";""Simples"";""Não Informado"";""Sim"";326266;""Automóvel"";""FIAT/PALIO FIRE ECONOMY"";2013;""Condutor"";""Ileso"";22;""Masculino"";1;0;0;0;-29",63275;-51,"143333;""SR-RS"";""DEL9/1"";""UOP02/RS""",
"183489;404216;2019-01-05;""sábado"";""02:27:00"";""RN"";427;99","2;""CAICO"";""Sim"";""Ingestão de Álcool"";1;""Colisão com objeto estático"";""Com Vítimas Fatais"";""Plena Noite"";""Crescente"";""Céu Claro"";""Simples"";""Reta"";""Sim"";326257;""Motocicleta"";""I/HONDA CBR 250R"";2012;""Condutor"";""Óbito"";24;""Masculino"";0;0;0;1;-6",459299;-37,"09848;""SR-RN"";""DEL15/3"";""UOP01/RN"""
"183490;404233;2019-01-05;""sábado"";""03:55:00"";""SC"";470;38;""GASPAR"";""Não"";""Sinalização da via insuficiente ou inadequada"";1;""Colisão frontal"";""Com Vítimas Feridas"";""Plena Noite"";""Crescente"";""Nublado"";""Simples"";""Túnel"";""Sim"";326262;""Automóvel"";""FORD/KA"";1997;""Condutor"";""Lesões Leves"";28;""Feminino"";0;1;0;0;-26",904108;-48,"980164;""SR-SC"";""DEL8/4"";""UOP01/SC""",
"183490;404233;2019-01-05;""sábado"";""03:55:00"";""SC"";470;38;""GASPAR"";""Sim"";""Falta de Atenção à Condução"";1;""Colisão frontal"";""Com Vítimas Feridas"";""Plena Noite"";""Crescente"";""Nublado"";""Simples"";""Túnel"";""Sim"";326262;""Automóvel"";""FORD/KA"";1997;""Condutor"";""Lesões Leves"";28;""Feminino"";0;1;0;0;-26",904108;-48,"980164;""SR-SC"";""DEL8/4"";""UOP01/SC""",
"183490;404230;2019-01-05;""sábado"";""03:55:00"";""SC"";470;38;""GASPAR"";""Não"";""Sinalização da via insuficiente ou inadequada"";1;""Colisão frontal"";""Com Vítimas Feridas"";""Plena Noite"";""Crescente"";""Nublado"";""Simples"";""Túnel"";""Sim"";326261;""Utilitário"";""I/TOYOTA HILUXSW4 SRV4X4"";2014;""Condutor"";""Ileso"";48;""Masculino"";1;0;0;0;-26",904108;-48,"980164;""SR-SC"";""DEL8/4"";""UOP01/SC""",
"183490;404230;2019-01-05;""sábado"";""03:55:00"";""SC"";470;38;""GASPAR"";""Sim"";""Falta de Atenção à Condução"";1;""Colisão frontal"";""Com Vítimas Feridas"";""Plena Noite"";""Crescente"";""Nublado"";""Simples"";""Túnel"";""Sim"";326261;""Utilitário"";""I/TOYOTA HILUXSW4 SRV4X4"";2014;""Condutor"";""Ileso"";48;""Masculino"";1;0;0;0;-26",904108;-48,"980164;""SR-SC"";""DEL8/4"";""UOP01/SC""",
"183491;404217;2019-01-05;""sábado"";""04:00:00"";""RJ"";101;296;""ITABORAI"";""Sim"";""Falta de Atenção à Condução"";1;""Capotamento"";""Com Vítimas Feridas"";""Amanhecer"";""Crescente"";""Céu Claro"";""Múltipla"";""Curva"";""Sim"";326260;""Automóvel"";""FIAT/PUNTO ELX 1.4"";2008;""Condutor"";""Lesões Leves"";53;""Masculino"";0;1;0;0;-22",767054;-42,"910255;""SR-RJ"";""DEL5/2"";""UOP04/RJ""",
"183492;405720;2019-01-05;""sábado"";""04:15:00"";""MG"";40;427;""PARAOPEBA"";""Não"";""Não guardar distância de segurança"";4;""Tombamento"";""Com Vítimas Fatais"";""Amanhecer"";""Crescente"";""Nublado"";""Dupla"";""Reta"";""Não"";326317;""Ônibus"";""M.BENZ/O 371 RSE"";1994;""Passageiro"";""Lesões Leves"";43;""Feminino"";0;1;0;0;-19",1823;-44,"4984;""SR-MG"";""DEL4/2"";""UOP01/MG""",
"183492;405720;2019-01-05;""sábado"";""04:15:00"";""MG"";40;427;""PARAOPEBA"";""Sim"";""Falta de Atenção à Condução"";4;""Tombamento"";""Com Vítimas Fatais"";""Amanhecer"";""Crescente"";""Nublado"";""Dupla"";""Reta"";""Não"";326317;""Ônibus"";""M.BENZ/O 371 RSE"";1994;""Passageiro"";""Lesões Leves"";43;""Feminino"";0;1;0;0;-19",1823;-44,"4984;""SR-MG"";""DEL4/2"";""UOP01/MG""",
"183492;405720;2019-01-05;""sábado"";""04:15:00"";""MG"";40;427;""PARAOPEBA"";""Não"";""Não guardar distância de segurança"";3;""Colisão com objeto estático"";""Com Vítimas Fatais"";""Amanhecer"";""Crescente"";""Nublado"";""Dupla"";""Reta"";""Não"";326317;""Ônibus"";""M.BENZ/O 371 RSE"";1994;""Passageiro"";""Lesões Leves"";43;""Feminino"";0;1;0;0;-19",1823;-44,"4984;""SR-MG"";""DEL4/2"";""UOP01/MG""",
"183492;405720;2019-01-05;""sábado"";""04:15:00"";""MG"";40;427;""PARAOPEBA"";""Sim"";""Falta de Atenção à Condução"";3;""Colisão com objeto estático"";""Com Vítimas Fatais"";""Amanhecer"";""Crescente"";""Nublado"";""Dupla"";""Reta"";""Não"";326317;""Ônibus"";""M.BENZ/O 371 RSE"";1994;""Passageiro"";""Lesões Leves"";43;""Feminino"";0;1;0;0;-19",1823;-44,"4984;""SR-MG"";""DEL4/2"";""UOP01/MG""",
"183492;405720;2019-01-05;""sábado"";""04:15:00"";""MG"";40;427;""PARAOPEBA"";""Não"";""Não guardar distância de segurança"";2;""Tombamento"";""Com Vítimas Fatais"";""Amanhecer"";""Crescente"";""Nublado"";""Dupla"";""Reta"";""Não"";326317;""Ônibus"";""M.BENZ/O 371 RSE"";1994;""Passageiro"";""Lesões Leves"";43;""Feminino"";0;1;0;0;-19",1823;-44,"4984;""SR-MG"";""DEL4/2"";""UOP01/MG""",
"183492;405720;2019-01-05;""sábado"";""04:15:00"";""MG"";40;427;""PARAOPEBA"";""Sim"";""Falta de Atenção à Condução"";2;""Tombamento"";""Com Vítimas Fatais"";""Amanhecer"";""Crescente"";""Nublado"";""Dupla"";""Reta"";""Não"";326317;""Ônibus"";""M.BENZ/O 371 RSE"";1994;""Passageiro"";""Lesões Leves"";43;""Feminino"";0;1;0;0;-19",1823;-44,"4984;""SR-MG"";""DEL4/2"";""UOP01/MG""",
"183492;405720;2019-01-05;""sábado"";""04:15:00"";""MG"";40;427;""PARAOPEBA"";""Não"";""Não guardar distância de segurança"";1;""Colisão traseira"";""Com Vítimas Fatais"";""Amanhecer"";""Crescente"";""Nublado"";""Dupla"";""Reta"";""Não"";326317;""Ônibus"";""M.BENZ/O 371 RSE"";1994;""Passageiro"";""Lesões Leves"";43;""Feminino"";0;1;0;0;-19",1823;-44,"4984;""SR-MG"";""DEL4/2"";""UOP01/MG""",
"183492;405720;2019-01-05;""sábado"";""04:15:00"";""MG"";40;427;""PARAOPEBA"";""Sim"";""Falta de Atenção à Condução"";1;""Colisão traseira"";""Com Vítimas Fatais"";""Amanhecer"";""Crescente"";""Nublado"";""Dupla"";""Reta"";""Não"";326317;""Ônibus"";""M.BENZ/O 371 RSE"";1994;""Passageiro"";""Lesões Leves"";43;""Feminino"";0;1;0;0;-19",1823;-44,"4984;""SR-MG"";""DEL4/2"";""UOP01/MG""",
"183492;405587;2019-01-05;""sábado"";""04:15:00"";""MG"";40;427;""PARAOPEBA"";""Não"";""Não guardar distância de segurança"";4;""Tombamento"";""Com Vítimas Fatais"";""Amanhecer"";""Crescente"";""Nublado"";""Dupla"";""Reta"";""Não"";326316;""Caminhão"";""M.BENZ/L 1620"";1996;""Passageiro"";""Lesões Leves"";29;""Masculino"";0;1;0;0;-19",1823;-44,"4984;""SR-MG"";""DEL4/2"";""UOP01/MG""",
"183492;405587;2019-01-05;""sábado"";""04:15:00"";""MG"";40;427;""PARAOPEBA"";""Sim"";""Falta de Atenção à Condução"";4;""Tombamento"";""Com Vítimas Fatais"";""Amanhecer"";""Crescente"";""Nublado"";""Dupla"";""Reta"";""Não"";326316;""Caminhão"";""M.BENZ/L 1620"";1996;""Passageiro"";""Lesões Leves"";29;""Masculino"";0;1;0;0;-19",1823;-44,"4984;""SR-MG"";""DEL4/2"";""UOP01/MG""",
"183492;405587;2019-01-05;""sábado"";""04:15:00"";""MG"";40;427;""PARAOPEBA"";""Não"";""Não guardar distância de segurança"";3;""Colisão com objeto estático"";""Com Vítimas Fatais"";""Amanhecer"";""Crescente"";""Nublado"";""Dupla"";""Reta"";""Não"";326316;""Caminhão"";""M.BENZ/L 1620"";1996;""Passageiro"";""Lesões Leves"";29;""Masculino"";0;1;0;0;-19",1823;-44,"4984;""SR-MG"";""DEL4/2"";""UOP01/MG""",
"183492;405587;2019-01-05;""sábado"";""04:15:00"";""MG"";40;427;""PARAOPEBA"";""Sim"";""Falta de Atenção à Condução"";3;""Colisão com objeto estático"";""Com Vítimas Fatais"";""Amanhecer"";""Crescente"";""Nublado"";""Dupla"";""Reta"";""Não"";326316;""Caminhão"";""M.BENZ/L 1620"";1996;""Passageiro"";""Lesões Leves"";29;""Masculino"";0;1;0;0;-19",1823;-44,"4984;""SR-MG"";""DEL4/2"";""UOP01/MG""",
"183492;405587;2019-01-05;""sábado"";""04:15:00"";""MG"";40;427;""PARAOPEBA"";""Não"";""Não guardar distância de segurança"";2;""Tombamento"";""Com Vítimas Fatais"";""Amanhecer"";""Crescente"";""Nublado"";""Dupla"";""Reta"";""Não"";326316;""Caminhão"";""M.BENZ/L 1620"";1996;""Passageiro"";""Lesões Leves"";29;""Masculino"";0;1;0;0;-19",1823;-44,"4984;""SR-MG"";""DEL4/2"";""UOP01/MG""",
"183492;405587;2019-01-05;""sábado"";""04:15:00"";""MG"";40;427;""PARAOPEBA"";""Sim"";""Falta de Atenção à Condução"";2;""Tombamento"";""Com Vítimas Fatais"";""Amanhecer"";""Crescente"";""Nublado"";""Dupla"";""Reta"";""Não"";326316;""Caminhão"";""M.BENZ/L 1620"";1996;""Passageiro"";""Lesões Leves"";29;""Masculino"";0;1;0;0;-19",1823;-44,"4984;""SR-MG"";""DEL4/2"";""UOP01/MG""",
"183492;405587;2019-01-05;""sábado"";""04:15:00"";""MG"";40;427;""PARAOPEBA"";""Não"";""Não guardar distância de segurança"";1;""Colisão traseira"";""Com Vítimas Fatais"";""Amanhecer"";""Crescente"";""Nublado"";""Dupla"";""Reta"";""Não"";326316;""Caminhão"";""M.BENZ/L 1620"";1996;""Passageiro"";""Lesões Leves"";29;""Masculino"";0;1;0;0;-19",1823;-44,"4984;""SR-MG"";""DEL4/2"";""UOP01/MG""",
"183492;405587;2019-01-05;""sábado"";""04:15:00"";""MG"";40;427;""PARAOPEBA"";""Sim"";""Falta de Atenção à Condução"";1;""Colisão traseira"";""Com Vítimas Fatais"";""Amanhecer"";""Crescente"";""Nublado"";""Dupla"";""Reta"";""Não"";326316;""Caminhão"";""M.BENZ/L 1620"";1996;""Passageiro"";""Lesões Leves"";29;""Masculino"";0;1;0;0;-19",1823;-44,"4984;""SR-MG"";""DEL4/2"";""UOP01/MG""",
"183492;405723;2019-01-05;""sábado"";""04:15:00"";""MG"";40;427;""PARAOPEBA"";""Não"";""Não guardar distância de segurança"";4;""Tombamento"";""Com Vítimas Fatais"";""Amanhecer"";""Crescente"";""Nublado"";""Dupla"";""Reta"";""Não"";326317;""Ônibus"";""M.BENZ/O 371 RSE"";1994;""Passageiro"";""Lesões Leves"";48;""Masculino"";0;1;0;0;-19",1823;-44,"4984;""SR-MG"";""DEL4/2"";""UOP01/MG""",
"183492;405723;2019-01-05;""sábado"";""04:15:00"";""MG"";40;427;""PARAOPEBA"";""Sim"";""Falta de Atenção à Condução"";4;""Tombamento"";""Com Vítimas Fatais"";""Amanhecer"";""Crescente"";""Nublado"";""Dupla"";""Reta"";""Não"";326317;""Ônibus"";""M.BENZ/O 371 RSE"";1994;""Passageiro"";""Lesões Leves"";48;""Masculino"";0;1;0;0;-19",1823;-44,"4984;""SR-MG"";""DEL4/2"";""UOP01/MG""",
"183492;405723;2019-01-05;""sábado"";""04:15:00"";""MG"";40;427;""PARAOPEBA"";""Não"";""Não guardar distância de segurança"";3;""Colisão com objeto estático"";""Com Vítimas Fatais"";""Amanhecer"";""Crescente"";""Nublado"";""Dupla"";""Reta"";""Não"";326317;""Ônibus"";""M.BENZ/O 371 RSE"";1994;""Passageiro"";""Lesões Leves"";48;""Masculino"";0;1;0;0;-19",1823;-44,"4984;""SR-MG"";""DEL4/2"";""UOP01/MG""",
"183492;405723;2019-01-05;""sábado"";""04:15:00"";""MG"";40;427;""PARAOPEBA"";""Sim"";""Falta de Atenção à Condução"";3;""Colisão com objeto estático"";""Com Vítimas Fatais"";""Amanhecer"";""Crescente"";""Nublado"";""Dupla"";""Reta"";""Não"";326317;""Ônibus"";""M.BENZ/O 371 RSE"";1994;""Passageiro"";""Lesões Leves"";48;""Masculino"";0;1;0;0;-19",1823;-44,"4984;""SR-MG"";""DEL4/2"";""UOP01/MG""",
"183492;405723;2019-01-05;""sábado"";""04:15:00"";""MG"";40;427;""PARAOPEBA"";""Não"";""Não guardar distância de segurança"";2;""Tombamento"";""Com Vítimas Fatais"";""Amanhecer"";""Crescente"";""Nublado"";""Dupla"";""Reta"";""Não"";326317;""Ônibus"";""M.BENZ/O 371 RSE"";1994;""Passageiro"";""Lesões Leves"";48;""Masculino"";0;1;0;0;-19",1823;-44,"4984;""SR-MG"";""DEL4/2"";""UOP01/MG""",
"183492;405723;2019-01-05;""sábado"";""04:15:00"";""MG"";40;427;""PARAOPEBA"";""Sim"";""Falta de Atenção à Condução"";2;""Tombamento"";""Com Vítimas Fatais"";""Amanhecer"";""Crescente"";""Nublado"";""Dupla"";""Reta"";""Não"";326317;""Ônibus"";""M.BENZ/O 371 RSE"";1994;""Passageiro"";""Lesões Leves"";48;""Masculino"";0;1;0;0;-19",1823;-44,"4984;""SR-MG"";""DEL4/2"";""UOP01/MG""",
"183492;405723;2019-01-05;""sábado"";""04:15:00"";""MG"";40;427;""PARAOPEBA"";""Não"";""Não guardar distância de segurança"";1;""Colisão traseira"";""Com Vítimas Fatais"";""Amanhecer"";""Crescente"";""Nublado"";""Dupla"";""Reta"";""Não"";326317;""Ônibus"";""M.BENZ/O 371 RSE"";1994;""Passageiro"";""Lesões Leves"";48;""Masculino"";0;1;0;0;-19",1823;-44,"4984;""SR-MG"";""DEL4/2"";""UOP01/MG""",
"183492;405723;2019-01-05;""sábado"";""04:15:00"";""MG"";40;427;""PARAOPEBA"";""Sim"";""Falta de Atenção à Condução"";1;""Colisão traseira"";""Com Vítimas Fatais"";""Amanhecer"";""Crescente"";""Nublado"";""Dupla"";""Reta"";""Não"";326317;""Ônibus"";""M.BENZ/O 371 RSE"";1994;""Passageiro"";""Lesões Leves"";48;""Masculino"";0;1;0;0;-19",1823;-44,"4984;""SR-MG"";""DEL4/2"";""UOP01/MG""",
"183492;405719;2019-01-05;""sábado"";""04:15:00"";""MG"";40;427;""PARAOPEBA"";""Não"";""Não guardar distância de segurança"";4;""Tombamento"";""Com Vítimas Fatais"";""Amanhecer"";""Crescente"";""Nublado"";""Dupla"";""Reta"";""Não"";326317;""Ônibus"";""M.BENZ/O 371 RSE"";1994;""Passageiro"";""Lesões Leves"";37;""Masculino"";0;1;0;0;-19",1823;-44,"4984;""SR-MG"";""DEL4/2"";""UOP01/MG""",
"183492;405719;2019-01-05;""sábado"";""04:15:00"";""MG"";40;427;""PARAOPEBA"";""Sim"";""Falta de Atenção à Condução"";4;""Tombamento"";""Com Vítimas Fatais"";""Amanhecer"";""Crescente"";""Nublado"";""Dupla"";""Reta"";""Não"";326317;""Ônibus"";""M.BENZ/O 371 RSE"";1994;""Passageiro"";""Lesões Leves"";37;""Masculino"";0;1;0;0;-19",1823;-44,"4984;""SR-MG"";""DEL4/2"";""UOP01/MG""",
"183492;405719;2019-01-05;""sábado"";""04:15:00"";""MG"";40;427;""PARAOPEBA"";""Não"";""Não guardar distância de segurança"";3;""Colisão com objeto estático"";""Com Vítimas Fatais"";""Amanhecer"";""Crescente"";""Nublado"";""Dupla"";""Reta"";""Não"";326317;""Ônibus"";""M.BENZ/O 371 RSE"";1994;""Passageiro"";""Lesões Leves"";37;""Masculino"";0;1;0;0;-19",1823;-44,"4984;""SR-MG"";""DEL4/2"";""UOP01/MG""",
"183492;405719;2019-01-05;""sábado"";""04:15:00"";""MG"";40;427;""PARAOPEBA"";""Sim"";""Falta de Atenção à Condução"";3;""Colisão com objeto estático"";""Com Vítimas Fatais"";""Amanhecer"";""Crescente"";""Nublado"";""Dupla"";""Reta"";""Não"";326317;""Ônibus"";""M.BENZ/O 371 RSE"";1994;""Passageiro"";""Lesões Leves"";37;""Masculino"";0;1;0;0;-19",1823;-44,"4984;""SR-MG"";""DEL4/2"";""UOP01/MG""",
"183492;405719;2019-01-05;""sábado"";""04:15:00"";""MG"";40;427;""PARAOPEBA"";""Não"";""Não guardar distância de segurança"";2;""Tombamento"";""Com Vítimas Fatais"";""Amanhecer"";""Crescente"";""Nublado"";""Dupla"";""Reta"";""Não"";326317;""Ônibus"";""M.BENZ/O 371 RSE"";1994;""Passageiro"";""Lesões Leves"";37;""Masculino"";0;1;0;0;-19",1823;-44,"4984;""SR-MG"";""DEL4/2"";""UOP01/MG""",
"183492;405719;2019-01-05;""sábado"";""04:15:00"";""MG"";40;427;""PARAOPEBA"";""Sim"";""Falta de Atenção à Condução"";2;""Tombamento"";""Com Vítimas Fatais"";""Amanhecer"";""Crescente"";""Nublado"";""Dupla"";""Reta"";""Não"";326317;""Ônibus"";""M.BENZ/O 371 RSE"";1994;""Passageiro"";""Lesões Leves"";37;""Masculino"";0;1;0;0;-19",1823;-44,"4984;""SR-MG"";""DEL4/2"";""UOP01/MG""",
"183492;405719;2019-01-05;""sábado"";""04:15:00"";""MG"";40;427;""PARAOPEBA"";""Não"";""Não guardar distância de segurança"";1;""Colisão traseira"";""Com Vítimas Fatais"";""Amanhecer"";""Crescente"";""Nublado"";""Dupla"";""Reta"";""Não"";326317;""Ônibus"";""M.BENZ/O 371 RSE"";1994;""Passageiro"";""Lesões Leves"";37;""Masculino"";0;1;0;0;-19",1823;-44,"4984;""SR-MG"";""DEL4/2"";""UOP01/MG""",