"id;""pesid"";""data_inversa"";""dia_semana"";""horario"";""uf"";""br"";""km"";""municipio"";""causa_principal"";""causa_acidente"";""ordem_tipo_acidente"";""tipo_acidente"";""classificacao_acidente"";""fase_dia"";""sentido_via"";""condicao_metereologica"";""tipo_pista"";""tracado_via"";""uso_solo"";""id_veiculo"";""tipo_veiculo"";""marca"";""ano_fabricacao_veiculo"";""tipo_envolvido"";""estado_fisico"";""idade"";""sexo"";""ilesos"";""feridos_leves"";""feridos_graves"";""mortos"";""latitude"";""longitude"";""regional"";""delegacia"";""uop""",,,
"183492;405719;2019-01-05;""sábado"";""04:15:00"";""MG"";40;427;""PARAOPEBA"";""Sim"";""Falta de Atenção à Condução"";1;""Colisão traseira"";""Com Vítimas Fatais"";""Amanhecer"";""Crescente"";""Nublado"";""Dupla"";""Reta"";""Não"";326317;""Ônibus"";""M.BENZ/O 371 RSE"";1994;""Passageiro"";""Lesões Leves"";37;""Masculino"";0;1;0;0;-19",1823;-44,"4984;""SR-MG"";""DEL4/2"";""UOP01/MG""",
"183492;405716;2019-01-05;""sábado"";""04:15:00"";""MG"";40;427;""PARAOPEBA"";""Não"";""Não guardar distância de segurança"";4;""Tombamento"";""Com Vítimas Fatais"";""Amanhecer"";""Crescente"";""Nublado"";""Dupla"";""Reta"";""Não"";326317;""Ônibus"";""M.BENZ/O 371 RSE"";1994;""Passageiro"";""Lesões Graves"";45;""Feminino"";0;0;1;0;-19",1823;-44,"4984;""SR-MG"";""DEL4/2"";""UOP01/MG""",
"183492;405716;2019-01-05;""sábado"";""04:15:00"";""MG"";40;427;""PARAOPEBA"";""Sim"";""Falta de Atenção à Condução"";4;""Tombamento"";""Com Vítimas Fatais"";""Amanhecer"";""Crescente"";""Nublado"";""Dupla"";""Reta"";""Não"";326317;""Ônibus"";""M.BENZ/O 371 RSE"";1994;""Passageiro"";""Lesões Graves"";45;""Feminino"";0;0;1;0;-19",1823;-44,"4984;""SR-MG"";""DEL4/2"";""UOP01/MG""",
"183492;405716;2019-01-05;""sábado"";""04:15:00"";""MG"";40;427;""PARAOPEBA"";""Não"";""Não guardar distância de segurança"";3;""Colisão com objeto estático"";""Com Vítimas Fatais"";""Amanhecer"";""Crescente"";""Nublado"";""Dupla"";""Reta"";""Não"";326317;""Ônibus"";""M.BENZ/O 371 RSE"";1994;""Passageiro"";""Lesões Graves"";45;""Feminino"";0;0;1;0;-19",1823;-44,"4984;""SR-MG"";""DEL4/2"";""UOP01/MG""",
"183492;405716;2019-01-05;""sábado"";""04:15:00"";""MG"";40;427;""PARAOPEBA"";""Sim"";""Falta de Atenção à Condução"";3;""Colisão com objeto estático"";""Com Vítimas Fatais"";""Amanhecer"";""Crescente"";""Nublado"";""Dupla"";""Reta"";""Não"";326317;""Ônibus"";""M.BENZ/O 371 RSE"";1994;""Passageiro"";""Lesões Graves"";45;""Feminino"";0;0;1;0;-19",1823;-44,"4984;""SR-MG"";""DEL4/2"";""UOP01/MG""",
"183492;405716;2019-01-05;""sábado"";""04:15:00"";""MG"";40;427;""PARAOPEBA"";""Não"";""Não guardar distância de segurança"";2;""Tombamento"";""Com Vítimas Fatais"";""Amanhecer"";""Crescente"";""Nublado"";""Dupla"";""Reta"";""Não"";326317;""Ônibus"";""M.BENZ/O 371 RSE"";1994;""Passageiro"";""Lesões Graves"";45;""Feminino"";0;0;1;0;-19",1823;-44,"4984;""SR-MG"";""DEL4/2"";""UOP01/MG""",
"183492;405716;2019-01-05;""sábado"";""04:15:00"";""MG"";40;427;""PARAOPEBA"";""Sim"";""Falta de Atenção à Condução"";2;""Tombamento"";""Com Vítimas Fatais"";""Amanhecer"";""Crescente"";""Nublado"";""Dupla"";""Reta"";""Não"";326317;""Ônibus"";""M.BENZ/O 371 RSE"";1994;""Passageiro"";""Lesões Graves"";45;""Feminino"";0;0;1;0;-19",1823;-44,"4984;""SR-MG"";""DEL4/2"";""UOP01/MG""",
"183492;405716;2019-01-05;""sábado"";""04:15:00"";""MG"";40;427;""PARAOPEBA"";""Não"";""Não guardar distância de segurança"";1;""Colisão traseira"";""Com Vítimas Fatais"";""Amanhecer"";""Crescente"";""Nublado"";""Dupla"";""Reta"";""Não"";326317;""Ônibus"";""M.BENZ/O 371 RSE"";1994;""Passageiro"";""Lesões Graves"";45;""Feminino"";0;0;1;0;-19",1823;-44,"4984;""SR-MG"";""DEL4/2"";""UOP01/MG""",
"183492;405716;2019-01-05;""sábado"";""04:15:00"";""MG"";40;427;""PARAOPEBA"";""Sim"";""Falta de Atenção à Condução"";1;""Colisão traseira"";""Com Vítimas Fatais"";""Amanhecer"";""Crescente"";""Nublado"";""Dupla"";""Reta"";""Não"";326317;""Ônibus"";""M.BENZ/O 371 RSE"";1994;""Passageiro"";""Lesões Graves"";45;""Feminino"";0;0;1;0;-19",1823;-44,"4984;""SR-MG"";""DEL4/2"";""UOP01/MG""",
"183492;405643;2019-01-05;""sábado"";""04:15:00"";""MG"";40;427;""PARAOPEBA"";""Não"";""Não guardar distância de segurança"";4;""Tombamento"";""Com Vítimas Fatais"";""Amanhecer"";""Crescente"";""Nublado"";""Dupla"";""Reta"";""Não"";326317;""Ônibus"";""M.BENZ/O 371 RSE"";1994;""Passageiro"";""Lesões Graves"";55;""Feminino"";0;0;1;0;-19",1823;-44,"4984;""SR-MG"";""DEL4/2"";""UOP01/MG""",
"183492;405643;2019-01-05;""sábado"";""04:15:00"";""MG"";40;427;""PARAOPEBA"";""Sim"";""Falta de Atenção à Condução"";4;""Tombamento"";""Com Vítimas Fatais"";""Amanhecer"";""Crescente"";""Nublado"";""Dupla"";""Reta"";""Não"";326317;""Ônibus"";""M.BENZ/O 371 RSE"";1994;""Passageiro"";""Lesões Graves"";55;""Feminino"";0;0;1;0;-19",1823;-44,"4984;""SR-MG"";""DEL4/2"";""UOP01/MG""",
"183492;405643;2019-01-05;""sábado"";""04:15:00"";""MG"";40;427;""PARAOPEBA"";""Não"";""Não guardar distância de segurança"";3;""Colisão com objeto estático"";""Com Vítimas Fatais"";""Amanhecer"";""Crescente"";""Nublado"";""Dupla"";""Reta"";""Não"";326317;""Ônibus"";""M.BENZ/O 371 RSE"";1994;""Passageiro"";""Lesões Graves"";55;""Feminino"";0;0;1;0;-19",1823;-44,"4984;""SR-MG"";""DEL4/2"";""UOP01/MG""",
"183492;405643;2019-01-05;""sábado"";""04:15:00"";""MG"";40;427;""PARAOPEBA"";""Sim"";""Falta de Atenção à Condução"";3;""Colisão com objeto estático"";""Com Vítimas Fatais"";""Amanhecer"";""Crescente"";""Nublado"";""Dupla"";""Reta"";""Não"";326317;""Ônibus"";""M.BENZ/O 371 RSE"";1994;""Passageiro"";""Lesões Graves"";55;""Feminino"";0;0;1;0;-19",1823;-44,"4984;""SR-MG"";""DEL4/2"";""UOP01/MG""",
"183492;405643;2019-01-05;""sábado"";""04:15:00"";""MG"";40;427;""PARAOPEBA"";""Não"";""Não guardar distância de segurança"";2;""Tombamento"";""Com Vítimas Fatais"";""Amanhecer"";""Crescente"";""Nublado"";""Dupla"";""Reta"";""Não"";326317;""Ônibus"";""M.BENZ/O 371 RSE"";1994;""Passageiro"";""Lesões Graves"";55;""Feminino"";0;0;1;0;-19",1823;-44,"4984;""SR-MG"";""DEL4/2"";""UOP01/MG""",
"183492;405643;2019-01-05;""sábado"";""04:15:00"";""MG"";40;427;""PARAOPEBA"";""Sim"";""Falta de Atenção à Condução"";2;""Tombamento"";""Com Vítimas Fatais"";""Amanhecer"";""Crescente"";""Nublado"";""Dupla"";""Reta"";""Não"";326317;""Ônibus"";""M.BENZ/O 371 RSE"";1994;""Passageiro"";""Lesões Graves"";55;""Feminino"";0;0;1;0;-19",1823;-44,"4984;""SR-MG"";""DEL4/2"";""UOP01/MG""",
"183492;405643;2019-01-05;""sábado"";""04:15:00"";""MG"";40;427;""PARAOPEBA"";""Não"";""Não guardar distância de segurança"";1;""Colisão traseira"";""Com Vítimas Fatais"";""Amanhecer"";""Crescente"";""Nublado"";""Dupla"";""Reta"";""Não"";326317;""Ônibus"";""M.BENZ/O 371 RSE"";1994;""Passageiro"";""Lesões Graves"";55;""Feminino"";0;0;1;0;-19",1823;-44,"4984;""SR-MG"";""DEL4/2"";""UOP01/MG""",
"183492;405643;2019-01-05;""sábado"";""04:15:00"";""MG"";40;427;""PARAOPEBA"";""Sim"";""Falta de Atenção à Condução"";1;""Colisão traseira"";""Com Vítimas Fatais"";""Amanhecer"";""Crescente"";""Nublado"";""Dupla"";""Reta"";""Não"";326317;""Ônibus"";""M.BENZ/O 371 RSE"";1994;""Passageiro"";""Lesões Graves"";55;""Feminino"";0;0;1;0;-19",1823;-44,"4984;""SR-MG"";""DEL4/2"";""UOP01/MG""",
"183492;405632;2019-01-05;""sábado"";""04:15:00"";""MG"";40;427;""PARAOPEBA"";""Não"";""Não guardar distância de segurança"";4;""Tombamento"";""Com Vítimas Fatais"";""Amanhecer"";""Crescente"";""Nublado"";""Dupla"";""Reta"";""Não"";326317;""Ônibus"";""M.BENZ/O 371 RSE"";1994;""Passageiro"";""Lesões Leves"";11;""Masculino"";0;1;0;0;-19",1823;-44,"4984;""SR-MG"";""DEL4/2"";""UOP01/MG""",
"183492;405632;2019-01-05;""sábado"";""04:15:00"";""MG"";40;427;""PARAOPEBA"";""Sim"";""Falta de Atenção à Condução"";4;""Tombamento"";""Com Vítimas Fatais"";""Amanhecer"";""Crescente"";""Nublado"";""Dupla"";""Reta"";""Não"";326317;""Ônibus"";""M.BENZ/O 371 RSE"";1994;""Passageiro"";""Lesões Leves"";11;""Masculino"";0;1;0;0;-19",1823;-44,"4984;""SR-MG"";""DEL4/2"";""UOP01/MG""",
"183492;405632;2019-01-05;""sábado"";""04:15:00"";""MG"";40;427;""PARAOPEBA"";""Não"";""Não guardar distância de segurança"";3;""Colisão com objeto estático"";""Com Vítimas Fatais"";""Amanhecer"";""Crescente"";""Nublado"";""Dupla"";""Reta"";""Não"";326317;""Ônibus"";""M.BENZ/O 371 RSE"";1994;""Passageiro"";""Lesões Leves"";11;""Masculino"";0;1;0;0;-19",1823;-44,"4984;""SR-MG"";""DEL4/2"";""UOP01/MG""",
"183492;405632;2019-01-05;""sábado"";""04:15:00"";""MG"";40;427;""PARAOPEBA"";""Sim"";""Falta de Atenção à Condução"";3;""Colisão com objeto estático"";""Com Vítimas Fatais"";""Amanhecer"";""Crescente"";""Nublado"";""Dupla"";""Reta"";""Não"";326317;""Ônibus"";""M.BENZ/O 371 RSE"";1994;""Passageiro"";""Lesões Leves"";11;""Masculino"";0;1;0;0;-19",1823;-44,"4984;""SR-MG"";""DEL4/2"";""UOP01/MG""",
"183492;405632;2019-01-05;""sábado"";""04:15:00"";""MG"";40;427;""PARAOPEBA"";""Não"";""Não guardar distância de segurança"";2;""Tombamento"";""Com Vítimas Fatais"";""Amanhecer"";""Crescente"";""Nublado"";""Dupla"";""Reta"";""Não"";326317;""Ônibus"";""M.BENZ/O 371 RSE"";1994;""Passageiro"";""Lesões Leves"";11;""Masculino"";0;1;0;0;-19",1823;-44,"4984;""SR-MG"";""DEL4/2"";""UOP01/MG""",
"183492;405632;2019-01-05;""sábado"";""04:15:00"";""MG"";40;427;""PARAOPEBA"";""Sim"";""Falta de Atenção à Condução"";2;""Tombamento"";""Com Vítimas Fatais"";""Amanhecer"";""Crescente"";""Nublado"";""Dupla"";""Reta"";""Não"";326317;""Ônibus"";""M.BENZ/O 371 RSE"";1994;""Passageiro"";""Lesões Leves"";11;""Masculino"";0;1;0;0;-19",1823;-44,"4984;""SR-MG"";""DEL4/2"";""UOP01/MG""",
"183492;405632;2019-01-05;""sábado"";""04:15:00"";""MG"";40;427;""PARAOPEBA"";""Não"";""Não guardar distância de segurança"";1;""Colisão traseira"";""Com Vítimas Fatais"";""Amanhecer"";""Crescente"";""Nublado"";""Dupla"";""Reta"";""Não"";326317;""Ônibus"";""M.BENZ/O 371 RSE"";1994;""Passageiro"";""Lesões Leves"";11;""Masculino"";0;1;0;0;-19",1823;-44,"4984;""SR-MG"";""DEL4/2"";""UOP01/MG""",
"183492;405632;2019-01-05;""sábado"";""04:15:00"";""MG"";40;427;""PARAOPEBA"";""Sim"";""Falta de Atenção à Condução"";1;""Colisão traseira"";""Com Vítimas Fatais"";""Amanhecer"";""Crescente"";""Nublado"";""Dupla"";""Reta"";""Não"";326317;""Ônibus"";""M.BENZ/O 371 RSE"";1994;""Passageiro"";""Lesões Leves"";11;""Masculino"";0;1;0;0;-19",1823;-44,"4984;""SR-MG"";""DEL4/2"";""UOP01/MG""",
"183492;405609;2019-01-05;""sábado"";""04:15:00"";""MG"";40;427;""PARAOPEBA"";""Não"";""Não guardar distância de segurança"";4;""Tombamento"";""Com Vítimas Fatais"";""Amanhecer"";""Crescente"";""Nublado"";""Dupla"";""Reta"";""Não"";326317;""Ônibus"";""M.BENZ/O 371 RSE"";1994;""Passageiro"";""Lesões Graves"";58;""Masculino"";0;0;1;0;-19",1823;-44,"4984;""SR-MG"";""DEL4/2"";""UOP01/MG""",
"183492;405609;2019-01-05;""sábado"";""04:15:00"";""MG"";40;427;""PARAOPEBA"";""Sim"";""Falta de Atenção à Condução"";4;""Tombamento"";""Com Vítimas Fatais"";""Amanhecer"";""Crescente"";""Nublado"";""Dupla"";""Reta"";""Não"";326317;""Ônibus"";""M.BENZ/O 371 RSE"";1994;""Passageiro"";""Lesões Graves"";58;""Masculino"";0;0;1;0;-19",1823;-44,"4984;""SR-MG"";""DEL4/2"";""UOP01/MG""",
"183492;405609;2019-01-05;""sábado"";""04:15:00"";""MG"";40;427;""PARAOPEBA"";""Não"";""Não guardar distância de segurança"";3;""Colisão com objeto estático"";""Com Vítimas Fatais"";""Amanhecer"";""Crescente"";""Nublado"";""Dupla"";""Reta"";""Não"";326317;""Ônibus"";""M.BENZ/O 371 RSE"";1994;""Passageiro"";""Lesões Graves"";58;""Masculino"";0;0;1;0;-19",1823;-44,"4984;""SR-MG"";""DEL4/2"";""UOP01/MG""",
"183492;405609;2019-01-05;""sábado"";""04:15:00"";""MG"";40;427;""PARAOPEBA"";""Sim"";""Falta de Atenção à Condução"";3;""Colisão com objeto estático"";""Com Vítimas Fatais"";""Amanhecer"";""Crescente"";""Nublado"";""Dupla"";""Reta"";""Não"";326317;""Ônibus"";""M.BENZ/O 371 RSE"";1994;""Passageiro"";""Lesões Graves"";58;""Masculino"";0;0;1;0;-19",1823;-44,"4984;""SR-MG"";""DEL4/2"";""UOP01/MG""",
"183492;405609;2019-01-05;""sábado"";""04:15:00"";""MG"";40;427;""PARAOPEBA"";""Não"";""Não guardar distância de segurança"";2;""Tombamento"";""Com Vítimas Fatais"";""Amanhecer"";""Crescente"";""Nublado"";""Dupla"";""Reta"";""Não"";326317;""Ônibus"";""M.BENZ/O 371 RSE"";1994;""Passageiro"";""Lesões Graves"";58;""Masculino"";0;0;1;0;-19",1823;-44,"4984;""SR-MG"";""DEL4/2"";""UOP01/MG""",
"183492;405609;2019-01-05;""sábado"";""04:15:00"";""MG"";40;427;""PARAOPEBA"";""Sim"";""Falta de Atenção à Condução"";2;""Tombamento"";""Com Vítimas Fatais"";""Amanhecer"";""Crescente"";""Nublado"";""Dupla"";""Reta"";""Não"";326317;""Ônibus"";""M.BENZ/O 371 RSE"";1994;""Passageiro"";""Lesões Graves"";58;""Masculino"";0;0;1;0;-19",1823;-44,"4984;""SR-MG"";""DEL4/2"";""UOP01/MG""",
"183492;405609;2019-01-05;""sábado"";""04:15:00"";""MG"";40;427;""PARAOPEBA"";""Não"";""Não guardar distância de segurança"";1;""Colisão traseira"";""Com Vítimas Fatais"";""Amanhecer"";""Crescente"";""Nublado"";""Dupla"";""Reta"";""Não"";326317;""Ônibus"";""M.BENZ/O 371 RSE"";1994;""Passageiro"";""Lesões Graves"";58;""Masculino"";0;0;1;0;-19",1823;-44,"4984;""SR-MG"";""DEL4/2"";""UOP01/MG""",
"183492;405609;2019-01-05;""sábado"";""04:15:00"";""MG"";40;427;""PARAOPEBA"";""Sim"";""Falta de Atenção à Condução"";1;""Colisão traseira"";""Com Vítimas Fatais"";""Amanhecer"";""Crescente"";""Nublado"";""Dupla"";""Reta"";""Não"";326317;""Ônibus"";""M.BENZ/O 371 RSE"";1994;""Passageiro"";""Lesões Graves"";58;""Masculino"";0;0;1;0;-19",1823;-44,"4984;""SR-MG"";""DEL4/2"";""UOP01/MG""",
"183492;405560;2019-01-05;""sábado"";""04:15:00"";""MG"";40;427;""PARAOPEBA"";""Não"";""Não guardar distância de segurança"";4;""Tombamento"";""Com Vítimas Fatais"";""Amanhecer"";""Crescente"";""Nublado"";""Dupla"";""Reta"";""Não"";326316;""Caminhão"";""M.BENZ/L 1620"";1996;""Condutor"";""Lesões Leves"";33;""Masculino"";0;1;0;0;-19",1823;-44,"4984;""SR-MG"";""DEL4/2"";""UOP01/MG""",
"183492;405560;2019-01-05;""sábado"";""04:15:00"";""MG"";40;427;""PARAOPEBA"";""Sim"";""Falta de Atenção à Condução"";4;""Tombamento"";""Com Vítimas Fatais"";""Amanhecer"";""Crescente"";""Nublado"";""Dupla"";""Reta"";""Não"";326316;""Caminhão"";""M.BENZ/L 1620"";1996;""Condutor"";""Lesões Leves"";33;""Masculino"";0;1;0;0;-19",1823;-44,"4984;""SR-MG"";""DEL4/2"";""UOP01/MG""",
"183492;405560;2019-01-05;""sábado"";""04:15:00"";""MG"";40;427;""PARAOPEBA"";""Não"";""Não guardar distância de segurança"";3;""Colisão com objeto estático"";""Com Vítimas Fatais"";""Amanhecer"";""Crescente"";""Nublado"";""Dupla"";""Reta"";""Não"";326316;""Caminhão"";""M.BENZ/L 1620"";1996;""Condutor"";""Lesões Leves"";33;""Masculino"";0;1;0;0;-19",1823;-44,"4984;""SR-MG"";""DEL4/2"";""UOP01/MG""",
"183492;405560;2019-01-05;""sábado"";""04:15:00"";""MG"";40;427;""PARAOPEBA"";""Sim"";""Falta de Atenção à Condução"";3;""Colisão com objeto estático"";""Com Vítimas Fatais"";""Amanhecer"";""Crescente"";""Nublado"";""Dupla"";""Reta"";""Não"";326316;""Caminhão"";""M.BENZ/L 1620"";1996;""Condutor"";""Lesões Leves"";33;""Masculino"";0;1;0;0;-19",1823;-44,"4984;""SR-MG"";""DEL4/2"";""UOP01/MG""",
"183492;405560;2019-01-05;""sábado"";""04:15:00"";""MG"";40;427;""PARAOPEBA"";""Não"";""Não guardar distância de segurança"";2;""Tombamento"";""Com Vítimas Fatais"";""Amanhecer"";""Crescente"";""Nublado"";""Dupla"";""Reta"";""Não"";326316;""Caminhão"";""M.BENZ/L 1620"";1996;""Condutor"";""Lesões Leves"";33;""Masculino"";0;1;0;0;-19",1823;-44,"4984;""SR-MG"";""DEL4/2"";""UOP01/MG""",
"183492;405560;2019-01-05;""sábado"";""04:15:00"";""MG"";40;427;""PARAOPEBA"";""Sim"";""Falta de Atenção à Condução"";2;""Tombamento"";""Com Vítimas Fatais"";""Amanhecer"";""Crescente"";""Nublado"";""Dupla"";""Reta"";""Não"";326316;""Caminhão"";""M.BENZ/L 1620"";1996;""Condutor"";""Lesões Leves"";33;""Masculino"";0;1;0;0;-19",1823;-44,"4984;""SR-MG"";""DEL4/2"";""UOP01/MG""",
"183492;405560;2019-01-05;""sábado"";""04:15:00"";""MG"";40;427;""PARAOPEBA"";""Não"";""Não guardar distância de segurança"";1;""Colisão traseira"";""Com Vítimas Fatais"";""Amanhecer"";""Crescente"";""Nublado"";""Dupla"";""Reta"";""Não"";326316;""Caminhão"";""M.BENZ/L 1620"";1996;""Condutor"";""Lesões Leves"";33;""Masculino"";0;1;0;0;-19",1823;-44,"4984;""SR-MG"";""DEL4/2"";""UOP01/MG""",
"183492;405560;2019-01-05;""sábado"";""04:15:00"";""MG"";40;427;""PARAOPEBA"";""Sim"";""Falta de Atenção à Condução"";1;""Colisão traseira"";""Com Vítimas Fatais"";""Amanhecer"";""Crescente"";""Nublado"";""Dupla"";""Reta"";""Não"";326316;""Caminhão"";""M.BENZ/L 1620"";1996;""Condutor"";""Lesões Leves"";33;""Masculino"";0;1;0;0;-19",1823;-44,"4984;""SR-MG"";""DEL4/2"";""UOP01/MG""",
"183492;405616;2019-01-05;""sábado"";""04:15:00"";""MG"";40;427;""PARAOPEBA"";""Não"";""Não guardar distância de segurança"";4;""Tombamento"";""Com Vítimas Fatais"";""Amanhecer"";""Crescente"";""Nublado"";""Dupla"";""Reta"";""Não"";326317;""Ônibus"";""M.BENZ/O 371 RSE"";1994;""Passageiro"";""Lesões Leves"";56;""Feminino"";0;1;0;0;-19",1823;-44,"4984;""SR-MG"";""DEL4/2"";""UOP01/MG""",
"183492;405616;2019-01-05;""sábado"";""04:15:00"";""MG"";40;427;""PARAOPEBA"";""Sim"";""Falta de Atenção à Condução"";4;""Tombamento"";""Com Vítimas Fatais"";""Amanhecer"";""Crescente"";""Nublado"";""Dupla"";""Reta"";""Não"";326317;""Ônibus"";""M.BENZ/O 371 RSE"";1994;""Passageiro"";""Lesões Leves"";56;""Feminino"";0;1;0;0;-19",1823;-44,"4984;""SR-MG"";""DEL4/2"";""UOP01/MG""",
"183492;405616;2019-01-05;""sábado"";""04:15:00"";""MG"";40;427;""PARAOPEBA"";""Não"";""Não guardar distância de segurança"";3;""Colisão com objeto estático"";""Com Vítimas Fatais"";""Amanhecer"";""Crescente"";""Nublado"";""Dupla"";""Reta"";""Não"";326317;""Ônibus"";""M.BENZ/O 371 RSE"";1994;""Passageiro"";""Lesões Leves"";56;""Feminino"";0;1;0;0;-19",1823;-44,"4984;""SR-MG"";""DEL4/2"";""UOP01/MG""",
"183492;405616;2019-01-05;""sábado"";""04:15:00"";""MG"";40;427;""PARAOPEBA"";""Sim"";""Falta de Atenção à Condução"";3;""Colisão com objeto estático"";""Com Vítimas Fatais"";""Amanhecer"";""Crescente"";""Nublado"";""Dupla"";""Reta"";""Não"";326317;""Ônibus"";""M.BENZ/O 371 RSE"";1994;""Passageiro"";""Lesões Leves"";56;""Feminino"";0;1;0;0;-19",1823;-44,"4984;""SR-MG"";""DEL4/2"";""UOP01/MG""",
"183492;405616;2019-01-05;""sábado"";""04:15:00"";""MG"";40;427;""PARAOPEBA"";""Não"";""Não guardar distância de segurança"";2;""Tombamento"";""Com Vítimas Fatais"";""Amanhecer"";""Crescente"";""Nublado"";""Dupla"";""Reta"";""Não"";326317;""Ônibus"";""M.BENZ/O 371 RSE"";1994;""Passageiro"";""Lesões Leves"";56;""Feminino"";0;1;0;0;-19",1823;-44,"4984;""SR-MG"";""DEL4/2"";""UOP01/MG""",
"183492;405616;2019-01-05;""sábado"";""04:15:00"";""MG"";40;427;""PARAOPEBA"";""Sim"";""Falta de Atenção à Condução"";2;""Tombamento"";""Com Vítimas Fatais"";""Amanhecer"";""Crescente"";""Nublado"";""Dupla"";""Reta"";""Não"";326317;""Ônibus"";""M.BENZ/O 371 RSE"";1994;""Passageiro"";""Lesões Leves"";56;""Feminino"";0;1;0;0;-19",1823;-44,"4984;""SR-MG"";""DEL4/2"";""UOP01/MG""",
"183492;405616;2019-01-05;""sábado"";""04:15:00"";""MG"";40;427;""PARAOPEBA"";""Não"";""Não guardar distância de segurança"";1;""Colisão traseira"";""Com Vítimas Fatais"";""Amanhecer"";""Crescente"";""Nublado"";""Dupla"";""Reta"";""Não"";326317;""Ônibus"";""M.BENZ/O 371 RSE"";1994;""Passageiro"";""Lesões Leves"";56;""Feminino"";0;1;0;0;-19",1823;-44,"4984;""SR-MG"";""DEL4/2"";""UOP01/MG""",
"183492;405616;2019-01-05;""sábado"";""04:15:00"";""MG"";40;427;""PARAOPEBA"";""Sim"";""Falta de Atenção à Condução"";1;""Colisão traseira"";""Com Vítimas Fatais"";""Amanhecer"";""Crescente"";""Nublado"";""Dupla"";""Reta"";""Não"";326317;""Ônibus"";""M.BENZ/O 371 RSE"";1994;""Passageiro"";""Lesões Leves"";56;""Feminino"";0;1;0;0;-19",1823;-44,"4984;""SR-MG"";""DEL4/2"";""UOP01/MG""",
"183492;405580;2019-01-05;""sábado"";""04:15:00"";""MG"";40;427;""PARAOPEBA"";""Não"";""Não guardar distância de segurança"";4;""Tombamento"";""Com Vítimas Fatais"";""Amanhecer"";""Crescente"";""Nublado"";""Dupla"";""Reta"";""Não"";326317;""Ônibus"";""M.BENZ/O 371 RSE"";1994;""Passageiro"";""Óbito"";35;""Masculino"";0;0;0;1;-19",1823;-44,"4984;""SR-MG"";""DEL4/2"";""UOP01/MG""",
"183492;405580;2019-01-05;""sábado"";""04:15:00"";""MG"";40;427;""PARAOPEBA"";""Sim"";""Falta de Atenção à Condução"";4;""Tombamento"";""Com Vítimas Fatais"";""Amanhecer"";""Crescente"";""Nublado"";""Dupla"";""Reta"";""Não"";326317;""Ônibus"";""M.BENZ/O 371 RSE"";1994;""Passageiro"";""Óbito"";35;""Masculino"";0;0;0;1;-19",1823;-44,"4984;""SR-MG"";""DEL4/2"";""UOP01/MG""",
"183492;405580;2019-01-05;""sábado"";""04:15:00"";""MG"";40;427;""PARAOPEBA"";""Não"";""Não guardar distância de segurança"";3;""Colisão com objeto estático"";""Com Vítimas Fatais"";""Amanhecer"";""Crescente"";""Nublado"";""Dupla"";""Reta"";""Não"";326317;""Ônibus"";""M.BENZ/O 371 RSE"";1994;""Passageiro"";""Óbito"";35;""Masculino"";0;0;0;1;-19",1823;-44,"4984;""SR-MG"";""DEL4/2"";""UOP01/MG""",
"183492;405580;2019-01-05;""sábado"";""04:15:00"";""MG"";40;427;""PARAOPEBA"";""Sim"";""Falta de Atenção à Condução"";3;""Colisão com objeto estático"";""Com Vítimas Fatais"";""Amanhecer"";""Crescente"";""Nublado"";""Dupla"";""Reta"";""Não"";326317;""Ônibus"";""M.BENZ/O 371 RSE"";1994;""Passageiro"";""Óbito"";35;""Masculino"";0;0;0;1;-19",1823;-44,"4984;""SR-MG"";""DEL4/2"";""UOP01/MG""",
"183492;405580;2019-01-05;""sábado"";""04:15:00"";""MG"";40;427;""PARAOPEBA"";""Não"";""Não guardar distância de segurança"";2;""Tombamento"";""Com Vítimas Fatais"";""Amanhecer"";""Crescente"";""Nublado"";""Dupla"";""Reta"";""Não"";326317;""Ônibus"";""M.BENZ/O 371 RSE"";1994;""Passageiro"";""Óbito"";35;""Masculino"";0;0;0;1;-19",1823;-44,"4984;""SR-MG"";""DEL4/2"";""UOP01/MG""",
"183492;405580;2019-01-05;""sábado"";""04:15:00"";""MG"";40;427;""PARAOPEBA"";""Sim"";""Falta de Atenção à Condução"";2;""Tombamento"";""Com Vítimas Fatais"";""Amanhecer"";""Crescente"";""Nublado"";""Dupla"";""Reta"";""Não"";326317;""Ônibus"";""M.BENZ/O 371 RSE"";1994;""Passageiro"";""Óbito"";35;""Masculino"";0;0;0;1;-19",1823;-44,"4984;""SR-MG"";""DEL4/2"";""UOP01/MG""",
"183492;405580;2019-01-05;""sábado"";""04:15:00"";""MG"";40;427;""PARAOPEBA"";""Não"";""Não guardar distância de segurança"";1;""Colisão traseira"";""Com Vítimas Fatais"";""Amanhecer"";""Crescente"";""Nublado"";""Dupla"";""Reta"";""Não"";326317;""Ônibus"";""M.BENZ/O 371 RSE"";1994;""Passageiro"";""Óbito"";35;""Masculino"";0;0;0;1;-19",1823;-44,"4984;""SR-MG"";""DEL4/2"";""UOP01/MG""",
"183492;405580;2019-01-05;""sábado"";""04:15:00"";""MG"";40;427;""PARAOPEBA"";""Sim"";""Falta de Atenção à Condução"";1;""Colisão traseira"";""Com Vítimas Fatais"";""Amanhecer"";""Crescente"";""Nublado"";""Dupla"";""Reta"";""Não"";326317;""Ônibus"";""M.BENZ/O 371 RSE"";1994;""Passageiro"";""Óbito"";35;""Masculino"";0;0;0;1;-19",1823;-44,"4984;""SR-MG"";""DEL4/2"";""UOP01/MG""",
"183492;405722;2019-01-05;""sábado"";""04:15:00"";""MG"";40;427;""PARAOPEBA"";""Não"";""Não guardar distância de segurança"";4;""Tombamento"";""Com Vítimas Fatais"";""Amanhecer"";""Crescente"";""Nublado"";""Dupla"";""Reta"";""Não"";326317;""Ônibus"";""M.BENZ/O 371 RSE"";1994;""Passageiro"";""Lesões Leves"";14;""Masculino"";0;1;0;0;-19",1823;-44,"4984;""SR-MG"";""DEL4/2"";""UOP01/MG""",