"id;""pesid"";""data_inversa"";""dia_semana"";""horario"";""uf"";""br"";""km"";""municipio"";""causa_principal"";""causa_acidente"";""ordem_tipo_acidente"";""tipo_acidente"";""classificacao_acidente"";""fase_dia"";""sentido_via"";""condicao_metereologica"";""tipo_pista"";""tracado_via"";""uso_solo"";""id_veiculo"";""tipo_veiculo"";""marca"";""ano_fabricacao_veiculo"";""tipo_envolvido"";""estado_fisico"";""idade"";""sexo"";""ilesos"";""feridos_leves"";""feridos_graves"";""mortos"";""latitude"";""longitude"";""regional"";""delegacia"";""uop""",,,
"183492;405722;2019-01-05;""sábado"";""04:15:00"";""MG"";40;427;""PARAOPEBA"";""Sim"";""Falta de Atenção à Condução"";4;""Tombamento"";""Com Vítimas Fatais"";""Amanhecer"";""Crescente"";""Nublado"";""Dupla"";""Reta"";""Não"";326317;""Ônibus"";""M.BENZ/O 371 RSE"";1994;""Passageiro"";""Lesões Leves"";14;""Masculino"";0;1;0;0;-19",1823;-44,"4984;""SR-MG"";""DEL4/2"";""UOP01/MG""",
"183492;405722;2019-01-05;""sábado"";""04:15:00"";""MG"";40;427;""PARAOPEBA"";""Não"";""Não guardar distância de segurança"";3;""Colisão com objeto estático"";""Com Vítimas Fatais"";""Amanhecer"";""Crescente"";""Nublado"";""Dupla"";""Reta"";""Não"";326317;""Ônibus"";""M.BENZ/O 371 RSE"";1994;""Passageiro"";""Lesões Leves"";14;""Masculino"";0;1;0;0;-19",1823;-44,"4984;""SR-MG"";""DEL4/2"";""UOP01/MG""",
"183492;405722;2019-01-05;""sábado"";""04:15:00"";""MG"";40;427;""PARAOPEBA"";""Sim"";""Falta de Atenção à Condução"";3;""Colisão com objeto estático"";""Com Vítimas Fatais"";""Amanhecer"";""Crescente"";""Nublado"";""Dupla"";""Reta"";""Não"";326317;""Ônibus"";""M.BENZ/O 371 RSE"";1994;""Passageiro"";""Lesões Leves"";14;""Masculino"";0;1;0;0;-19",1823;-44,"4984;""SR-MG"";""DEL4/2"";""UOP01/MG""",
"183492;405722;2019-01-05;""sábado"";""04:15:00"";""MG"";40;427;""PARAOPEBA"";""Não"";""Não guardar distância de segurança"";2;""Tombamento"";""Com Vítimas Fatais"";""Amanhecer"";""Crescente"";""Nublado"";""Dupla"";""Reta"";""Não"";326317;""Ônibus"";""M.BENZ/O 371 RSE"";1994;""Passageiro"";""Lesões Leves"";14;""Masculino"";0;1;0;0;-19",1823;-44,"4984;""SR-MG"";""DEL4/2"";""UOP01/MG""",
"183492;405722;2019-01-05;""sábado"";""04:15:00"";""MG"";40;427;""PARAOPEBA"";""Sim"";""Falta de Atenção à Condução"";2;""Tombamento"";""Com Vítimas Fatais"";""Amanhecer"";""Crescente"";""Nublado"";""Dupla"";""Reta"";""Não"";326317;""Ônibus"";""M.BENZ/O 371 RSE"";1994;""Passageiro"";""Lesões Leves"";14;""Masculino"";0;1;0;0;-19",1823;-44,"4984;""SR-MG"";""DEL4/2"";""UOP01/MG""",
"183492;405722;2019-01-05;""sábado"";""04:15:00"";""MG"";40;427;""PARAOPEBA"";""Não"";""Não guardar distância de segurança"";1;""Colisão traseira"";""Com Vítimas Fatais"";""Amanhecer"";""Crescente"";""Nublado"";""Dupla"";""Reta"";""Não"";326317;""Ônibus"";""M.BENZ/O 371 RSE"";1994;""Passageiro"";""Lesões Leves"";14;""Masculino"";0;1;0;0;-19",1823;-44,"4984;""SR-MG"";""DEL4/2"";""UOP01/MG""",
"183492;405722;2019-01-05;""sábado"";""04:15:00"";""MG"";40;427;""PARAOPEBA"";""Sim"";""Falta de Atenção à Condução"";1;""Colisão traseira"";""Com Vítimas Fatais"";""Amanhecer"";""Crescente"";""Nublado"";""Dupla"";""Reta"";""Não"";326317;""Ônibus"";""M.BENZ/O 371 RSE"";1994;""Passageiro"";""Lesões Leves"";14;""Masculino"";0;1;0;0;-19",1823;-44,"4984;""SR-MG"";""DEL4/2"";""UOP01/MG""",
"183492;405651;2019-01-05;""sábado"";""04:15:00"";""MG"";40;427;""PARAOPEBA"";""Não"";""Não guardar distância de segurança"";4;""Tombamento"";""Com Vítimas Fatais"";""Amanhecer"";""Crescente"";""Nublado"";""Dupla"";""Reta"";""Não"";326317;""Ônibus"";""M.BENZ/O 371 RSE"";1994;""Passageiro"";""Lesões Graves"";30;""Feminino"";0;0;1;0;-19",1823;-44,"4984;""SR-MG"";""DEL4/2"";""UOP01/MG""",
"183492;405651;2019-01-05;""sábado"";""04:15:00"";""MG"";40;427;""PARAOPEBA"";""Sim"";""Falta de Atenção à Condução"";4;""Tombamento"";""Com Vítimas Fatais"";""Amanhecer"";""Crescente"";""Nublado"";""Dupla"";""Reta"";""Não"";326317;""Ônibus"";""M.BENZ/O 371 RSE"";1994;""Passageiro"";""Lesões Graves"";30;""Feminino"";0;0;1;0;-19",1823;-44,"4984;""SR-MG"";""DEL4/2"";""UOP01/MG""",
"183492;405651;2019-01-05;""sábado"";""04:15:00"";""MG"";40;427;""PARAOPEBA"";""Não"";""Não guardar distância de segurança"";3;""Colisão com objeto estático"";""Com Vítimas Fatais"";""Amanhecer"";""Crescente"";""Nublado"";""Dupla"";""Reta"";""Não"";326317;""Ônibus"";""M.BENZ/O 371 RSE"";1994;""Passageiro"";""Lesões Graves"";30;""Feminino"";0;0;1;0;-19",1823;-44,"4984;""SR-MG"";""DEL4/2"";""UOP01/MG""",
"183492;405651;2019-01-05;""sábado"";""04:15:00"";""MG"";40;427;""PARAOPEBA"";""Sim"";""Falta de Atenção à Condução"";3;""Colisão com objeto estático"";""Com Vítimas Fatais"";""Amanhecer"";""Crescente"";""Nublado"";""Dupla"";""Reta"";""Não"";326317;""Ônibus"";""M.BENZ/O 371 RSE"";1994;""Passageiro"";""Lesões Graves"";30;""Feminino"";0;0;1;0;-19",1823;-44,"4984;""SR-MG"";""DEL4/2"";""UOP01/MG""",
"183492;405651;2019-01-05;""sábado"";""04:15:00"";""MG"";40;427;""PARAOPEBA"";""Não"";""Não guardar distância de segurança"";2;""Tombamento"";""Com Vítimas Fatais"";""Amanhecer"";""Crescente"";""Nublado"";""Dupla"";""Reta"";""Não"";326317;""Ônibus"";""M.BENZ/O 371 RSE"";1994;""Passageiro"";""Lesões Graves"";30;""Feminino"";0;0;1;0;-19",1823;-44,"4984;""SR-MG"";""DEL4/2"";""UOP01/MG""",
"183492;405651;2019-01-05;""sábado"";""04:15:00"";""MG"";40;427;""PARAOPEBA"";""Sim"";""Falta de Atenção à Condução"";2;""Tombamento"";""Com Vítimas Fatais"";""Amanhecer"";""Crescente"";""Nublado"";""Dupla"";""Reta"";""Não"";326317;""Ônibus"";""M.BENZ/O 371 RSE"";1994;""Passageiro"";""Lesões Graves"";30;""Feminino"";0;0;1;0;-19",1823;-44,"4984;""SR-MG"";""DEL4/2"";""UOP01/MG""",
"183492;405651;2019-01-05;""sábado"";""04:15:00"";""MG"";40;427;""PARAOPEBA"";""Não"";""Não guardar distância de segurança"";1;""Colisão traseira"";""Com Vítimas Fatais"";""Amanhecer"";""Crescente"";""Nublado"";""Dupla"";""Reta"";""Não"";326317;""Ônibus"";""M.BENZ/O 371 RSE"";1994;""Passageiro"";""Lesões Graves"";30;""Feminino"";0;0;1;0;-19",1823;-44,"4984;""SR-MG"";""DEL4/2"";""UOP01/MG""",
"183492;405651;2019-01-05;""sábado"";""04:15:00"";""MG"";40;427;""PARAOPEBA"";""Sim"";""Falta de Atenção à Condução"";1;""Colisão traseira"";""Com Vítimas Fatais"";""Amanhecer"";""Crescente"";""Nublado"";""Dupla"";""Reta"";""Não"";326317;""Ônibus"";""M.BENZ/O 371 RSE"";1994;""Passageiro"";""Lesões Graves"";30;""Feminino"";0;0;1;0;-19",1823;-44,"4984;""SR-MG"";""DEL4/2"";""UOP01/MG""",
"183492;405639;2019-01-05;""sábado"";""04:15:00"";""MG"";40;427;""PARAOPEBA"";""Não"";""Não guardar distância de segurança"";4;""Tombamento"";""Com Vítimas Fatais"";""Amanhecer"";""Crescente"";""Nublado"";""Dupla"";""Reta"";""Não"";326317;""Ônibus"";""M.BENZ/O 371 RSE"";1994;""Passageiro"";""Lesões Leves"";37;""Masculino"";0;1;0;0;-19",1823;-44,"4984;""SR-MG"";""DEL4/2"";""UOP01/MG""",
"183492;405639;2019-01-05;""sábado"";""04:15:00"";""MG"";40;427;""PARAOPEBA"";""Sim"";""Falta de Atenção à Condução"";4;""Tombamento"";""Com Vítimas Fatais"";""Amanhecer"";""Crescente"";""Nublado"";""Dupla"";""Reta"";""Não"";326317;""Ônibus"";""M.BENZ/O 371 RSE"";1994;""Passageiro"";""Lesões Leves"";37;""Masculino"";0;1;0;0;-19",1823;-44,"4984;""SR-MG"";""DEL4/2"";""UOP01/MG""",
"183492;405639;2019-01-05;""sábado"";""04:15:00"";""MG"";40;427;""PARAOPEBA"";""Não"";""Não guardar distância de segurança"";3;""Colisão com objeto estático"";""Com Vítimas Fatais"";""Amanhecer"";""Crescente"";""Nublado"";""Dupla"";""Reta"";""Não"";326317;""Ônibus"";""M.BENZ/O 371 RSE"";1994;""Passageiro"";""Lesões Leves"";37;""Masculino"";0;1;0;0;-19",1823;-44,"4984;""SR-MG"";""DEL4/2"";""UOP01/MG""",
"183492;405639;2019-01-05;""sábado"";""04:15:00"";""MG"";40;427;""PARAOPEBA"";""Sim"";""Falta de Atenção à Condução"";3;""Colisão com objeto estático"";""Com Vítimas Fatais"";""Amanhecer"";""Crescente"";""Nublado"";""Dupla"";""Reta"";""Não"";326317;""Ônibus"";""M.BENZ/O 371 RSE"";1994;""Passageiro"";""Lesões Leves"";37;""Masculino"";0;1;0;0;-19",1823;-44,"4984;""SR-MG"";""DEL4/2"";""UOP01/MG""",
"183492;405639;2019-01-05;""sábado"";""04:15:00"";""MG"";40;427;""PARAOPEBA"";""Não"";""Não guardar distância de segurança"";2;""Tombamento"";""Com Vítimas Fatais"";""Amanhecer"";""Crescente"";""Nublado"";""Dupla"";""Reta"";""Não"";326317;""Ônibus"";""M.BENZ/O 371 RSE"";1994;""Passageiro"";""Lesões Leves"";37;""Masculino"";0;1;0;0;-19",1823;-44,"4984;""SR-MG"";""DEL4/2"";""UOP01/MG""",
"183492;405639;2019-01-05;""sábado"";""04:15:00"";""MG"";40;427;""PARAOPEBA"";""Sim"";""Falta de Atenção à Condução"";2;""Tombamento"";""Com Vítimas Fatais"";""Amanhecer"";""Crescente"";""Nublado"";""Dupla"";""Reta"";""Não"";326317;""Ônibus"";""M.BENZ/O 371 RSE"";1994;""Passageiro"";""Lesões Leves"";37;""Masculino"";0;1;0;0;-19",1823;-44,"4984;""SR-MG"";""DEL4/2"";""UOP01/MG""",
"183492;405639;2019-01-05;""sábado"";""04:15:00"";""MG"";40;427;""PARAOPEBA"";""Não"";""Não guardar distância de segurança"";1;""Colisão traseira"";""Com Vítimas Fatais"";""Amanhecer"";""Crescente"";""Nublado"";""Dupla"";""Reta"";""Não"";326317;""Ônibus"";""M.BENZ/O 371 RSE"";1994;""Passageiro"";""Lesões Leves"";37;""Masculino"";0;1;0;0;-19",1823;-44,"4984;""SR-MG"";""DEL4/2"";""UOP01/MG""",
"183492;405639;2019-01-05;""sábado"";""04:15:00"";""MG"";40;427;""PARAOPEBA"";""Sim"";""Falta de Atenção à Condução"";1;""Colisão traseira"";""Com Vítimas Fatais"";""Amanhecer"";""Crescente"";""Nublado"";""Dupla"";""Reta"";""Não"";326317;""Ônibus"";""M.BENZ/O 371 RSE"";1994;""Passageiro"";""Lesões Leves"";37;""Masculino"";0;1;0;0;-19",1823;-44,"4984;""SR-MG"";""DEL4/2"";""UOP01/MG""",
"183492;405624;2019-01-05;""sábado"";""04:15:00"";""MG"";40;427;""PARAOPEBA"";""Não"";""Não guardar distância de segurança"";4;""Tombamento"";""Com Vítimas Fatais"";""Amanhecer"";""Crescente"";""Nublado"";""Dupla"";""Reta"";""Não"";326317;""Ônibus"";""M.BENZ/O 371 RSE"";1994;""Passageiro"";""Lesões Leves"";56;""Masculino"";0;1;0;0;-19",1823;-44,"4984;""SR-MG"";""DEL4/2"";""UOP01/MG""",
"183492;405624;2019-01-05;""sábado"";""04:15:00"";""MG"";40;427;""PARAOPEBA"";""Sim"";""Falta de Atenção à Condução"";4;""Tombamento"";""Com Vítimas Fatais"";""Amanhecer"";""Crescente"";""Nublado"";""Dupla"";""Reta"";""Não"";326317;""Ônibus"";""M.BENZ/O 371 RSE"";1994;""Passageiro"";""Lesões Leves"";56;""Masculino"";0;1;0;0;-19",1823;-44,"4984;""SR-MG"";""DEL4/2"";""UOP01/MG""",
"183492;405624;2019-01-05;""sábado"";""04:15:00"";""MG"";40;427;""PARAOPEBA"";""Não"";""Não guardar distância de segurança"";3;""Colisão com objeto estático"";""Com Vítimas Fatais"";""Amanhecer"";""Crescente"";""Nublado"";""Dupla"";""Reta"";""Não"";326317;""Ônibus"";""M.BENZ/O 371 RSE"";1994;""Passageiro"";""Lesões Leves"";56;""Masculino"";0;1;0;0;-19",1823;-44,"4984;""SR-MG"";""DEL4/2"";""UOP01/MG""",
"183492;405624;2019-01-05;""sábado"";""04:15:00"";""MG"";40;427;""PARAOPEBA"";""Sim"";""Falta de Atenção à Condução"";3;""Colisão com objeto estático"";""Com Vítimas Fatais"";""Amanhecer"";""Crescente"";""Nublado"";""Dupla"";""Reta"";""Não"";326317;""Ônibus"";""M.BENZ/O 371 RSE"";1994;""Passageiro"";""Lesões Leves"";56;""Masculino"";0;1;0;0;-19",1823;-44,"4984;""SR-MG"";""DEL4/2"";""UOP01/MG""",
"183492;405624;2019-01-05;""sábado"";""04:15:00"";""MG"";40;427;""PARAOPEBA"";""Não"";""Não guardar distância de segurança"";2;""Tombamento"";""Com Vítimas Fatais"";""Amanhecer"";""Crescente"";""Nublado"";""Dupla"";""Reta"";""Não"";326317;""Ônibus"";""M.BENZ/O 371 RSE"";1994;""Passageiro"";""Lesões Leves"";56;""Masculino"";0;1;0;0;-19",1823;-44,"4984;""SR-MG"";""DEL4/2"";""UOP01/MG""",
"183492;405624;2019-01-05;""sábado"";""04:15:00"";""MG"";40;427;""PARAOPEBA"";""Sim"";""Falta de Atenção à Condução"";2;""Tombamento"";""Com Vítimas Fatais"";""Amanhecer"";""Crescente"";""Nublado"";""Dupla"";""Reta"";""Não"";326317;""Ônibus"";""M.BENZ/O 371 RSE"";1994;""Passageiro"";""Lesões Leves"";56;""Masculino"";0;1;0;0;-19",1823;-44,"4984;""SR-MG"";""DEL4/2"";""UOP01/MG""",
"183492;405624;2019-01-05;""sábado"";""04:15:00"";""MG"";40;427;""PARAOPEBA"";""Não"";""Não guardar distância de segurança"";1;""Colisão traseira"";""Com Vítimas Fatais"";""Amanhecer"";""Crescente"";""Nublado"";""Dupla"";""Reta"";""Não"";326317;""Ônibus"";""M.BENZ/O 371 RSE"";1994;""Passageiro"";""Lesões Leves"";56;""Masculino"";0;1;0;0;-19",1823;-44,"4984;""SR-MG"";""DEL4/2"";""UOP01/MG""",
"183492;405624;2019-01-05;""sábado"";""04:15:00"";""MG"";40;427;""PARAOPEBA"";""Sim"";""Falta de Atenção à Condução"";1;""Colisão traseira"";""Com Vítimas Fatais"";""Amanhecer"";""Crescente"";""Nublado"";""Dupla"";""Reta"";""Não"";326317;""Ônibus"";""M.BENZ/O 371 RSE"";1994;""Passageiro"";""Lesões Leves"";56;""Masculino"";0;1;0;0;-19",1823;-44,"4984;""SR-MG"";""DEL4/2"";""UOP01/MG""",
"183492;405619;2019-01-05;""sábado"";""04:15:00"";""MG"";40;427;""PARAOPEBA"";""Não"";""Não guardar distância de segurança"";4;""Tombamento"";""Com Vítimas Fatais"";""Amanhecer"";""Crescente"";""Nublado"";""Dupla"";""Reta"";""Não"";326317;""Ônibus"";""M.BENZ/O 371 RSE"";1994;""Passageiro"";""Ileso"";56;""Masculino"";1;0;0;0;-19",1823;-44,"4984;""SR-MG"";""DEL4/2"";""UOP01/MG""",
"183492;405619;2019-01-05;""sábado"";""04:15:00"";""MG"";40;427;""PARAOPEBA"";""Sim"";""Falta de Atenção à Condução"";4;""Tombamento"";""Com Vítimas Fatais"";""Amanhecer"";""Crescente"";""Nublado"";""Dupla"";""Reta"";""Não"";326317;""Ônibus"";""M.BENZ/O 371 RSE"";1994;""Passageiro"";""Ileso"";56;""Masculino"";1;0;0;0;-19",1823;-44,"4984;""SR-MG"";""DEL4/2"";""UOP01/MG""",
"183492;405619;2019-01-05;""sábado"";""04:15:00"";""MG"";40;427;""PARAOPEBA"";""Não"";""Não guardar distância de segurança"";3;""Colisão com objeto estático"";""Com Vítimas Fatais"";""Amanhecer"";""Crescente"";""Nublado"";""Dupla"";""Reta"";""Não"";326317;""Ônibus"";""M.BENZ/O 371 RSE"";1994;""Passageiro"";""Ileso"";56;""Masculino"";1;0;0;0;-19",1823;-44,"4984;""SR-MG"";""DEL4/2"";""UOP01/MG""",
"183492;405619;2019-01-05;""sábado"";""04:15:00"";""MG"";40;427;""PARAOPEBA"";""Sim"";""Falta de Atenção à Condução"";3;""Colisão com objeto estático"";""Com Vítimas Fatais"";""Amanhecer"";""Crescente"";""Nublado"";""Dupla"";""Reta"";""Não"";326317;""Ônibus"";""M.BENZ/O 371 RSE"";1994;""Passageiro"";""Ileso"";56;""Masculino"";1;0;0;0;-19",1823;-44,"4984;""SR-MG"";""DEL4/2"";""UOP01/MG""",
"183492;405619;2019-01-05;""sábado"";""04:15:00"";""MG"";40;427;""PARAOPEBA"";""Não"";""Não guardar distância de segurança"";2;""Tombamento"";""Com Vítimas Fatais"";""Amanhecer"";""Crescente"";""Nublado"";""Dupla"";""Reta"";""Não"";326317;""Ônibus"";""M.BENZ/O 371 RSE"";1994;""Passageiro"";""Ileso"";56;""Masculino"";1;0;0;0;-19",1823;-44,"4984;""SR-MG"";""DEL4/2"";""UOP01/MG""",
"183492;405619;2019-01-05;""sábado"";""04:15:00"";""MG"";40;427;""PARAOPEBA"";""Sim"";""Falta de Atenção à Condução"";2;""Tombamento"";""Com Vítimas Fatais"";""Amanhecer"";""Crescente"";""Nublado"";""Dupla"";""Reta"";""Não"";326317;""Ônibus"";""M.BENZ/O 371 RSE"";1994;""Passageiro"";""Ileso"";56;""Masculino"";1;0;0;0;-19",1823;-44,"4984;""SR-MG"";""DEL4/2"";""UOP01/MG""",
"183492;405619;2019-01-05;""sábado"";""04:15:00"";""MG"";40;427;""PARAOPEBA"";""Não"";""Não guardar distância de segurança"";1;""Colisão traseira"";""Com Vítimas Fatais"";""Amanhecer"";""Crescente"";""Nublado"";""Dupla"";""Reta"";""Não"";326317;""Ônibus"";""M.BENZ/O 371 RSE"";1994;""Passageiro"";""Ileso"";56;""Masculino"";1;0;0;0;-19",1823;-44,"4984;""SR-MG"";""DEL4/2"";""UOP01/MG""",
"183492;405619;2019-01-05;""sábado"";""04:15:00"";""MG"";40;427;""PARAOPEBA"";""Sim"";""Falta de Atenção à Condução"";1;""Colisão traseira"";""Com Vítimas Fatais"";""Amanhecer"";""Crescente"";""Nublado"";""Dupla"";""Reta"";""Não"";326317;""Ônibus"";""M.BENZ/O 371 RSE"";1994;""Passageiro"";""Ileso"";56;""Masculino"";1;0;0;0;-19",1823;-44,"4984;""SR-MG"";""DEL4/2"";""UOP01/MG""",
"183492;405559;2019-01-05;""sábado"";""04:15:00"";""MG"";40;427;""PARAOPEBA"";""Não"";""Não guardar distância de segurança"";4;""Tombamento"";""Com Vítimas Fatais"";""Amanhecer"";""Crescente"";""Nublado"";""Dupla"";""Reta"";""Não"";326317;""Ônibus"";""M.BENZ/O 371 RSE"";1994;""Condutor"";""Ileso"";64;""Masculino"";1;0;0;0;-19",1823;-44,"4984;""SR-MG"";""DEL4/2"";""UOP01/MG""",
"183492;405559;2019-01-05;""sábado"";""04:15:00"";""MG"";40;427;""PARAOPEBA"";""Sim"";""Falta de Atenção à Condução"";4;""Tombamento"";""Com Vítimas Fatais"";""Amanhecer"";""Crescente"";""Nublado"";""Dupla"";""Reta"";""Não"";326317;""Ônibus"";""M.BENZ/O 371 RSE"";1994;""Condutor"";""Ileso"";64;""Masculino"";1;0;0;0;-19",1823;-44,"4984;""SR-MG"";""DEL4/2"";""UOP01/MG""",
"183492;405559;2019-01-05;""sábado"";""04:15:00"";""MG"";40;427;""PARAOPEBA"";""Não"";""Não guardar distância de segurança"";3;""Colisão com objeto estático"";""Com Vítimas Fatais"";""Amanhecer"";""Crescente"";""Nublado"";""Dupla"";""Reta"";""Não"";326317;""Ônibus"";""M.BENZ/O 371 RSE"";1994;""Condutor"";""Ileso"";64;""Masculino"";1;0;0;0;-19",1823;-44,"4984;""SR-MG"";""DEL4/2"";""UOP01/MG""",
"183492;405559;2019-01-05;""sábado"";""04:15:00"";""MG"";40;427;""PARAOPEBA"";""Sim"";""Falta de Atenção à Condução"";3;""Colisão com objeto estático"";""Com Vítimas Fatais"";""Amanhecer"";""Crescente"";""Nublado"";""Dupla"";""Reta"";""Não"";326317;""Ônibus"";""M.BENZ/O 371 RSE"";1994;""Condutor"";""Ileso"";64;""Masculino"";1;0;0;0;-19",1823;-44,"4984;""SR-MG"";""DEL4/2"";""UOP01/MG""",
"183492;405559;2019-01-05;""sábado"";""04:15:00"";""MG"";40;427;""PARAOPEBA"";""Não"";""Não guardar distância de segurança"";2;""Tombamento"";""Com Vítimas Fatais"";""Amanhecer"";""Crescente"";""Nublado"";""Dupla"";""Reta"";""Não"";326317;""Ônibus"";""M.BENZ/O 371 RSE"";1994;""Condutor"";""Ileso"";64;""Masculino"";1;0;0;0;-19",1823;-44,"4984;""SR-MG"";""DEL4/2"";""UOP01/MG""",
"183492;405559;2019-01-05;""sábado"";""04:15:00"";""MG"";40;427;""PARAOPEBA"";""Sim"";""Falta de Atenção à Condução"";2;""Tombamento"";""Com Vítimas Fatais"";""Amanhecer"";""Crescente"";""Nublado"";""Dupla"";""Reta"";""Não"";326317;""Ônibus"";""M.BENZ/O 371 RSE"";1994;""Condutor"";""Ileso"";64;""Masculino"";1;0;0;0;-19",1823;-44,"4984;""SR-MG"";""DEL4/2"";""UOP01/MG""",
"183492;405559;2019-01-05;""sábado"";""04:15:00"";""MG"";40;427;""PARAOPEBA"";""Não"";""Não guardar distância de segurança"";1;""Colisão traseira"";""Com Vítimas Fatais"";""Amanhecer"";""Crescente"";""Nublado"";""Dupla"";""Reta"";""Não"";326317;""Ônibus"";""M.BENZ/O 371 RSE"";1994;""Condutor"";""Ileso"";64;""Masculino"";1;0;0;0;-19",1823;-44,"4984;""SR-MG"";""DEL4/2"";""UOP01/MG""",
"183492;405559;2019-01-05;""sábado"";""04:15:00"";""MG"";40;427;""PARAOPEBA"";""Sim"";""Falta de Atenção à Condução"";1;""Colisão traseira"";""Com Vítimas Fatais"";""Amanhecer"";""Crescente"";""Nublado"";""Dupla"";""Reta"";""Não"";326317;""Ônibus"";""M.BENZ/O 371 RSE"";1994;""Condutor"";""Ileso"";64;""Masculino"";1;0;0;0;-19",1823;-44,"4984;""SR-MG"";""DEL4/2"";""UOP01/MG""",
"183493;404215;2019-01-04;""sexta-feira"";""14:20:00"";""GO"";60;105","4;""GOIANAPOLIS"";""Sim"";""Mal Súbito"";1;""Queda de ocupante de veículo"";""Com Vítimas Feridas"";""Pleno dia"";""Crescente"";""Nublado"";""Dupla"";""Reta"";""Não"";326253;""Motocicleta"";""JTA/SUZUKI EN125 YES"";2008;""Condutor"";""Lesões Leves"";69;""Masculino"";0;1;0;0;-16",4156;-49,"0087;""SR-GO"";""DEL1/2"";""UOP01/GO"""
"183494;404249;2019-01-05;""sábado"";""04:00:00"";""RJ"";116;291;""BARRA MANSA"";""Sim"";""Falta de Atenção à Condução"";1;""Capotamento"";""Sem Vítimas"";""Plena Noite"";""Crescente"";""Nublado"";""Simples"";""Retorno Regulamentado"";""Sim"";326285;""Automóvel"";""CITROEN/C3 90M TENDANCE"";2013;""Condutor"";""Ileso"";20;""Feminino"";1;0;0;0;-22",449371;-44,"321712;""SR-RJ"";""DEL5/7"";""UOP03/RJ""",
"183495;404254;2019-01-05;""sábado"";""05:00:00"";""MG"";50;93;""UBERLANDIA"";""Sim"";""Falta de Atenção à Condução"";1;""Capotamento"";""Com Vítimas Feridas"";""Amanhecer"";""Decrescente"";""Vento"";""Dupla"";""Reta"";""Não"";326283;""Automóvel"";""FIAT/DOBLO ADV 1.8 FLEX"";2016;""Passageiro"";""Lesões Graves"";54;""Masculino"";0;0;1;0;-19",0855;-48,"1858;""SR-MG"";""DEL4/15"";""UOP01/MG""",
"183495;404252;2019-01-05;""sábado"";""05:00:00"";""MG"";50;93;""UBERLANDIA"";""Sim"";""Falta de Atenção à Condução"";1;""Capotamento"";""Com Vítimas Feridas"";""Amanhecer"";""Decrescente"";""Vento"";""Dupla"";""Reta"";""Não"";326283;""Automóvel"";""FIAT/DOBLO ADV 1.8 FLEX"";2016;""Passageiro"";""Lesões Graves"";26;""Feminino"";0;0;1;0;-19",0855;-48,"1858;""SR-MG"";""DEL4/15"";""UOP01/MG""",
"183495;404251;2019-01-05;""sábado"";""05:00:00"";""MG"";50;93;""UBERLANDIA"";""Sim"";""Falta de Atenção à Condução"";1;""Capotamento"";""Com Vítimas Feridas"";""Amanhecer"";""Decrescente"";""Vento"";""Dupla"";""Reta"";""Não"";326283;""Automóvel"";""FIAT/DOBLO ADV 1.8 FLEX"";2016;""Condutor"";""Lesões Graves"";28;""Masculino"";0;0;1;0;-19",0855;-48,"1858;""SR-MG"";""DEL4/15"";""UOP01/MG""",
"183496;404228;2019-01-05;""sábado"";""04:15:00"";""SC"";101;147;""ITAPEMA"";""Sim"";""Ingestão de Álcool"";1;""Colisão traseira"";""Sem Vítimas"";""Plena Noite"";""Crescente"";""Nublado"";""Dupla"";""Reta"";""Sim"";326259;""Automóvel"";""VW/POLO 1.6"";2006;""Condutor"";""Ileso"";20;""Masculino"";1;0;0;0;-27",1012;-48,"618;""SR-SC"";""DEL8/4"";""UOP03/SC""",
"183496;404227;2019-01-05;""sábado"";""04:15:00"";""SC"";101;147;""ITAPEMA"";""Sim"";""Ingestão de Álcool"";1;""Colisão traseira"";""Sem Vítimas"";""Plena Noite"";""Crescente"";""Nublado"";""Dupla"";""Reta"";""Sim"";326258;""Automóvel"";""HYUNDAI/HB20S 1.6A COMF"";2017;""Condutor"";""Ileso"";26;""Masculino"";1;0;0;0;-27",1012;-48,"618;""SR-SC"";""DEL8/4"";""UOP03/SC""",
"183497;404274;2019-01-05;""sábado"";""05:30:00"";""RJ"";116;176;""NOVA IGUACU"";""Sim"";""Condutor Dormindo"";1;""Colisão traseira"";""Sem Vítimas"";""Amanhecer"";""Decrescente"";""Nublado"";""Múltipla"";""Reta"";""Sim"";326300;""Automóvel"";""FIAT/PALIO FIRE"";2002;""Condutor"";""Ileso"";23;""Masculino"";1;0;0;0;-22",783915;-43,"382023;""SR-RJ"";""DEL5/1"";""UOP02/RJ""",
"183497;404273;2019-01-05;""sábado"";""05:30:00"";""RJ"";116;176;""NOVA IGUACU"";""Sim"";""Condutor Dormindo"";1;""Colisão traseira"";""Sem Vítimas"";""Amanhecer"";""Decrescente"";""Nublado"";""Múltipla"";""Reta"";""Sim"";326299;""Caminhonete"";""I/M.BENZ 311CDISTREETF"";2013;""Condutor"";""Ileso"";29;""Masculino"";1;0;0;0;-22",783915;-43,"382023;""SR-RJ"";""DEL5/1"";""UOP02/RJ""",
"183497;404272;2019-01-05;""sábado"";""05:30:00"";""RJ"";116;176;""NOVA IGUACU"";""Sim"";""Condutor Dormindo"";1;""Colisão traseira"";""Sem Vítimas"";""Amanhecer"";""Decrescente"";""Nublado"";""Múltipla"";""Reta"";""Sim"";326298;""Caminhonete"";""IMP/GM SPACE V T31C"";1997;""Condutor"";""Ileso"";23;""Masculino"";1;0;0;0;-22",783915;-43,"382023;""SR-RJ"";""DEL5/1"";""UOP02/RJ""",
"183498;405473;2019-01-05;""sábado"";""05:10:00"";""ES"";262;2","8;""CARIACICA"";""Sim"";""Condutor Dormindo"";1;""Colisão com objeto estático"";""Com Vítimas Feridas"";""Amanhecer"";""Crescente"";""Céu Claro"";""Dupla"";""Reta"";""Sim"";326279;""Automóvel"";""GM/CORSA WIND"";1996;""Condutor"";""Lesões Leves"";20;""Masculino"";0;1;0;0;-20",3326;-40,"3608;""SR-ES"";""DEL12/1"";""UOP01/ES"""
"183499;404234;2019-01-05;""sábado"";""05:15:00"";""SC"";101;86","8;""BARRA VELHA"";""Sim"";""Falta de Atenção do Pedestre"";1;""Atropelamento de Pedestre"";""Com Vítimas Feridas"";""Pleno dia"";""Decrescente"";""Garoa/Chuvisco"";""Múltipla"";""Retorno Regulamentado"";""Sim"";326263;""Motocicleta"";""HONDA/NX-4 FALCON"";2006;""Pedestre"";""Lesões Leves"";41;""Masculino"";0;1;0;0;-26",6423;-48,"6895;""SR-SC"";""DEL8/3"";""UOP02/SC"""