"id;""pesid"";""data_inversa"";""dia_semana"";""horario"";""uf"";""br"";""km"";""municipio"";""causa_principal"";""causa_acidente"";""ordem_tipo_acidente"";""tipo_acidente"";""classificacao_acidente"";""fase_dia"";""sentido_via"";""condicao_metereologica"";""tipo_pista"";""tracado_via"";""uso_solo"";""id_veiculo"";""tipo_veiculo"";""marca"";""ano_fabricacao_veiculo"";""tipo_envolvido"";""estado_fisico"";""idade"";""sexo"";""ilesos"";""feridos_leves"";""feridos_graves"";""mortos"";""latitude"";""longitude"";""regional"";""delegacia"";""uop""",,,
"183531;409450;2019-01-05;""sábado"";""07:20:00"";""SP"";381;86;""SAO PAULO"";""Sim"";""Falta de Atenção à Condução"";2;""Colisão com objeto estático"";""Com Vítimas Feridas"";""Pleno dia"";""Decrescente"";""Nublado"";""Dupla"";""Não Informado"";""Sim"";326349;""Automóvel"";""I/GM CLASSIC LIFE"";2008;""Condutor"";""Lesões Leves"";21;""Feminino"";0;1;0;0;-23",46310317;-46,"57156381;""SR-SP"";""DEL6/3"";""UOP02/SP""",
"183531;409450;2019-01-05;""sábado"";""07:20:00"";""SP"";381;86;""SAO PAULO"";""Sim"";""Falta de Atenção à Condução"";1;""Colisão traseira"";""Com Vítimas Feridas"";""Pleno dia"";""Decrescente"";""Nublado"";""Dupla"";""Não Informado"";""Sim"";326349;""Automóvel"";""I/GM CLASSIC LIFE"";2008;""Condutor"";""Lesões Leves"";21;""Feminino"";0;1;0;0;-23",46310317;-46,"57156381;""SR-SP"";""DEL6/3"";""UOP02/SP""",
"183531;409453;2019-01-05;""sábado"";""07:20:00"";""SP"";381;86;""SAO PAULO"";""Sim"";""Falta de Atenção à Condução"";2;""Colisão com objeto estático"";""Com Vítimas Feridas"";""Pleno dia"";""Decrescente"";""Nublado"";""Dupla"";""Não Informado"";""Sim"";330038;""Caminhão"";"""";NA;""Condutor"";""Ileso"";NA;""Masculino"";1;0;0;0;-23",46310317;-46,"57156381;""SR-SP"";""DEL6/3"";""UOP02/SP""",
"183531;409453;2019-01-05;""sábado"";""07:20:00"";""SP"";381;86;""SAO PAULO"";""Sim"";""Falta de Atenção à Condução"";1;""Colisão traseira"";""Com Vítimas Feridas"";""Pleno dia"";""Decrescente"";""Nublado"";""Dupla"";""Não Informado"";""Sim"";330038;""Caminhão"";"""";NA;""Condutor"";""Ileso"";NA;""Masculino"";1;0;0;0;-23",46310317;-46,"57156381;""SR-SP"";""DEL6/3"";""UOP02/SP""",
"183532;405594;2019-01-04;""sexta-feira"";""16:00:00"";""RO"";429;83","4;""ALVORADA DOESTE"";""Sim"";""Falta de Atenção à Condução"";2;""Capotamento"";""Com Vítimas Feridas"";""Pleno dia"";""Crescente"";""Nublado"";""Simples"";""Curva"";""Não"";326320;""Caminhonete"";""FIAT/STRADA HD WK CC E"";2017;""Condutor"";""Lesões Leves"";36;""Masculino"";0;1;0;0;-11",287348;-62,"230793;""SR-RO"";""DEL21/2"";""UOP03/RO"""
"183532;405594;2019-01-04;""sexta-feira"";""16:00:00"";""RO"";429;83","4;""ALVORADA DOESTE"";""Sim"";""Falta de Atenção à Condução"";1;""Saída de leito carroçável"";""Com Vítimas Feridas"";""Pleno dia"";""Crescente"";""Nublado"";""Simples"";""Curva"";""Não"";326320;""Caminhonete"";""FIAT/STRADA HD WK CC E"";2017;""Condutor"";""Lesões Leves"";36;""Masculino"";0;1;0;0;-11",287348;-62,"230793;""SR-RO"";""DEL21/2"";""UOP03/RO"""
"183533;404532;2019-01-05;""sábado"";""10:00:00"";""ES"";259;49;""COLATINA"";""Sim"";""Desobediência às normas de trânsito pelo condutor"";1;""Colisão transversal"";""Com Vítimas Feridas"";""Pleno dia"";""Crescente"";""Céu Claro"";""Simples"";""Interseção de vias"";""Não"";326405;""Motocicleta"";""HONDA/CG150 FAN ESDI"";2011;""Condutor"";""Lesões Leves"";23;""Masculino"";0;1;0;0;-19",518734;-40,"600407;""SR-ES"";""DEL12/2"";""UOP01/ES""",
"183533;404531;2019-01-05;""sábado"";""10:00:00"";""ES"";259;49;""COLATINA"";""Sim"";""Desobediência às normas de trânsito pelo condutor"";1;""Colisão transversal"";""Com Vítimas Feridas"";""Pleno dia"";""Crescente"";""Céu Claro"";""Simples"";""Interseção de vias"";""Não"";326404;""Automóvel"";""CHEVROLET/COBALT 1.8 LTZ"";2013;""Condutor"";""Ileso"";51;""Feminino"";1;0;0;0;-19",518734;-40,"600407;""SR-ES"";""DEL12/2"";""UOP01/ES""",
"183534;404450;2019-01-05;""sábado"";""10:10:00"";""RJ"";101;67","3;""CAMPOS DOS GOYTACAZES"";""Não"";""Velocidade Incompatível"";2;""Queda de ocupante de veículo"";""Com Vítimas Feridas"";""Pleno dia"";""Decrescente"";""Céu Claro"";""Simples"";""Reta"";""Sim"";326333;""Motocicleta"";""HONDA/CG150 FAN ESDI"";2014;""Passageiro"";""Lesões Leves"";26;""Feminino"";0;1;0;0;-21",769842;-41,"353246;""SR-RJ"";""DEL5/8"";""UOP02/RJ"""
"183534;404450;2019-01-05;""sábado"";""10:10:00"";""RJ"";101;67","3;""CAMPOS DOS GOYTACAZES"";""Sim"";""Não guardar distância de segurança"";2;""Queda de ocupante de veículo"";""Com Vítimas Feridas"";""Pleno dia"";""Decrescente"";""Céu Claro"";""Simples"";""Reta"";""Sim"";326333;""Motocicleta"";""HONDA/CG150 FAN ESDI"";2014;""Passageiro"";""Lesões Leves"";26;""Feminino"";0;1;0;0;-21",769842;-41,"353246;""SR-RJ"";""DEL5/8"";""UOP02/RJ"""
"183534;404450;2019-01-05;""sábado"";""10:10:00"";""RJ"";101;67","3;""CAMPOS DOS GOYTACAZES"";""Não"";""Velocidade Incompatível"";1;""Colisão traseira"";""Com Vítimas Feridas"";""Pleno dia"";""Decrescente"";""Céu Claro"";""Simples"";""Reta"";""Sim"";326333;""Motocicleta"";""HONDA/CG150 FAN ESDI"";2014;""Passageiro"";""Lesões Leves"";26;""Feminino"";0;1;0;0;-21",769842;-41,"353246;""SR-RJ"";""DEL5/8"";""UOP02/RJ"""
"183534;404450;2019-01-05;""sábado"";""10:10:00"";""RJ"";101;67","3;""CAMPOS DOS GOYTACAZES"";""Sim"";""Não guardar distância de segurança"";1;""Colisão traseira"";""Com Vítimas Feridas"";""Pleno dia"";""Decrescente"";""Céu Claro"";""Simples"";""Reta"";""Sim"";326333;""Motocicleta"";""HONDA/CG150 FAN ESDI"";2014;""Passageiro"";""Lesões Leves"";26;""Feminino"";0;1;0;0;-21",769842;-41,"353246;""SR-RJ"";""DEL5/8"";""UOP02/RJ"""
"183534;404360;2019-01-05;""sábado"";""10:10:00"";""RJ"";101;67","3;""CAMPOS DOS GOYTACAZES"";""Não"";""Velocidade Incompatível"";2;""Queda de ocupante de veículo"";""Com Vítimas Feridas"";""Pleno dia"";""Decrescente"";""Céu Claro"";""Simples"";""Reta"";""Sim"";326334;""Automóvel"";""FIAT/SIENA ATTRACT 1.0"";2017;""Condutor"";""Ileso"";45;""Masculino"";1;0;0;0;-21",769842;-41,"353246;""SR-RJ"";""DEL5/8"";""UOP02/RJ"""
"183534;404360;2019-01-05;""sábado"";""10:10:00"";""RJ"";101;67","3;""CAMPOS DOS GOYTACAZES"";""Sim"";""Não guardar distância de segurança"";2;""Queda de ocupante de veículo"";""Com Vítimas Feridas"";""Pleno dia"";""Decrescente"";""Céu Claro"";""Simples"";""Reta"";""Sim"";326334;""Automóvel"";""FIAT/SIENA ATTRACT 1.0"";2017;""Condutor"";""Ileso"";45;""Masculino"";1;0;0;0;-21",769842;-41,"353246;""SR-RJ"";""DEL5/8"";""UOP02/RJ"""
"183534;404360;2019-01-05;""sábado"";""10:10:00"";""RJ"";101;67","3;""CAMPOS DOS GOYTACAZES"";""Não"";""Velocidade Incompatível"";1;""Colisão traseira"";""Com Vítimas Feridas"";""Pleno dia"";""Decrescente"";""Céu Claro"";""Simples"";""Reta"";""Sim"";326334;""Automóvel"";""FIAT/SIENA ATTRACT 1.0"";2017;""Condutor"";""Ileso"";45;""Masculino"";1;0;0;0;-21",769842;-41,"353246;""SR-RJ"";""DEL5/8"";""UOP02/RJ"""
"183534;404360;2019-01-05;""sábado"";""10:10:00"";""RJ"";101;67","3;""CAMPOS DOS GOYTACAZES"";""Sim"";""Não guardar distância de segurança"";1;""Colisão traseira"";""Com Vítimas Feridas"";""Pleno dia"";""Decrescente"";""Céu Claro"";""Simples"";""Reta"";""Sim"";326334;""Automóvel"";""FIAT/SIENA ATTRACT 1.0"";2017;""Condutor"";""Ileso"";45;""Masculino"";1;0;0;0;-21",769842;-41,"353246;""SR-RJ"";""DEL5/8"";""UOP02/RJ"""
"183534;404359;2019-01-05;""sábado"";""10:10:00"";""RJ"";101;67","3;""CAMPOS DOS GOYTACAZES"";""Não"";""Velocidade Incompatível"";2;""Queda de ocupante de veículo"";""Com Vítimas Feridas"";""Pleno dia"";""Decrescente"";""Céu Claro"";""Simples"";""Reta"";""Sim"";326333;""Motocicleta"";""HONDA/CG150 FAN ESDI"";2014;""Condutor"";""Ileso"";31;""Masculino"";1;0;0;0;-21",769842;-41,"353246;""SR-RJ"";""DEL5/8"";""UOP02/RJ"""
"183534;404359;2019-01-05;""sábado"";""10:10:00"";""RJ"";101;67","3;""CAMPOS DOS GOYTACAZES"";""Sim"";""Não guardar distância de segurança"";2;""Queda de ocupante de veículo"";""Com Vítimas Feridas"";""Pleno dia"";""Decrescente"";""Céu Claro"";""Simples"";""Reta"";""Sim"";326333;""Motocicleta"";""HONDA/CG150 FAN ESDI"";2014;""Condutor"";""Ileso"";31;""Masculino"";1;0;0;0;-21",769842;-41,"353246;""SR-RJ"";""DEL5/8"";""UOP02/RJ"""
"183534;404359;2019-01-05;""sábado"";""10:10:00"";""RJ"";101;67","3;""CAMPOS DOS GOYTACAZES"";""Não"";""Velocidade Incompatível"";1;""Colisão traseira"";""Com Vítimas Feridas"";""Pleno dia"";""Decrescente"";""Céu Claro"";""Simples"";""Reta"";""Sim"";326333;""Motocicleta"";""HONDA/CG150 FAN ESDI"";2014;""Condutor"";""Ileso"";31;""Masculino"";1;0;0;0;-21",769842;-41,"353246;""SR-RJ"";""DEL5/8"";""UOP02/RJ"""
"183534;404359;2019-01-05;""sábado"";""10:10:00"";""RJ"";101;67","3;""CAMPOS DOS GOYTACAZES"";""Sim"";""Não guardar distância de segurança"";1;""Colisão traseira"";""Com Vítimas Feridas"";""Pleno dia"";""Decrescente"";""Céu Claro"";""Simples"";""Reta"";""Sim"";326333;""Motocicleta"";""HONDA/CG150 FAN ESDI"";2014;""Condutor"";""Ileso"";31;""Masculino"";1;0;0;0;-21",769842;-41,"353246;""SR-RJ"";""DEL5/8"";""UOP02/RJ"""
"183535;406079;2019-01-05;""sábado"";""09:20:00"";""PR"";116;51;""CAMPINA GRANDE DO SUL"";""Não"";""Pista Escorregadia"";1;""Saída de leito carroçável"";""Com Vítimas Feridas"";""Pleno dia"";""Decrescente"";""Chuva"";""Dupla"";""Curva"";""Não"";326470;""Automóvel"";""VW/UP MOVE MB"";2015;""Passageiro"";""Lesões Leves"";35;""Feminino"";0;1;0;0;-25",24455524;-48,"90226543;""SR-PR"";""DEL7/1"";""UOP02/PR""",
"183535;406079;2019-01-05;""sábado"";""09:20:00"";""PR"";116;51;""CAMPINA GRANDE DO SUL"";""Sim"";""Velocidade Incompatível"";1;""Saída de leito carroçável"";""Com Vítimas Feridas"";""Pleno dia"";""Decrescente"";""Chuva"";""Dupla"";""Curva"";""Não"";326470;""Automóvel"";""VW/UP MOVE MB"";2015;""Passageiro"";""Lesões Leves"";35;""Feminino"";0;1;0;0;-25",24455524;-48,"90226543;""SR-PR"";""DEL7/1"";""UOP02/PR""",
"183535;406077;2019-01-05;""sábado"";""09:20:00"";""PR"";116;51;""CAMPINA GRANDE DO SUL"";""Não"";""Pista Escorregadia"";1;""Saída de leito carroçável"";""Com Vítimas Feridas"";""Pleno dia"";""Decrescente"";""Chuva"";""Dupla"";""Curva"";""Não"";326470;""Automóvel"";""VW/UP MOVE MB"";2015;""Condutor"";""Ileso"";32;""Masculino"";1;0;0;0;-25",24455524;-48,"90226543;""SR-PR"";""DEL7/1"";""UOP02/PR""",
"183535;406077;2019-01-05;""sábado"";""09:20:00"";""PR"";116;51;""CAMPINA GRANDE DO SUL"";""Sim"";""Velocidade Incompatível"";1;""Saída de leito carroçável"";""Com Vítimas Feridas"";""Pleno dia"";""Decrescente"";""Chuva"";""Dupla"";""Curva"";""Não"";326470;""Automóvel"";""VW/UP MOVE MB"";2015;""Condutor"";""Ileso"";32;""Masculino"";1;0;0;0;-25",24455524;-48,"90226543;""SR-PR"";""DEL7/1"";""UOP02/PR""",
"183536;404439;2019-01-05;""sábado"";""09:15:00"";""BA"";242;783;""BARREIRAS"";""Sim"";""Falta de Atenção à Condução"";1;""Colisão transversal"";""Com Vítimas Feridas"";""Pleno dia"";""Crescente"";""Sol"";""Simples"";""Reta"";""Sim"";326337;""Caminhonete"";""GM/MONTANA"";2004;""Passageiro"";""Lesões Graves"";34;""Feminino"";0;0;1;0;-12",137741;-44,"92248;""SR-BA"";""DEL10/10"";""UOP01/BA""",
"183536;404439;2019-01-05;""sábado"";""09:15:00"";""BA"";242;783;""BARREIRAS"";""Não"";""Restrição de Visibilidade"";1;""Colisão transversal"";""Com Vítimas Feridas"";""Pleno dia"";""Crescente"";""Sol"";""Simples"";""Reta"";""Sim"";326337;""Caminhonete"";""GM/MONTANA"";2004;""Passageiro"";""Lesões Graves"";34;""Feminino"";0;0;1;0;-12",137741;-44,"92248;""SR-BA"";""DEL10/10"";""UOP01/BA""",
"183536;404445;2019-01-05;""sábado"";""09:15:00"";""BA"";242;783;""BARREIRAS"";""Sim"";""Falta de Atenção à Condução"";1;""Colisão transversal"";""Com Vítimas Feridas"";""Pleno dia"";""Crescente"";""Sol"";""Simples"";""Reta"";""Sim"";326338;""Caminhão"";""M.BENZ/L 1620"";1998;""Passageiro"";""Ileso"";26;""Masculino"";1;0;0;0;-12",137741;-44,"92248;""SR-BA"";""DEL10/10"";""UOP01/BA""",
"183536;404445;2019-01-05;""sábado"";""09:15:00"";""BA"";242;783;""BARREIRAS"";""Não"";""Restrição de Visibilidade"";1;""Colisão transversal"";""Com Vítimas Feridas"";""Pleno dia"";""Crescente"";""Sol"";""Simples"";""Reta"";""Sim"";326338;""Caminhão"";""M.BENZ/L 1620"";1998;""Passageiro"";""Ileso"";26;""Masculino"";1;0;0;0;-12",137741;-44,"92248;""SR-BA"";""DEL10/10"";""UOP01/BA""",
"183536;404437;2019-01-05;""sábado"";""09:15:00"";""BA"";242;783;""BARREIRAS"";""Sim"";""Falta de Atenção à Condução"";1;""Colisão transversal"";""Com Vítimas Feridas"";""Pleno dia"";""Crescente"";""Sol"";""Simples"";""Reta"";""Sim"";326337;""Caminhonete"";""GM/MONTANA"";2004;""Condutor"";""Lesões Graves"";40;""Masculino"";0;0;1;0;-12",137741;-44,"92248;""SR-BA"";""DEL10/10"";""UOP01/BA""",
"183536;404437;2019-01-05;""sábado"";""09:15:00"";""BA"";242;783;""BARREIRAS"";""Não"";""Restrição de Visibilidade"";1;""Colisão transversal"";""Com Vítimas Feridas"";""Pleno dia"";""Crescente"";""Sol"";""Simples"";""Reta"";""Sim"";326337;""Caminhonete"";""GM/MONTANA"";2004;""Condutor"";""Lesões Graves"";40;""Masculino"";0;0;1;0;-12",137741;-44,"92248;""SR-BA"";""DEL10/10"";""UOP01/BA""",
"183536;404440;2019-01-05;""sábado"";""09:15:00"";""BA"";242;783;""BARREIRAS"";""Sim"";""Falta de Atenção à Condução"";1;""Colisão transversal"";""Com Vítimas Feridas"";""Pleno dia"";""Crescente"";""Sol"";""Simples"";""Reta"";""Sim"";326338;""Caminhão"";""M.BENZ/L 1620"";1998;""Condutor"";""Ileso"";26;""Masculino"";1;0;0;0;-12",137741;-44,"92248;""SR-BA"";""DEL10/10"";""UOP01/BA""",
"183536;404440;2019-01-05;""sábado"";""09:15:00"";""BA"";242;783;""BARREIRAS"";""Não"";""Restrição de Visibilidade"";1;""Colisão transversal"";""Com Vítimas Feridas"";""Pleno dia"";""Crescente"";""Sol"";""Simples"";""Reta"";""Sim"";326338;""Caminhão"";""M.BENZ/L 1620"";1998;""Condutor"";""Ileso"";26;""Masculino"";1;0;0;0;-12",137741;-44,"92248;""SR-BA"";""DEL10/10"";""UOP01/BA""",
"183537;NA;2019-01-05;""sábado"";""09:35:00"";""PE"";116;82;""BELEM DE SAO FRANCISCO"";""Sim"";""Velocidade Incompatível"";2;""Tombamento"";""Com Vítimas Feridas"";""Pleno dia"";""Decrescente"";""Céu Claro"";""Simples"";""Curva"";""Não"";326746;""Semireboque"";""SR/RANDON SR CA"";2001;""Não Informado"";""Não Informado"";NA;""Não Informado"";0;0;0;0;-8",542338;-39,"223984;""SR-PE"";""DEL11/5"";""UOP03/PE""",
"183537;NA;2019-01-05;""sábado"";""09:35:00"";""PE"";116;82;""BELEM DE SAO FRANCISCO"";""Sim"";""Velocidade Incompatível"";1;""Colisão lateral"";""Com Vítimas Feridas"";""Pleno dia"";""Decrescente"";""Céu Claro"";""Simples"";""Curva"";""Não"";326746;""Semireboque"";""SR/RANDON SR CA"";2001;""Não Informado"";""Não Informado"";NA;""Não Informado"";0;0;0;0;-8",542338;-39,"223984;""SR-PE"";""DEL11/5"";""UOP03/PE""",
"183537;NA;2019-01-05;""sábado"";""09:35:00"";""PE"";116;82;""BELEM DE SAO FRANCISCO"";""Sim"";""Velocidade Incompatível"";2;""Tombamento"";""Com Vítimas Feridas"";""Pleno dia"";""Decrescente"";""Céu Claro"";""Simples"";""Curva"";""Não"";326747;""Semireboque"";""SR/NOMA SR2E18RT1 CG"";2012;""Não Informado"";""Não Informado"";NA;""Não Informado"";0;0;0;0;-8",542338;-39,"223984;""SR-PE"";""DEL11/5"";""UOP03/PE""",
"183537;NA;2019-01-05;""sábado"";""09:35:00"";""PE"";116;82;""BELEM DE SAO FRANCISCO"";""Sim"";""Velocidade Incompatível"";1;""Colisão lateral"";""Com Vítimas Feridas"";""Pleno dia"";""Decrescente"";""Céu Claro"";""Simples"";""Curva"";""Não"";326747;""Semireboque"";""SR/NOMA SR2E18RT1 CG"";2012;""Não Informado"";""Não Informado"";NA;""Não Informado"";0;0;0;0;-8",542338;-39,"223984;""SR-PE"";""DEL11/5"";""UOP03/PE""",
"183537;NA;2019-01-05;""sábado"";""09:35:00"";""PE"";116;82;""BELEM DE SAO FRANCISCO"";""Sim"";""Velocidade Incompatível"";2;""Tombamento"";""Com Vítimas Feridas"";""Pleno dia"";""Decrescente"";""Céu Claro"";""Simples"";""Curva"";""Não"";327096;""Semireboque"";""SR/NOMA SR3E27 CG"";2013;""Não Informado"";""Não Informado"";NA;""Não Informado"";0;0;0;0;-8",542338;-39,"223984;""SR-PE"";""DEL11/5"";""UOP03/PE""",
"183537;NA;2019-01-05;""sábado"";""09:35:00"";""PE"";116;82;""BELEM DE SAO FRANCISCO"";""Sim"";""Velocidade Incompatível"";1;""Colisão lateral"";""Com Vítimas Feridas"";""Pleno dia"";""Decrescente"";""Céu Claro"";""Simples"";""Curva"";""Não"";327096;""Semireboque"";""SR/NOMA SR3E27 CG"";2013;""Não Informado"";""Não Informado"";NA;""Não Informado"";0;0;0;0;-8",542338;-39,"223984;""SR-PE"";""DEL11/5"";""UOP03/PE""",
"183537;404544;2019-01-05;""sábado"";""09:35:00"";""PE"";116;82;""BELEM DE SAO FRANCISCO"";""Sim"";""Velocidade Incompatível"";2;""Tombamento"";""Com Vítimas Feridas"";""Pleno dia"";""Decrescente"";""Céu Claro"";""Simples"";""Curva"";""Não"";326460;""Caminhão-trator"";""VOLVO/FH 460 6X4T"";2012;""Condutor"";""Ileso"";36;""Masculino"";1;0;0;0;-8",542338;-39,"223984;""SR-PE"";""DEL11/5"";""UOP03/PE""",
"183537;404544;2019-01-05;""sábado"";""09:35:00"";""PE"";116;82;""BELEM DE SAO FRANCISCO"";""Sim"";""Velocidade Incompatível"";1;""Colisão lateral"";""Com Vítimas Feridas"";""Pleno dia"";""Decrescente"";""Céu Claro"";""Simples"";""Curva"";""Não"";326460;""Caminhão-trator"";""VOLVO/FH 460 6X4T"";2012;""Condutor"";""Ileso"";36;""Masculino"";1;0;0;0;-8",542338;-39,"223984;""SR-PE"";""DEL11/5"";""UOP03/PE""",
"183537;404547;2019-01-05;""sábado"";""09:35:00"";""PE"";116;82;""BELEM DE SAO FRANCISCO"";""Sim"";""Velocidade Incompatível"";2;""Tombamento"";""Com Vítimas Feridas"";""Pleno dia"";""Decrescente"";""Céu Claro"";""Simples"";""Curva"";""Não"";326461;""Caminhão"";""VW/24.250 CNC 6X2"";2008;""Condutor"";""Ileso"";27;""Masculino"";1;0;0;0;-8",542338;-39,"223984;""SR-PE"";""DEL11/5"";""UOP03/PE""",
"183537;404547;2019-01-05;""sábado"";""09:35:00"";""PE"";116;82;""BELEM DE SAO FRANCISCO"";""Sim"";""Velocidade Incompatível"";1;""Colisão lateral"";""Com Vítimas Feridas"";""Pleno dia"";""Decrescente"";""Céu Claro"";""Simples"";""Curva"";""Não"";326461;""Caminhão"";""VW/24.250 CNC 6X2"";2008;""Condutor"";""Ileso"";27;""Masculino"";1;0;0;0;-8",542338;-39,"223984;""SR-PE"";""DEL11/5"";""UOP03/PE""",
"183537;404550;2019-01-05;""sábado"";""09:35:00"";""PE"";116;82;""BELEM DE SAO FRANCISCO"";""Sim"";""Velocidade Incompatível"";2;""Tombamento"";""Com Vítimas Feridas"";""Pleno dia"";""Decrescente"";""Céu Claro"";""Simples"";""Curva"";""Não"";326463;""Automóvel"";""TOYOTA/COROLLA GLI18FLEX"";2009;""Condutor"";""Ileso"";36;""Masculino"";1;0;0;0;-8",542338;-39,"223984;""SR-PE"";""DEL11/5"";""UOP03/PE""",
"183537;404550;2019-01-05;""sábado"";""09:35:00"";""PE"";116;82;""BELEM DE SAO FRANCISCO"";""Sim"";""Velocidade Incompatível"";1;""Colisão lateral"";""Com Vítimas Feridas"";""Pleno dia"";""Decrescente"";""Céu Claro"";""Simples"";""Curva"";""Não"";326463;""Automóvel"";""TOYOTA/COROLLA GLI18FLEX"";2009;""Condutor"";""Ileso"";36;""Masculino"";1;0;0;0;-8",542338;-39,"223984;""SR-PE"";""DEL11/5"";""UOP03/PE""",
"183537;404549;2019-01-05;""sábado"";""09:35:00"";""PE"";116;82;""BELEM DE SAO FRANCISCO"";""Sim"";""Velocidade Incompatível"";2;""Tombamento"";""Com Vítimas Feridas"";""Pleno dia"";""Decrescente"";""Céu Claro"";""Simples"";""Curva"";""Não"";326462;""Automóvel"";""CHEVROLET/CLASSIC LS"";2010;""Passageiro"";""Ileso"";36;""Masculino"";1;0;0;0;-8",542338;-39,"223984;""SR-PE"";""DEL11/5"";""UOP03/PE""",
"183537;404549;2019-01-05;""sábado"";""09:35:00"";""PE"";116;82;""BELEM DE SAO FRANCISCO"";""Sim"";""Velocidade Incompatível"";1;""Colisão lateral"";""Com Vítimas Feridas"";""Pleno dia"";""Decrescente"";""Céu Claro"";""Simples"";""Curva"";""Não"";326462;""Automóvel"";""CHEVROLET/CLASSIC LS"";2010;""Passageiro"";""Ileso"";36;""Masculino"";1;0;0;0;-8",542338;-39,"223984;""SR-PE"";""DEL11/5"";""UOP03/PE""",
"183537;404548;2019-01-05;""sábado"";""09:35:00"";""PE"";116;82;""BELEM DE SAO FRANCISCO"";""Sim"";""Velocidade Incompatível"";2;""Tombamento"";""Com Vítimas Feridas"";""Pleno dia"";""Decrescente"";""Céu Claro"";""Simples"";""Curva"";""Não"";326462;""Automóvel"";""CHEVROLET/CLASSIC LS"";2010;""Condutor"";""Ileso"";41;""Masculino"";1;0;0;0;-8",542338;-39,"223984;""SR-PE"";""DEL11/5"";""UOP03/PE""",
"183537;404548;2019-01-05;""sábado"";""09:35:00"";""PE"";116;82;""BELEM DE SAO FRANCISCO"";""Sim"";""Velocidade Incompatível"";1;""Colisão lateral"";""Com Vítimas Feridas"";""Pleno dia"";""Decrescente"";""Céu Claro"";""Simples"";""Curva"";""Não"";326462;""Automóvel"";""CHEVROLET/CLASSIC LS"";2010;""Condutor"";""Ileso"";41;""Masculino"";1;0;0;0;-8",542338;-39,"223984;""SR-PE"";""DEL11/5"";""UOP03/PE""",
"183537;404545;2019-01-05;""sábado"";""09:35:00"";""PE"";116;82;""BELEM DE SAO FRANCISCO"";""Sim"";""Velocidade Incompatível"";2;""Tombamento"";""Com Vítimas Feridas"";""Pleno dia"";""Decrescente"";""Céu Claro"";""Simples"";""Curva"";""Não"";326460;""Caminhão-trator"";""VOLVO/FH 460 6X4T"";2012;""Passageiro"";""Ileso"";30;""Feminino"";1;0;0;0;-8",542338;-39,"223984;""SR-PE"";""DEL11/5"";""UOP03/PE""",
"183537;404545;2019-01-05;""sábado"";""09:35:00"";""PE"";116;82;""BELEM DE SAO FRANCISCO"";""Sim"";""Velocidade Incompatível"";1;""Colisão lateral"";""Com Vítimas Feridas"";""Pleno dia"";""Decrescente"";""Céu Claro"";""Simples"";""Curva"";""Não"";326460;""Caminhão-trator"";""VOLVO/FH 460 6X4T"";2012;""Passageiro"";""Ileso"";30;""Feminino"";1;0;0;0;-8",542338;-39,"223984;""SR-PE"";""DEL11/5"";""UOP03/PE""",
"183537;404543;2019-01-05;""sábado"";""09:35:00"";""PE"";116;82;""BELEM DE SAO FRANCISCO"";""Sim"";""Velocidade Incompatível"";2;""Tombamento"";""Com Vítimas Feridas"";""Pleno dia"";""Decrescente"";""Céu Claro"";""Simples"";""Curva"";""Não"";326459;""Caminhão-trator"";""SCANIA/G 380 A4X2"";2010;""Condutor"";""Lesões Leves"";54;""Masculino"";0;1;0;0;-8",542338;-39,"223984;""SR-PE"";""DEL11/5"";""UOP03/PE""",
"183537;404543;2019-01-05;""sábado"";""09:35:00"";""PE"";116;82;""BELEM DE SAO FRANCISCO"";""Sim"";""Velocidade Incompatível"";1;""Colisão lateral"";""Com Vítimas Feridas"";""Pleno dia"";""Decrescente"";""Céu Claro"";""Simples"";""Curva"";""Não"";326459;""Caminhão-trator"";""SCANIA/G 380 A4X2"";2010;""Condutor"";""Lesões Leves"";54;""Masculino"";0;1;0;0;-8",542338;-39,"223984;""SR-PE"";""DEL11/5"";""UOP03/PE""",
"183538;NA;2019-01-05;""sábado"";""07:55:00"";""MS"";262;141","2;""AGUA CLARA"";""Sim"";""Condutor Dormindo"";1;""Colisão frontal"";""Com Vítimas Feridas"";""Amanhecer"";""Crescente"";""Céu Claro"";""Simples"";""Reta"";""Não"";326377;""Semireboque"";""SR/RANDONSP SRTM FL"";2012;""Não Informado"";""Não Informado"";NA;""Não Informado"";0;0;0;0;-20",4446056;-52,"855589;""SR-MS"";""DEL3/7"";""UOP02/MS"""
"183538;NA;2019-01-05;""sábado"";""07:55:00"";""MS"";262;141","2;""AGUA CLARA"";""Sim"";""Condutor Dormindo"";1;""Colisão frontal"";""Com Vítimas Feridas"";""Amanhecer"";""Crescente"";""Céu Claro"";""Simples"";""Reta"";""Não"";326506;""Semireboque"";""SR/RANDONSP SRTM FL"";2012;""Não Informado"";""Não Informado"";NA;""Não Informado"";0;0;0;0;-20",4446056;-52,"855589;""SR-MS"";""DEL3/7"";""UOP02/MS"""
"183538;NA;2019-01-05;""sábado"";""07:55:00"";""MS"";262;141","2;""AGUA CLARA"";""Sim"";""Condutor Dormindo"";1;""Colisão frontal"";""Com Vítimas Feridas"";""Amanhecer"";""Crescente"";""Céu Claro"";""Simples"";""Reta"";""Não"";326508;""Semireboque"";""SR/RANDONSP SRTM FL"";2012;""Não Informado"";""Não Informado"";NA;""Não Informado"";0;0;0;0;-20",4446056;-52,"855589;""SR-MS"";""DEL3/7"";""UOP02/MS"""
"183538;404685;2019-01-05;""sábado"";""07:55:00"";""MS"";262;141","2;""AGUA CLARA"";""Sim"";""Condutor Dormindo"";1;""Colisão frontal"";""Com Vítimas Feridas"";""Amanhecer"";""Crescente"";""Céu Claro"";""Simples"";""Reta"";""Não"";326371;""Caminhão-trator"";""VOLVO/FH 540 6X4T"";2015;""Condutor"";""Ileso"";59;""Masculino"";1;0;0;0;-20",4446056;-52,"855589;""SR-MS"";""DEL3/7"";""UOP02/MS"""