"id;""pesid"";""data_inversa"";""dia_semana"";""horario"";""uf"";""br"";""km"";""municipio"";""causa_principal"";""causa_acidente"";""ordem_tipo_acidente"";""tipo_acidente"";""classificacao_acidente"";""fase_dia"";""sentido_via"";""condicao_metereologica"";""tipo_pista"";""tracado_via"";""uso_solo"";""id_veiculo"";""tipo_veiculo"";""marca"";""ano_fabricacao_veiculo"";""tipo_envolvido"";""estado_fisico"";""idade"";""sexo"";""ilesos"";""feridos_leves"";""feridos_graves"";""mortos"";""latitude"";""longitude"";""regional"";""delegacia"";""uop""",,,
"183538;404644;2019-01-05;""sábado"";""07:55:00"";""MS"";262;141","2;""AGUA CLARA"";""Sim"";""Condutor Dormindo"";1;""Colisão frontal"";""Com Vítimas Feridas"";""Amanhecer"";""Crescente"";""Céu Claro"";""Simples"";""Reta"";""Não"";326341;""Automóvel"";""VW/PARATI 1.6 SURF"";2008;""Passageiro"";""Ileso"";57;""Feminino"";1;0;0;0;-20",4446056;-52,"855589;""SR-MS"";""DEL3/7"";""UOP02/MS"""
"183538;404610;2019-01-05;""sábado"";""07:55:00"";""MS"";262;141","2;""AGUA CLARA"";""Sim"";""Condutor Dormindo"";1;""Colisão frontal"";""Com Vítimas Feridas"";""Amanhecer"";""Crescente"";""Céu Claro"";""Simples"";""Reta"";""Não"";326341;""Automóvel"";""VW/PARATI 1.6 SURF"";2008;""Condutor"";""Lesões Leves"";44;""Masculino"";0;1;0;0;-20",4446056;-52,"855589;""SR-MS"";""DEL3/7"";""UOP02/MS"""
"183539;405656;2019-01-05;""sábado"";""07:25:00"";""AC"";364;129;""RIO BRANCO"";""Sim"";""Falta de Atenção à Condução"";2;""Queda de ocupante de veículo"";""Com Vítimas Feridas"";""Pleno dia"";""Crescente"";""Céu Claro"";""Simples"";""Reta"";""Não"";326332;""Motocicleta"";""HONDA/CG 160 START"";2018;""Condutor"";""Lesões Leves"";30;""Masculino"";0;1;0;0;-10",028815;-67,"829361;""SR-AC"";""UOP01/AC"";""""",
"183539;405656;2019-01-05;""sábado"";""07:25:00"";""AC"";364;129;""RIO BRANCO"";""Não"";""Desobediência às normas de trânsito pelo condutor"";2;""Queda de ocupante de veículo"";""Com Vítimas Feridas"";""Pleno dia"";""Crescente"";""Céu Claro"";""Simples"";""Reta"";""Não"";326332;""Motocicleta"";""HONDA/CG 160 START"";2018;""Condutor"";""Lesões Leves"";30;""Masculino"";0;1;0;0;-10",028815;-67,"829361;""SR-AC"";""UOP01/AC"";""""",
"183539;405656;2019-01-05;""sábado"";""07:25:00"";""AC"";364;129;""RIO BRANCO"";""Sim"";""Falta de Atenção à Condução"";1;""Colisão lateral"";""Com Vítimas Feridas"";""Pleno dia"";""Crescente"";""Céu Claro"";""Simples"";""Reta"";""Não"";326332;""Motocicleta"";""HONDA/CG 160 START"";2018;""Condutor"";""Lesões Leves"";30;""Masculino"";0;1;0;0;-10",028815;-67,"829361;""SR-AC"";""UOP01/AC"";""""",
"183539;405656;2019-01-05;""sábado"";""07:25:00"";""AC"";364;129;""RIO BRANCO"";""Não"";""Desobediência às normas de trânsito pelo condutor"";1;""Colisão lateral"";""Com Vítimas Feridas"";""Pleno dia"";""Crescente"";""Céu Claro"";""Simples"";""Reta"";""Não"";326332;""Motocicleta"";""HONDA/CG 160 START"";2018;""Condutor"";""Lesões Leves"";30;""Masculino"";0;1;0;0;-10",028815;-67,"829361;""SR-AC"";""UOP01/AC"";""""",
"183539;405650;2019-01-05;""sábado"";""07:25:00"";""AC"";364;129;""RIO BRANCO"";""Sim"";""Falta de Atenção à Condução"";2;""Queda de ocupante de veículo"";""Com Vítimas Feridas"";""Pleno dia"";""Crescente"";""Céu Claro"";""Simples"";""Reta"";""Não"";326331;""Motocicleta"";""DAFRA/RIVA 150"";2012;""Condutor"";""Lesões Leves"";41;""Masculino"";0;1;0;0;-10",028815;-67,"829361;""SR-AC"";""UOP01/AC"";""""",
"183539;405650;2019-01-05;""sábado"";""07:25:00"";""AC"";364;129;""RIO BRANCO"";""Não"";""Desobediência às normas de trânsito pelo condutor"";2;""Queda de ocupante de veículo"";""Com Vítimas Feridas"";""Pleno dia"";""Crescente"";""Céu Claro"";""Simples"";""Reta"";""Não"";326331;""Motocicleta"";""DAFRA/RIVA 150"";2012;""Condutor"";""Lesões Leves"";41;""Masculino"";0;1;0;0;-10",028815;-67,"829361;""SR-AC"";""UOP01/AC"";""""",
"183539;405650;2019-01-05;""sábado"";""07:25:00"";""AC"";364;129;""RIO BRANCO"";""Sim"";""Falta de Atenção à Condução"";1;""Colisão lateral"";""Com Vítimas Feridas"";""Pleno dia"";""Crescente"";""Céu Claro"";""Simples"";""Reta"";""Não"";326331;""Motocicleta"";""DAFRA/RIVA 150"";2012;""Condutor"";""Lesões Leves"";41;""Masculino"";0;1;0;0;-10",028815;-67,"829361;""SR-AC"";""UOP01/AC"";""""",
"183539;405650;2019-01-05;""sábado"";""07:25:00"";""AC"";364;129;""RIO BRANCO"";""Não"";""Desobediência às normas de trânsito pelo condutor"";1;""Colisão lateral"";""Com Vítimas Feridas"";""Pleno dia"";""Crescente"";""Céu Claro"";""Simples"";""Reta"";""Não"";326331;""Motocicleta"";""DAFRA/RIVA 150"";2012;""Condutor"";""Lesões Leves"";41;""Masculino"";0;1;0;0;-10",028815;-67,"829361;""SR-AC"";""UOP01/AC"";""""",
"183539;405653;2019-01-05;""sábado"";""07:25:00"";""AC"";364;129;""RIO BRANCO"";""Sim"";""Falta de Atenção à Condução"";2;""Queda de ocupante de veículo"";""Com Vítimas Feridas"";""Pleno dia"";""Crescente"";""Céu Claro"";""Simples"";""Reta"";""Não"";326331;""Motocicleta"";""DAFRA/RIVA 150"";2012;""Passageiro"";""Lesões Leves"";22;""Masculino"";0;1;0;0;-10",028815;-67,"829361;""SR-AC"";""UOP01/AC"";""""",
"183539;405653;2019-01-05;""sábado"";""07:25:00"";""AC"";364;129;""RIO BRANCO"";""Não"";""Desobediência às normas de trânsito pelo condutor"";2;""Queda de ocupante de veículo"";""Com Vítimas Feridas"";""Pleno dia"";""Crescente"";""Céu Claro"";""Simples"";""Reta"";""Não"";326331;""Motocicleta"";""DAFRA/RIVA 150"";2012;""Passageiro"";""Lesões Leves"";22;""Masculino"";0;1;0;0;-10",028815;-67,"829361;""SR-AC"";""UOP01/AC"";""""",
"183539;405653;2019-01-05;""sábado"";""07:25:00"";""AC"";364;129;""RIO BRANCO"";""Sim"";""Falta de Atenção à Condução"";1;""Colisão lateral"";""Com Vítimas Feridas"";""Pleno dia"";""Crescente"";""Céu Claro"";""Simples"";""Reta"";""Não"";326331;""Motocicleta"";""DAFRA/RIVA 150"";2012;""Passageiro"";""Lesões Leves"";22;""Masculino"";0;1;0;0;-10",028815;-67,"829361;""SR-AC"";""UOP01/AC"";""""",
"183539;405653;2019-01-05;""sábado"";""07:25:00"";""AC"";364;129;""RIO BRANCO"";""Não"";""Desobediência às normas de trânsito pelo condutor"";1;""Colisão lateral"";""Com Vítimas Feridas"";""Pleno dia"";""Crescente"";""Céu Claro"";""Simples"";""Reta"";""Não"";326331;""Motocicleta"";""DAFRA/RIVA 150"";2012;""Passageiro"";""Lesões Leves"";22;""Masculino"";0;1;0;0;-10",028815;-67,"829361;""SR-AC"";""UOP01/AC"";""""",
"183540;404411;2019-01-05;""sábado"";""11:00:00"";""SC"";101;252;""PAULO LOPES"";""Sim"";""Defeito Mecânico no Veículo"";1;""Tombamento"";""Com Vítimas Feridas"";""Pleno dia"";""Decrescente"";""Garoa/Chuvisco"";""Simples"";""Reta"";""Sim"";326369;""Motocicleta"";""HONDA/CG 150 TITAN KS"";2006;""Condutor"";""Lesões Graves"";31;""Masculino"";0;0;1;0;-27",9705;-48,"6795;""SR-SC"";""DEL8/2"";""UOP03/SC""",
"183540;404415;2019-01-05;""sábado"";""11:00:00"";""SC"";101;252;""PAULO LOPES"";""Sim"";""Defeito Mecânico no Veículo"";1;""Tombamento"";""Com Vítimas Feridas"";""Pleno dia"";""Decrescente"";""Garoa/Chuvisco"";""Simples"";""Reta"";""Sim"";326366;""Caminhão"";""VW/24.250 CNC 6X2"";2010;""Condutor"";""Ileso"";65;""Masculino"";1;0;0;0;-27",9705;-48,"6795;""SR-SC"";""DEL8/2"";""UOP03/SC""",
"183541;404336;2019-01-05;""sábado"";""10:00:00"";""PR"";277;553","3;""CASCAVEL"";""Sim"";""Falta de Atenção à Condução"";2;""Colisão com objeto estático"";""Com Vítimas Feridas"";""Pleno dia"";""Decrescente"";""Garoa/Chuvisco"";""Simples"";""Reta"";""Não"";326329;""Automóvel"";""FORD/FIESTA SEDAN FLEX"";2009;""Condutor"";""Lesões Leves"";28;""Feminino"";0;1;0;0;-25",08460258;-53,"16651326;""SR-PR"";""DEL7/4"";""UOP02/PR"""
"183541;404336;2019-01-05;""sábado"";""10:00:00"";""PR"";277;553","3;""CASCAVEL"";""Sim"";""Falta de Atenção à Condução"";1;""Colisão traseira"";""Com Vítimas Feridas"";""Pleno dia"";""Decrescente"";""Garoa/Chuvisco"";""Simples"";""Reta"";""Não"";326329;""Automóvel"";""FORD/FIESTA SEDAN FLEX"";2009;""Condutor"";""Lesões Leves"";28;""Feminino"";0;1;0;0;-25",08460258;-53,"16651326;""SR-PR"";""DEL7/4"";""UOP02/PR"""
"183541;404337;2019-01-05;""sábado"";""10:00:00"";""PR"";277;553","3;""CASCAVEL"";""Sim"";""Falta de Atenção à Condução"";2;""Colisão com objeto estático"";""Com Vítimas Feridas"";""Pleno dia"";""Decrescente"";""Garoa/Chuvisco"";""Simples"";""Reta"";""Não"";326329;""Automóvel"";""FORD/FIESTA SEDAN FLEX"";2009;""Passageiro"";""Lesões Leves"";29;""Feminino"";0;1;0;0;-25",08460258;-53,"16651326;""SR-PR"";""DEL7/4"";""UOP02/PR"""
"183541;404337;2019-01-05;""sábado"";""10:00:00"";""PR"";277;553","3;""CASCAVEL"";""Sim"";""Falta de Atenção à Condução"";1;""Colisão traseira"";""Com Vítimas Feridas"";""Pleno dia"";""Decrescente"";""Garoa/Chuvisco"";""Simples"";""Reta"";""Não"";326329;""Automóvel"";""FORD/FIESTA SEDAN FLEX"";2009;""Passageiro"";""Lesões Leves"";29;""Feminino"";0;1;0;0;-25",08460258;-53,"16651326;""SR-PR"";""DEL7/4"";""UOP02/PR"""
"183541;404339;2019-01-05;""sábado"";""10:00:00"";""PR"";277;553","3;""CASCAVEL"";""Sim"";""Falta de Atenção à Condução"";2;""Colisão com objeto estático"";""Com Vítimas Feridas"";""Pleno dia"";""Decrescente"";""Garoa/Chuvisco"";""Simples"";""Reta"";""Não"";326330;""Automóvel"";""RENAULT/LOGAN EXPR 10"";2017;""Condutor"";""Lesões Leves"";54;""Feminino"";0;1;0;0;-25",08460258;-53,"16651326;""SR-PR"";""DEL7/4"";""UOP02/PR"""
"183541;404339;2019-01-05;""sábado"";""10:00:00"";""PR"";277;553","3;""CASCAVEL"";""Sim"";""Falta de Atenção à Condução"";1;""Colisão traseira"";""Com Vítimas Feridas"";""Pleno dia"";""Decrescente"";""Garoa/Chuvisco"";""Simples"";""Reta"";""Não"";326330;""Automóvel"";""RENAULT/LOGAN EXPR 10"";2017;""Condutor"";""Lesões Leves"";54;""Feminino"";0;1;0;0;-25",08460258;-53,"16651326;""SR-PR"";""DEL7/4"";""UOP02/PR"""
"183541;404341;2019-01-05;""sábado"";""10:00:00"";""PR"";277;553","3;""CASCAVEL"";""Sim"";""Falta de Atenção à Condução"";2;""Colisão com objeto estático"";""Com Vítimas Feridas"";""Pleno dia"";""Decrescente"";""Garoa/Chuvisco"";""Simples"";""Reta"";""Não"";326330;""Automóvel"";""RENAULT/LOGAN EXPR 10"";2017;""Passageiro"";""Lesões Leves"";60;""Masculino"";0;1;0;0;-25",08460258;-53,"16651326;""SR-PR"";""DEL7/4"";""UOP02/PR"""
"183541;404341;2019-01-05;""sábado"";""10:00:00"";""PR"";277;553","3;""CASCAVEL"";""Sim"";""Falta de Atenção à Condução"";1;""Colisão traseira"";""Com Vítimas Feridas"";""Pleno dia"";""Decrescente"";""Garoa/Chuvisco"";""Simples"";""Reta"";""Não"";326330;""Automóvel"";""RENAULT/LOGAN EXPR 10"";2017;""Passageiro"";""Lesões Leves"";60;""Masculino"";0;1;0;0;-25",08460258;-53,"16651326;""SR-PR"";""DEL7/4"";""UOP02/PR"""
"183542;404357;2019-01-05;""sábado"";""09:45:00"";""SP"";116;277;""EMBU DAS ARTES"";""Sim"";""Falta de Atenção à Condução"";1;""Colisão com objeto estático"";""Com Vítimas Feridas"";""Pleno dia"";""Decrescente"";""Chuva"";""Dupla"";""Reta"";""Não"";326339;""Automóvel"";""CHEV/PRISMA 1.4MT LTZ"";2015;""Condutor"";""Lesões Graves"";33;""Feminino"";0;0;1;0;-23",65175753;-46,"84707642;""SR-SP"";""DEL6/4"";""UOP01/SP""",
"183543;404638;2019-01-05;""sábado"";""09:00:00"";""CE"";20;429;""FORTALEZA"";""Sim"";""Não guardar distância de segurança"";2;""Queda de ocupante de veículo"";""Com Vítimas Feridas"";""Pleno dia"";""Crescente"";""Céu Claro"";""Dupla"";""Reta"";""Sim"";326446;""Motocicleta"";""HONDA/CG 150 FAN ESI"";2011;""Condutor"";""Lesões Leves"";51;""Masculino"";0;1;0;0;-3",76999;-38,"670063;""SR-CE"";""DEL16/1"";""UOP02/CE""",
"183543;404638;2019-01-05;""sábado"";""09:00:00"";""CE"";20;429;""FORTALEZA"";""Sim"";""Não guardar distância de segurança"";1;""Colisão traseira"";""Com Vítimas Feridas"";""Pleno dia"";""Crescente"";""Céu Claro"";""Dupla"";""Reta"";""Sim"";326446;""Motocicleta"";""HONDA/CG 150 FAN ESI"";2011;""Condutor"";""Lesões Leves"";51;""Masculino"";0;1;0;0;-3",76999;-38,"670063;""SR-CE"";""DEL16/1"";""UOP02/CE""",
"183543;406235;2019-01-05;""sábado"";""09:00:00"";""CE"";20;429;""FORTALEZA"";""Sim"";""Não guardar distância de segurança"";2;""Queda de ocupante de veículo"";""Com Vítimas Feridas"";""Pleno dia"";""Crescente"";""Céu Claro"";""Dupla"";""Reta"";""Sim"";327585;""Caminhão"";"""";NA;""Condutor"";""Não Informado"";NA;""Não Informado"";0;0;0;0;-3",76999;-38,"670063;""SR-CE"";""DEL16/1"";""UOP02/CE""",
"183543;406235;2019-01-05;""sábado"";""09:00:00"";""CE"";20;429;""FORTALEZA"";""Sim"";""Não guardar distância de segurança"";1;""Colisão traseira"";""Com Vítimas Feridas"";""Pleno dia"";""Crescente"";""Céu Claro"";""Dupla"";""Reta"";""Sim"";327585;""Caminhão"";"""";NA;""Condutor"";""Não Informado"";NA;""Não Informado"";0;0;0;0;-3",76999;-38,"670063;""SR-CE"";""DEL16/1"";""UOP02/CE""",
"183543;404643;2019-01-05;""sábado"";""09:00:00"";""CE"";20;429;""FORTALEZA"";""Sim"";""Não guardar distância de segurança"";2;""Queda de ocupante de veículo"";""Com Vítimas Feridas"";""Pleno dia"";""Crescente"";""Céu Claro"";""Dupla"";""Reta"";""Sim"";326446;""Motocicleta"";""HONDA/CG 150 FAN ESI"";2011;""Passageiro"";""Lesões Leves"";22;""Masculino"";0;1;0;0;-3",76999;-38,"670063;""SR-CE"";""DEL16/1"";""UOP02/CE""",
"183543;404643;2019-01-05;""sábado"";""09:00:00"";""CE"";20;429;""FORTALEZA"";""Sim"";""Não guardar distância de segurança"";1;""Colisão traseira"";""Com Vítimas Feridas"";""Pleno dia"";""Crescente"";""Céu Claro"";""Dupla"";""Reta"";""Sim"";326446;""Motocicleta"";""HONDA/CG 150 FAN ESI"";2011;""Passageiro"";""Lesões Leves"";22;""Masculino"";0;1;0;0;-3",76999;-38,"670063;""SR-CE"";""DEL16/1"";""UOP02/CE""",
"183544;404374;2019-01-05;""sábado"";""11:20:00"";""RS"";290;115;""ELDORADO DO SUL"";""Sim"";""Falta de Atenção à Condução"";1;""Colisão lateral"";""Sem Vítimas"";""Pleno dia"";""Crescente"";""Céu Claro"";""Simples"";""Reta"";""Não"";326350;""Automóvel"";""FIAT/UNO MILLE FIRE"";2001;""Condutor"";""Ileso"";49;""Masculino"";1;0;0;0;-30",045572;-51,"357651;""SR-RS"";""DEL9/2"";""UOP01/RS""",
"183544;404378;2019-01-05;""sábado"";""11:20:00"";""RS"";290;115;""ELDORADO DO SUL"";""Sim"";""Falta de Atenção à Condução"";1;""Colisão lateral"";""Sem Vítimas"";""Pleno dia"";""Crescente"";""Céu Claro"";""Simples"";""Reta"";""Não"";326350;""Automóvel"";""FIAT/UNO MILLE FIRE"";2001;""Passageiro"";""Ileso"";NA;""Masculino"";1;0;0;0;-30",045572;-51,"357651;""SR-RS"";""DEL9/2"";""UOP01/RS""",
"183544;404379;2019-01-05;""sábado"";""11:20:00"";""RS"";290;115;""ELDORADO DO SUL"";""Sim"";""Falta de Atenção à Condução"";1;""Colisão lateral"";""Sem Vítimas"";""Pleno dia"";""Crescente"";""Céu Claro"";""Simples"";""Reta"";""Não"";326350;""Automóvel"";""FIAT/UNO MILLE FIRE"";2001;""Passageiro"";""Ileso"";NA;""Feminino"";1;0;0;0;-30",045572;-51,"357651;""SR-RS"";""DEL9/2"";""UOP01/RS""",
"183544;404377;2019-01-05;""sábado"";""11:20:00"";""RS"";290;115;""ELDORADO DO SUL"";""Sim"";""Falta de Atenção à Condução"";1;""Colisão lateral"";""Sem Vítimas"";""Pleno dia"";""Crescente"";""Céu Claro"";""Simples"";""Reta"";""Não"";326350;""Automóvel"";""FIAT/UNO MILLE FIRE"";2001;""Passageiro"";""Ileso"";50;""Feminino"";1;0;0;0;-30",045572;-51,"357651;""SR-RS"";""DEL9/2"";""UOP01/RS""",
"183544;404376;2019-01-05;""sábado"";""11:20:00"";""RS"";290;115;""ELDORADO DO SUL"";""Sim"";""Falta de Atenção à Condução"";1;""Colisão lateral"";""Sem Vítimas"";""Pleno dia"";""Crescente"";""Céu Claro"";""Simples"";""Reta"";""Não"";326350;""Automóvel"";""FIAT/UNO MILLE FIRE"";2001;""Passageiro"";""Ileso"";26;""Feminino"";1;0;0;0;-30",045572;-51,"357651;""SR-RS"";""DEL9/2"";""UOP01/RS""",
"183544;404375;2019-01-05;""sábado"";""11:20:00"";""RS"";290;115;""ELDORADO DO SUL"";""Sim"";""Falta de Atenção à Condução"";1;""Colisão lateral"";""Sem Vítimas"";""Pleno dia"";""Crescente"";""Céu Claro"";""Simples"";""Reta"";""Não"";326351;""Automóvel"";""FIAT/SIENA ATTRACT 1.0"";2018;""Condutor"";""Ileso"";43;""Masculino"";1;0;0;0;-30",045572;-51,"357651;""SR-RS"";""DEL9/2"";""UOP01/RS""",
"183547;404461;2019-01-05;""sábado"";""11:20:00"";""GO"";153;506","6;""APARECIDA DE GOIANIA"";""Sim"";""Defeito Mecânico no Veículo"";1;""Colisão traseira"";""Sem Vítimas"";""Pleno dia"";""Decrescente"";""Chuva"";""Dupla"";""Reta"";""Sim"";326402;""Caminhonete"";""VW/SAVEIRO 1.6"";2007;""Condutor"";""Ileso"";36;""Masculino"";1;0;0;0;-16",7633;-49,"24;""SR-GO"";""DEL1/1"";""UOP01/GO"""
"183547;404494;2019-01-05;""sábado"";""11:20:00"";""GO"";153;506","6;""APARECIDA DE GOIANIA"";""Sim"";""Defeito Mecânico no Veículo"";1;""Colisão traseira"";""Sem Vítimas"";""Pleno dia"";""Decrescente"";""Chuva"";""Dupla"";""Reta"";""Sim"";326403;""Caminhonete"";""GM/S10 ADVANTAGE D"";2007;""Passageiro"";""Ileso"";NA;""Feminino"";1;0;0;0;-16",7633;-49,"24;""SR-GO"";""DEL1/1"";""UOP01/GO"""
"183547;404462;2019-01-05;""sábado"";""11:20:00"";""GO"";153;506","6;""APARECIDA DE GOIANIA"";""Sim"";""Defeito Mecânico no Veículo"";1;""Colisão traseira"";""Sem Vítimas"";""Pleno dia"";""Decrescente"";""Chuva"";""Dupla"";""Reta"";""Sim"";326403;""Caminhonete"";""GM/S10 ADVANTAGE D"";2007;""Condutor"";""Ileso"";47;""Masculino"";1;0;0;0;-16",7633;-49,"24;""SR-GO"";""DEL1/1"";""UOP01/GO"""
"183547;404497;2019-01-05;""sábado"";""11:20:00"";""GO"";153;506","6;""APARECIDA DE GOIANIA"";""Sim"";""Defeito Mecânico no Veículo"";1;""Colisão traseira"";""Sem Vítimas"";""Pleno dia"";""Decrescente"";""Chuva"";""Dupla"";""Reta"";""Sim"";326403;""Caminhonete"";""GM/S10 ADVANTAGE D"";2007;""Passageiro"";""Ileso"";NA;""Feminino"";1;0;0;0;-16",7633;-49,"24;""SR-GO"";""DEL1/1"";""UOP01/GO"""
"183547;404496;2019-01-05;""sábado"";""11:20:00"";""GO"";153;506","6;""APARECIDA DE GOIANIA"";""Sim"";""Defeito Mecânico no Veículo"";1;""Colisão traseira"";""Sem Vítimas"";""Pleno dia"";""Decrescente"";""Chuva"";""Dupla"";""Reta"";""Sim"";326403;""Caminhonete"";""GM/S10 ADVANTAGE D"";2007;""Passageiro"";""Ileso"";NA;""Feminino"";1;0;0;0;-16",7633;-49,"24;""SR-GO"";""DEL1/1"";""UOP01/GO"""
"183548;404583;2019-01-05;""sábado"";""10:45:00"";""CE"";116;1","8;""FORTALEZA"";""Sim"";""Não guardar distância de segurança"";2;""Tombamento"";""Com Vítimas Feridas"";""Pleno dia"";""Decrescente"";""Sol"";""Múltipla"";""Reta"";""Sim"";326365;""Automóvel"";""FIAT/PALIO FIRE"";2003;""Condutor"";""Ileso"";50;""Masculino"";1;0;0;0;-3",765454;-38,"518085;""SR-CE"";""DEL16/1"";""UOP02/CE"""
"183548;404583;2019-01-05;""sábado"";""10:45:00"";""CE"";116;1","8;""FORTALEZA"";""Sim"";""Não guardar distância de segurança"";1;""Colisão traseira"";""Com Vítimas Feridas"";""Pleno dia"";""Decrescente"";""Sol"";""Múltipla"";""Reta"";""Sim"";326365;""Automóvel"";""FIAT/PALIO FIRE"";2003;""Condutor"";""Ileso"";50;""Masculino"";1;0;0;0;-3",765454;-38,"518085;""SR-CE"";""DEL16/1"";""UOP02/CE"""
"183548;404579;2019-01-05;""sábado"";""10:45:00"";""CE"";116;1","8;""FORTALEZA"";""Sim"";""Não guardar distância de segurança"";2;""Tombamento"";""Com Vítimas Feridas"";""Pleno dia"";""Decrescente"";""Sol"";""Múltipla"";""Reta"";""Sim"";326364;""Motocicleta"";""YAMAHA/XTZ 250X"";2009;""Condutor"";""Lesões Leves"";30;""Masculino"";0;1;0;0;-3",765454;-38,"518085;""SR-CE"";""DEL16/1"";""UOP02/CE"""
"183548;404579;2019-01-05;""sábado"";""10:45:00"";""CE"";116;1","8;""FORTALEZA"";""Sim"";""Não guardar distância de segurança"";1;""Colisão traseira"";""Com Vítimas Feridas"";""Pleno dia"";""Decrescente"";""Sol"";""Múltipla"";""Reta"";""Sim"";326364;""Motocicleta"";""YAMAHA/XTZ 250X"";2009;""Condutor"";""Lesões Leves"";30;""Masculino"";0;1;0;0;-3",765454;-38,"518085;""SR-CE"";""DEL16/1"";""UOP02/CE"""
"183549;405870;2019-01-05;""sábado"";""11:40:00"";""SP"";381;69","5;""MAIRIPORA"";""Sim"";""Pista Escorregadia"";1;""Capotamento"";""Com Vítimas Feridas"";""Pleno dia"";""Decrescente"";""Garoa/Chuvisco"";""Dupla"";""Curva"";""Não"";326524;""Motocicleta"";""HONDA/CBX 250 TWISTER"";2004;""Passageiro"";""Lesões Leves"";15;""Masculino"";0;1;0;0;-23",34854045;-46,"56092978;""SR-SP"";""DEL6/3"";""UOP02/SP"""
"183549;405856;2019-01-05;""sábado"";""11:40:00"";""SP"";381;69","5;""MAIRIPORA"";""Sim"";""Pista Escorregadia"";1;""Capotamento"";""Com Vítimas Feridas"";""Pleno dia"";""Decrescente"";""Garoa/Chuvisco"";""Dupla"";""Curva"";""Não"";326524;""Motocicleta"";""HONDA/CBX 250 TWISTER"";2004;""Condutor"";""Ileso"";20;""Masculino"";1;0;0;0;-23",34854045;-46,"56092978;""SR-SP"";""DEL6/3"";""UOP02/SP"""
"183550;404413;2019-01-05;""sábado"";""06:20:00"";""PI"";316;317","2;""PICOS"";""Sim"";""Não guardar distância de segurança"";1;""Colisão traseira"";""Com Vítimas Feridas"";""Pleno dia"";""Crescente"";""Sol"";""Simples"";""Reta"";""Não"";326374;""Motocicleta"";""HONDA/POP100"";2015;""Condutor"";""Lesões Graves"";48;""Masculino"";0;0;1;0;-7",0139076;-41,"5875824;""SR-PI"";""DEL17/4"";""UOP01/PI"""
"183550;404418;2019-01-05;""sábado"";""06:20:00"";""PI"";316;317","2;""PICOS"";""Sim"";""Não guardar distância de segurança"";1;""Colisão traseira"";""Com Vítimas Feridas"";""Pleno dia"";""Crescente"";""Sol"";""Simples"";""Reta"";""Não"";326374;""Motocicleta"";""HONDA/POP100"";2015;""Passageiro"";""Lesões Leves"";20;""Masculino"";0;1;0;0;-7",0139076;-41,"5875824;""SR-PI"";""DEL17/4"";""UOP01/PI"""
"183550;404420;2019-01-05;""sábado"";""06:20:00"";""PI"";316;317","2;""PICOS"";""Sim"";""Não guardar distância de segurança"";1;""Colisão traseira"";""Com Vítimas Feridas"";""Pleno dia"";""Crescente"";""Sol"";""Simples"";""Reta"";""Não"";326382;""Caminhão"";""M.BENZ/ATRON 2324"";2012;""Condutor"";""Ileso"";36;""Masculino"";1;0;0;0;-7",0139076;-41,"5875824;""SR-PI"";""DEL17/4"";""UOP01/PI"""
"183551;404406;2019-01-05;""sábado"";""11:45:00"";""GO"";40;2;""VALPARAISO DE GOIAS"";""Sim"";""Falta de Atenção à Condução"";1;""Engavetamento"";""Com Vítimas Feridas"";""Pleno dia"";""Decrescente"";""Céu Claro"";""Dupla"";""Reta"";""Sim"";326358;""Automóvel"";""FIAT/MOBI LIKE"";2017;""Passageiro"";""Ileso"";49;""Feminino"";1;0;0;0;-16",067129;-47,"984235;""SR-DF"";""UOP01/DF"";""""",
"183551;404405;2019-01-05;""sábado"";""11:45:00"";""GO"";40;2;""VALPARAISO DE GOIAS"";""Sim"";""Falta de Atenção à Condução"";1;""Engavetamento"";""Com Vítimas Feridas"";""Pleno dia"";""Decrescente"";""Céu Claro"";""Dupla"";""Reta"";""Sim"";326358;""Automóvel"";""FIAT/MOBI LIKE"";2017;""Condutor"";""Ileso"";45;""Masculino"";1;0;0;0;-16",067129;-47,"984235;""SR-DF"";""UOP01/DF"";""""",
"183551;404403;2019-01-05;""sábado"";""11:45:00"";""GO"";40;2;""VALPARAISO DE GOIAS"";""Sim"";""Falta de Atenção à Condução"";1;""Engavetamento"";""Com Vítimas Feridas"";""Pleno dia"";""Decrescente"";""Céu Claro"";""Dupla"";""Reta"";""Sim"";326357;""Automóvel"";""VW/CROSSFOX GII"";2013;""Passageiro"";""Lesões Leves"";30;""Masculino"";0;1;0;0;-16",067129;-47,"984235;""SR-DF"";""UOP01/DF"";""""",
"183551;404401;2019-01-05;""sábado"";""11:45:00"";""GO"";40;2;""VALPARAISO DE GOIAS"";""Sim"";""Falta de Atenção à Condução"";1;""Engavetamento"";""Com Vítimas Feridas"";""Pleno dia"";""Decrescente"";""Céu Claro"";""Dupla"";""Reta"";""Sim"";326357;""Automóvel"";""VW/CROSSFOX GII"";2013;""Passageiro"";""Ileso"";32;""Feminino"";1;0;0;0;-16",067129;-47,"984235;""SR-DF"";""UOP01/DF"";""""",
"183551;404400;2019-01-05;""sábado"";""11:45:00"";""GO"";40;2;""VALPARAISO DE GOIAS"";""Sim"";""Falta de Atenção à Condução"";1;""Engavetamento"";""Com Vítimas Feridas"";""Pleno dia"";""Decrescente"";""Céu Claro"";""Dupla"";""Reta"";""Sim"";326357;""Automóvel"";""VW/CROSSFOX GII"";2013;""Condutor"";""Ileso"";25;""Feminino"";1;0;0;0;-16",067129;-47,"984235;""SR-DF"";""UOP01/DF"";""""",