"id;""pesid"";""data_inversa"";""dia_semana"";""horario"";""uf"";""br"";""km"";""municipio"";""causa_principal"";""causa_acidente"";""ordem_tipo_acidente"";""tipo_acidente"";""classificacao_acidente"";""fase_dia"";""sentido_via"";""condicao_metereologica"";""tipo_pista"";""tracado_via"";""uso_solo"";""id_veiculo"";""tipo_veiculo"";""marca"";""ano_fabricacao_veiculo"";""tipo_envolvido"";""estado_fisico"";""idade"";""sexo"";""ilesos"";""feridos_leves"";""feridos_graves"";""mortos"";""latitude"";""longitude"";""regional"";""delegacia"";""uop""",,,
"183551;404398;2019-01-05;""sábado"";""11:45:00"";""GO"";40;2;""VALPARAISO DE GOIAS"";""Sim"";""Falta de Atenção à Condução"";1;""Engavetamento"";""Com Vítimas Feridas"";""Pleno dia"";""Decrescente"";""Céu Claro"";""Dupla"";""Reta"";""Sim"";326356;""Automóvel"";""FIAT/PALIO FIRE"";2014;""Condutor"";""Ileso"";35;""Masculino"";1;0;0;0;-16",067129;-47,"984235;""SR-DF"";""UOP01/DF"";""""",
"183552;404741;2019-01-05;""sábado"";""09:42:00"";""RS"";472;417;""SAO BORJA"";""Sim"";""Defeito na Via"";2;""Capotamento"";""Com Vítimas Feridas"";""Pleno dia"";""Crescente"";""Céu Claro"";""Simples"";""Reta"";""Não"";326516;""Automóvel"";""CHEVROLET/CELTA 1.0L LT"";2013;""Passageiro"";""Lesões Leves"";22;""Feminino"";0;1;0;0;-28",82152026;-56,"05648837;""SR-RS"";""DEL9/12"";""UOP01/RS""",
"183552;404741;2019-01-05;""sábado"";""09:42:00"";""RS"";472;417;""SAO BORJA"";""Sim"";""Defeito na Via"";1;""Saída de leito carroçável"";""Com Vítimas Feridas"";""Pleno dia"";""Crescente"";""Céu Claro"";""Simples"";""Reta"";""Não"";326516;""Automóvel"";""CHEVROLET/CELTA 1.0L LT"";2013;""Passageiro"";""Lesões Leves"";22;""Feminino"";0;1;0;0;-28",82152026;-56,"05648837;""SR-RS"";""DEL9/12"";""UOP01/RS""",
"183552;404740;2019-01-05;""sábado"";""09:42:00"";""RS"";472;417;""SAO BORJA"";""Sim"";""Defeito na Via"";2;""Capotamento"";""Com Vítimas Feridas"";""Pleno dia"";""Crescente"";""Céu Claro"";""Simples"";""Reta"";""Não"";326516;""Automóvel"";""CHEVROLET/CELTA 1.0L LT"";2013;""Passageiro"";""Lesões Graves"";68;""Feminino"";0;0;1;0;-28",82152026;-56,"05648837;""SR-RS"";""DEL9/12"";""UOP01/RS""",
"183552;404740;2019-01-05;""sábado"";""09:42:00"";""RS"";472;417;""SAO BORJA"";""Sim"";""Defeito na Via"";1;""Saída de leito carroçável"";""Com Vítimas Feridas"";""Pleno dia"";""Crescente"";""Céu Claro"";""Simples"";""Reta"";""Não"";326516;""Automóvel"";""CHEVROLET/CELTA 1.0L LT"";2013;""Passageiro"";""Lesões Graves"";68;""Feminino"";0;0;1;0;-28",82152026;-56,"05648837;""SR-RS"";""DEL9/12"";""UOP01/RS""",
"183552;404742;2019-01-05;""sábado"";""09:42:00"";""RS"";472;417;""SAO BORJA"";""Sim"";""Defeito na Via"";2;""Capotamento"";""Com Vítimas Feridas"";""Pleno dia"";""Crescente"";""Céu Claro"";""Simples"";""Reta"";""Não"";326516;""Automóvel"";""CHEVROLET/CELTA 1.0L LT"";2013;""Passageiro"";""Lesões Leves"";28;""Feminino"";0;1;0;0;-28",82152026;-56,"05648837;""SR-RS"";""DEL9/12"";""UOP01/RS""",
"183552;404742;2019-01-05;""sábado"";""09:42:00"";""RS"";472;417;""SAO BORJA"";""Sim"";""Defeito na Via"";1;""Saída de leito carroçável"";""Com Vítimas Feridas"";""Pleno dia"";""Crescente"";""Céu Claro"";""Simples"";""Reta"";""Não"";326516;""Automóvel"";""CHEVROLET/CELTA 1.0L LT"";2013;""Passageiro"";""Lesões Leves"";28;""Feminino"";0;1;0;0;-28",82152026;-56,"05648837;""SR-RS"";""DEL9/12"";""UOP01/RS""",
"183552;404739;2019-01-05;""sábado"";""09:42:00"";""RS"";472;417;""SAO BORJA"";""Sim"";""Defeito na Via"";2;""Capotamento"";""Com Vítimas Feridas"";""Pleno dia"";""Crescente"";""Céu Claro"";""Simples"";""Reta"";""Não"";326516;""Automóvel"";""CHEVROLET/CELTA 1.0L LT"";2013;""Passageiro"";""Lesões Graves"";65;""Feminino"";0;0;1;0;-28",82152026;-56,"05648837;""SR-RS"";""DEL9/12"";""UOP01/RS""",
"183552;404739;2019-01-05;""sábado"";""09:42:00"";""RS"";472;417;""SAO BORJA"";""Sim"";""Defeito na Via"";1;""Saída de leito carroçável"";""Com Vítimas Feridas"";""Pleno dia"";""Crescente"";""Céu Claro"";""Simples"";""Reta"";""Não"";326516;""Automóvel"";""CHEVROLET/CELTA 1.0L LT"";2013;""Passageiro"";""Lesões Graves"";65;""Feminino"";0;0;1;0;-28",82152026;-56,"05648837;""SR-RS"";""DEL9/12"";""UOP01/RS""",
"183552;404737;2019-01-05;""sábado"";""09:42:00"";""RS"";472;417;""SAO BORJA"";""Sim"";""Defeito na Via"";2;""Capotamento"";""Com Vítimas Feridas"";""Pleno dia"";""Crescente"";""Céu Claro"";""Simples"";""Reta"";""Não"";326516;""Automóvel"";""CHEVROLET/CELTA 1.0L LT"";2013;""Condutor"";""Ileso"";36;""Masculino"";1;0;0;0;-28",82152026;-56,"05648837;""SR-RS"";""DEL9/12"";""UOP01/RS""",
"183552;404737;2019-01-05;""sábado"";""09:42:00"";""RS"";472;417;""SAO BORJA"";""Sim"";""Defeito na Via"";1;""Saída de leito carroçável"";""Com Vítimas Feridas"";""Pleno dia"";""Crescente"";""Céu Claro"";""Simples"";""Reta"";""Não"";326516;""Automóvel"";""CHEVROLET/CELTA 1.0L LT"";2013;""Condutor"";""Ileso"";36;""Masculino"";1;0;0;0;-28",82152026;-56,"05648837;""SR-RS"";""DEL9/12"";""UOP01/RS""",
"183554;404487;2019-01-05;""sábado"";""12:30:00"";""MG"";40;786","4;""JUIZ DE FORA"";""Sim"";""Avarias e/ou desgaste excessivo no pneu"";2;""Saída de leito carroçável"";""Com Vítimas Feridas"";""Pleno dia"";""Decrescente"";""Céu Claro"";""Dupla"";""Curva"";""Não"";326421;""Automóvel"";""GM/MERIVA JOY"";2005;""Passageiro"";""Lesões Leves"";63;""Feminino"";0;1;0;0;-21",7522;-43,"4452;""SR-MG"";""DEL5"";""UOP01/MG"""
"183554;404487;2019-01-05;""sábado"";""12:30:00"";""MG"";40;786","4;""JUIZ DE FORA"";""Sim"";""Avarias e/ou desgaste excessivo no pneu"";1;""Colisão com objeto estático"";""Com Vítimas Feridas"";""Pleno dia"";""Decrescente"";""Céu Claro"";""Dupla"";""Curva"";""Não"";326421;""Automóvel"";""GM/MERIVA JOY"";2005;""Passageiro"";""Lesões Leves"";63;""Feminino"";0;1;0;0;-21",7522;-43,"4452;""SR-MG"";""DEL5"";""UOP01/MG"""
"183554;404481;2019-01-05;""sábado"";""12:30:00"";""MG"";40;786","4;""JUIZ DE FORA"";""Sim"";""Avarias e/ou desgaste excessivo no pneu"";2;""Saída de leito carroçável"";""Com Vítimas Feridas"";""Pleno dia"";""Decrescente"";""Céu Claro"";""Dupla"";""Curva"";""Não"";326421;""Automóvel"";""GM/MERIVA JOY"";2005;""Condutor"";""Lesões Leves"";72;""Masculino"";0;1;0;0;-21",7522;-43,"4452;""SR-MG"";""DEL5"";""UOP01/MG"""
"183554;404481;2019-01-05;""sábado"";""12:30:00"";""MG"";40;786","4;""JUIZ DE FORA"";""Sim"";""Avarias e/ou desgaste excessivo no pneu"";1;""Colisão com objeto estático"";""Com Vítimas Feridas"";""Pleno dia"";""Decrescente"";""Céu Claro"";""Dupla"";""Curva"";""Não"";326421;""Automóvel"";""GM/MERIVA JOY"";2005;""Condutor"";""Lesões Leves"";72;""Masculino"";0;1;0;0;-21",7522;-43,"4452;""SR-MG"";""DEL5"";""UOP01/MG"""
"183555;404513;2019-01-05;""sábado"";""12:10:00"";""SC"";101;203","2;""SAO JOSE"";""Sim"";""Desobediência às normas de trânsito pelo condutor"";1;""Colisão lateral"";""Com Vítimas Feridas"";""Pleno dia"";""Crescente"";""Nublado"";""Múltipla"";""Interseção de vias"";""Sim"";326431;""Motocicleta"";""YAMAHA/FAZER YS250"";2007;""Condutor"";""Lesões Leves"";51;""Masculino"";0;1;0;0;-27",5742;-48,"6134;""SR-SC"";""DEL8/1"";""UOP01/SC"""
"183555;404511;2019-01-05;""sábado"";""12:10:00"";""SC"";101;203","2;""SAO JOSE"";""Sim"";""Desobediência às normas de trânsito pelo condutor"";1;""Colisão lateral"";""Com Vítimas Feridas"";""Pleno dia"";""Crescente"";""Nublado"";""Múltipla"";""Interseção de vias"";""Sim"";326430;""Automóvel"";""NISSAN/KICKS SL CVT"";2018;""Passageiro"";""Ileso"";38;""Feminino"";1;0;0;0;-27",5742;-48,"6134;""SR-SC"";""DEL8/1"";""UOP01/SC"""
"183555;404510;2019-01-05;""sábado"";""12:10:00"";""SC"";101;203","2;""SAO JOSE"";""Sim"";""Desobediência às normas de trânsito pelo condutor"";1;""Colisão lateral"";""Com Vítimas Feridas"";""Pleno dia"";""Crescente"";""Nublado"";""Múltipla"";""Interseção de vias"";""Sim"";326430;""Automóvel"";""NISSAN/KICKS SL CVT"";2018;""Condutor"";""Ileso"";31;""Masculino"";1;0;0;0;-27",5742;-48,"6134;""SR-SC"";""DEL8/1"";""UOP01/SC"""
"183556;NA;2019-01-05;""sábado"";""09:00:00"";""MG"";153;20","1;""CENTRALINA"";""Sim"";""Falta de Atenção à Condução"";1;""Saída de leito carroçável"";""Com Vítimas Feridas"";""Pleno dia"";""Decrescente"";""Céu Claro"";""Múltipla"";""Reta"";""Sim"";327592;""Semireboque"";""SR/RANDON SR CA"";2007;""Não Informado"";""Não Informado"";NA;""Não Informado"";0;0;0;0;-18",6049;-49,"1919;""SR-MG"";""DEL4/15"";""UOP03/MG"""
"183556;406214;2019-01-05;""sábado"";""09:00:00"";""MG"";153;20","1;""CENTRALINA"";""Sim"";""Falta de Atenção à Condução"";1;""Saída de leito carroçável"";""Com Vítimas Feridas"";""Pleno dia"";""Decrescente"";""Céu Claro"";""Múltipla"";""Reta"";""Sim"";326397;""Caminhão-trator"";""SCANIA/T113 H 4X2 360"";1995;""Condutor"";""Lesões Leves"";68;""Masculino"";0;1;0;0;-18",6049;-49,"1919;""SR-MG"";""DEL4/15"";""UOP03/MG"""
"183558;NA;2019-01-05;""sábado"";""08:30:00"";""MG"";50;77","2;""UBERLANDIA"";""Sim"";""Condutor Dormindo"";1;""Colisão traseira"";""Com Vítimas Feridas"";""Pleno dia"";""Decrescente"";""Garoa/Chuvisco"";""Dupla"";""Viaduto"";""Sim"";326468;""Semireboque"";""SR/RODOTECNICA SRT TQ2"";2012;""Não Informado"";""Não Informado"";NA;""Não Informado"";0;0;0;0;-18",9444;-48,"2185;""SR-MG"";""DEL4/15"";""UOP01/MG"""
"183558;404558;2019-01-05;""sábado"";""08:30:00"";""MG"";50;77","2;""UBERLANDIA"";""Sim"";""Condutor Dormindo"";1;""Colisão traseira"";""Com Vítimas Feridas"";""Pleno dia"";""Decrescente"";""Garoa/Chuvisco"";""Dupla"";""Viaduto"";""Sim"";326353;""Caminhonete"";""HYUNDAI/HR HDB"";2018;""Condutor"";""Lesões Leves"";32;""Masculino"";0;1;0;0;-18",9444;-48,"2185;""SR-MG"";""DEL4/15"";""UOP01/MG"""
"183558;404557;2019-01-05;""sábado"";""08:30:00"";""MG"";50;77","2;""UBERLANDIA"";""Sim"";""Condutor Dormindo"";1;""Colisão traseira"";""Com Vítimas Feridas"";""Pleno dia"";""Decrescente"";""Garoa/Chuvisco"";""Dupla"";""Viaduto"";""Sim"";326352;""Caminhão-trator"";""VOLVO/FH 540 6X4T"";2014;""Condutor"";""Ileso"";44;""Masculino"";1;0;0;0;-18",9444;-48,"2185;""SR-MG"";""DEL4/15"";""UOP01/MG"""
"183559;404561;2019-01-05;""sábado"";""11:55:00"";""MT"";364;137","9;""PEDRA PRETA"";""Sim"";""Velocidade Incompatível"";1;""Colisão frontal"";""Com Vítimas Fatais"";""Pleno dia"";""Crescente"";""Chuva"";""Simples"";""Não Informado"";""Não"";326478;""Caminhão"";""VW/8.160 DRC 4X2"";2016;""Condutor"";""Óbito"";52;""Masculino"";0;0;0;1;-16",79372574;-54,"19361472;""SR-MT"";""DEL2/2"";""UOP01/MT"""
"183559;404561;2019-01-05;""sábado"";""11:55:00"";""MT"";364;137","9;""PEDRA PRETA"";""Não"";""Avarias e/ou desgaste excessivo no pneu"";1;""Colisão frontal"";""Com Vítimas Fatais"";""Pleno dia"";""Crescente"";""Chuva"";""Simples"";""Não Informado"";""Não"";326478;""Caminhão"";""VW/8.160 DRC 4X2"";2016;""Condutor"";""Óbito"";52;""Masculino"";0;0;0;1;-16",79372574;-54,"19361472;""SR-MT"";""DEL2/2"";""UOP01/MT"""
"183559;404606;2019-01-05;""sábado"";""11:55:00"";""MT"";364;137","9;""PEDRA PRETA"";""Sim"";""Velocidade Incompatível"";1;""Colisão frontal"";""Com Vítimas Fatais"";""Pleno dia"";""Crescente"";""Chuva"";""Simples"";""Não Informado"";""Não"";326478;""Caminhão"";""VW/8.160 DRC 4X2"";2016;""Testemunha"";""Não Informado"";NA;""Não Informado"";0;0;0;0;-16",79372574;-54,"19361472;""SR-MT"";""DEL2/2"";""UOP01/MT"""
"183559;404606;2019-01-05;""sábado"";""11:55:00"";""MT"";364;137","9;""PEDRA PRETA"";""Não"";""Avarias e/ou desgaste excessivo no pneu"";1;""Colisão frontal"";""Com Vítimas Fatais"";""Pleno dia"";""Crescente"";""Chuva"";""Simples"";""Não Informado"";""Não"";326478;""Caminhão"";""VW/8.160 DRC 4X2"";2016;""Testemunha"";""Não Informado"";NA;""Não Informado"";0;0;0;0;-16",79372574;-54,"19361472;""SR-MT"";""DEL2/2"";""UOP01/MT"""
"183559;404606;2019-01-05;""sábado"";""11:55:00"";""MT"";364;137","9;""PEDRA PRETA"";""Sim"";""Velocidade Incompatível"";1;""Colisão frontal"";""Com Vítimas Fatais"";""Pleno dia"";""Crescente"";""Chuva"";""Simples"";""Não Informado"";""Não"";326479;""Caminhão-trator"";""SCANIA/G 380 A4X2"";2008;""Testemunha"";""Não Informado"";NA;""Não Informado"";0;0;0;0;-16",79372574;-54,"19361472;""SR-MT"";""DEL2/2"";""UOP01/MT"""
"183559;404606;2019-01-05;""sábado"";""11:55:00"";""MT"";364;137","9;""PEDRA PRETA"";""Não"";""Avarias e/ou desgaste excessivo no pneu"";1;""Colisão frontal"";""Com Vítimas Fatais"";""Pleno dia"";""Crescente"";""Chuva"";""Simples"";""Não Informado"";""Não"";326479;""Caminhão-trator"";""SCANIA/G 380 A4X2"";2008;""Testemunha"";""Não Informado"";NA;""Não Informado"";0;0;0;0;-16",79372574;-54,"19361472;""SR-MT"";""DEL2/2"";""UOP01/MT"""
"183559;404606;2019-01-05;""sábado"";""11:55:00"";""MT"";364;137","9;""PEDRA PRETA"";""Sim"";""Velocidade Incompatível"";1;""Colisão frontal"";""Com Vítimas Fatais"";""Pleno dia"";""Crescente"";""Chuva"";""Simples"";""Não Informado"";""Não"";326493;""Semireboque"";""SR/RANDON SR CA"";2004;""Testemunha"";""Não Informado"";NA;""Não Informado"";0;0;0;0;-16",79372574;-54,"19361472;""SR-MT"";""DEL2/2"";""UOP01/MT"""
"183559;404606;2019-01-05;""sábado"";""11:55:00"";""MT"";364;137","9;""PEDRA PRETA"";""Não"";""Avarias e/ou desgaste excessivo no pneu"";1;""Colisão frontal"";""Com Vítimas Fatais"";""Pleno dia"";""Crescente"";""Chuva"";""Simples"";""Não Informado"";""Não"";326493;""Semireboque"";""SR/RANDON SR CA"";2004;""Testemunha"";""Não Informado"";NA;""Não Informado"";0;0;0;0;-16",79372574;-54,"19361472;""SR-MT"";""DEL2/2"";""UOP01/MT"""
"183559;404606;2019-01-05;""sábado"";""11:55:00"";""MT"";364;137","9;""PEDRA PRETA"";""Sim"";""Velocidade Incompatível"";1;""Colisão frontal"";""Com Vítimas Fatais"";""Pleno dia"";""Crescente"";""Chuva"";""Simples"";""Não Informado"";""Não"";326494;""Semireboque"";""SR/RANDON SR CA"";2004;""Testemunha"";""Não Informado"";NA;""Não Informado"";0;0;0;0;-16",79372574;-54,"19361472;""SR-MT"";""DEL2/2"";""UOP01/MT"""
"183559;404606;2019-01-05;""sábado"";""11:55:00"";""MT"";364;137","9;""PEDRA PRETA"";""Não"";""Avarias e/ou desgaste excessivo no pneu"";1;""Colisão frontal"";""Com Vítimas Fatais"";""Pleno dia"";""Crescente"";""Chuva"";""Simples"";""Não Informado"";""Não"";326494;""Semireboque"";""SR/RANDON SR CA"";2004;""Testemunha"";""Não Informado"";NA;""Não Informado"";0;0;0;0;-16",79372574;-54,"19361472;""SR-MT"";""DEL2/2"";""UOP01/MT"""
"183559;404604;2019-01-05;""sábado"";""11:55:00"";""MT"";364;137","9;""PEDRA PRETA"";""Sim"";""Velocidade Incompatível"";1;""Colisão frontal"";""Com Vítimas Fatais"";""Pleno dia"";""Crescente"";""Chuva"";""Simples"";""Não Informado"";""Não"";326479;""Caminhão-trator"";""SCANIA/G 380 A4X2"";2008;""Condutor"";""Ileso"";40;""Masculino"";1;0;0;0;-16",79372574;-54,"19361472;""SR-MT"";""DEL2/2"";""UOP01/MT"""
"183559;404604;2019-01-05;""sábado"";""11:55:00"";""MT"";364;137","9;""PEDRA PRETA"";""Não"";""Avarias e/ou desgaste excessivo no pneu"";1;""Colisão frontal"";""Com Vítimas Fatais"";""Pleno dia"";""Crescente"";""Chuva"";""Simples"";""Não Informado"";""Não"";326479;""Caminhão-trator"";""SCANIA/G 380 A4X2"";2008;""Condutor"";""Ileso"";40;""Masculino"";1;0;0;0;-16",79372574;-54,"19361472;""SR-MT"";""DEL2/2"";""UOP01/MT"""
"183560;404409;2019-01-05;""sábado"";""09:00:00"";""BA"";418;90","5;""NOVA VICOSA"";""Sim"";""Falta de Atenção à Condução"";1;""Colisão transversal"";""Com Vítimas Feridas"";""Pleno dia"";""Crescente"";""Céu Claro"";""Simples"";""Reta"";""Sim"";326361;""Motocicleta"";""HONDA/CG 125 FAN KS"";2011;""Condutor"";""Lesões Graves"";41;""Masculino"";0;0;1;0;-17",88480404;-39,"87278245;""SR-BA"";""DEL10/9"";""UOP03/BA"""
"183560;404407;2019-01-05;""sábado"";""09:00:00"";""BA"";418;90","5;""NOVA VICOSA"";""Sim"";""Falta de Atenção à Condução"";1;""Colisão transversal"";""Com Vítimas Feridas"";""Pleno dia"";""Crescente"";""Céu Claro"";""Simples"";""Reta"";""Sim"";326379;""Automóvel"";"""";NA;""Condutor"";""Ileso"";NA;""Masculino"";1;0;0;0;-17",88480404;-39,"87278245;""SR-BA"";""DEL10/9"";""UOP03/BA"""
"183560;404402;2019-01-05;""sábado"";""09:00:00"";""BA"";418;90","5;""NOVA VICOSA"";""Sim"";""Falta de Atenção à Condução"";1;""Colisão transversal"";""Com Vítimas Feridas"";""Pleno dia"";""Crescente"";""Céu Claro"";""Simples"";""Reta"";""Sim"";326360;""Automóvel"";""RENAULT/SANDERO PR1616VA"";2011;""Condutor"";""Ileso"";35;""Masculino"";1;0;0;0;-17",88480404;-39,"87278245;""SR-BA"";""DEL10/9"";""UOP03/BA"""
"183561;404507;2019-01-05;""sábado"";""13:00:00"";""SC"";101;206;""SAO JOSE"";""Sim"";""Defeito Mecânico no Veículo"";1;""Colisão traseira"";""Com Vítimas Feridas"";""Pleno dia"";""Crescente"";""Céu Claro"";""Dupla"";""Reta"";""Sim"";326411;""Caminhonete"";""GM/S10 DE LUXE 2.8 D 4X4"";2001;""Condutor"";""Ileso"";51;""Masculino"";1;0;0;0;-27",6001;-48,"6225;""SR-SC"";""DEL8/1"";""UOP01/SC""",
"183561;404523;2019-01-05;""sábado"";""13:00:00"";""SC"";101;206;""SAO JOSE"";""Sim"";""Defeito Mecânico no Veículo"";1;""Colisão traseira"";""Com Vítimas Feridas"";""Pleno dia"";""Crescente"";""Céu Claro"";""Dupla"";""Reta"";""Sim"";326411;""Caminhonete"";""GM/S10 DE LUXE 2.8 D 4X4"";2001;""Passageiro"";""Lesões Leves"";119;""Feminino"";0;1;0;0;-27",6001;-48,"6225;""SR-SC"";""DEL8/1"";""UOP01/SC""",
"183561;404501;2019-01-05;""sábado"";""13:00:00"";""SC"";101;206;""SAO JOSE"";""Sim"";""Defeito Mecânico no Veículo"";1;""Colisão traseira"";""Com Vítimas Feridas"";""Pleno dia"";""Crescente"";""Céu Claro"";""Dupla"";""Reta"";""Sim"";326410;""Automóvel"";""VW/POLO 1.6"";2007;""Condutor"";""Ileso"";38;""Masculino"";1;0;0;0;-27",6001;-48,"6225;""SR-SC"";""DEL8/1"";""UOP01/SC""",
"183561;404492;2019-01-05;""sábado"";""13:00:00"";""SC"";101;206;""SAO JOSE"";""Sim"";""Defeito Mecânico no Veículo"";1;""Colisão traseira"";""Com Vítimas Feridas"";""Pleno dia"";""Crescente"";""Céu Claro"";""Dupla"";""Reta"";""Sim"";326409;""Automóvel"";""FIAT/SIENA FIRE FLEX"";2009;""Condutor"";""Ileso"";31;""Feminino"";1;0;0;0;-27",6001;-48,"6225;""SR-SC"";""DEL8/1"";""UOP01/SC""",
"183561;404483;2019-01-05;""sábado"";""13:00:00"";""SC"";101;206;""SAO JOSE"";""Sim"";""Defeito Mecânico no Veículo"";1;""Colisão traseira"";""Com Vítimas Feridas"";""Pleno dia"";""Crescente"";""Céu Claro"";""Dupla"";""Reta"";""Sim"";326408;""Utilitário"";""I/MMC OUTLANDER 2.0"";2013;""Condutor"";""Ileso"";36;""Masculino"";1;0;0;0;-27",6001;-48,"6225;""SR-SC"";""DEL8/1"";""UOP01/SC""",
"183562;404537;2019-01-05;""sábado"";""11:30:00"";""DF"";20;21;""BRASILIA"";""Sim"";""Velocidade Incompatível"";2;""Tombamento"";""Com Vítimas Feridas"";""Pleno dia"";""Crescente"";""Chuva"";""Dupla"";""Não Informado"";""Não"";326453;""Caminhão"";""VW/10.160 DRC 4X2"";2015;""Condutor"";""Lesões Leves"";NA;""Masculino"";0;1;0;0;-15",603384;-47,"684692;""SR-DF"";""UOP01/DEL02/DF"";""""",
"183562;404537;2019-01-05;""sábado"";""11:30:00"";""DF"";20;21;""BRASILIA"";""Sim"";""Velocidade Incompatível"";1;""Saída de leito carroçável"";""Com Vítimas Feridas"";""Pleno dia"";""Crescente"";""Chuva"";""Dupla"";""Não Informado"";""Não"";326453;""Caminhão"";""VW/10.160 DRC 4X2"";2015;""Condutor"";""Lesões Leves"";NA;""Masculino"";0;1;0;0;-15",603384;-47,"684692;""SR-DF"";""UOP01/DEL02/DF"";""""",
"183564;404736;2019-01-05;""sábado"";""12:20:00"";""AL"";104;88","9;""RIO LARGO"";""Sim"";""Falta de Atenção do Pedestre"";1;""Atropelamento de Pedestre"";""Com Vítimas Feridas"";""Pleno dia"";""Crescente"";""Céu Claro"";""Dupla"";""Reta"";""Sim"";326449;""Motocicleta"";""HONDA/XRE 190"";2016;""Condutor"";""Lesões Graves"";36;""Masculino"";0;0;1;0;-9",48139219;-35,"8192277;""SR-AL"";""DEL13/1"";""UOP01/AL"""
"183564;404772;2019-01-05;""sábado"";""12:20:00"";""AL"";104;88","9;""RIO LARGO"";""Sim"";""Falta de Atenção do Pedestre"";1;""Atropelamento de Pedestre"";""Com Vítimas Feridas"";""Pleno dia"";""Crescente"";""Céu Claro"";""Dupla"";""Reta"";""Sim"";326449;""Motocicleta"";""HONDA/XRE 190"";2016;""Pedestre"";""Lesões Graves"";NA;""Feminino"";0;0;1;0;-9",48139219;-35,"8192277;""SR-AL"";""DEL13/1"";""UOP01/AL"""
"183564;404772;2019-01-05;""sábado"";""12:20:00"";""AL"";104;88","9;""RIO LARGO"";""Sim"";""Falta de Atenção do Pedestre"";1;""Atropelamento de Pedestre"";""Com Vítimas Feridas"";""Pleno dia"";""Crescente"";""Céu Claro"";""Dupla"";""Reta"";""Sim"";326609;""Micro-ônibus"";"""";NA;""Pedestre"";""Lesões Graves"";NA;""Feminino"";0;0;1;0;-9",48139219;-35,"8192277;""SR-AL"";""DEL13/1"";""UOP01/AL"""
"183564;404753;2019-01-05;""sábado"";""12:20:00"";""AL"";104;88","9;""RIO LARGO"";""Sim"";""Falta de Atenção do Pedestre"";1;""Atropelamento de Pedestre"";""Com Vítimas Feridas"";""Pleno dia"";""Crescente"";""Céu Claro"";""Dupla"";""Reta"";""Sim"";326609;""Micro-ônibus"";"""";NA;""Condutor"";""Não Informado"";NA;""Não Informado"";0;0;0;0;-9",48139219;-35,"8192277;""SR-AL"";""DEL13/1"";""UOP01/AL"""
"183565;406294;2019-01-05;""sábado"";""11:30:00"";""PR"";116;23;""ANTONINA"";""Sim"";""Velocidade Incompatível"";1;""Capotamento"";""Com Vítimas Feridas"";""Pleno dia"";""Decrescente"";""Chuva"";""Dupla"";""Curva"";""Não"";326473;""Automóvel"";""GM/CORSA SEDAN MAXX"";2008;""Condutor"";""Lesões Leves"";53;""Masculino"";0;1;0;0;-25",110476;-48,"75592;""SR-PR"";""DEL7/1"";""UOP02/PR""",
"183566;404443;2019-01-05;""sábado"";""13:20:00"";""SC"";282;4;""FLORIANOPOLIS"";""Sim"";""Falta de Atenção à Condução"";2;""Tombamento"";""Com Vítimas Feridas"";""Pleno dia"";""Crescente"";""Nublado"";""Dupla"";""Reta"";""Sim"";326381;""Motocicleta"";""HONDA/CG 150 FAN ESI"";2012;""Condutor"";""Lesões Leves"";27;""Masculino"";0;1;0;0;-27",592646;-48,"604034;""SR-SC"";""DEL8/1"";""UOP01/SC""",
"183566;404443;2019-01-05;""sábado"";""13:20:00"";""SC"";282;4;""FLORIANOPOLIS"";""Sim"";""Falta de Atenção à Condução"";1;""Colisão lateral"";""Com Vítimas Feridas"";""Pleno dia"";""Crescente"";""Nublado"";""Dupla"";""Reta"";""Sim"";326381;""Motocicleta"";""HONDA/CG 150 FAN ESI"";2012;""Condutor"";""Lesões Leves"";27;""Masculino"";0;1;0;0;-27",592646;-48,"604034;""SR-SC"";""DEL8/1"";""UOP01/SC""",
"183566;404441;2019-01-05;""sábado"";""13:20:00"";""SC"";282;4;""FLORIANOPOLIS"";""Sim"";""Falta de Atenção à Condução"";2;""Tombamento"";""Com Vítimas Feridas"";""Pleno dia"";""Crescente"";""Nublado"";""Dupla"";""Reta"";""Sim"";326380;""Automóvel"";""VW/UP MOVE MA"";2014;""Condutor"";""Ileso"";28;""Masculino"";1;0;0;0;-27",592646;-48,"604034;""SR-SC"";""DEL8/1"";""UOP01/SC""",
"183566;404441;2019-01-05;""sábado"";""13:20:00"";""SC"";282;4;""FLORIANOPOLIS"";""Sim"";""Falta de Atenção à Condução"";1;""Colisão lateral"";""Com Vítimas Feridas"";""Pleno dia"";""Crescente"";""Nublado"";""Dupla"";""Reta"";""Sim"";326380;""Automóvel"";""VW/UP MOVE MA"";2014;""Condutor"";""Ileso"";28;""Masculino"";1;0;0;0;-27",592646;-48,"604034;""SR-SC"";""DEL8/1"";""UOP01/SC""",
"183567;404404;2019-01-05;""sábado"";""11:40:00"";""MG"";262;400","1;""PARA DE MINAS"";""Sim"";""Pista Escorregadia"";1;""Tombamento"";""Com Vítimas Feridas"";""Pleno dia"";""Decrescente"";""Céu Claro"";""Simples"";""Não Informado"";""Sim"";326378;""Motocicleta"";""HONDA/XRE 300"";2009;""Condutor"";""Lesões Leves"";44;""Masculino"";0;1;0;0;-19",8819;-44,"6125;""SR-MG"";""DEL4/1"";""UOP03/MG"""