"id;""pesid"";""data_inversa"";""dia_semana"";""horario"";""uf"";""br"";""km"";""municipio"";""causa_principal"";""causa_acidente"";""ordem_tipo_acidente"";""tipo_acidente"";""classificacao_acidente"";""fase_dia"";""sentido_via"";""condicao_metereologica"";""tipo_pista"";""tracado_via"";""uso_solo"";""id_veiculo"";""tipo_veiculo"";""marca"";""ano_fabricacao_veiculo"";""tipo_envolvido"";""estado_fisico"";""idade"";""sexo"";""ilesos"";""feridos_leves"";""feridos_graves"";""mortos"";""latitude"";""longitude"";""regional"";""delegacia"";""uop""",,,
"183568;NA;2019-01-05;""sábado"";""13:13:00"";""PR"";163;326;""GUAIRA"";""Sim"";""Ultrapassagem Indevida"";1;""Colisão lateral"";""Com Vítimas Feridas"";""Pleno dia"";""Decrescente"";""Céu Claro"";""Simples"";""Reta"";""Não"";326422;""Semireboque"";""SR/GUERRA AG GR"";2008;""Não Informado"";""Não Informado"";NA;""Não Informado"";0;0;0;0;-24",2709;-54,"1799;""SR-PR"";""DEL7/6"";""UOP01/PR""",
"183568;NA;2019-01-05;""sábado"";""13:13:00"";""PR"";163;326;""GUAIRA"";""Sim"";""Ultrapassagem Indevida"";1;""Colisão lateral"";""Com Vítimas Feridas"";""Pleno dia"";""Decrescente"";""Céu Claro"";""Simples"";""Reta"";""Não"";326427;""Semireboque"";""SR/GUERRA AG GR"";2008;""Não Informado"";""Não Informado"";NA;""Não Informado"";0;0;0;0;-24",2709;-54,"1799;""SR-PR"";""DEL7/6"";""UOP01/PR""",
"183568;404499;2019-01-05;""sábado"";""13:13:00"";""PR"";163;326;""GUAIRA"";""Sim"";""Ultrapassagem Indevida"";1;""Colisão lateral"";""Com Vítimas Feridas"";""Pleno dia"";""Decrescente"";""Céu Claro"";""Simples"";""Reta"";""Não"";326399;""Automóvel"";""FIAT/SIENA ATTRACTIV 1.4"";2014;""Passageiro"";""Lesões Leves"";22;""Feminino"";0;1;0;0;-24",2709;-54,"1799;""SR-PR"";""DEL7/6"";""UOP01/PR""",
"183568;404502;2019-01-05;""sábado"";""13:13:00"";""PR"";163;326;""GUAIRA"";""Sim"";""Ultrapassagem Indevida"";1;""Colisão lateral"";""Com Vítimas Feridas"";""Pleno dia"";""Decrescente"";""Céu Claro"";""Simples"";""Reta"";""Não"";326399;""Automóvel"";""FIAT/SIENA ATTRACTIV 1.4"";2014;""Passageiro"";""Ileso"";54;""Feminino"";1;0;0;0;-24",2709;-54,"1799;""SR-PR"";""DEL7/6"";""UOP01/PR""",
"183568;404490;2019-01-05;""sábado"";""13:13:00"";""PR"";163;326;""GUAIRA"";""Sim"";""Ultrapassagem Indevida"";1;""Colisão lateral"";""Com Vítimas Feridas"";""Pleno dia"";""Decrescente"";""Céu Claro"";""Simples"";""Reta"";""Não"";326399;""Automóvel"";""FIAT/SIENA ATTRACTIV 1.4"";2014;""Condutor"";""Ileso"";25;""Masculino"";1;0;0;0;-24",2709;-54,"1799;""SR-PR"";""DEL7/6"";""UOP01/PR""",
"183568;404486;2019-01-05;""sábado"";""13:13:00"";""PR"";163;326;""GUAIRA"";""Sim"";""Ultrapassagem Indevida"";1;""Colisão lateral"";""Com Vítimas Feridas"";""Pleno dia"";""Decrescente"";""Céu Claro"";""Simples"";""Reta"";""Não"";326398;""Caminhão-trator"";""INTERNATIONAL/9800I 6X4"";2011;""Condutor"";""Ileso"";55;""Masculino"";1;0;0;0;-24",2709;-54,"1799;""SR-PR"";""DEL7/6"";""UOP01/PR""",
"183569;404597;2019-01-05;""sábado"";""14:00:00"";""SC"";101;206","8;""SAO JOSE"";""Sim"";""Não guardar distância de segurança"";3;""Queda de ocupante de veículo"";""Com Vítimas Feridas"";""Pleno dia"";""Crescente"";""Nublado"";""Múltipla"";""Reta"";""Sim"";326437;""Motocicleta"";""HONDA/NXR150 BROS KS"";2009;""Condutor"";""Lesões Leves"";20;""Masculino"";0;1;0;0;-27",6001;-48,"6225;""SR-SC"";""DEL8/1"";""UOP01/SC"""
"183569;404597;2019-01-05;""sábado"";""14:00:00"";""SC"";101;206","8;""SAO JOSE"";""Sim"";""Não guardar distância de segurança"";2;""Tombamento"";""Com Vítimas Feridas"";""Pleno dia"";""Crescente"";""Nublado"";""Múltipla"";""Reta"";""Sim"";326437;""Motocicleta"";""HONDA/NXR150 BROS KS"";2009;""Condutor"";""Lesões Leves"";20;""Masculino"";0;1;0;0;-27",6001;-48,"6225;""SR-SC"";""DEL8/1"";""UOP01/SC"""
"183569;404597;2019-01-05;""sábado"";""14:00:00"";""SC"";101;206","8;""SAO JOSE"";""Sim"";""Não guardar distância de segurança"";1;""Colisão lateral"";""Com Vítimas Feridas"";""Pleno dia"";""Crescente"";""Nublado"";""Múltipla"";""Reta"";""Sim"";326437;""Motocicleta"";""HONDA/NXR150 BROS KS"";2009;""Condutor"";""Lesões Leves"";20;""Masculino"";0;1;0;0;-27",6001;-48,"6225;""SR-SC"";""DEL8/1"";""UOP01/SC"""
"183569;404590;2019-01-05;""sábado"";""14:00:00"";""SC"";101;206","8;""SAO JOSE"";""Sim"";""Não guardar distância de segurança"";3;""Queda de ocupante de veículo"";""Com Vítimas Feridas"";""Pleno dia"";""Crescente"";""Nublado"";""Múltipla"";""Reta"";""Sim"";326436;""Caminhonete"";""FIAT/DOBLO CARGO FLEX"";2006;""Condutor"";""Ileso"";59;""Masculino"";1;0;0;0;-27",6001;-48,"6225;""SR-SC"";""DEL8/1"";""UOP01/SC"""
"183569;404590;2019-01-05;""sábado"";""14:00:00"";""SC"";101;206","8;""SAO JOSE"";""Sim"";""Não guardar distância de segurança"";2;""Tombamento"";""Com Vítimas Feridas"";""Pleno dia"";""Crescente"";""Nublado"";""Múltipla"";""Reta"";""Sim"";326436;""Caminhonete"";""FIAT/DOBLO CARGO FLEX"";2006;""Condutor"";""Ileso"";59;""Masculino"";1;0;0;0;-27",6001;-48,"6225;""SR-SC"";""DEL8/1"";""UOP01/SC"""
"183569;404590;2019-01-05;""sábado"";""14:00:00"";""SC"";101;206","8;""SAO JOSE"";""Sim"";""Não guardar distância de segurança"";1;""Colisão lateral"";""Com Vítimas Feridas"";""Pleno dia"";""Crescente"";""Nublado"";""Múltipla"";""Reta"";""Sim"";326436;""Caminhonete"";""FIAT/DOBLO CARGO FLEX"";2006;""Condutor"";""Ileso"";59;""Masculino"";1;0;0;0;-27",6001;-48,"6225;""SR-SC"";""DEL8/1"";""UOP01/SC"""
"183570;404778;2019-01-05;""sábado"";""13:00:00"";""MG"";381;729","9;""CARMO DA CACHOEIRA"";""Sim"";""Pista Escorregadia"";2;""Capotamento"";""Com Vítimas Feridas"";""Pleno dia"";""Decrescente"";""Chuva"";""Dupla"";""Curva"";""Não"";326578;""Automóvel"";""FIAT/SIENA FIRE FLEX"";2006;""Passageiro"";""Lesões Leves"";10;""Feminino"";0;1;0;0;-21",503;-45,"215;""SR-MG"";""DEL4/4"";""UOP02/MG"""
"183570;404778;2019-01-05;""sábado"";""13:00:00"";""MG"";381;729","9;""CARMO DA CACHOEIRA"";""Sim"";""Pista Escorregadia"";1;""Saída de leito carroçável"";""Com Vítimas Feridas"";""Pleno dia"";""Decrescente"";""Chuva"";""Dupla"";""Curva"";""Não"";326578;""Automóvel"";""FIAT/SIENA FIRE FLEX"";2006;""Passageiro"";""Lesões Leves"";10;""Feminino"";0;1;0;0;-21",503;-45,"215;""SR-MG"";""DEL4/4"";""UOP02/MG"""
"183570;404779;2019-01-05;""sábado"";""13:00:00"";""MG"";381;729","9;""CARMO DA CACHOEIRA"";""Sim"";""Pista Escorregadia"";2;""Capotamento"";""Com Vítimas Feridas"";""Pleno dia"";""Decrescente"";""Chuva"";""Dupla"";""Curva"";""Não"";326578;""Automóvel"";""FIAT/SIENA FIRE FLEX"";2006;""Passageiro"";""Lesões Leves"";50;""Feminino"";0;1;0;0;-21",503;-45,"215;""SR-MG"";""DEL4/4"";""UOP02/MG"""
"183570;404779;2019-01-05;""sábado"";""13:00:00"";""MG"";381;729","9;""CARMO DA CACHOEIRA"";""Sim"";""Pista Escorregadia"";1;""Saída de leito carroçável"";""Com Vítimas Feridas"";""Pleno dia"";""Decrescente"";""Chuva"";""Dupla"";""Curva"";""Não"";326578;""Automóvel"";""FIAT/SIENA FIRE FLEX"";2006;""Passageiro"";""Lesões Leves"";50;""Feminino"";0;1;0;0;-21",503;-45,"215;""SR-MG"";""DEL4/4"";""UOP02/MG"""
"183570;404776;2019-01-05;""sábado"";""13:00:00"";""MG"";381;729","9;""CARMO DA CACHOEIRA"";""Sim"";""Pista Escorregadia"";2;""Capotamento"";""Com Vítimas Feridas"";""Pleno dia"";""Decrescente"";""Chuva"";""Dupla"";""Curva"";""Não"";326578;""Automóvel"";""FIAT/SIENA FIRE FLEX"";2006;""Condutor"";""Ileso"";55;""Masculino"";1;0;0;0;-21",503;-45,"215;""SR-MG"";""DEL4/4"";""UOP02/MG"""
"183570;404776;2019-01-05;""sábado"";""13:00:00"";""MG"";381;729","9;""CARMO DA CACHOEIRA"";""Sim"";""Pista Escorregadia"";1;""Saída de leito carroçável"";""Com Vítimas Feridas"";""Pleno dia"";""Decrescente"";""Chuva"";""Dupla"";""Curva"";""Não"";326578;""Automóvel"";""FIAT/SIENA FIRE FLEX"";2006;""Condutor"";""Ileso"";55;""Masculino"";1;0;0;0;-21",503;-45,"215;""SR-MG"";""DEL4/4"";""UOP02/MG"""
"183571;406287;2019-01-05;""sábado"";""13:40:00"";""MG"";381;820","9;""CAREACU"";""Sim"";""Ingestão de Álcool"";1;""Colisão transversal"";""Com Vítimas Feridas"";""Pleno dia"";""Crescente"";""Chuva"";""Dupla"";""Não Informado"";""Não"";326480;""Automóvel"";""VW/GOL 1.0"";2005;""Passageiro"";""Lesões Leves"";36;""Feminino"";0;1;0;0;-22",07583716;-45,"70222378;""SR-MG"";""DEL09"";""UOP02/MG"""
"183571;406287;2019-01-05;""sábado"";""13:40:00"";""MG"";381;820","9;""CAREACU"";""Não"";""Desobediência às normas de trânsito pelo condutor"";1;""Colisão transversal"";""Com Vítimas Feridas"";""Pleno dia"";""Crescente"";""Chuva"";""Dupla"";""Não Informado"";""Não"";326480;""Automóvel"";""VW/GOL 1.0"";2005;""Passageiro"";""Lesões Leves"";36;""Feminino"";0;1;0;0;-22",07583716;-45,"70222378;""SR-MG"";""DEL09"";""UOP02/MG"""
"183571;406290;2019-01-05;""sábado"";""13:40:00"";""MG"";381;820","9;""CAREACU"";""Sim"";""Ingestão de Álcool"";1;""Colisão transversal"";""Com Vítimas Feridas"";""Pleno dia"";""Crescente"";""Chuva"";""Dupla"";""Não Informado"";""Não"";326480;""Automóvel"";""VW/GOL 1.0"";2005;""Passageiro"";""Lesões Leves"";11;""Feminino"";0;1;0;0;-22",07583716;-45,"70222378;""SR-MG"";""DEL09"";""UOP02/MG"""
"183571;406290;2019-01-05;""sábado"";""13:40:00"";""MG"";381;820","9;""CAREACU"";""Não"";""Desobediência às normas de trânsito pelo condutor"";1;""Colisão transversal"";""Com Vítimas Feridas"";""Pleno dia"";""Crescente"";""Chuva"";""Dupla"";""Não Informado"";""Não"";326480;""Automóvel"";""VW/GOL 1.0"";2005;""Passageiro"";""Lesões Leves"";11;""Feminino"";0;1;0;0;-22",07583716;-45,"70222378;""SR-MG"";""DEL09"";""UOP02/MG"""
"183571;406289;2019-01-05;""sábado"";""13:40:00"";""MG"";381;820","9;""CAREACU"";""Sim"";""Ingestão de Álcool"";1;""Colisão transversal"";""Com Vítimas Feridas"";""Pleno dia"";""Crescente"";""Chuva"";""Dupla"";""Não Informado"";""Não"";326480;""Automóvel"";""VW/GOL 1.0"";2005;""Passageiro"";""Lesões Leves"";1;""Feminino"";0;1;0;0;-22",07583716;-45,"70222378;""SR-MG"";""DEL09"";""UOP02/MG"""
"183571;406289;2019-01-05;""sábado"";""13:40:00"";""MG"";381;820","9;""CAREACU"";""Não"";""Desobediência às normas de trânsito pelo condutor"";1;""Colisão transversal"";""Com Vítimas Feridas"";""Pleno dia"";""Crescente"";""Chuva"";""Dupla"";""Não Informado"";""Não"";326480;""Automóvel"";""VW/GOL 1.0"";2005;""Passageiro"";""Lesões Leves"";1;""Feminino"";0;1;0;0;-22",07583716;-45,"70222378;""SR-MG"";""DEL09"";""UOP02/MG"""
"183571;406292;2019-01-05;""sábado"";""13:40:00"";""MG"";381;820","9;""CAREACU"";""Sim"";""Ingestão de Álcool"";1;""Colisão transversal"";""Com Vítimas Feridas"";""Pleno dia"";""Crescente"";""Chuva"";""Dupla"";""Não Informado"";""Não"";327627;""Automóvel"";""FIAT/PALIO EDX"";1997;""Condutor"";""Lesões Leves"";NA;""Masculino"";0;1;0;0;-22",07583716;-45,"70222378;""SR-MG"";""DEL09"";""UOP02/MG"""
"183571;406292;2019-01-05;""sábado"";""13:40:00"";""MG"";381;820","9;""CAREACU"";""Não"";""Desobediência às normas de trânsito pelo condutor"";1;""Colisão transversal"";""Com Vítimas Feridas"";""Pleno dia"";""Crescente"";""Chuva"";""Dupla"";""Não Informado"";""Não"";327627;""Automóvel"";""FIAT/PALIO EDX"";1997;""Condutor"";""Lesões Leves"";NA;""Masculino"";0;1;0;0;-22",07583716;-45,"70222378;""SR-MG"";""DEL09"";""UOP02/MG"""
"183571;406288;2019-01-05;""sábado"";""13:40:00"";""MG"";381;820","9;""CAREACU"";""Sim"";""Ingestão de Álcool"";1;""Colisão transversal"";""Com Vítimas Feridas"";""Pleno dia"";""Crescente"";""Chuva"";""Dupla"";""Não Informado"";""Não"";326480;""Automóvel"";""VW/GOL 1.0"";2005;""Passageiro"";""Lesões Leves"";8;""Masculino"";0;1;0;0;-22",07583716;-45,"70222378;""SR-MG"";""DEL09"";""UOP02/MG"""
"183571;406288;2019-01-05;""sábado"";""13:40:00"";""MG"";381;820","9;""CAREACU"";""Não"";""Desobediência às normas de trânsito pelo condutor"";1;""Colisão transversal"";""Com Vítimas Feridas"";""Pleno dia"";""Crescente"";""Chuva"";""Dupla"";""Não Informado"";""Não"";326480;""Automóvel"";""VW/GOL 1.0"";2005;""Passageiro"";""Lesões Leves"";8;""Masculino"";0;1;0;0;-22",07583716;-45,"70222378;""SR-MG"";""DEL09"";""UOP02/MG"""
"183571;406282;2019-01-05;""sábado"";""13:40:00"";""MG"";381;820","9;""CAREACU"";""Sim"";""Ingestão de Álcool"";1;""Colisão transversal"";""Com Vítimas Feridas"";""Pleno dia"";""Crescente"";""Chuva"";""Dupla"";""Não Informado"";""Não"";326480;""Automóvel"";""VW/GOL 1.0"";2005;""Condutor"";""Lesões Leves"";44;""Masculino"";0;1;0;0;-22",07583716;-45,"70222378;""SR-MG"";""DEL09"";""UOP02/MG"""
"183571;406282;2019-01-05;""sábado"";""13:40:00"";""MG"";381;820","9;""CAREACU"";""Não"";""Desobediência às normas de trânsito pelo condutor"";1;""Colisão transversal"";""Com Vítimas Feridas"";""Pleno dia"";""Crescente"";""Chuva"";""Dupla"";""Não Informado"";""Não"";326480;""Automóvel"";""VW/GOL 1.0"";2005;""Condutor"";""Lesões Leves"";44;""Masculino"";0;1;0;0;-22",07583716;-45,"70222378;""SR-MG"";""DEL09"";""UOP02/MG"""
"183572;404611;2019-01-05;""sábado"";""12:00:00"";""PR"";277;233","1;""FERNANDES PINHEIRO"";""Sim"";""Falta de Atenção à Condução"";3;""Queda de ocupante de veículo"";""Com Vítimas Feridas"";""Pleno dia"";""Decrescente"";""Nublado"";""Simples"";""Retorno Regulamentado"";""Não"";326372;""Motocicleta"";""HONDA/VT600C SHADOW"";2001;""Condutor"";""Lesões Graves"";60;""Masculino"";0;0;1;0;-25",46436244;-50,"56858854;""SR-PR"";""DEL7/3"";""UOP04/PR"""
"183572;404611;2019-01-05;""sábado"";""12:00:00"";""PR"";277;233","1;""FERNANDES PINHEIRO"";""Não"";""Velocidade Incompatível"";3;""Queda de ocupante de veículo"";""Com Vítimas Feridas"";""Pleno dia"";""Decrescente"";""Nublado"";""Simples"";""Retorno Regulamentado"";""Não"";326372;""Motocicleta"";""HONDA/VT600C SHADOW"";2001;""Condutor"";""Lesões Graves"";60;""Masculino"";0;0;1;0;-25",46436244;-50,"56858854;""SR-PR"";""DEL7/3"";""UOP04/PR"""
"183572;404611;2019-01-05;""sábado"";""12:00:00"";""PR"";277;233","1;""FERNANDES PINHEIRO"";""Não"";""Não guardar distância de segurança"";3;""Queda de ocupante de veículo"";""Com Vítimas Feridas"";""Pleno dia"";""Decrescente"";""Nublado"";""Simples"";""Retorno Regulamentado"";""Não"";326372;""Motocicleta"";""HONDA/VT600C SHADOW"";2001;""Condutor"";""Lesões Graves"";60;""Masculino"";0;0;1;0;-25",46436244;-50,"56858854;""SR-PR"";""DEL7/3"";""UOP04/PR"""
"183572;404611;2019-01-05;""sábado"";""12:00:00"";""PR"";277;233","1;""FERNANDES PINHEIRO"";""Sim"";""Falta de Atenção à Condução"";2;""Tombamento"";""Com Vítimas Feridas"";""Pleno dia"";""Decrescente"";""Nublado"";""Simples"";""Retorno Regulamentado"";""Não"";326372;""Motocicleta"";""HONDA/VT600C SHADOW"";2001;""Condutor"";""Lesões Graves"";60;""Masculino"";0;0;1;0;-25",46436244;-50,"56858854;""SR-PR"";""DEL7/3"";""UOP04/PR"""
"183572;404611;2019-01-05;""sábado"";""12:00:00"";""PR"";277;233","1;""FERNANDES PINHEIRO"";""Não"";""Velocidade Incompatível"";2;""Tombamento"";""Com Vítimas Feridas"";""Pleno dia"";""Decrescente"";""Nublado"";""Simples"";""Retorno Regulamentado"";""Não"";326372;""Motocicleta"";""HONDA/VT600C SHADOW"";2001;""Condutor"";""Lesões Graves"";60;""Masculino"";0;0;1;0;-25",46436244;-50,"56858854;""SR-PR"";""DEL7/3"";""UOP04/PR"""
"183572;404611;2019-01-05;""sábado"";""12:00:00"";""PR"";277;233","1;""FERNANDES PINHEIRO"";""Não"";""Não guardar distância de segurança"";2;""Tombamento"";""Com Vítimas Feridas"";""Pleno dia"";""Decrescente"";""Nublado"";""Simples"";""Retorno Regulamentado"";""Não"";326372;""Motocicleta"";""HONDA/VT600C SHADOW"";2001;""Condutor"";""Lesões Graves"";60;""Masculino"";0;0;1;0;-25",46436244;-50,"56858854;""SR-PR"";""DEL7/3"";""UOP04/PR"""
"183572;404611;2019-01-05;""sábado"";""12:00:00"";""PR"";277;233","1;""FERNANDES PINHEIRO"";""Sim"";""Falta de Atenção à Condução"";1;""Colisão traseira"";""Com Vítimas Feridas"";""Pleno dia"";""Decrescente"";""Nublado"";""Simples"";""Retorno Regulamentado"";""Não"";326372;""Motocicleta"";""HONDA/VT600C SHADOW"";2001;""Condutor"";""Lesões Graves"";60;""Masculino"";0;0;1;0;-25",46436244;-50,"56858854;""SR-PR"";""DEL7/3"";""UOP04/PR"""
"183572;404611;2019-01-05;""sábado"";""12:00:00"";""PR"";277;233","1;""FERNANDES PINHEIRO"";""Não"";""Velocidade Incompatível"";1;""Colisão traseira"";""Com Vítimas Feridas"";""Pleno dia"";""Decrescente"";""Nublado"";""Simples"";""Retorno Regulamentado"";""Não"";326372;""Motocicleta"";""HONDA/VT600C SHADOW"";2001;""Condutor"";""Lesões Graves"";60;""Masculino"";0;0;1;0;-25",46436244;-50,"56858854;""SR-PR"";""DEL7/3"";""UOP04/PR"""
"183572;404611;2019-01-05;""sábado"";""12:00:00"";""PR"";277;233","1;""FERNANDES PINHEIRO"";""Não"";""Não guardar distância de segurança"";1;""Colisão traseira"";""Com Vítimas Feridas"";""Pleno dia"";""Decrescente"";""Nublado"";""Simples"";""Retorno Regulamentado"";""Não"";326372;""Motocicleta"";""HONDA/VT600C SHADOW"";2001;""Condutor"";""Lesões Graves"";60;""Masculino"";0;0;1;0;-25",46436244;-50,"56858854;""SR-PR"";""DEL7/3"";""UOP04/PR"""
"183572;404612;2019-01-05;""sábado"";""12:00:00"";""PR"";277;233","1;""FERNANDES PINHEIRO"";""Sim"";""Falta de Atenção à Condução"";3;""Queda de ocupante de veículo"";""Com Vítimas Feridas"";""Pleno dia"";""Decrescente"";""Nublado"";""Simples"";""Retorno Regulamentado"";""Não"";326373;""Automóvel"";""HONDA/CITY LX FLEX"";2014;""Condutor"";""Ileso"";46;""Masculino"";1;0;0;0;-25",46436244;-50,"56858854;""SR-PR"";""DEL7/3"";""UOP04/PR"""
"183572;404612;2019-01-05;""sábado"";""12:00:00"";""PR"";277;233","1;""FERNANDES PINHEIRO"";""Não"";""Velocidade Incompatível"";3;""Queda de ocupante de veículo"";""Com Vítimas Feridas"";""Pleno dia"";""Decrescente"";""Nublado"";""Simples"";""Retorno Regulamentado"";""Não"";326373;""Automóvel"";""HONDA/CITY LX FLEX"";2014;""Condutor"";""Ileso"";46;""Masculino"";1;0;0;0;-25",46436244;-50,"56858854;""SR-PR"";""DEL7/3"";""UOP04/PR"""
"183572;404612;2019-01-05;""sábado"";""12:00:00"";""PR"";277;233","1;""FERNANDES PINHEIRO"";""Não"";""Não guardar distância de segurança"";3;""Queda de ocupante de veículo"";""Com Vítimas Feridas"";""Pleno dia"";""Decrescente"";""Nublado"";""Simples"";""Retorno Regulamentado"";""Não"";326373;""Automóvel"";""HONDA/CITY LX FLEX"";2014;""Condutor"";""Ileso"";46;""Masculino"";1;0;0;0;-25",46436244;-50,"56858854;""SR-PR"";""DEL7/3"";""UOP04/PR"""
"183572;404612;2019-01-05;""sábado"";""12:00:00"";""PR"";277;233","1;""FERNANDES PINHEIRO"";""Sim"";""Falta de Atenção à Condução"";2;""Tombamento"";""Com Vítimas Feridas"";""Pleno dia"";""Decrescente"";""Nublado"";""Simples"";""Retorno Regulamentado"";""Não"";326373;""Automóvel"";""HONDA/CITY LX FLEX"";2014;""Condutor"";""Ileso"";46;""Masculino"";1;0;0;0;-25",46436244;-50,"56858854;""SR-PR"";""DEL7/3"";""UOP04/PR"""
"183572;404612;2019-01-05;""sábado"";""12:00:00"";""PR"";277;233","1;""FERNANDES PINHEIRO"";""Não"";""Velocidade Incompatível"";2;""Tombamento"";""Com Vítimas Feridas"";""Pleno dia"";""Decrescente"";""Nublado"";""Simples"";""Retorno Regulamentado"";""Não"";326373;""Automóvel"";""HONDA/CITY LX FLEX"";2014;""Condutor"";""Ileso"";46;""Masculino"";1;0;0;0;-25",46436244;-50,"56858854;""SR-PR"";""DEL7/3"";""UOP04/PR"""
"183572;404612;2019-01-05;""sábado"";""12:00:00"";""PR"";277;233","1;""FERNANDES PINHEIRO"";""Não"";""Não guardar distância de segurança"";2;""Tombamento"";""Com Vítimas Feridas"";""Pleno dia"";""Decrescente"";""Nublado"";""Simples"";""Retorno Regulamentado"";""Não"";326373;""Automóvel"";""HONDA/CITY LX FLEX"";2014;""Condutor"";""Ileso"";46;""Masculino"";1;0;0;0;-25",46436244;-50,"56858854;""SR-PR"";""DEL7/3"";""UOP04/PR"""
"183572;404612;2019-01-05;""sábado"";""12:00:00"";""PR"";277;233","1;""FERNANDES PINHEIRO"";""Sim"";""Falta de Atenção à Condução"";1;""Colisão traseira"";""Com Vítimas Feridas"";""Pleno dia"";""Decrescente"";""Nublado"";""Simples"";""Retorno Regulamentado"";""Não"";326373;""Automóvel"";""HONDA/CITY LX FLEX"";2014;""Condutor"";""Ileso"";46;""Masculino"";1;0;0;0;-25",46436244;-50,"56858854;""SR-PR"";""DEL7/3"";""UOP04/PR"""
"183572;404612;2019-01-05;""sábado"";""12:00:00"";""PR"";277;233","1;""FERNANDES PINHEIRO"";""Não"";""Velocidade Incompatível"";1;""Colisão traseira"";""Com Vítimas Feridas"";""Pleno dia"";""Decrescente"";""Nublado"";""Simples"";""Retorno Regulamentado"";""Não"";326373;""Automóvel"";""HONDA/CITY LX FLEX"";2014;""Condutor"";""Ileso"";46;""Masculino"";1;0;0;0;-25",46436244;-50,"56858854;""SR-PR"";""DEL7/3"";""UOP04/PR"""
"183572;404612;2019-01-05;""sábado"";""12:00:00"";""PR"";277;233","1;""FERNANDES PINHEIRO"";""Não"";""Não guardar distância de segurança"";1;""Colisão traseira"";""Com Vítimas Feridas"";""Pleno dia"";""Decrescente"";""Nublado"";""Simples"";""Retorno Regulamentado"";""Não"";326373;""Automóvel"";""HONDA/CITY LX FLEX"";2014;""Condutor"";""Ileso"";46;""Masculino"";1;0;0;0;-25",46436244;-50,"56858854;""SR-PR"";""DEL7/3"";""UOP04/PR"""
"183572;404614;2019-01-05;""sábado"";""12:00:00"";""PR"";277;233","1;""FERNANDES PINHEIRO"";""Sim"";""Falta de Atenção à Condução"";3;""Queda de ocupante de veículo"";""Com Vítimas Feridas"";""Pleno dia"";""Decrescente"";""Nublado"";""Simples"";""Retorno Regulamentado"";""Não"";326373;""Automóvel"";""HONDA/CITY LX FLEX"";2014;""Passageiro"";""Ileso"";40;""Feminino"";1;0;0;0;-25",46436244;-50,"56858854;""SR-PR"";""DEL7/3"";""UOP04/PR"""
"183572;404614;2019-01-05;""sábado"";""12:00:00"";""PR"";277;233","1;""FERNANDES PINHEIRO"";""Não"";""Velocidade Incompatível"";3;""Queda de ocupante de veículo"";""Com Vítimas Feridas"";""Pleno dia"";""Decrescente"";""Nublado"";""Simples"";""Retorno Regulamentado"";""Não"";326373;""Automóvel"";""HONDA/CITY LX FLEX"";2014;""Passageiro"";""Ileso"";40;""Feminino"";1;0;0;0;-25",46436244;-50,"56858854;""SR-PR"";""DEL7/3"";""UOP04/PR"""
"183572;404614;2019-01-05;""sábado"";""12:00:00"";""PR"";277;233","1;""FERNANDES PINHEIRO"";""Não"";""Não guardar distância de segurança"";3;""Queda de ocupante de veículo"";""Com Vítimas Feridas"";""Pleno dia"";""Decrescente"";""Nublado"";""Simples"";""Retorno Regulamentado"";""Não"";326373;""Automóvel"";""HONDA/CITY LX FLEX"";2014;""Passageiro"";""Ileso"";40;""Feminino"";1;0;0;0;-25",46436244;-50,"56858854;""SR-PR"";""DEL7/3"";""UOP04/PR"""
"183572;404614;2019-01-05;""sábado"";""12:00:00"";""PR"";277;233","1;""FERNANDES PINHEIRO"";""Sim"";""Falta de Atenção à Condução"";2;""Tombamento"";""Com Vítimas Feridas"";""Pleno dia"";""Decrescente"";""Nublado"";""Simples"";""Retorno Regulamentado"";""Não"";326373;""Automóvel"";""HONDA/CITY LX FLEX"";2014;""Passageiro"";""Ileso"";40;""Feminino"";1;0;0;0;-25",46436244;-50,"56858854;""SR-PR"";""DEL7/3"";""UOP04/PR"""
"183572;404614;2019-01-05;""sábado"";""12:00:00"";""PR"";277;233","1;""FERNANDES PINHEIRO"";""Não"";""Velocidade Incompatível"";2;""Tombamento"";""Com Vítimas Feridas"";""Pleno dia"";""Decrescente"";""Nublado"";""Simples"";""Retorno Regulamentado"";""Não"";326373;""Automóvel"";""HONDA/CITY LX FLEX"";2014;""Passageiro"";""Ileso"";40;""Feminino"";1;0;0;0;-25",46436244;-50,"56858854;""SR-PR"";""DEL7/3"";""UOP04/PR"""
"183572;404614;2019-01-05;""sábado"";""12:00:00"";""PR"";277;233","1;""FERNANDES PINHEIRO"";""Não"";""Não guardar distância de segurança"";2;""Tombamento"";""Com Vítimas Feridas"";""Pleno dia"";""Decrescente"";""Nublado"";""Simples"";""Retorno Regulamentado"";""Não"";326373;""Automóvel"";""HONDA/CITY LX FLEX"";2014;""Passageiro"";""Ileso"";40;""Feminino"";1;0;0;0;-25",46436244;-50,"56858854;""SR-PR"";""DEL7/3"";""UOP04/PR"""