"id;""pesid"";""data_inversa"";""dia_semana"";""horario"";""uf"";""br"";""km"";""municipio"";""causa_principal"";""causa_acidente"";""ordem_tipo_acidente"";""tipo_acidente"";""classificacao_acidente"";""fase_dia"";""sentido_via"";""condicao_metereologica"";""tipo_pista"";""tracado_via"";""uso_solo"";""id_veiculo"";""tipo_veiculo"";""marca"";""ano_fabricacao_veiculo"";""tipo_envolvido"";""estado_fisico"";""idade"";""sexo"";""ilesos"";""feridos_leves"";""feridos_graves"";""mortos"";""latitude"";""longitude"";""regional"";""delegacia"";""uop""",,,
"183572;404614;2019-01-05;""sábado"";""12:00:00"";""PR"";277;233","1;""FERNANDES PINHEIRO"";""Sim"";""Falta de Atenção à Condução"";1;""Colisão traseira"";""Com Vítimas Feridas"";""Pleno dia"";""Decrescente"";""Nublado"";""Simples"";""Retorno Regulamentado"";""Não"";326373;""Automóvel"";""HONDA/CITY LX FLEX"";2014;""Passageiro"";""Ileso"";40;""Feminino"";1;0;0;0;-25",46436244;-50,"56858854;""SR-PR"";""DEL7/3"";""UOP04/PR"""
"183572;404614;2019-01-05;""sábado"";""12:00:00"";""PR"";277;233","1;""FERNANDES PINHEIRO"";""Não"";""Velocidade Incompatível"";1;""Colisão traseira"";""Com Vítimas Feridas"";""Pleno dia"";""Decrescente"";""Nublado"";""Simples"";""Retorno Regulamentado"";""Não"";326373;""Automóvel"";""HONDA/CITY LX FLEX"";2014;""Passageiro"";""Ileso"";40;""Feminino"";1;0;0;0;-25",46436244;-50,"56858854;""SR-PR"";""DEL7/3"";""UOP04/PR"""
"183572;404614;2019-01-05;""sábado"";""12:00:00"";""PR"";277;233","1;""FERNANDES PINHEIRO"";""Não"";""Não guardar distância de segurança"";1;""Colisão traseira"";""Com Vítimas Feridas"";""Pleno dia"";""Decrescente"";""Nublado"";""Simples"";""Retorno Regulamentado"";""Não"";326373;""Automóvel"";""HONDA/CITY LX FLEX"";2014;""Passageiro"";""Ileso"";40;""Feminino"";1;0;0;0;-25",46436244;-50,"56858854;""SR-PR"";""DEL7/3"";""UOP04/PR"""
"183574;404410;2019-01-05;""sábado"";""10:10:00"";""RO"";364;430;""JARU"";""Sim"";""Falta de Atenção à Condução"";1;""Colisão lateral"";""Com Vítimas Feridas"";""Pleno dia"";""Decrescente"";""Céu Claro"";""Simples"";""Reta"";""Não"";326376;""Motocicleta"";""HONDA/NXR 160 BROS"";2016;""Condutor"";""Lesões Leves"";20;""Masculino"";0;1;0;0;-10",410982;-62,"510101;""SR-RO"";""DEL21/3"";""UOP02/RO""",
"183574;404397;2019-01-05;""sábado"";""10:10:00"";""RO"";364;430;""JARU"";""Sim"";""Falta de Atenção à Condução"";1;""Colisão lateral"";""Com Vítimas Feridas"";""Pleno dia"";""Decrescente"";""Céu Claro"";""Simples"";""Reta"";""Não"";326375;""Automóvel"";""FIAT/UNO MILLE FIRE FLEX"";2006;""Condutor"";""Ileso"";39;""Masculino"";1;0;0;0;-10",410982;-62,"510101;""SR-RO"";""DEL21/3"";""UOP02/RO""",
"183575;404452;2019-01-05;""sábado"";""14:00:00"";""SC"";101;123","5;""ITAJAI"";""Sim"";""Não guardar distância de segurança"";1;""Colisão traseira"";""Com Vítimas Fatais"";""Pleno dia"";""Decrescente"";""Nublado"";""Dupla"";""Reta"";""Não"";326416;""Motocicleta"";""HONDA/CG 125 FAN JOB KS"";2006;""Condutor"";""Óbito"";43;""Masculino"";0;0;0;1;-26",9434;-48,"6917;""SR-SC"";""DEL8/4"";""UOP04/SC"""
"183575;404647;2019-01-05;""sábado"";""14:00:00"";""SC"";101;123","5;""ITAJAI"";""Sim"";""Não guardar distância de segurança"";1;""Colisão traseira"";""Com Vítimas Fatais"";""Pleno dia"";""Decrescente"";""Nublado"";""Dupla"";""Reta"";""Não"";326417;""Caminhão-trator"";""MAN/TGX 29.480 6X4 T"";2017;""Testemunha"";""Não Informado"";NA;""Não Informado"";0;0;0;0;-26",9434;-48,"6917;""SR-SC"";""DEL8/4"";""UOP04/SC"""
"183575;404647;2019-01-05;""sábado"";""14:00:00"";""SC"";101;123","5;""ITAJAI"";""Sim"";""Não guardar distância de segurança"";1;""Colisão traseira"";""Com Vítimas Fatais"";""Pleno dia"";""Decrescente"";""Nublado"";""Dupla"";""Reta"";""Não"";326416;""Motocicleta"";""HONDA/CG 125 FAN JOB KS"";2006;""Testemunha"";""Não Informado"";NA;""Não Informado"";0;0;0;0;-26",9434;-48,"6917;""SR-SC"";""DEL8/4"";""UOP04/SC"""
"183575;404647;2019-01-05;""sábado"";""14:00:00"";""SC"";101;123","5;""ITAJAI"";""Sim"";""Não guardar distância de segurança"";1;""Colisão traseira"";""Com Vítimas Fatais"";""Pleno dia"";""Decrescente"";""Nublado"";""Dupla"";""Reta"";""Não"";326418;""Semireboque"";""SR/FACCHINI SRF RT"";2007;""Testemunha"";""Não Informado"";NA;""Não Informado"";0;0;0;0;-26",9434;-48,"6917;""SR-SC"";""DEL8/4"";""UOP04/SC"""
"183575;404647;2019-01-05;""sábado"";""14:00:00"";""SC"";101;123","5;""ITAJAI"";""Sim"";""Não guardar distância de segurança"";1;""Colisão traseira"";""Com Vítimas Fatais"";""Pleno dia"";""Decrescente"";""Nublado"";""Dupla"";""Reta"";""Não"";326419;""Semireboque"";""R/FACCHINI RE DL"";2007;""Testemunha"";""Não Informado"";NA;""Não Informado"";0;0;0;0;-26",9434;-48,"6917;""SR-SC"";""DEL8/4"";""UOP04/SC"""
"183575;404647;2019-01-05;""sábado"";""14:00:00"";""SC"";101;123","5;""ITAJAI"";""Sim"";""Não guardar distância de segurança"";1;""Colisão traseira"";""Com Vítimas Fatais"";""Pleno dia"";""Decrescente"";""Nublado"";""Dupla"";""Reta"";""Não"";326420;""Semireboque"";""SR/FACCHINI SRF RT"";2007;""Testemunha"";""Não Informado"";NA;""Não Informado"";0;0;0;0;-26",9434;-48,"6917;""SR-SC"";""DEL8/4"";""UOP04/SC"""
"183575;404456;2019-01-05;""sábado"";""14:00:00"";""SC"";101;123","5;""ITAJAI"";""Sim"";""Não guardar distância de segurança"";1;""Colisão traseira"";""Com Vítimas Fatais"";""Pleno dia"";""Decrescente"";""Nublado"";""Dupla"";""Reta"";""Não"";326417;""Caminhão-trator"";""MAN/TGX 29.480 6X4 T"";2017;""Condutor"";""Ileso"";45;""Masculino"";1;0;0;0;-26",9434;-48,"6917;""SR-SC"";""DEL8/4"";""UOP04/SC"""
"183576;404428;2019-01-05;""sábado"";""12:00:00"";""RJ"";40;55","3;""PETROPOLIS"";""Sim"";""Falta de Atenção à Condução"";1;""Colisão transversal"";""Com Vítimas Feridas"";""Pleno dia"";""Decrescente"";""Nublado"";""Dupla"";""Retorno Regulamentado"";""Sim"";326386;""Motocicleta"";""HONDA/CBX 250 TWISTER"";2003;""Condutor"";""Lesões Leves"";46;""Masculino"";0;1;0;0;-22",3627;-43,"1268;""SR-RJ"";""DEL5/6"";""UOP03/RJ"""
"183576;404438;2019-01-05;""sábado"";""12:00:00"";""RJ"";40;55","3;""PETROPOLIS"";""Sim"";""Falta de Atenção à Condução"";1;""Colisão transversal"";""Com Vítimas Feridas"";""Pleno dia"";""Decrescente"";""Nublado"";""Dupla"";""Retorno Regulamentado"";""Sim"";326387;""Automóvel"";""VW/CROSSFOX"";2005;""Passageiro"";""Ileso"";9;""Feminino"";1;0;0;0;-22",3627;-43,"1268;""SR-RJ"";""DEL5/6"";""UOP03/RJ"""
"183576;404436;2019-01-05;""sábado"";""12:00:00"";""RJ"";40;55","3;""PETROPOLIS"";""Sim"";""Falta de Atenção à Condução"";1;""Colisão transversal"";""Com Vítimas Feridas"";""Pleno dia"";""Decrescente"";""Nublado"";""Dupla"";""Retorno Regulamentado"";""Sim"";326387;""Automóvel"";""VW/CROSSFOX"";2005;""Passageiro"";""Ileso"";15;""Feminino"";1;0;0;0;-22",3627;-43,"1268;""SR-RJ"";""DEL5/6"";""UOP03/RJ"""
"183576;404435;2019-01-05;""sábado"";""12:00:00"";""RJ"";40;55","3;""PETROPOLIS"";""Sim"";""Falta de Atenção à Condução"";1;""Colisão transversal"";""Com Vítimas Feridas"";""Pleno dia"";""Decrescente"";""Nublado"";""Dupla"";""Retorno Regulamentado"";""Sim"";326387;""Automóvel"";""VW/CROSSFOX"";2005;""Passageiro"";""Ileso"";36;""Feminino"";1;0;0;0;-22",3627;-43,"1268;""SR-RJ"";""DEL5/6"";""UOP03/RJ"""
"183576;404433;2019-01-05;""sábado"";""12:00:00"";""RJ"";40;55","3;""PETROPOLIS"";""Sim"";""Falta de Atenção à Condução"";1;""Colisão transversal"";""Com Vítimas Feridas"";""Pleno dia"";""Decrescente"";""Nublado"";""Dupla"";""Retorno Regulamentado"";""Sim"";326387;""Automóvel"";""VW/CROSSFOX"";2005;""Condutor"";""Ileso"";48;""Masculino"";1;0;0;0;-22",3627;-43,"1268;""SR-RJ"";""DEL5/6"";""UOP03/RJ"""
"183577;405867;2019-01-05;""sábado"";""14:00:00"";""GO"";40;145;""CRISTALINA"";""Sim"";""Ultrapassagem Indevida"";1;""Colisão transversal"";""Com Vítimas Fatais"";""Pleno dia"";""Decrescente"";""Chuva"";""Dupla"";""Não Informado"";""Não"";326550;""Caminhonete"";""FIAT/TORO VOLCANO AT D4"";2016;""Passageiro"";""Lesões Leves"";42;""Feminino"";0;1;0;0;-16",986227;-47,"24949;""SR-DF"";""UOP02/DF"";""""",
"183577;404672;2019-01-05;""sábado"";""14:00:00"";""GO"";40;145;""CRISTALINA"";""Sim"";""Ultrapassagem Indevida"";1;""Colisão transversal"";""Com Vítimas Fatais"";""Pleno dia"";""Decrescente"";""Chuva"";""Dupla"";""Não Informado"";""Não"";326549;""Caminhonete"";""FIAT/STRADA ADV CD DUAL"";2012;""Condutor"";""Óbito"";35;""Feminino"";0;0;0;1;-16",986227;-47,"24949;""SR-DF"";""UOP02/DF"";""""",
"183577;405863;2019-01-05;""sábado"";""14:00:00"";""GO"";40;145;""CRISTALINA"";""Sim"";""Ultrapassagem Indevida"";1;""Colisão transversal"";""Com Vítimas Fatais"";""Pleno dia"";""Decrescente"";""Chuva"";""Dupla"";""Não Informado"";""Não"";326550;""Caminhonete"";""FIAT/TORO VOLCANO AT D4"";2016;""Condutor"";""Lesões Leves"";58;""Masculino"";0;1;0;0;-16",986227;-47,"24949;""SR-DF"";""UOP02/DF"";""""",
"183577;405859;2019-01-05;""sábado"";""14:00:00"";""GO"";40;145;""CRISTALINA"";""Sim"";""Ultrapassagem Indevida"";1;""Colisão transversal"";""Com Vítimas Fatais"";""Pleno dia"";""Decrescente"";""Chuva"";""Dupla"";""Não Informado"";""Não"";326549;""Caminhonete"";""FIAT/STRADA ADV CD DUAL"";2012;""Passageiro"";""Lesões Graves"";41;""Feminino"";0;0;1;0;-16",986227;-47,"24949;""SR-DF"";""UOP02/DF"";""""",
"183577;404671;2019-01-05;""sábado"";""14:00:00"";""GO"";40;145;""CRISTALINA"";""Sim"";""Ultrapassagem Indevida"";1;""Colisão transversal"";""Com Vítimas Fatais"";""Pleno dia"";""Decrescente"";""Chuva"";""Dupla"";""Não Informado"";""Não"";326549;""Caminhonete"";""FIAT/STRADA ADV CD DUAL"";2012;""Passageiro"";""Óbito"";46;""Masculino"";0;0;0;1;-16",986227;-47,"24949;""SR-DF"";""UOP02/DF"";""""",
"183577;404673;2019-01-05;""sábado"";""14:00:00"";""GO"";40;145;""CRISTALINA"";""Sim"";""Ultrapassagem Indevida"";1;""Colisão transversal"";""Com Vítimas Fatais"";""Pleno dia"";""Decrescente"";""Chuva"";""Dupla"";""Não Informado"";""Não"";326549;""Caminhonete"";""FIAT/STRADA ADV CD DUAL"";2012;""Passageiro"";""Óbito"";21;""Masculino"";0;0;0;1;-16",986227;-47,"24949;""SR-DF"";""UOP02/DF"";""""",
"183579;404446;2019-01-05;""sábado"";""13:20:00"";""MG"";153;165","1;""COMENDADOR GOMES"";""Sim"";""Pista Escorregadia"";2;""Colisão com objeto estático"";""Com Vítimas Feridas"";""Pleno dia"";""Decrescente"";""Chuva"";""Simples"";""Reta"";""Não"";326388;""Automóvel"";""HONDA/CIVIC LXS FLEX"";2008;""Passageiro"";""Ileso"";72;""Feminino"";1;0;0;0;-19",66580537;-48,"98397419;""SR-MG"";""DEL13"";""UOP02/MG"""
"183579;404446;2019-01-05;""sábado"";""13:20:00"";""MG"";153;165","1;""COMENDADOR GOMES"";""Sim"";""Pista Escorregadia"";1;""Saída de leito carroçável"";""Com Vítimas Feridas"";""Pleno dia"";""Decrescente"";""Chuva"";""Simples"";""Reta"";""Não"";326388;""Automóvel"";""HONDA/CIVIC LXS FLEX"";2008;""Passageiro"";""Ileso"";72;""Feminino"";1;0;0;0;-19",66580537;-48,"98397419;""SR-MG"";""DEL13"";""UOP02/MG"""
"183579;404447;2019-01-05;""sábado"";""13:20:00"";""MG"";153;165","1;""COMENDADOR GOMES"";""Sim"";""Pista Escorregadia"";2;""Colisão com objeto estático"";""Com Vítimas Feridas"";""Pleno dia"";""Decrescente"";""Chuva"";""Simples"";""Reta"";""Não"";326388;""Automóvel"";""HONDA/CIVIC LXS FLEX"";2008;""Passageiro"";""Ileso"";23;""Masculino"";1;0;0;0;-19",66580537;-48,"98397419;""SR-MG"";""DEL13"";""UOP02/MG"""
"183579;404447;2019-01-05;""sábado"";""13:20:00"";""MG"";153;165","1;""COMENDADOR GOMES"";""Sim"";""Pista Escorregadia"";1;""Saída de leito carroçável"";""Com Vítimas Feridas"";""Pleno dia"";""Decrescente"";""Chuva"";""Simples"";""Reta"";""Não"";326388;""Automóvel"";""HONDA/CIVIC LXS FLEX"";2008;""Passageiro"";""Ileso"";23;""Masculino"";1;0;0;0;-19",66580537;-48,"98397419;""SR-MG"";""DEL13"";""UOP02/MG"""
"183579;404444;2019-01-05;""sábado"";""13:20:00"";""MG"";153;165","1;""COMENDADOR GOMES"";""Sim"";""Pista Escorregadia"";2;""Colisão com objeto estático"";""Com Vítimas Feridas"";""Pleno dia"";""Decrescente"";""Chuva"";""Simples"";""Reta"";""Não"";326388;""Automóvel"";""HONDA/CIVIC LXS FLEX"";2008;""Condutor"";""Lesões Leves"";44;""Feminino"";0;1;0;0;-19",66580537;-48,"98397419;""SR-MG"";""DEL13"";""UOP02/MG"""
"183579;404444;2019-01-05;""sábado"";""13:20:00"";""MG"";153;165","1;""COMENDADOR GOMES"";""Sim"";""Pista Escorregadia"";1;""Saída de leito carroçável"";""Com Vítimas Feridas"";""Pleno dia"";""Decrescente"";""Chuva"";""Simples"";""Reta"";""Não"";326388;""Automóvel"";""HONDA/CIVIC LXS FLEX"";2008;""Condutor"";""Lesões Leves"";44;""Feminino"";0;1;0;0;-19",66580537;-48,"98397419;""SR-MG"";""DEL13"";""UOP02/MG"""
"183580;404475;2019-01-05;""sábado"";""12:30:00"";""MG"";40;281;""TRES MARIAS"";""Sim"";""Velocidade Incompatível"";1;""Colisão com objeto estático"";""Com Vítimas Feridas"";""Pleno dia"";""Decrescente"";""Nublado"";""Simples"";""Reta"";""Não"";326423;""Automóvel"";""HONDA/FIT LX FLEX"";2009;""Passageiro"";""Lesões Leves"";4;""Feminino"";0;1;0;0;-18",242233;-45,"207981;""SR-MG"";""DEL4/14"";""UOP02/MG""",
"183580;404476;2019-01-05;""sábado"";""12:30:00"";""MG"";40;281;""TRES MARIAS"";""Sim"";""Velocidade Incompatível"";1;""Colisão com objeto estático"";""Com Vítimas Feridas"";""Pleno dia"";""Decrescente"";""Nublado"";""Simples"";""Reta"";""Não"";326424;""Caminhão"";""FORD/CARGO 2422 CNL"";2011;""Condutor"";""Ileso"";52;""Masculino"";1;0;0;0;-18",242233;-45,"207981;""SR-MG"";""DEL4/14"";""UOP02/MG""",
"183580;404466;2019-01-05;""sábado"";""12:30:00"";""MG"";40;281;""TRES MARIAS"";""Sim"";""Velocidade Incompatível"";1;""Colisão com objeto estático"";""Com Vítimas Feridas"";""Pleno dia"";""Decrescente"";""Nublado"";""Simples"";""Reta"";""Não"";326423;""Automóvel"";""HONDA/FIT LX FLEX"";2009;""Condutor"";""Ileso"";37;""Masculino"";1;0;0;0;-18",242233;-45,"207981;""SR-MG"";""DEL4/14"";""UOP02/MG""",
"183580;404473;2019-01-05;""sábado"";""12:30:00"";""MG"";40;281;""TRES MARIAS"";""Sim"";""Velocidade Incompatível"";1;""Colisão com objeto estático"";""Com Vítimas Feridas"";""Pleno dia"";""Decrescente"";""Nublado"";""Simples"";""Reta"";""Não"";326423;""Automóvel"";""HONDA/FIT LX FLEX"";2009;""Passageiro"";""Ileso"";6;""Feminino"";1;0;0;0;-18",242233;-45,"207981;""SR-MG"";""DEL4/14"";""UOP02/MG""",
"183580;404468;2019-01-05;""sábado"";""12:30:00"";""MG"";40;281;""TRES MARIAS"";""Sim"";""Velocidade Incompatível"";1;""Colisão com objeto estático"";""Com Vítimas Feridas"";""Pleno dia"";""Decrescente"";""Nublado"";""Simples"";""Reta"";""Não"";326423;""Automóvel"";""HONDA/FIT LX FLEX"";2009;""Passageiro"";""Ileso"";42;""Feminino"";1;0;0;0;-18",242233;-45,"207981;""SR-MG"";""DEL4/14"";""UOP02/MG""",
"183581;404464;2019-01-05;""sábado"";""14:30:00"";""RS"";386;381","2;""TABAI"";""Sim"";""Velocidade Incompatível"";2;""Colisão com objeto estático"";""Com Vítimas Fatais"";""Pleno dia"";""Crescente"";""Nublado"";""Dupla"";""Reta"";""Não"";326429;""Automóvel"";""I/RENAULT FLUENCE DYN20M"";2011;""Condutor"";""Óbito"";67;""Masculino"";0;0;0;1;-29",66784576;-51,"73684154;""SR-RS"";""DEL9/4"";""UOP02/RS"""
"183581;404464;2019-01-05;""sábado"";""14:30:00"";""RS"";386;381","2;""TABAI"";""Não"";""Mal Súbito"";2;""Colisão com objeto estático"";""Com Vítimas Fatais"";""Pleno dia"";""Crescente"";""Nublado"";""Dupla"";""Reta"";""Não"";326429;""Automóvel"";""I/RENAULT FLUENCE DYN20M"";2011;""Condutor"";""Óbito"";67;""Masculino"";0;0;0;1;-29",66784576;-51,"73684154;""SR-RS"";""DEL9/4"";""UOP02/RS"""
"183581;404464;2019-01-05;""sábado"";""14:30:00"";""RS"";386;381","2;""TABAI"";""Sim"";""Velocidade Incompatível"";1;""Saída de leito carroçável"";""Com Vítimas Fatais"";""Pleno dia"";""Crescente"";""Nublado"";""Dupla"";""Reta"";""Não"";326429;""Automóvel"";""I/RENAULT FLUENCE DYN20M"";2011;""Condutor"";""Óbito"";67;""Masculino"";0;0;0;1;-29",66784576;-51,"73684154;""SR-RS"";""DEL9/4"";""UOP02/RS"""
"183581;404464;2019-01-05;""sábado"";""14:30:00"";""RS"";386;381","2;""TABAI"";""Não"";""Mal Súbito"";1;""Saída de leito carroçável"";""Com Vítimas Fatais"";""Pleno dia"";""Crescente"";""Nublado"";""Dupla"";""Reta"";""Não"";326429;""Automóvel"";""I/RENAULT FLUENCE DYN20M"";2011;""Condutor"";""Óbito"";67;""Masculino"";0;0;0;1;-29",66784576;-51,"73684154;""SR-RS"";""DEL9/4"";""UOP02/RS"""
"183583;404520;2019-01-05;""sábado"";""14:35:00"";""SC"";101;146;""ITAPEMA"";""Sim"";""Falta de Atenção à Condução"";1;""Colisão traseira"";""Com Vítimas Feridas"";""Pleno dia"";""Decrescente"";""Nublado"";""Dupla"";""Reta"";""Sim"";326394;""Motoneta"";""HONDA/BIZ 110I"";2018;""Condutor"";""Lesões Leves"";24;""Masculino"";0;1;0;0;-27",0918;-48,"6168;""SR-SC"";""DEL8/4"";""UOP03/SC""",
"183583;404525;2019-01-05;""sábado"";""14:35:00"";""SC"";101;146;""ITAPEMA"";""Sim"";""Falta de Atenção à Condução"";1;""Colisão traseira"";""Com Vítimas Feridas"";""Pleno dia"";""Decrescente"";""Nublado"";""Dupla"";""Reta"";""Sim"";326396;""Automóvel"";""I/FORD FUSION SEL GTDI"";2017;""Condutor"";""Ileso"";36;""Feminino"";1;0;0;0;-27",0918;-48,"6168;""SR-SC"";""DEL8/4"";""UOP03/SC""",
"183583;404524;2019-01-05;""sábado"";""14:35:00"";""SC"";101;146;""ITAPEMA"";""Sim"";""Falta de Atenção à Condução"";1;""Colisão traseira"";""Com Vítimas Feridas"";""Pleno dia"";""Decrescente"";""Nublado"";""Dupla"";""Reta"";""Sim"";326395;""Motoneta"";""HONDA/BIZ 125 ES"";2012;""Condutor"";""Ileso"";23;""Feminino"";1;0;0;0;-27",0918;-48,"6168;""SR-SC"";""DEL8/4"";""UOP03/SC""",
"183584;NA;2019-01-05;""sábado"";""13:45:00"";""CE"";116;158;""RUSSAS"";""Sim"";""Ultrapassagem Indevida"";1;""Tombamento"";""Com Vítimas Feridas"";""Pleno dia"";""Crescente"";""Nublado"";""Simples"";""Reta"";""Não"";327373;""Semireboque"";""SR/GUERRA AG PC"";2005;""Não Informado"";""Não Informado"";NA;""Não Informado"";0;0;0;0;-4",90249233;-38,"00685883;""SR-CE"";""DEL16/3"";""UOP01/CE""",
"183584;405900;2019-01-05;""sábado"";""13:45:00"";""CE"";116;158;""RUSSAS"";""Sim"";""Ultrapassagem Indevida"";1;""Tombamento"";""Com Vítimas Feridas"";""Pleno dia"";""Crescente"";""Nublado"";""Simples"";""Reta"";""Não"";326435;""Caminhão-trator"";""IVECO/STRALIHD 740S42TZN"";2008;""Condutor"";""Lesões Leves"";43;""Masculino"";0;1;0;0;-4",90249233;-38,"00685883;""SR-CE"";""DEL16/3"";""UOP01/CE""",
"183585;404810;2019-01-05;""sábado"";""13:20:00"";""SP"";116;291","8;""ITAPECERICA DA SERRA"";""Sim"";""Velocidade Incompatível"";1;""Capotamento"";""Com Vítimas Feridas"";""Pleno dia"";""Decrescente"";""Chuva"";""Dupla"";""Reta"";""Não"";326583;""Automóvel"";""RENAULT/CLIO PRI 16 16VS"";2006;""Passageiro"";""Lesões Leves"";13;""Feminino"";0;1;0;0;-23",7306406;-46,"89437281;""SR-SP"";""DEL6/4"";""UOP01/SP"""
"183585;404803;2019-01-05;""sábado"";""13:20:00"";""SP"";116;291","8;""ITAPECERICA DA SERRA"";""Sim"";""Velocidade Incompatível"";1;""Capotamento"";""Com Vítimas Feridas"";""Pleno dia"";""Decrescente"";""Chuva"";""Dupla"";""Reta"";""Não"";326583;""Automóvel"";""RENAULT/CLIO PRI 16 16VS"";2006;""Condutor"";""Ileso"";37;""Feminino"";1;0;0;0;-23",7306406;-46,"89437281;""SR-SP"";""DEL6/4"";""UOP01/SP"""
"183586;404453;2019-01-05;""sábado"";""13:45:00"";""PA"";163;999;""SANTAREM"";""Sim"";""Não guardar distância de segurança"";4;""Queda de ocupante de veículo"";""Com Vítimas Feridas"";""Pleno dia"";""Decrescente"";""Céu Claro"";""Simples"";""Reta"";""Não"";326406;""Motoneta"";"""";NA;""Condutor"";""Lesões Leves"";38;""Masculino"";0;1;0;0;-2",48046421;-54,"73110887;""SR-PA"";""DEL19/5"";""UOP01/PA""",
"183586;404453;2019-01-05;""sábado"";""13:45:00"";""PA"";163;999;""SANTAREM"";""Não"";""Falta de Atenção à Condução"";4;""Queda de ocupante de veículo"";""Com Vítimas Feridas"";""Pleno dia"";""Decrescente"";""Céu Claro"";""Simples"";""Reta"";""Não"";326406;""Motoneta"";"""";NA;""Condutor"";""Lesões Leves"";38;""Masculino"";0;1;0;0;-2",48046421;-54,"73110887;""SR-PA"";""DEL19/5"";""UOP01/PA""",
"183586;404453;2019-01-05;""sábado"";""13:45:00"";""PA"";163;999;""SANTAREM"";""Sim"";""Não guardar distância de segurança"";3;""Tombamento"";""Com Vítimas Feridas"";""Pleno dia"";""Decrescente"";""Céu Claro"";""Simples"";""Reta"";""Não"";326406;""Motoneta"";"""";NA;""Condutor"";""Lesões Leves"";38;""Masculino"";0;1;0;0;-2",48046421;-54,"73110887;""SR-PA"";""DEL19/5"";""UOP01/PA""",
"183586;404453;2019-01-05;""sábado"";""13:45:00"";""PA"";163;999;""SANTAREM"";""Não"";""Falta de Atenção à Condução"";3;""Tombamento"";""Com Vítimas Feridas"";""Pleno dia"";""Decrescente"";""Céu Claro"";""Simples"";""Reta"";""Não"";326406;""Motoneta"";"""";NA;""Condutor"";""Lesões Leves"";38;""Masculino"";0;1;0;0;-2",48046421;-54,"73110887;""SR-PA"";""DEL19/5"";""UOP01/PA""",
"183586;404453;2019-01-05;""sábado"";""13:45:00"";""PA"";163;999;""SANTAREM"";""Sim"";""Não guardar distância de segurança"";2;""Queda de ocupante de veículo"";""Com Vítimas Feridas"";""Pleno dia"";""Decrescente"";""Céu Claro"";""Simples"";""Reta"";""Não"";326406;""Motoneta"";"""";NA;""Condutor"";""Lesões Leves"";38;""Masculino"";0;1;0;0;-2",48046421;-54,"73110887;""SR-PA"";""DEL19/5"";""UOP01/PA""",
"183586;404453;2019-01-05;""sábado"";""13:45:00"";""PA"";163;999;""SANTAREM"";""Não"";""Falta de Atenção à Condução"";2;""Queda de ocupante de veículo"";""Com Vítimas Feridas"";""Pleno dia"";""Decrescente"";""Céu Claro"";""Simples"";""Reta"";""Não"";326406;""Motoneta"";"""";NA;""Condutor"";""Lesões Leves"";38;""Masculino"";0;1;0;0;-2",48046421;-54,"73110887;""SR-PA"";""DEL19/5"";""UOP01/PA""",
"183586;404453;2019-01-05;""sábado"";""13:45:00"";""PA"";163;999;""SANTAREM"";""Sim"";""Não guardar distância de segurança"";1;""Colisão traseira"";""Com Vítimas Feridas"";""Pleno dia"";""Decrescente"";""Céu Claro"";""Simples"";""Reta"";""Não"";326406;""Motoneta"";"""";NA;""Condutor"";""Lesões Leves"";38;""Masculino"";0;1;0;0;-2",48046421;-54,"73110887;""SR-PA"";""DEL19/5"";""UOP01/PA""",
"183586;404453;2019-01-05;""sábado"";""13:45:00"";""PA"";163;999;""SANTAREM"";""Não"";""Falta de Atenção à Condução"";1;""Colisão traseira"";""Com Vítimas Feridas"";""Pleno dia"";""Decrescente"";""Céu Claro"";""Simples"";""Reta"";""Não"";326406;""Motoneta"";"""";NA;""Condutor"";""Lesões Leves"";38;""Masculino"";0;1;0;0;-2",48046421;-54,"73110887;""SR-PA"";""DEL19/5"";""UOP01/PA""",
"183586;404454;2019-01-05;""sábado"";""13:45:00"";""PA"";163;999;""SANTAREM"";""Sim"";""Não guardar distância de segurança"";4;""Queda de ocupante de veículo"";""Com Vítimas Feridas"";""Pleno dia"";""Decrescente"";""Céu Claro"";""Simples"";""Reta"";""Não"";326407;""Motocicleta"";""YAMAHA/YBR 125K"";2007;""Condutor"";""Lesões Leves"";28;""Masculino"";0;1;0;0;-2",48046421;-54,"73110887;""SR-PA"";""DEL19/5"";""UOP01/PA""",
"183586;404454;2019-01-05;""sábado"";""13:45:00"";""PA"";163;999;""SANTAREM"";""Não"";""Falta de Atenção à Condução"";4;""Queda de ocupante de veículo"";""Com Vítimas Feridas"";""Pleno dia"";""Decrescente"";""Céu Claro"";""Simples"";""Reta"";""Não"";326407;""Motocicleta"";""YAMAHA/YBR 125K"";2007;""Condutor"";""Lesões Leves"";28;""Masculino"";0;1;0;0;-2",48046421;-54,"73110887;""SR-PA"";""DEL19/5"";""UOP01/PA""",
"183586;404454;2019-01-05;""sábado"";""13:45:00"";""PA"";163;999;""SANTAREM"";""Sim"";""Não guardar distância de segurança"";3;""Tombamento"";""Com Vítimas Feridas"";""Pleno dia"";""Decrescente"";""Céu Claro"";""Simples"";""Reta"";""Não"";326407;""Motocicleta"";""YAMAHA/YBR 125K"";2007;""Condutor"";""Lesões Leves"";28;""Masculino"";0;1;0;0;-2",48046421;-54,"73110887;""SR-PA"";""DEL19/5"";""UOP01/PA""",