"id;""pesid"";""data_inversa"";""dia_semana"";""horario"";""uf"";""br"";""km"";""municipio"";""causa_principal"";""causa_acidente"";""ordem_tipo_acidente"";""tipo_acidente"";""classificacao_acidente"";""fase_dia"";""sentido_via"";""condicao_metereologica"";""tipo_pista"";""tracado_via"";""uso_solo"";""id_veiculo"";""tipo_veiculo"";""marca"";""ano_fabricacao_veiculo"";""tipo_envolvido"";""estado_fisico"";""idade"";""sexo"";""ilesos"";""feridos_leves"";""feridos_graves"";""mortos"";""latitude"";""longitude"";""regional"";""delegacia"";""uop""",,,
"183586;404454;2019-01-05;""sábado"";""13:45:00"";""PA"";163;999;""SANTAREM"";""Não"";""Falta de Atenção à Condução"";3;""Tombamento"";""Com Vítimas Feridas"";""Pleno dia"";""Decrescente"";""Céu Claro"";""Simples"";""Reta"";""Não"";326407;""Motocicleta"";""YAMAHA/YBR 125K"";2007;""Condutor"";""Lesões Leves"";28;""Masculino"";0;1;0;0;-2",48046421;-54,"73110887;""SR-PA"";""DEL19/5"";""UOP01/PA""",
"183586;404454;2019-01-05;""sábado"";""13:45:00"";""PA"";163;999;""SANTAREM"";""Sim"";""Não guardar distância de segurança"";2;""Queda de ocupante de veículo"";""Com Vítimas Feridas"";""Pleno dia"";""Decrescente"";""Céu Claro"";""Simples"";""Reta"";""Não"";326407;""Motocicleta"";""YAMAHA/YBR 125K"";2007;""Condutor"";""Lesões Leves"";28;""Masculino"";0;1;0;0;-2",48046421;-54,"73110887;""SR-PA"";""DEL19/5"";""UOP01/PA""",
"183586;404454;2019-01-05;""sábado"";""13:45:00"";""PA"";163;999;""SANTAREM"";""Não"";""Falta de Atenção à Condução"";2;""Queda de ocupante de veículo"";""Com Vítimas Feridas"";""Pleno dia"";""Decrescente"";""Céu Claro"";""Simples"";""Reta"";""Não"";326407;""Motocicleta"";""YAMAHA/YBR 125K"";2007;""Condutor"";""Lesões Leves"";28;""Masculino"";0;1;0;0;-2",48046421;-54,"73110887;""SR-PA"";""DEL19/5"";""UOP01/PA""",
"183586;404454;2019-01-05;""sábado"";""13:45:00"";""PA"";163;999;""SANTAREM"";""Sim"";""Não guardar distância de segurança"";1;""Colisão traseira"";""Com Vítimas Feridas"";""Pleno dia"";""Decrescente"";""Céu Claro"";""Simples"";""Reta"";""Não"";326407;""Motocicleta"";""YAMAHA/YBR 125K"";2007;""Condutor"";""Lesões Leves"";28;""Masculino"";0;1;0;0;-2",48046421;-54,"73110887;""SR-PA"";""DEL19/5"";""UOP01/PA""",
"183586;404454;2019-01-05;""sábado"";""13:45:00"";""PA"";163;999;""SANTAREM"";""Não"";""Falta de Atenção à Condução"";1;""Colisão traseira"";""Com Vítimas Feridas"";""Pleno dia"";""Decrescente"";""Céu Claro"";""Simples"";""Reta"";""Não"";326407;""Motocicleta"";""YAMAHA/YBR 125K"";2007;""Condutor"";""Lesões Leves"";28;""Masculino"";0;1;0;0;-2",48046421;-54,"73110887;""SR-PA"";""DEL19/5"";""UOP01/PA""",
"183586;404455;2019-01-05;""sábado"";""13:45:00"";""PA"";163;999;""SANTAREM"";""Sim"";""Não guardar distância de segurança"";4;""Queda de ocupante de veículo"";""Com Vítimas Feridas"";""Pleno dia"";""Decrescente"";""Céu Claro"";""Simples"";""Reta"";""Não"";326407;""Motocicleta"";""YAMAHA/YBR 125K"";2007;""Passageiro"";""Lesões Leves"";27;""Feminino"";0;1;0;0;-2",48046421;-54,"73110887;""SR-PA"";""DEL19/5"";""UOP01/PA""",
"183586;404455;2019-01-05;""sábado"";""13:45:00"";""PA"";163;999;""SANTAREM"";""Não"";""Falta de Atenção à Condução"";4;""Queda de ocupante de veículo"";""Com Vítimas Feridas"";""Pleno dia"";""Decrescente"";""Céu Claro"";""Simples"";""Reta"";""Não"";326407;""Motocicleta"";""YAMAHA/YBR 125K"";2007;""Passageiro"";""Lesões Leves"";27;""Feminino"";0;1;0;0;-2",48046421;-54,"73110887;""SR-PA"";""DEL19/5"";""UOP01/PA""",
"183586;404455;2019-01-05;""sábado"";""13:45:00"";""PA"";163;999;""SANTAREM"";""Sim"";""Não guardar distância de segurança"";3;""Tombamento"";""Com Vítimas Feridas"";""Pleno dia"";""Decrescente"";""Céu Claro"";""Simples"";""Reta"";""Não"";326407;""Motocicleta"";""YAMAHA/YBR 125K"";2007;""Passageiro"";""Lesões Leves"";27;""Feminino"";0;1;0;0;-2",48046421;-54,"73110887;""SR-PA"";""DEL19/5"";""UOP01/PA""",
"183586;404455;2019-01-05;""sábado"";""13:45:00"";""PA"";163;999;""SANTAREM"";""Não"";""Falta de Atenção à Condução"";3;""Tombamento"";""Com Vítimas Feridas"";""Pleno dia"";""Decrescente"";""Céu Claro"";""Simples"";""Reta"";""Não"";326407;""Motocicleta"";""YAMAHA/YBR 125K"";2007;""Passageiro"";""Lesões Leves"";27;""Feminino"";0;1;0;0;-2",48046421;-54,"73110887;""SR-PA"";""DEL19/5"";""UOP01/PA""",
"183586;404455;2019-01-05;""sábado"";""13:45:00"";""PA"";163;999;""SANTAREM"";""Sim"";""Não guardar distância de segurança"";2;""Queda de ocupante de veículo"";""Com Vítimas Feridas"";""Pleno dia"";""Decrescente"";""Céu Claro"";""Simples"";""Reta"";""Não"";326407;""Motocicleta"";""YAMAHA/YBR 125K"";2007;""Passageiro"";""Lesões Leves"";27;""Feminino"";0;1;0;0;-2",48046421;-54,"73110887;""SR-PA"";""DEL19/5"";""UOP01/PA""",
"183586;404455;2019-01-05;""sábado"";""13:45:00"";""PA"";163;999;""SANTAREM"";""Não"";""Falta de Atenção à Condução"";2;""Queda de ocupante de veículo"";""Com Vítimas Feridas"";""Pleno dia"";""Decrescente"";""Céu Claro"";""Simples"";""Reta"";""Não"";326407;""Motocicleta"";""YAMAHA/YBR 125K"";2007;""Passageiro"";""Lesões Leves"";27;""Feminino"";0;1;0;0;-2",48046421;-54,"73110887;""SR-PA"";""DEL19/5"";""UOP01/PA""",
"183586;404455;2019-01-05;""sábado"";""13:45:00"";""PA"";163;999;""SANTAREM"";""Sim"";""Não guardar distância de segurança"";1;""Colisão traseira"";""Com Vítimas Feridas"";""Pleno dia"";""Decrescente"";""Céu Claro"";""Simples"";""Reta"";""Não"";326407;""Motocicleta"";""YAMAHA/YBR 125K"";2007;""Passageiro"";""Lesões Leves"";27;""Feminino"";0;1;0;0;-2",48046421;-54,"73110887;""SR-PA"";""DEL19/5"";""UOP01/PA""",
"183586;404455;2019-01-05;""sábado"";""13:45:00"";""PA"";163;999;""SANTAREM"";""Não"";""Falta de Atenção à Condução"";1;""Colisão traseira"";""Com Vítimas Feridas"";""Pleno dia"";""Decrescente"";""Céu Claro"";""Simples"";""Reta"";""Não"";326407;""Motocicleta"";""YAMAHA/YBR 125K"";2007;""Passageiro"";""Lesões Leves"";27;""Feminino"";0;1;0;0;-2",48046421;-54,"73110887;""SR-PA"";""DEL19/5"";""UOP01/PA""",
"183586;404451;2019-01-05;""sábado"";""13:45:00"";""PA"";163;999;""SANTAREM"";""Sim"";""Não guardar distância de segurança"";4;""Queda de ocupante de veículo"";""Com Vítimas Feridas"";""Pleno dia"";""Decrescente"";""Céu Claro"";""Simples"";""Reta"";""Não"";326400;""Automóvel"";""FIAT/UNO VIVACE 1.0"";2012;""Condutor"";""Ileso"";32;""Feminino"";1;0;0;0;-2",48046421;-54,"73110887;""SR-PA"";""DEL19/5"";""UOP01/PA""",
"183586;404451;2019-01-05;""sábado"";""13:45:00"";""PA"";163;999;""SANTAREM"";""Não"";""Falta de Atenção à Condução"";4;""Queda de ocupante de veículo"";""Com Vítimas Feridas"";""Pleno dia"";""Decrescente"";""Céu Claro"";""Simples"";""Reta"";""Não"";326400;""Automóvel"";""FIAT/UNO VIVACE 1.0"";2012;""Condutor"";""Ileso"";32;""Feminino"";1;0;0;0;-2",48046421;-54,"73110887;""SR-PA"";""DEL19/5"";""UOP01/PA""",
"183586;404451;2019-01-05;""sábado"";""13:45:00"";""PA"";163;999;""SANTAREM"";""Sim"";""Não guardar distância de segurança"";3;""Tombamento"";""Com Vítimas Feridas"";""Pleno dia"";""Decrescente"";""Céu Claro"";""Simples"";""Reta"";""Não"";326400;""Automóvel"";""FIAT/UNO VIVACE 1.0"";2012;""Condutor"";""Ileso"";32;""Feminino"";1;0;0;0;-2",48046421;-54,"73110887;""SR-PA"";""DEL19/5"";""UOP01/PA""",
"183586;404451;2019-01-05;""sábado"";""13:45:00"";""PA"";163;999;""SANTAREM"";""Não"";""Falta de Atenção à Condução"";3;""Tombamento"";""Com Vítimas Feridas"";""Pleno dia"";""Decrescente"";""Céu Claro"";""Simples"";""Reta"";""Não"";326400;""Automóvel"";""FIAT/UNO VIVACE 1.0"";2012;""Condutor"";""Ileso"";32;""Feminino"";1;0;0;0;-2",48046421;-54,"73110887;""SR-PA"";""DEL19/5"";""UOP01/PA""",
"183586;404451;2019-01-05;""sábado"";""13:45:00"";""PA"";163;999;""SANTAREM"";""Sim"";""Não guardar distância de segurança"";2;""Queda de ocupante de veículo"";""Com Vítimas Feridas"";""Pleno dia"";""Decrescente"";""Céu Claro"";""Simples"";""Reta"";""Não"";326400;""Automóvel"";""FIAT/UNO VIVACE 1.0"";2012;""Condutor"";""Ileso"";32;""Feminino"";1;0;0;0;-2",48046421;-54,"73110887;""SR-PA"";""DEL19/5"";""UOP01/PA""",
"183586;404451;2019-01-05;""sábado"";""13:45:00"";""PA"";163;999;""SANTAREM"";""Não"";""Falta de Atenção à Condução"";2;""Queda de ocupante de veículo"";""Com Vítimas Feridas"";""Pleno dia"";""Decrescente"";""Céu Claro"";""Simples"";""Reta"";""Não"";326400;""Automóvel"";""FIAT/UNO VIVACE 1.0"";2012;""Condutor"";""Ileso"";32;""Feminino"";1;0;0;0;-2",48046421;-54,"73110887;""SR-PA"";""DEL19/5"";""UOP01/PA""",
"183586;404451;2019-01-05;""sábado"";""13:45:00"";""PA"";163;999;""SANTAREM"";""Sim"";""Não guardar distância de segurança"";1;""Colisão traseira"";""Com Vítimas Feridas"";""Pleno dia"";""Decrescente"";""Céu Claro"";""Simples"";""Reta"";""Não"";326400;""Automóvel"";""FIAT/UNO VIVACE 1.0"";2012;""Condutor"";""Ileso"";32;""Feminino"";1;0;0;0;-2",48046421;-54,"73110887;""SR-PA"";""DEL19/5"";""UOP01/PA""",
"183586;404451;2019-01-05;""sábado"";""13:45:00"";""PA"";163;999;""SANTAREM"";""Não"";""Falta de Atenção à Condução"";1;""Colisão traseira"";""Com Vítimas Feridas"";""Pleno dia"";""Decrescente"";""Céu Claro"";""Simples"";""Reta"";""Não"";326400;""Automóvel"";""FIAT/UNO VIVACE 1.0"";2012;""Condutor"";""Ileso"";32;""Feminino"";1;0;0;0;-2",48046421;-54,"73110887;""SR-PA"";""DEL19/5"";""UOP01/PA""",
"183587;404482;2019-01-05;""sábado"";""15:00:00"";""RJ"";40;105;""DUQUE DE CAXIAS"";""Sim"";""Falta de Atenção do Pedestre"";1;""Colisão transversal"";""Com Vítimas Feridas"";""Pleno dia"";""Decrescente"";""Nublado"";""Dupla"";""Desvio Temporário"";""Sim"";326433;""Bicicleta"";""MONARK/"";NA;""Condutor"";""Lesões Leves"";28;""Masculino"";0;1;0;0;-22",6476;-43,"2836;""SR-RJ"";""DEL5/1"";""UOP01/RJ""",
"183587;404477;2019-01-05;""sábado"";""15:00:00"";""RJ"";40;105;""DUQUE DE CAXIAS"";""Sim"";""Falta de Atenção do Pedestre"";1;""Colisão transversal"";""Com Vítimas Feridas"";""Pleno dia"";""Decrescente"";""Nublado"";""Dupla"";""Desvio Temporário"";""Sim"";326432;""Automóvel"";""I/GM CLASSIC LIFE"";2007;""Condutor"";""Ileso"";32;""Masculino"";1;0;0;0;-22",6476;-43,"2836;""SR-RJ"";""DEL5/1"";""UOP01/RJ""",
"183588;405950;2019-01-05;""sábado"";""14:00:00"";""PE"";101;21","2;""GOIANA"";""Sim"";""Falta de Atenção à Condução"";1;""Colisão traseira"";""Com Vítimas Feridas"";""Pleno dia"";""Decrescente"";""Céu Claro"";""Dupla"";""Reta"";""Não"";326444;""Motocicleta"";""JTA/SUZUKI GSX650F"";2009;""Condutor"";""Lesões Leves"";30;""Masculino"";0;1;0;0;-7",6764;-34,"928;""SR-PE"";""DEL11/1"";""UOP02/PE"""
"183588;405951;2019-01-05;""sábado"";""14:00:00"";""PE"";101;21","2;""GOIANA"";""Sim"";""Falta de Atenção à Condução"";1;""Colisão traseira"";""Com Vítimas Feridas"";""Pleno dia"";""Decrescente"";""Céu Claro"";""Dupla"";""Reta"";""Não"";326444;""Motocicleta"";""JTA/SUZUKI GSX650F"";2009;""Passageiro"";""Lesões Leves"";23;""Feminino"";0;1;0;0;-7",6764;-34,"928;""SR-PE"";""DEL11/1"";""UOP02/PE"""
"183588;405952;2019-01-05;""sábado"";""14:00:00"";""PE"";101;21","2;""GOIANA"";""Sim"";""Falta de Atenção à Condução"";1;""Colisão traseira"";""Com Vítimas Feridas"";""Pleno dia"";""Decrescente"";""Céu Claro"";""Dupla"";""Reta"";""Não"";326445;""Camioneta"";""VW/KOMBI"";2008;""Condutor"";""Lesões Leves"";51;""Masculino"";0;1;0;0;-7",6764;-34,"928;""SR-PE"";""DEL11/1"";""UOP02/PE"""
"183589;404500;2019-01-05;""sábado"";""10:25:00"";""SC"";282;210","8;""LAGES"";""Sim"";""Desobediência às normas de trânsito pelo condutor"";1;""Engavetamento"";""Com Vítimas Feridas"";""Pleno dia"";""Crescente"";""Céu Claro"";""Simples"";""Reta"";""Não"";326415;""Automóvel"";""FORD/FIESTA 1.6"";2003;""Passageiro"";""Ileso"";63;""Feminino"";1;0;0;0;-27",778582;-50,"231815;""SR-SC"";""DEL8/5"";""UOP01/SC"""
"183589;404498;2019-01-05;""sábado"";""10:25:00"";""SC"";282;210","8;""LAGES"";""Sim"";""Desobediência às normas de trânsito pelo condutor"";1;""Engavetamento"";""Com Vítimas Feridas"";""Pleno dia"";""Crescente"";""Céu Claro"";""Simples"";""Reta"";""Não"";326415;""Automóvel"";""FORD/FIESTA 1.6"";2003;""Condutor"";""Ileso"";43;""Masculino"";1;0;0;0;-27",778582;-50,"231815;""SR-SC"";""DEL8/5"";""UOP01/SC"""
"183589;404495;2019-01-05;""sábado"";""10:25:00"";""SC"";282;210","8;""LAGES"";""Sim"";""Desobediência às normas de trânsito pelo condutor"";1;""Engavetamento"";""Com Vítimas Feridas"";""Pleno dia"";""Crescente"";""Céu Claro"";""Simples"";""Reta"";""Não"";326414;""Caminhonete"";""GM/MONTANA CONQUEST"";2007;""Condutor"";""Ileso"";65;""Masculino"";1;0;0;0;-27",778582;-50,"231815;""SR-SC"";""DEL8/5"";""UOP01/SC"""
"183589;404493;2019-01-05;""sábado"";""10:25:00"";""SC"";282;210","8;""LAGES"";""Sim"";""Desobediência às normas de trânsito pelo condutor"";1;""Engavetamento"";""Com Vítimas Feridas"";""Pleno dia"";""Crescente"";""Céu Claro"";""Simples"";""Reta"";""Não"";326413;""Automóvel"";""I/NISSAN VERSA 16SV FLEX"";2014;""Passageiro"";""Ileso"";52;""Feminino"";1;0;0;0;-27",778582;-50,"231815;""SR-SC"";""DEL8/5"";""UOP01/SC"""
"183589;404491;2019-01-05;""sábado"";""10:25:00"";""SC"";282;210","8;""LAGES"";""Sim"";""Desobediência às normas de trânsito pelo condutor"";1;""Engavetamento"";""Com Vítimas Feridas"";""Pleno dia"";""Crescente"";""Céu Claro"";""Simples"";""Reta"";""Não"";326413;""Automóvel"";""I/NISSAN VERSA 16SV FLEX"";2014;""Passageiro"";""Ileso"";58;""Masculino"";1;0;0;0;-27",778582;-50,"231815;""SR-SC"";""DEL8/5"";""UOP01/SC"""
"183589;404489;2019-01-05;""sábado"";""10:25:00"";""SC"";282;210","8;""LAGES"";""Sim"";""Desobediência às normas de trânsito pelo condutor"";1;""Engavetamento"";""Com Vítimas Feridas"";""Pleno dia"";""Crescente"";""Céu Claro"";""Simples"";""Reta"";""Não"";326413;""Automóvel"";""I/NISSAN VERSA 16SV FLEX"";2014;""Passageiro"";""Ileso"";54;""Masculino"";1;0;0;0;-27",778582;-50,"231815;""SR-SC"";""DEL8/5"";""UOP01/SC"""
"183589;404488;2019-01-05;""sábado"";""10:25:00"";""SC"";282;210","8;""LAGES"";""Sim"";""Desobediência às normas de trânsito pelo condutor"";1;""Engavetamento"";""Com Vítimas Feridas"";""Pleno dia"";""Crescente"";""Céu Claro"";""Simples"";""Reta"";""Não"";326413;""Automóvel"";""I/NISSAN VERSA 16SV FLEX"";2014;""Condutor"";""Ileso"";52;""Masculino"";1;0;0;0;-27",778582;-50,"231815;""SR-SC"";""DEL8/5"";""UOP01/SC"""
"183589;404485;2019-01-05;""sábado"";""10:25:00"";""SC"";282;210","8;""LAGES"";""Sim"";""Desobediência às normas de trânsito pelo condutor"";1;""Engavetamento"";""Com Vítimas Feridas"";""Pleno dia"";""Crescente"";""Céu Claro"";""Simples"";""Reta"";""Não"";326412;""Automóvel"";""RENAULT/LOGAN EXP 1016V"";2012;""Passageiro"";""Ileso"";50;""Feminino"";1;0;0;0;-27",778582;-50,"231815;""SR-SC"";""DEL8/5"";""UOP01/SC"""
"183589;404480;2019-01-05;""sábado"";""10:25:00"";""SC"";282;210","8;""LAGES"";""Sim"";""Desobediência às normas de trânsito pelo condutor"";1;""Engavetamento"";""Com Vítimas Feridas"";""Pleno dia"";""Crescente"";""Céu Claro"";""Simples"";""Reta"";""Não"";326412;""Automóvel"";""RENAULT/LOGAN EXP 1016V"";2012;""Passageiro"";""Lesões Leves"";24;""Feminino"";0;1;0;0;-27",778582;-50,"231815;""SR-SC"";""DEL8/5"";""UOP01/SC"""
"183589;404478;2019-01-05;""sábado"";""10:25:00"";""SC"";282;210","8;""LAGES"";""Sim"";""Desobediência às normas de trânsito pelo condutor"";1;""Engavetamento"";""Com Vítimas Feridas"";""Pleno dia"";""Crescente"";""Céu Claro"";""Simples"";""Reta"";""Não"";326412;""Automóvel"";""RENAULT/LOGAN EXP 1016V"";2012;""Condutor"";""Ileso"";64;""Masculino"";1;0;0;0;-27",778582;-50,"231815;""SR-SC"";""DEL8/5"";""UOP01/SC"""
"183590;404554;2019-01-05;""sábado"";""14:40:00"";""BA"";324;599;""SIMOES FILHO"";""Sim"";""Falta de Atenção à Condução"";2;""Capotamento"";""Com Vítimas Feridas"";""Pleno dia"";""Decrescente"";""Céu Claro"";""Dupla"";""Reta"";""Não"";326452;""Automóvel"";""VW/VIRTUS CL AD"";2018;""Condutor"";""Lesões Leves"";32;""Feminino"";0;1;0;0;-12",75963955;-38,"42644812;""SR-BA"";""DEL10/1"";""UOP01/BA""",
"183590;404554;2019-01-05;""sábado"";""14:40:00"";""BA"";324;599;""SIMOES FILHO"";""Sim"";""Falta de Atenção à Condução"";1;""Colisão com objeto estático"";""Com Vítimas Feridas"";""Pleno dia"";""Decrescente"";""Céu Claro"";""Dupla"";""Reta"";""Não"";326452;""Automóvel"";""VW/VIRTUS CL AD"";2018;""Condutor"";""Lesões Leves"";32;""Feminino"";0;1;0;0;-12",75963955;-38,"42644812;""SR-BA"";""DEL10/1"";""UOP01/BA""",
"183590;404555;2019-01-05;""sábado"";""14:40:00"";""BA"";324;599;""SIMOES FILHO"";""Sim"";""Falta de Atenção à Condução"";2;""Capotamento"";""Com Vítimas Feridas"";""Pleno dia"";""Decrescente"";""Céu Claro"";""Dupla"";""Reta"";""Não"";326452;""Automóvel"";""VW/VIRTUS CL AD"";2018;""Passageiro"";""Lesões Graves"";37;""Masculino"";0;0;1;0;-12",75963955;-38,"42644812;""SR-BA"";""DEL10/1"";""UOP01/BA""",
"183590;404555;2019-01-05;""sábado"";""14:40:00"";""BA"";324;599;""SIMOES FILHO"";""Sim"";""Falta de Atenção à Condução"";1;""Colisão com objeto estático"";""Com Vítimas Feridas"";""Pleno dia"";""Decrescente"";""Céu Claro"";""Dupla"";""Reta"";""Não"";326452;""Automóvel"";""VW/VIRTUS CL AD"";2018;""Passageiro"";""Lesões Graves"";37;""Masculino"";0;0;1;0;-12",75963955;-38,"42644812;""SR-BA"";""DEL10/1"";""UOP01/BA""",
"183591;404603;2019-01-05;""sábado"";""14:30:00"";""BA"";116;905","8;""CANDIDO SALES"";""Sim"";""Falta de Atenção à Condução"";2;""Queda de ocupante de veículo"";""Com Vítimas Feridas"";""Pleno dia"";""Decrescente"";""Sol"";""Simples"";""Reta"";""Não"";326465;""Motocicleta"";"""";NA;""Passageiro"";""Lesões Leves"";34;""Feminino"";0;1;0;0;-15",47979;-41,"24306;""SR-BA"";""DEL10/8"";""UOP03/BA"""
"183591;404603;2019-01-05;""sábado"";""14:30:00"";""BA"";116;905","8;""CANDIDO SALES"";""Não"";""Desobediência às normas de trânsito pelo condutor"";2;""Queda de ocupante de veículo"";""Com Vítimas Feridas"";""Pleno dia"";""Decrescente"";""Sol"";""Simples"";""Reta"";""Não"";326465;""Motocicleta"";"""";NA;""Passageiro"";""Lesões Leves"";34;""Feminino"";0;1;0;0;-15",47979;-41,"24306;""SR-BA"";""DEL10/8"";""UOP03/BA"""
"183591;404603;2019-01-05;""sábado"";""14:30:00"";""BA"";116;905","8;""CANDIDO SALES"";""Sim"";""Falta de Atenção à Condução"";1;""Tombamento"";""Com Vítimas Feridas"";""Pleno dia"";""Decrescente"";""Sol"";""Simples"";""Reta"";""Não"";326465;""Motocicleta"";"""";NA;""Passageiro"";""Lesões Leves"";34;""Feminino"";0;1;0;0;-15",47979;-41,"24306;""SR-BA"";""DEL10/8"";""UOP03/BA"""
"183591;404603;2019-01-05;""sábado"";""14:30:00"";""BA"";116;905","8;""CANDIDO SALES"";""Não"";""Desobediência às normas de trânsito pelo condutor"";1;""Tombamento"";""Com Vítimas Feridas"";""Pleno dia"";""Decrescente"";""Sol"";""Simples"";""Reta"";""Não"";326465;""Motocicleta"";"""";NA;""Passageiro"";""Lesões Leves"";34;""Feminino"";0;1;0;0;-15",47979;-41,"24306;""SR-BA"";""DEL10/8"";""UOP03/BA"""
"183591;404601;2019-01-05;""sábado"";""14:30:00"";""BA"";116;905","8;""CANDIDO SALES"";""Sim"";""Falta de Atenção à Condução"";2;""Queda de ocupante de veículo"";""Com Vítimas Feridas"";""Pleno dia"";""Decrescente"";""Sol"";""Simples"";""Reta"";""Não"";326465;""Motocicleta"";"""";NA;""Condutor"";""Lesões Leves"";16;""Masculino"";0;1;0;0;-15",47979;-41,"24306;""SR-BA"";""DEL10/8"";""UOP03/BA"""
"183591;404601;2019-01-05;""sábado"";""14:30:00"";""BA"";116;905","8;""CANDIDO SALES"";""Não"";""Desobediência às normas de trânsito pelo condutor"";2;""Queda de ocupante de veículo"";""Com Vítimas Feridas"";""Pleno dia"";""Decrescente"";""Sol"";""Simples"";""Reta"";""Não"";326465;""Motocicleta"";"""";NA;""Condutor"";""Lesões Leves"";16;""Masculino"";0;1;0;0;-15",47979;-41,"24306;""SR-BA"";""DEL10/8"";""UOP03/BA"""
"183591;404601;2019-01-05;""sábado"";""14:30:00"";""BA"";116;905","8;""CANDIDO SALES"";""Sim"";""Falta de Atenção à Condução"";1;""Tombamento"";""Com Vítimas Feridas"";""Pleno dia"";""Decrescente"";""Sol"";""Simples"";""Reta"";""Não"";326465;""Motocicleta"";"""";NA;""Condutor"";""Lesões Leves"";16;""Masculino"";0;1;0;0;-15",47979;-41,"24306;""SR-BA"";""DEL10/8"";""UOP03/BA"""
"183591;404601;2019-01-05;""sábado"";""14:30:00"";""BA"";116;905","8;""CANDIDO SALES"";""Não"";""Desobediência às normas de trânsito pelo condutor"";1;""Tombamento"";""Com Vítimas Feridas"";""Pleno dia"";""Decrescente"";""Sol"";""Simples"";""Reta"";""Não"";326465;""Motocicleta"";"""";NA;""Condutor"";""Lesões Leves"";16;""Masculino"";0;1;0;0;-15",47979;-41,"24306;""SR-BA"";""DEL10/8"";""UOP03/BA"""
"183592;404504;2019-01-05;""sábado"";""15:35:00"";""SC"";153;78","7;""IRANI"";""Sim"";""Desobediência às normas de trânsito pelo condutor"";1;""Colisão transversal"";""Com Vítimas Feridas"";""Pleno dia"";""Decrescente"";""Nublado"";""Simples"";""Reta"";""Não"";326428;""Automóvel"";""VW/GOL SPECIAL"";1999;""Passageiro"";""Lesões Leves"";75;""Masculino"";0;1;0;0;-27",10668;-51,"900246;""SR-SC"";""DEL7"";""UOP05/SC"""
"183592;404479;2019-01-05;""sábado"";""15:35:00"";""SC"";153;78","7;""IRANI"";""Sim"";""Desobediência às normas de trânsito pelo condutor"";1;""Colisão transversal"";""Com Vítimas Feridas"";""Pleno dia"";""Decrescente"";""Nublado"";""Simples"";""Reta"";""Não"";326428;""Automóvel"";""VW/GOL SPECIAL"";1999;""Passageiro"";""Lesões Leves"";72;""Feminino"";0;1;0;0;-27",10668;-51,"900246;""SR-SC"";""DEL7"";""UOP05/SC"""
"183592;404472;2019-01-05;""sábado"";""15:35:00"";""SC"";153;78","7;""IRANI"";""Sim"";""Desobediência às normas de trânsito pelo condutor"";1;""Colisão transversal"";""Com Vítimas Feridas"";""Pleno dia"";""Decrescente"";""Nublado"";""Simples"";""Reta"";""Não"";326428;""Automóvel"";""VW/GOL SPECIAL"";1999;""Passageiro"";""Lesões Leves"";35;""Masculino"";0;1;0;0;-27",10668;-51,"900246;""SR-SC"";""DEL7"";""UOP05/SC"""
"183592;404470;2019-01-05;""sábado"";""15:35:00"";""SC"";153;78","7;""IRANI"";""Sim"";""Desobediência às normas de trânsito pelo condutor"";1;""Colisão transversal"";""Com Vítimas Feridas"";""Pleno dia"";""Decrescente"";""Nublado"";""Simples"";""Reta"";""Não"";326428;""Automóvel"";""VW/GOL SPECIAL"";1999;""Condutor"";""Lesões Leves"";23;""Feminino"";0;1;0;0;-27",10668;-51,"900246;""SR-SC"";""DEL7"";""UOP05/SC"""
"183592;404465;2019-01-05;""sábado"";""15:35:00"";""SC"";153;78","7;""IRANI"";""Sim"";""Desobediência às normas de trânsito pelo condutor"";1;""Colisão transversal"";""Com Vítimas Feridas"";""Pleno dia"";""Decrescente"";""Nublado"";""Simples"";""Reta"";""Não"";326426;""Camioneta"";""GM/CORSA GL"";1997;""Passageiro"";""Lesões Leves"";28;""Masculino"";0;1;0;0;-27",10668;-51,"900246;""SR-SC"";""DEL7"";""UOP05/SC"""
"183592;404463;2019-01-05;""sábado"";""15:35:00"";""SC"";153;78","7;""IRANI"";""Sim"";""Desobediência às normas de trânsito pelo condutor"";1;""Colisão transversal"";""Com Vítimas Feridas"";""Pleno dia"";""Decrescente"";""Nublado"";""Simples"";""Reta"";""Não"";326426;""Camioneta"";""GM/CORSA GL"";1997;""Condutor"";""Ileso"";41;""Masculino"";1;0;0;0;-27",10668;-51,"900246;""SR-SC"";""DEL7"";""UOP05/SC"""
"183593;404559;2019-01-05;""sábado"";""14:20:00"";""MG"";381;687","8;""LAVRAS"";""Sim"";""Velocidade Incompatível"";1;""Tombamento"";""Com Vítimas Fatais"";""Pleno dia"";""Decrescente"";""Céu Claro"";""Dupla"";""Não Informado"";""Não"";326474;""Motocicleta"";""HONDA/XRE 300"";2011;""Condutor"";""Óbito"";38;""Masculino"";0;0;0;1;-21",1864;-45,"1173;""SR-MG"";""DEL4/4"";""UOP02/MG"""
"183593;404559;2019-01-05;""sábado"";""14:20:00"";""MG"";381;687","8;""LAVRAS"";""Sim"";""Velocidade Incompatível"";2;""Colisão frontal"";""Com Vítimas Fatais"";""Pleno dia"";""Decrescente"";""Céu Claro"";""Dupla"";""Não Informado"";""Não"";326474;""Motocicleta"";""HONDA/XRE 300"";2011;""Condutor"";""Óbito"";38;""Masculino"";0;0;0;1;-21",1864;-45,"1173;""SR-MG"";""DEL4/4"";""UOP02/MG"""