"id;""pesid"";""data_inversa"";""dia_semana"";""horario"";""uf"";""br"";""km"";""municipio"";""causa_principal"";""causa_acidente"";""ordem_tipo_acidente"";""tipo_acidente"";""classificacao_acidente"";""fase_dia"";""sentido_via"";""condicao_metereologica"";""tipo_pista"";""tracado_via"";""uso_solo"";""id_veiculo"";""tipo_veiculo"";""marca"";""ano_fabricacao_veiculo"";""tipo_envolvido"";""estado_fisico"";""idade"";""sexo"";""ilesos"";""feridos_leves"";""feridos_graves"";""mortos"";""latitude"";""longitude"";""regional"";""delegacia"";""uop""",,,
"183593;404628;2019-01-05;""sábado"";""14:20:00"";""MG"";381;687","8;""LAVRAS"";""Sim"";""Velocidade Incompatível"";1;""Tombamento"";""Com Vítimas Fatais"";""Pleno dia"";""Decrescente"";""Céu Claro"";""Dupla"";""Não Informado"";""Não"";326475;""Automóvel"";""I/CHEVROLET AGILE LTZ"";2012;""Passageiro"";""Ileso"";32;""Feminino"";1;0;0;0;-21",1864;-45,"1173;""SR-MG"";""DEL4/4"";""UOP02/MG"""
"183593;404628;2019-01-05;""sábado"";""14:20:00"";""MG"";381;687","8;""LAVRAS"";""Sim"";""Velocidade Incompatível"";2;""Colisão frontal"";""Com Vítimas Fatais"";""Pleno dia"";""Decrescente"";""Céu Claro"";""Dupla"";""Não Informado"";""Não"";326475;""Automóvel"";""I/CHEVROLET AGILE LTZ"";2012;""Passageiro"";""Ileso"";32;""Feminino"";1;0;0;0;-21",1864;-45,"1173;""SR-MG"";""DEL4/4"";""UOP02/MG"""
"183593;404626;2019-01-05;""sábado"";""14:20:00"";""MG"";381;687","8;""LAVRAS"";""Sim"";""Velocidade Incompatível"";1;""Tombamento"";""Com Vítimas Fatais"";""Pleno dia"";""Decrescente"";""Céu Claro"";""Dupla"";""Não Informado"";""Não"";326475;""Automóvel"";""I/CHEVROLET AGILE LTZ"";2012;""Condutor"";""Ileso"";27;""Masculino"";1;0;0;0;-21",1864;-45,"1173;""SR-MG"";""DEL4/4"";""UOP02/MG"""
"183593;404626;2019-01-05;""sábado"";""14:20:00"";""MG"";381;687","8;""LAVRAS"";""Sim"";""Velocidade Incompatível"";2;""Colisão frontal"";""Com Vítimas Fatais"";""Pleno dia"";""Decrescente"";""Céu Claro"";""Dupla"";""Não Informado"";""Não"";326475;""Automóvel"";""I/CHEVROLET AGILE LTZ"";2012;""Condutor"";""Ileso"";27;""Masculino"";1;0;0;0;-21",1864;-45,"1173;""SR-MG"";""DEL4/4"";""UOP02/MG"""
"183594;404831;2019-01-05;""sábado"";""15:45:00"";""PE"";116;80;""CABROBO"";""Sim"";""Falta de Atenção à Condução"";1;""Colisão lateral"";""Com Vítimas Feridas"";""Pleno dia"";""Decrescente"";""Céu Claro"";""Simples"";""Reta"";""Não"";326521;""Motocicleta"";""HONDA/CG 150 TITAN ESD"";2011;""Passageiro"";""Lesões Leves"";21;""Feminino"";0;1;0;0;-8",525343;-39,"218342;""SR-PE"";""DEL11/5"";""UOP03/PE""",
"183594;404830;2019-01-05;""sábado"";""15:45:00"";""PE"";116;80;""CABROBO"";""Sim"";""Falta de Atenção à Condução"";1;""Colisão lateral"";""Com Vítimas Feridas"";""Pleno dia"";""Decrescente"";""Céu Claro"";""Simples"";""Reta"";""Não"";326521;""Motocicleta"";""HONDA/CG 150 TITAN ESD"";2011;""Condutor"";""Lesões Leves"";30;""Masculino"";0;1;0;0;-8",525343;-39,"218342;""SR-PE"";""DEL11/5"";""UOP03/PE""",
"183594;404825;2019-01-05;""sábado"";""15:45:00"";""PE"";116;80;""CABROBO"";""Sim"";""Falta de Atenção à Condução"";1;""Colisão lateral"";""Com Vítimas Feridas"";""Pleno dia"";""Decrescente"";""Céu Claro"";""Simples"";""Reta"";""Não"";326520;""Caminhão-trator"";""SCANIA/R 440 A6X2"";2012;""Condutor"";""Lesões Leves"";55;""Masculino"";0;1;0;0;-8",525343;-39,"218342;""SR-PE"";""DEL11/5"";""UOP03/PE""",
"183595;404691;2019-01-05;""sábado"";""16:45:00"";""SP"";153;208","9;""GUAIMBE"";""Sim"";""Ingestão de Álcool"";1;""Colisão transversal"";""Com Vítimas Feridas"";""Pleno dia"";""Decrescente"";""Chuva"";""Simples"";""Interseção de vias"";""Não"";326560;""Automóvel"";""CHEVROLET/CELTA 1.0L LS"";2011;""Condutor"";""Lesões Leves"";68;""Masculino"";0;1;0;0;-21",891123;-49,"910141;""SR-SP"";""DEL6/07"";""UOP02/SP"""
"183595;404691;2019-01-05;""sábado"";""16:45:00"";""SP"";153;208","9;""GUAIMBE"";""Não"";""Falta de Atenção à Condução"";1;""Colisão transversal"";""Com Vítimas Feridas"";""Pleno dia"";""Decrescente"";""Chuva"";""Simples"";""Interseção de vias"";""Não"";326560;""Automóvel"";""CHEVROLET/CELTA 1.0L LS"";2011;""Condutor"";""Lesões Leves"";68;""Masculino"";0;1;0;0;-21",891123;-49,"910141;""SR-SP"";""DEL6/07"";""UOP02/SP"""
"183595;404691;2019-01-05;""sábado"";""16:45:00"";""SP"";153;208","9;""GUAIMBE"";""Não"";""Fenômenos da Natureza"";1;""Colisão transversal"";""Com Vítimas Feridas"";""Pleno dia"";""Decrescente"";""Chuva"";""Simples"";""Interseção de vias"";""Não"";326560;""Automóvel"";""CHEVROLET/CELTA 1.0L LS"";2011;""Condutor"";""Lesões Leves"";68;""Masculino"";0;1;0;0;-21",891123;-49,"910141;""SR-SP"";""DEL6/07"";""UOP02/SP"""
"183595;404691;2019-01-05;""sábado"";""16:45:00"";""SP"";153;208","9;""GUAIMBE"";""Sim"";""Ingestão de Álcool"";2;""Danos eventuais"";""Com Vítimas Feridas"";""Pleno dia"";""Decrescente"";""Chuva"";""Simples"";""Interseção de vias"";""Não"";326560;""Automóvel"";""CHEVROLET/CELTA 1.0L LS"";2011;""Condutor"";""Lesões Leves"";68;""Masculino"";0;1;0;0;-21",891123;-49,"910141;""SR-SP"";""DEL6/07"";""UOP02/SP"""
"183595;404691;2019-01-05;""sábado"";""16:45:00"";""SP"";153;208","9;""GUAIMBE"";""Não"";""Falta de Atenção à Condução"";2;""Danos eventuais"";""Com Vítimas Feridas"";""Pleno dia"";""Decrescente"";""Chuva"";""Simples"";""Interseção de vias"";""Não"";326560;""Automóvel"";""CHEVROLET/CELTA 1.0L LS"";2011;""Condutor"";""Lesões Leves"";68;""Masculino"";0;1;0;0;-21",891123;-49,"910141;""SR-SP"";""DEL6/07"";""UOP02/SP"""
"183595;404691;2019-01-05;""sábado"";""16:45:00"";""SP"";153;208","9;""GUAIMBE"";""Não"";""Fenômenos da Natureza"";2;""Danos eventuais"";""Com Vítimas Feridas"";""Pleno dia"";""Decrescente"";""Chuva"";""Simples"";""Interseção de vias"";""Não"";326560;""Automóvel"";""CHEVROLET/CELTA 1.0L LS"";2011;""Condutor"";""Lesões Leves"";68;""Masculino"";0;1;0;0;-21",891123;-49,"910141;""SR-SP"";""DEL6/07"";""UOP02/SP"""
"183595;404704;2019-01-05;""sábado"";""16:45:00"";""SP"";153;208","9;""GUAIMBE"";""Sim"";""Ingestão de Álcool"";1;""Colisão transversal"";""Com Vítimas Feridas"";""Pleno dia"";""Decrescente"";""Chuva"";""Simples"";""Interseção de vias"";""Não"";326561;""Automóvel"";""CITROEN/C3 GLX 14 FLEX"";2009;""Passageiro"";""Ileso"";25;""Feminino"";1;0;0;0;-21",891123;-49,"910141;""SR-SP"";""DEL6/07"";""UOP02/SP"""
"183595;404704;2019-01-05;""sábado"";""16:45:00"";""SP"";153;208","9;""GUAIMBE"";""Não"";""Falta de Atenção à Condução"";1;""Colisão transversal"";""Com Vítimas Feridas"";""Pleno dia"";""Decrescente"";""Chuva"";""Simples"";""Interseção de vias"";""Não"";326561;""Automóvel"";""CITROEN/C3 GLX 14 FLEX"";2009;""Passageiro"";""Ileso"";25;""Feminino"";1;0;0;0;-21",891123;-49,"910141;""SR-SP"";""DEL6/07"";""UOP02/SP"""
"183595;404704;2019-01-05;""sábado"";""16:45:00"";""SP"";153;208","9;""GUAIMBE"";""Não"";""Fenômenos da Natureza"";1;""Colisão transversal"";""Com Vítimas Feridas"";""Pleno dia"";""Decrescente"";""Chuva"";""Simples"";""Interseção de vias"";""Não"";326561;""Automóvel"";""CITROEN/C3 GLX 14 FLEX"";2009;""Passageiro"";""Ileso"";25;""Feminino"";1;0;0;0;-21",891123;-49,"910141;""SR-SP"";""DEL6/07"";""UOP02/SP"""
"183595;404704;2019-01-05;""sábado"";""16:45:00"";""SP"";153;208","9;""GUAIMBE"";""Sim"";""Ingestão de Álcool"";2;""Danos eventuais"";""Com Vítimas Feridas"";""Pleno dia"";""Decrescente"";""Chuva"";""Simples"";""Interseção de vias"";""Não"";326561;""Automóvel"";""CITROEN/C3 GLX 14 FLEX"";2009;""Passageiro"";""Ileso"";25;""Feminino"";1;0;0;0;-21",891123;-49,"910141;""SR-SP"";""DEL6/07"";""UOP02/SP"""
"183595;404704;2019-01-05;""sábado"";""16:45:00"";""SP"";153;208","9;""GUAIMBE"";""Não"";""Falta de Atenção à Condução"";2;""Danos eventuais"";""Com Vítimas Feridas"";""Pleno dia"";""Decrescente"";""Chuva"";""Simples"";""Interseção de vias"";""Não"";326561;""Automóvel"";""CITROEN/C3 GLX 14 FLEX"";2009;""Passageiro"";""Ileso"";25;""Feminino"";1;0;0;0;-21",891123;-49,"910141;""SR-SP"";""DEL6/07"";""UOP02/SP"""
"183595;404704;2019-01-05;""sábado"";""16:45:00"";""SP"";153;208","9;""GUAIMBE"";""Não"";""Fenômenos da Natureza"";2;""Danos eventuais"";""Com Vítimas Feridas"";""Pleno dia"";""Decrescente"";""Chuva"";""Simples"";""Interseção de vias"";""Não"";326561;""Automóvel"";""CITROEN/C3 GLX 14 FLEX"";2009;""Passageiro"";""Ileso"";25;""Feminino"";1;0;0;0;-21",891123;-49,"910141;""SR-SP"";""DEL6/07"";""UOP02/SP"""
"183595;404702;2019-01-05;""sábado"";""16:45:00"";""SP"";153;208","9;""GUAIMBE"";""Sim"";""Ingestão de Álcool"";1;""Colisão transversal"";""Com Vítimas Feridas"";""Pleno dia"";""Decrescente"";""Chuva"";""Simples"";""Interseção de vias"";""Não"";326561;""Automóvel"";""CITROEN/C3 GLX 14 FLEX"";2009;""Passageiro"";""Ileso"";27;""Feminino"";1;0;0;0;-21",891123;-49,"910141;""SR-SP"";""DEL6/07"";""UOP02/SP"""
"183595;404702;2019-01-05;""sábado"";""16:45:00"";""SP"";153;208","9;""GUAIMBE"";""Não"";""Falta de Atenção à Condução"";1;""Colisão transversal"";""Com Vítimas Feridas"";""Pleno dia"";""Decrescente"";""Chuva"";""Simples"";""Interseção de vias"";""Não"";326561;""Automóvel"";""CITROEN/C3 GLX 14 FLEX"";2009;""Passageiro"";""Ileso"";27;""Feminino"";1;0;0;0;-21",891123;-49,"910141;""SR-SP"";""DEL6/07"";""UOP02/SP"""
"183595;404702;2019-01-05;""sábado"";""16:45:00"";""SP"";153;208","9;""GUAIMBE"";""Não"";""Fenômenos da Natureza"";1;""Colisão transversal"";""Com Vítimas Feridas"";""Pleno dia"";""Decrescente"";""Chuva"";""Simples"";""Interseção de vias"";""Não"";326561;""Automóvel"";""CITROEN/C3 GLX 14 FLEX"";2009;""Passageiro"";""Ileso"";27;""Feminino"";1;0;0;0;-21",891123;-49,"910141;""SR-SP"";""DEL6/07"";""UOP02/SP"""
"183595;404702;2019-01-05;""sábado"";""16:45:00"";""SP"";153;208","9;""GUAIMBE"";""Sim"";""Ingestão de Álcool"";2;""Danos eventuais"";""Com Vítimas Feridas"";""Pleno dia"";""Decrescente"";""Chuva"";""Simples"";""Interseção de vias"";""Não"";326561;""Automóvel"";""CITROEN/C3 GLX 14 FLEX"";2009;""Passageiro"";""Ileso"";27;""Feminino"";1;0;0;0;-21",891123;-49,"910141;""SR-SP"";""DEL6/07"";""UOP02/SP"""
"183595;404702;2019-01-05;""sábado"";""16:45:00"";""SP"";153;208","9;""GUAIMBE"";""Não"";""Falta de Atenção à Condução"";2;""Danos eventuais"";""Com Vítimas Feridas"";""Pleno dia"";""Decrescente"";""Chuva"";""Simples"";""Interseção de vias"";""Não"";326561;""Automóvel"";""CITROEN/C3 GLX 14 FLEX"";2009;""Passageiro"";""Ileso"";27;""Feminino"";1;0;0;0;-21",891123;-49,"910141;""SR-SP"";""DEL6/07"";""UOP02/SP"""
"183595;404702;2019-01-05;""sábado"";""16:45:00"";""SP"";153;208","9;""GUAIMBE"";""Não"";""Fenômenos da Natureza"";2;""Danos eventuais"";""Com Vítimas Feridas"";""Pleno dia"";""Decrescente"";""Chuva"";""Simples"";""Interseção de vias"";""Não"";326561;""Automóvel"";""CITROEN/C3 GLX 14 FLEX"";2009;""Passageiro"";""Ileso"";27;""Feminino"";1;0;0;0;-21",891123;-49,"910141;""SR-SP"";""DEL6/07"";""UOP02/SP"""
"183595;404698;2019-01-05;""sábado"";""16:45:00"";""SP"";153;208","9;""GUAIMBE"";""Sim"";""Ingestão de Álcool"";1;""Colisão transversal"";""Com Vítimas Feridas"";""Pleno dia"";""Decrescente"";""Chuva"";""Simples"";""Interseção de vias"";""Não"";326561;""Automóvel"";""CITROEN/C3 GLX 14 FLEX"";2009;""Condutor"";""Ileso"";52;""Feminino"";1;0;0;0;-21",891123;-49,"910141;""SR-SP"";""DEL6/07"";""UOP02/SP"""
"183595;404698;2019-01-05;""sábado"";""16:45:00"";""SP"";153;208","9;""GUAIMBE"";""Não"";""Falta de Atenção à Condução"";1;""Colisão transversal"";""Com Vítimas Feridas"";""Pleno dia"";""Decrescente"";""Chuva"";""Simples"";""Interseção de vias"";""Não"";326561;""Automóvel"";""CITROEN/C3 GLX 14 FLEX"";2009;""Condutor"";""Ileso"";52;""Feminino"";1;0;0;0;-21",891123;-49,"910141;""SR-SP"";""DEL6/07"";""UOP02/SP"""
"183595;404698;2019-01-05;""sábado"";""16:45:00"";""SP"";153;208","9;""GUAIMBE"";""Não"";""Fenômenos da Natureza"";1;""Colisão transversal"";""Com Vítimas Feridas"";""Pleno dia"";""Decrescente"";""Chuva"";""Simples"";""Interseção de vias"";""Não"";326561;""Automóvel"";""CITROEN/C3 GLX 14 FLEX"";2009;""Condutor"";""Ileso"";52;""Feminino"";1;0;0;0;-21",891123;-49,"910141;""SR-SP"";""DEL6/07"";""UOP02/SP"""
"183595;404698;2019-01-05;""sábado"";""16:45:00"";""SP"";153;208","9;""GUAIMBE"";""Sim"";""Ingestão de Álcool"";2;""Danos eventuais"";""Com Vítimas Feridas"";""Pleno dia"";""Decrescente"";""Chuva"";""Simples"";""Interseção de vias"";""Não"";326561;""Automóvel"";""CITROEN/C3 GLX 14 FLEX"";2009;""Condutor"";""Ileso"";52;""Feminino"";1;0;0;0;-21",891123;-49,"910141;""SR-SP"";""DEL6/07"";""UOP02/SP"""
"183595;404698;2019-01-05;""sábado"";""16:45:00"";""SP"";153;208","9;""GUAIMBE"";""Não"";""Falta de Atenção à Condução"";2;""Danos eventuais"";""Com Vítimas Feridas"";""Pleno dia"";""Decrescente"";""Chuva"";""Simples"";""Interseção de vias"";""Não"";326561;""Automóvel"";""CITROEN/C3 GLX 14 FLEX"";2009;""Condutor"";""Ileso"";52;""Feminino"";1;0;0;0;-21",891123;-49,"910141;""SR-SP"";""DEL6/07"";""UOP02/SP"""
"183595;404698;2019-01-05;""sábado"";""16:45:00"";""SP"";153;208","9;""GUAIMBE"";""Não"";""Fenômenos da Natureza"";2;""Danos eventuais"";""Com Vítimas Feridas"";""Pleno dia"";""Decrescente"";""Chuva"";""Simples"";""Interseção de vias"";""Não"";326561;""Automóvel"";""CITROEN/C3 GLX 14 FLEX"";2009;""Condutor"";""Ileso"";52;""Feminino"";1;0;0;0;-21",891123;-49,"910141;""SR-SP"";""DEL6/07"";""UOP02/SP"""
"183596;404615;2019-01-05;""sábado"";""17:09:00"";""SP"";153;60","9;""SAO JOSE DO RIO PRETO"";""Sim"";""Falta de Atenção à Condução"";1;""Tombamento"";""Com Vítimas Feridas"";""Pleno dia"";""Decrescente"";""Garoa/Chuvisco"";""Dupla"";""Ponte"";""Sim"";326503;""Motocicleta"";""HONDA/CB 250F TWISTER"";2018;""Condutor"";""Lesões Leves"";28;""Masculino"";0;1;0;0;-20",79628;-49,"354801;""SR-SP"";""DEL6/9"";""UOP01/SP"""
"183597;NA;2019-01-05;""sábado"";""12:45:00"";""MA"";135;28;""BACABEIRA"";""Sim"";""Falta de Atenção à Condução"";2;""Queda de ocupante de veículo"";""Com Vítimas Feridas"";""Pleno dia"";""Crescente"";""Nublado"";""Dupla"";""Reta"";""Não"";326562;""Semireboque"";""SR/GUERRA AG GR"";2015;""Não Informado"";""Não Informado"";NA;""Não Informado"";0;0;0;0;-2",786066;-44,"37413;""SR-MA"";""DEL18/1"";""UOP01/MA""",
"183597;NA;2019-01-05;""sábado"";""12:45:00"";""MA"";135;28;""BACABEIRA"";""Sim"";""Falta de Atenção à Condução"";1;""Saída de leito carroçável"";""Com Vítimas Feridas"";""Pleno dia"";""Crescente"";""Nublado"";""Dupla"";""Reta"";""Não"";326562;""Semireboque"";""SR/GUERRA AG GR"";2015;""Não Informado"";""Não Informado"";NA;""Não Informado"";0;0;0;0;-2",786066;-44,"37413;""SR-MA"";""DEL18/1"";""UOP01/MA""",
"183597;404518;2019-01-05;""sábado"";""12:45:00"";""MA"";135;28;""BACABEIRA"";""Sim"";""Falta de Atenção à Condução"";2;""Queda de ocupante de veículo"";""Com Vítimas Feridas"";""Pleno dia"";""Crescente"";""Nublado"";""Dupla"";""Reta"";""Não"";326440;""Caminhão-trator"";""SCANIA/R 440 A6X2"";2013;""Passageiro"";""Ileso"";23;""Feminino"";1;0;0;0;-2",786066;-44,"37413;""SR-MA"";""DEL18/1"";""UOP01/MA""",
"183597;404518;2019-01-05;""sábado"";""12:45:00"";""MA"";135;28;""BACABEIRA"";""Sim"";""Falta de Atenção à Condução"";1;""Saída de leito carroçável"";""Com Vítimas Feridas"";""Pleno dia"";""Crescente"";""Nublado"";""Dupla"";""Reta"";""Não"";326440;""Caminhão-trator"";""SCANIA/R 440 A6X2"";2013;""Passageiro"";""Ileso"";23;""Feminino"";1;0;0;0;-2",786066;-44,"37413;""SR-MA"";""DEL18/1"";""UOP01/MA""",
"183597;404515;2019-01-05;""sábado"";""12:45:00"";""MA"";135;28;""BACABEIRA"";""Sim"";""Falta de Atenção à Condução"";2;""Queda de ocupante de veículo"";""Com Vítimas Feridas"";""Pleno dia"";""Crescente"";""Nublado"";""Dupla"";""Reta"";""Não"";326440;""Caminhão-trator"";""SCANIA/R 440 A6X2"";2013;""Condutor"";""Lesões Graves"";43;""Masculino"";0;0;1;0;-2",786066;-44,"37413;""SR-MA"";""DEL18/1"";""UOP01/MA""",
"183597;404515;2019-01-05;""sábado"";""12:45:00"";""MA"";135;28;""BACABEIRA"";""Sim"";""Falta de Atenção à Condução"";1;""Saída de leito carroçável"";""Com Vítimas Feridas"";""Pleno dia"";""Crescente"";""Nublado"";""Dupla"";""Reta"";""Não"";326440;""Caminhão-trator"";""SCANIA/R 440 A6X2"";2013;""Condutor"";""Lesões Graves"";43;""Masculino"";0;0;1;0;-2",786066;-44,"37413;""SR-MA"";""DEL18/1"";""UOP01/MA""",
"183598;404551;2019-01-05;""sábado"";""15:55:00"";""BA"";324;575;""SAO SEBASTIAO DO PASSE"";""Sim"";""Condutor Dormindo"";1;""Capotamento"";""Com Vítimas Feridas"";""Pleno dia"";""Crescente"";""Céu Claro"";""Dupla"";""Reta"";""Não"";326456;""Automóvel"";""I/JAC J3"";2011;""Condutor"";""Lesões Leves"";61;""Feminino"";0;1;0;0;-12",5904182;-38,"52201462;""SR-BA"";""DEL10/1"";""UOP01/BA""",
"183598;404553;2019-01-05;""sábado"";""15:55:00"";""BA"";324;575;""SAO SEBASTIAO DO PASSE"";""Sim"";""Condutor Dormindo"";1;""Capotamento"";""Com Vítimas Feridas"";""Pleno dia"";""Crescente"";""Céu Claro"";""Dupla"";""Reta"";""Não"";326456;""Automóvel"";""I/JAC J3"";2011;""Passageiro"";""Lesões Leves"";33;""Feminino"";0;1;0;0;-12",5904182;-38,"52201462;""SR-BA"";""DEL10/1"";""UOP01/BA""",
"183599;404521;2019-01-05;""sábado"";""15:15:00"";""SC"";101;148;""ITAPEMA"";""Sim"";""Mal Súbito"";1;""Colisão lateral"";""Sem Vítimas"";""Pleno dia"";""Decrescente"";""Nublado"";""Dupla"";""Reta"";""Sim"";326442;""Automóvel"";""CITROEN/C3 ATTRACTION A"";2018;""Condutor"";""Ileso"";51;""Feminino"";1;0;0;0;-27",109;-48,"6126;""SR-SC"";""DEL8/4"";""UOP03/SC""",
"183599;404522;2019-01-05;""sábado"";""15:15:00"";""SC"";101;148;""ITAPEMA"";""Sim"";""Mal Súbito"";1;""Colisão lateral"";""Sem Vítimas"";""Pleno dia"";""Decrescente"";""Nublado"";""Dupla"";""Reta"";""Sim"";326443;""Caminhonete"";""CHEVROLET/S10 LT DD4A"";2018;""Condutor"";""Ileso"";66;""Masculino"";1;0;0;0;-27",109;-48,"6126;""SR-SC"";""DEL8/4"";""UOP03/SC""",
"183600;404715;2019-01-05;""sábado"";""15:00:00"";""BA"";415;25","1;""ILHEUS"";""Sim"";""Falta de Atenção à Condução"";1;""Colisão lateral"";""Com Vítimas Feridas"";""Pleno dia"";""Crescente"";""Céu Claro"";""Simples"";""Curva"";""Não"";326531;""Motocicleta"";""HONDA/CG 160 FAN ESDI"";2017;""Condutor"";""Lesões Leves"";23;""Masculino"";0;1;0;0;-14",8482;-39,"281986;""SR-BA"";""DEL10/5"";""UOP01/BA"""
"183600;404716;2019-01-05;""sábado"";""15:00:00"";""BA"";415;25","1;""ILHEUS"";""Sim"";""Falta de Atenção à Condução"";1;""Colisão lateral"";""Com Vítimas Feridas"";""Pleno dia"";""Crescente"";""Céu Claro"";""Simples"";""Curva"";""Não"";326531;""Motocicleta"";""HONDA/CG 160 FAN ESDI"";2017;""Passageiro"";""Lesões Leves"";25;""Feminino"";0;1;0;0;-14",8482;-39,"281986;""SR-BA"";""DEL10/5"";""UOP01/BA"""
"183600;404711;2019-01-05;""sábado"";""15:00:00"";""BA"";415;25","1;""ILHEUS"";""Sim"";""Falta de Atenção à Condução"";1;""Colisão lateral"";""Com Vítimas Feridas"";""Pleno dia"";""Crescente"";""Céu Claro"";""Simples"";""Curva"";""Não"";326522;""Automóvel"";""TOYOTA/COROLLA XEI20FLEX"";2015;""Condutor"";""Ileso"";76;""Masculino"";1;0;0;0;-14",8482;-39,"281986;""SR-BA"";""DEL10/5"";""UOP01/BA"""
"183601;404577;2019-01-05;""sábado"";""16:20:00"";""PE"";101;106;""CABO DE SANTO AGOSTINHO"";""Sim"";""Falta de Atenção à Condução"";1;""Saída de leito carroçável"";""Com Vítimas Feridas"";""Pleno dia"";""Decrescente"";""Céu Claro"";""Dupla"";""Curva"";""Não"";326483;""Caminhonete"";""FIAT/FIOR MODIFICAR AB1"";2018;""Condutor"";""Lesões Leves"";56;""Masculino"";0;1;0;0;-8",3098;-35,"0821;""SR-PE"";""DEL11/1"";""UOP03/PE""",
"183601;404588;2019-01-05;""sábado"";""16:20:00"";""PE"";101;106;""CABO DE SANTO AGOSTINHO"";""Sim"";""Falta de Atenção à Condução"";1;""Saída de leito carroçável"";""Com Vítimas Feridas"";""Pleno dia"";""Decrescente"";""Céu Claro"";""Dupla"";""Curva"";""Não"";326483;""Caminhonete"";""FIAT/FIOR MODIFICAR AB1"";2018;""Passageiro"";""Lesões Graves"";48;""Masculino"";0;0;1;0;-8",3098;-35,"0821;""SR-PE"";""DEL11/1"";""UOP03/PE""",
"183601;405435;2019-01-05;""sábado"";""16:20:00"";""PE"";101;106;""CABO DE SANTO AGOSTINHO"";""Sim"";""Falta de Atenção à Condução"";1;""Saída de leito carroçável"";""Com Vítimas Feridas"";""Pleno dia"";""Decrescente"";""Céu Claro"";""Dupla"";""Curva"";""Não"";326483;""Caminhonete"";""FIAT/FIOR MODIFICAR AB1"";2018;""Passageiro"";""Lesões Leves"";32;""Feminino"";0;1;0;0;-8",3098;-35,"0821;""SR-PE"";""DEL11/1"";""UOP03/PE""",
"183601;405434;2019-01-05;""sábado"";""16:20:00"";""PE"";101;106;""CABO DE SANTO AGOSTINHO"";""Sim"";""Falta de Atenção à Condução"";1;""Saída de leito carroçável"";""Com Vítimas Feridas"";""Pleno dia"";""Decrescente"";""Céu Claro"";""Dupla"";""Curva"";""Não"";326483;""Caminhonete"";""FIAT/FIOR MODIFICAR AB1"";2018;""Passageiro"";""Lesões Leves"";49;""Feminino"";0;1;0;0;-8",3098;-35,"0821;""SR-PE"";""DEL11/1"";""UOP03/PE""",
"183602;404593;2019-01-05;""sábado"";""17:10:00"";""PR"";277;366","6;""GUARAPUAVA"";""Sim"";""Falta de Atenção à Condução"";1;""Colisão frontal"";""Com Vítimas Feridas"";""Pleno dia"";""Decrescente"";""Chuva"";""Simples"";""Não Informado"";""Não"";326487;""Automóvel"";""RENAULT/SANDERO PRI 16"";2011;""Passageiro"";""Lesões Leves"";28;""Feminino"";0;1;0;0;-25",422472;-51,"665939;""SR-PR"";""DEL7/3"";""UOP02/PR"""
"183602;404607;2019-01-05;""sábado"";""17:10:00"";""PR"";277;366","6;""GUARAPUAVA"";""Sim"";""Falta de Atenção à Condução"";1;""Colisão frontal"";""Com Vítimas Feridas"";""Pleno dia"";""Decrescente"";""Chuva"";""Simples"";""Não Informado"";""Não"";326488;""Automóvel"";""IMP/TOYOTA"";2006;""Condutor"";""Ileso"";39;""Feminino"";1;0;0;0;-25",422472;-51,"665939;""SR-PR"";""DEL7/3"";""UOP02/PR"""
"183602;404591;2019-01-05;""sábado"";""17:10:00"";""PR"";277;366","6;""GUARAPUAVA"";""Sim"";""Falta de Atenção à Condução"";1;""Colisão frontal"";""Com Vítimas Feridas"";""Pleno dia"";""Decrescente"";""Chuva"";""Simples"";""Não Informado"";""Não"";326487;""Automóvel"";""RENAULT/SANDERO PRI 16"";2011;""Condutor"";""Ileso"";30;""Masculino"";1;0;0;0;-25",422472;-51,"665939;""SR-PR"";""DEL7/3"";""UOP02/PR"""
"183603;404533;2019-01-05;""sábado"";""14:55:00"";""PR"";376;300","3;""MAUA DA SERRA"";""Sim"";""Falta de Atenção à Condução"";1;""Saída de leito carroçável"";""Com Vítimas Feridas"";""Pleno dia"";""Decrescente"";""Chuva"";""Dupla"";""Curva"";""Não"";326448;""Automóvel"";""TOYOTA/ETIOS SD XLS"";2014;""Condutor"";""Lesões Leves"";63;""Masculino"";0;1;0;0;-23",93668251;-51,"1636734;""SR-PR"";""DEL7/7"";""UOP02/PR"""
"183603;404536;2019-01-05;""sábado"";""14:55:00"";""PR"";376;300","3;""MAUA DA SERRA"";""Sim"";""Falta de Atenção à Condução"";1;""Saída de leito carroçável"";""Com Vítimas Feridas"";""Pleno dia"";""Decrescente"";""Chuva"";""Dupla"";""Curva"";""Não"";326448;""Automóvel"";""TOYOTA/ETIOS SD XLS"";2014;""Passageiro"";""Lesões Leves"";59;""Feminino"";0;1;0;0;-23",93668251;-51,"1636734;""SR-PR"";""DEL7/7"";""UOP02/PR"""
"183603;404535;2019-01-05;""sábado"";""14:55:00"";""PR"";376;300","3;""MAUA DA SERRA"";""Sim"";""Falta de Atenção à Condução"";1;""Saída de leito carroçável"";""Com Vítimas Feridas"";""Pleno dia"";""Decrescente"";""Chuva"";""Dupla"";""Curva"";""Não"";326448;""Automóvel"";""TOYOTA/ETIOS SD XLS"";2014;""Passageiro"";""Lesões Leves"";24;""Feminino"";0;1;0;0;-23",93668251;-51,"1636734;""SR-PR"";""DEL7/7"";""UOP02/PR"""