"id;""pesid"";""data_inversa"";""dia_semana"";""horario"";""uf"";""br"";""km"";""municipio"";""causa_principal"";""causa_acidente"";""ordem_tipo_acidente"";""tipo_acidente"";""classificacao_acidente"";""fase_dia"";""sentido_via"";""condicao_metereologica"";""tipo_pista"";""tracado_via"";""uso_solo"";""id_veiculo"";""tipo_veiculo"";""marca"";""ano_fabricacao_veiculo"";""tipo_envolvido"";""estado_fisico"";""idade"";""sexo"";""ilesos"";""feridos_leves"";""feridos_graves"";""mortos"";""latitude"";""longitude"";""regional"";""delegacia"";""uop""",,,
"183603;404534;2019-01-05;""sábado"";""14:55:00"";""PR"";376;300","3;""MAUA DA SERRA"";""Sim"";""Falta de Atenção à Condução"";1;""Saída de leito carroçável"";""Com Vítimas Feridas"";""Pleno dia"";""Decrescente"";""Chuva"";""Dupla"";""Curva"";""Não"";326448;""Automóvel"";""TOYOTA/ETIOS SD XLS"";2014;""Passageiro"";""Lesões Leves"";24;""Masculino"";0;1;0;0;-23",93668251;-51,"1636734;""SR-PR"";""DEL7/7"";""UOP02/PR"""
"183604;NA;2019-01-05;""sábado"";""15:45:00"";""CE"";222;146","9;""IRAUCUBA"";""Sim"";""Falta de Atenção à Condução"";1;""Colisão transversal"";""Com Vítimas Feridas"";""Pleno dia"";""Decrescente"";""Nublado"";""Simples"";""Reta"";""Não"";326451;""Semireboque"";""SR/PALMEIRA SRCF 2E"";2016;""Não Informado"";""Não Informado"";NA;""Não Informado"";0;0;0;0;-3",753667;-39,"755566;""SR-CE"";""DEL16/4"";""UOP03/CE"""
"183604;404527;2019-01-05;""sábado"";""15:45:00"";""CE"";222;146","9;""IRAUCUBA"";""Sim"";""Falta de Atenção à Condução"";1;""Colisão transversal"";""Com Vítimas Feridas"";""Pleno dia"";""Decrescente"";""Nublado"";""Simples"";""Reta"";""Não"";326447;""Motocicleta"";""HONDA/CG 125 FAN"";2008;""Condutor"";""Lesões Graves"";35;""Masculino"";0;0;1;0;-3",753667;-39,"755566;""SR-CE"";""DEL16/4"";""UOP03/CE"""
"183604;404528;2019-01-05;""sábado"";""15:45:00"";""CE"";222;146","9;""IRAUCUBA"";""Sim"";""Falta de Atenção à Condução"";1;""Colisão transversal"";""Com Vítimas Feridas"";""Pleno dia"";""Decrescente"";""Nublado"";""Simples"";""Reta"";""Não"";326450;""Caminhão-trator"";""SCANIA/P 360 A6X2"";2016;""Condutor"";""Ileso"";46;""Masculino"";1;0;0;0;-3",753667;-39,"755566;""SR-CE"";""DEL16/4"";""UOP03/CE"""
"183605;405963;2019-01-05;""sábado"";""16:00:00"";""MA"";316;477","5;""CODO"";""Sim"";""Defeito Mecânico no Veículo"";1;""Incêndio"";""Sem Vítimas"";""Pleno dia"";""Crescente"";""Céu Claro"";""Simples"";""Curva"";""Não"";326536;""Automóvel"";""I/CITROEN C4 PALLAS20EAF"";2011;""Condutor"";""Ileso"";26;""Masculino"";1;0;0;0;-4",609521;-43,"935574;""SR-MA"";""DEL18/3"";""UOP02/MA"""
"183606;404580;2019-01-05;""sábado"";""17:00:00"";""RJ"";101;463","5;""ANGRA DOS REIS"";""Sim"";""Condutor Dormindo"";2;""Capotamento"";""Com Vítimas Feridas"";""Pleno dia"";""Decrescente"";""Céu Claro"";""Simples"";""Curva"";""Não"";326458;""Automóvel"";""NISSAN/MARCH 10S"";2017;""Passageiro"";""Lesões Leves"";48;""Feminino"";0;1;0;0;-23",02823755;-44,"21686848;""SR-RJ"";""DEL5/3"";""UOP02/RJ"""
"183606;404580;2019-01-05;""sábado"";""17:00:00"";""RJ"";101;463","5;""ANGRA DOS REIS"";""Sim"";""Condutor Dormindo"";1;""Saída de leito carroçável"";""Com Vítimas Feridas"";""Pleno dia"";""Decrescente"";""Céu Claro"";""Simples"";""Curva"";""Não"";326458;""Automóvel"";""NISSAN/MARCH 10S"";2017;""Passageiro"";""Lesões Leves"";48;""Feminino"";0;1;0;0;-23",02823755;-44,"21686848;""SR-RJ"";""DEL5/3"";""UOP02/RJ"""
"183606;404541;2019-01-05;""sábado"";""17:00:00"";""RJ"";101;463","5;""ANGRA DOS REIS"";""Sim"";""Condutor Dormindo"";2;""Capotamento"";""Com Vítimas Feridas"";""Pleno dia"";""Decrescente"";""Céu Claro"";""Simples"";""Curva"";""Não"";326458;""Automóvel"";""NISSAN/MARCH 10S"";2017;""Condutor"";""Lesões Leves"";42;""Masculino"";0;1;0;0;-23",02823755;-44,"21686848;""SR-RJ"";""DEL5/3"";""UOP02/RJ"""
"183606;404541;2019-01-05;""sábado"";""17:00:00"";""RJ"";101;463","5;""ANGRA DOS REIS"";""Sim"";""Condutor Dormindo"";1;""Saída de leito carroçável"";""Com Vítimas Feridas"";""Pleno dia"";""Decrescente"";""Céu Claro"";""Simples"";""Curva"";""Não"";326458;""Automóvel"";""NISSAN/MARCH 10S"";2017;""Condutor"";""Lesões Leves"";42;""Masculino"";0;1;0;0;-23",02823755;-44,"21686848;""SR-RJ"";""DEL5/3"";""UOP02/RJ"""
"183606;404578;2019-01-05;""sábado"";""17:00:00"";""RJ"";101;463","5;""ANGRA DOS REIS"";""Sim"";""Condutor Dormindo"";2;""Capotamento"";""Com Vítimas Feridas"";""Pleno dia"";""Decrescente"";""Céu Claro"";""Simples"";""Curva"";""Não"";326458;""Automóvel"";""NISSAN/MARCH 10S"";2017;""Passageiro"";""Lesões Leves"";52;""Feminino"";0;1;0;0;-23",02823755;-44,"21686848;""SR-RJ"";""DEL5/3"";""UOP02/RJ"""
"183606;404578;2019-01-05;""sábado"";""17:00:00"";""RJ"";101;463","5;""ANGRA DOS REIS"";""Sim"";""Condutor Dormindo"";1;""Saída de leito carroçável"";""Com Vítimas Feridas"";""Pleno dia"";""Decrescente"";""Céu Claro"";""Simples"";""Curva"";""Não"";326458;""Automóvel"";""NISSAN/MARCH 10S"";2017;""Passageiro"";""Lesões Leves"";52;""Feminino"";0;1;0;0;-23",02823755;-44,"21686848;""SR-RJ"";""DEL5/3"";""UOP02/RJ"""
"183607;408215;2019-01-05;""sábado"";""16:50:00"";""PE"";101;42","2;""IGARASSU"";""Sim"";""Falta de Atenção à Condução"";1;""Colisão transversal"";""Sem Vítimas"";""Anoitecer"";""Decrescente"";""Céu Claro"";""Múltipla"";""Retorno Regulamentado"";""Não"";326477;""Caminhão"";""FORD/F4000 G"";2010;""Condutor"";""Ileso"";43;""Masculino"";1;0;0;0;-7",8543;-34,"9087;""SR-PE"";""DEL11/1"";""UOP02/PE"""
"183607;408186;2019-01-05;""sábado"";""16:50:00"";""PE"";101;42","2;""IGARASSU"";""Sim"";""Falta de Atenção à Condução"";1;""Colisão transversal"";""Sem Vítimas"";""Anoitecer"";""Decrescente"";""Céu Claro"";""Múltipla"";""Retorno Regulamentado"";""Não"";329075;""Caminhonete"";"""";NA;""Condutor"";""Não Informado"";NA;""Não Informado"";0;0;0;0;-7",8543;-34,"9087;""SR-PE"";""DEL11/1"";""UOP02/PE"""
"183608;404616;2019-01-05;""sábado"";""17:00:00"";""PA"";230;123;""MARABA"";""Sim"";""Falta de Atenção à Condução"";1;""Colisão traseira"";""Com Vítimas Feridas"";""Pleno dia"";""Crescente"";""Céu Claro"";""Simples"";""Reta"";""Sim"";326512;""Motocicleta"";""HONDA/CG 125 FAN ESD"";NA;""Condutor"";""Não Informado"";NA;""Não Informado"";0;0;0;0;-5",368395;-49,"128872;""SR-PA"";""DEL19/3"";""UOP01/PA""",
"183608;404608;2019-01-05;""sábado"";""17:00:00"";""PA"";230;123;""MARABA"";""Sim"";""Falta de Atenção à Condução"";1;""Colisão traseira"";""Com Vítimas Feridas"";""Pleno dia"";""Crescente"";""Céu Claro"";""Simples"";""Reta"";""Sim"";326502;""Motocicleta"";""HONDA/POP 110I"";2018;""Condutor"";""Lesões Leves"";23;""Masculino"";0;1;0;0;-5",368395;-49,"128872;""SR-PA"";""DEL19/3"";""UOP01/PA""",
"183609;406056;2019-01-05;""sábado"";""16:00:00"";""MA"";135;1;""SAO LUIS"";""Sim"";""Falta de Atenção à Condução"";2;""Queda de ocupante de veículo"";""Com Vítimas Feridas"";""Pleno dia"";""Decrescente"";""Chuva"";""Dupla"";""Desvio Temporário"";""Sim"";326457;""Motocicleta"";"""";NA;""Passageiro"";""Lesões Leves"";31;""Feminino"";0;1;0;0;-2",53073;-44,"3068;""SR-MA"";""DEL18/1"";""UOP01/MA""",
"183609;406056;2019-01-05;""sábado"";""16:00:00"";""MA"";135;1;""SAO LUIS"";""Sim"";""Falta de Atenção à Condução"";1;""Saída de leito carroçável"";""Com Vítimas Feridas"";""Pleno dia"";""Decrescente"";""Chuva"";""Dupla"";""Desvio Temporário"";""Sim"";326457;""Motocicleta"";"""";NA;""Passageiro"";""Lesões Leves"";31;""Feminino"";0;1;0;0;-2",53073;-44,"3068;""SR-MA"";""DEL18/1"";""UOP01/MA""",
"183609;406055;2019-01-05;""sábado"";""16:00:00"";""MA"";135;1;""SAO LUIS"";""Sim"";""Falta de Atenção à Condução"";2;""Queda de ocupante de veículo"";""Com Vítimas Feridas"";""Pleno dia"";""Decrescente"";""Chuva"";""Dupla"";""Desvio Temporário"";""Sim"";326457;""Motocicleta"";"""";NA;""Condutor"";""Lesões Leves"";42;""Masculino"";0;1;0;0;-2",53073;-44,"3068;""SR-MA"";""DEL18/1"";""UOP01/MA""",
"183609;406055;2019-01-05;""sábado"";""16:00:00"";""MA"";135;1;""SAO LUIS"";""Sim"";""Falta de Atenção à Condução"";1;""Saída de leito carroçável"";""Com Vítimas Feridas"";""Pleno dia"";""Decrescente"";""Chuva"";""Dupla"";""Desvio Temporário"";""Sim"";326457;""Motocicleta"";"""";NA;""Condutor"";""Lesões Leves"";42;""Masculino"";0;1;0;0;-2",53073;-44,"3068;""SR-MA"";""DEL18/1"";""UOP01/MA""",
"183610;409515;2019-01-05;""sábado"";""16:20:00"";""RJ"";116;76;""TERESOPOLIS"";""Sim"";""Falta de Atenção à Condução"";1;""Colisão lateral"";""Com Vítimas Feridas"";""Pleno dia"";""Crescente"";""Céu Claro"";""Simples"";""Reta"";""Sim"";330098;""Automóvel"";"""";NA;""Condutor"";""Não Informado"";NA;""Não Informado"";0;0;0;0;-22",361216;-42,"948738;""SR-RJ"";""DEL5/4"";""UOP01/RJ""",
"183610;409513;2019-01-05;""sábado"";""16:20:00"";""RJ"";116;76;""TERESOPOLIS"";""Sim"";""Falta de Atenção à Condução"";1;""Colisão lateral"";""Com Vítimas Feridas"";""Pleno dia"";""Crescente"";""Céu Claro"";""Simples"";""Reta"";""Sim"";326467;""Motocicleta"";""HONDA/CB 500F"";2018;""Condutor"";""Lesões Leves"";23;""Masculino"";0;1;0;0;-22",361216;-42,"948738;""SR-RJ"";""DEL5/4"";""UOP01/RJ""",
"183612;404564;2019-01-05;""sábado"";""09:00:00"";""SC"";280;100","2;""SAO BENTO DO SUL"";""Sim"";""Pista Escorregadia"";1;""Saída de leito carroçável"";""Com Vítimas Feridas"";""Pleno dia"";""Decrescente"";""Chuva"";""Simples"";""Curva"";""Não"";326464;""Utilitário"";""MMC/PAJERO DAKAR D"";2012;""Passageiro"";""Lesões Leves"";42;""Feminino"";0;1;0;0;-26",371477;-49,"330688;""SR-SC"";""DEL8/6"";""UOP03/SC"""
"183612;404560;2019-01-05;""sábado"";""09:00:00"";""SC"";280;100","2;""SAO BENTO DO SUL"";""Sim"";""Pista Escorregadia"";1;""Saída de leito carroçável"";""Com Vítimas Feridas"";""Pleno dia"";""Decrescente"";""Chuva"";""Simples"";""Curva"";""Não"";326464;""Utilitário"";""MMC/PAJERO DAKAR D"";2012;""Condutor"";""Ileso"";43;""Masculino"";1;0;0;0;-26",371477;-49,"330688;""SR-SC"";""DEL8/6"";""UOP03/SC"""
"183613;404639;2019-01-05;""sábado"";""17:20:00"";""BA"";242;786;""BARREIRAS"";""Sim"";""Desobediência às normas de trânsito pelo condutor"";1;""Atropelamento de Pedestre"";""Com Vítimas Feridas"";""Pleno dia"";""Crescente"";""Sol"";""Simples"";""Interseção de vias"";""Não"";326537;""Caminhonete"";"""";NA;""Pedestre"";""Lesões Graves"";43;""Masculino"";0;0;1;0;-12",140763;-44,"947147;""SR-BA"";""DEL10/10"";""UOP01/BA""",
"183613;404649;2019-01-05;""sábado"";""17:20:00"";""BA"";242;786;""BARREIRAS"";""Sim"";""Desobediência às normas de trânsito pelo condutor"";1;""Atropelamento de Pedestre"";""Com Vítimas Feridas"";""Pleno dia"";""Crescente"";""Sol"";""Simples"";""Interseção de vias"";""Não"";326537;""Caminhonete"";"""";NA;""Condutor"";""Não Informado"";NA;""Não Informado"";0;0;0;0;-12",140763;-44,"947147;""SR-BA"";""DEL10/10"";""UOP01/BA""",
"183613;404640;2019-01-05;""sábado"";""17:20:00"";""BA"";242;786;""BARREIRAS"";""Sim"";""Desobediência às normas de trânsito pelo condutor"";1;""Atropelamento de Pedestre"";""Com Vítimas Feridas"";""Pleno dia"";""Crescente"";""Sol"";""Simples"";""Interseção de vias"";""Não"";326537;""Caminhonete"";"""";NA;""Testemunha"";""Não Informado"";NA;""Não Informado"";0;0;0;0;-12",140763;-44,"947147;""SR-BA"";""DEL10/10"";""UOP01/BA""",
"183614;404618;2019-01-05;""sábado"";""17:45:00"";""CE"";20;403","6;""CAUCAIA"";""Sim"";""Desobediência às normas de trânsito pelo condutor"";1;""Colisão transversal"";""Com Vítimas Feridas"";""Anoitecer"";""Decrescente"";""Céu Claro"";""Simples"";""Retorno Regulamentado"";""Não"";326504;""Motocicleta"";""HONDA/CG150 FAN ESDI"";2013;""Condutor"";""Lesões Graves"";52;""Masculino"";0;0;1;0;-3",76999;-38,"670063;""SR-CE"";""DEL16/1"";""UOP01/CE"""
"183614;404618;2019-01-05;""sábado"";""17:45:00"";""CE"";20;403","6;""CAUCAIA"";""Não"";""Falta de Atenção à Condução"";1;""Colisão transversal"";""Com Vítimas Feridas"";""Anoitecer"";""Decrescente"";""Céu Claro"";""Simples"";""Retorno Regulamentado"";""Não"";326504;""Motocicleta"";""HONDA/CG150 FAN ESDI"";2013;""Condutor"";""Lesões Graves"";52;""Masculino"";0;0;1;0;-3",76999;-38,"670063;""SR-CE"";""DEL16/1"";""UOP01/CE"""
"183614;404618;2019-01-05;""sábado"";""17:45:00"";""CE"";20;403","6;""CAUCAIA"";""Não"";""Restrição de Visibilidade"";1;""Colisão transversal"";""Com Vítimas Feridas"";""Anoitecer"";""Decrescente"";""Céu Claro"";""Simples"";""Retorno Regulamentado"";""Não"";326504;""Motocicleta"";""HONDA/CG150 FAN ESDI"";2013;""Condutor"";""Lesões Graves"";52;""Masculino"";0;0;1;0;-3",76999;-38,"670063;""SR-CE"";""DEL16/1"";""UOP01/CE"""
"183614;404619;2019-01-05;""sábado"";""17:45:00"";""CE"";20;403","6;""CAUCAIA"";""Sim"";""Desobediência às normas de trânsito pelo condutor"";1;""Colisão transversal"";""Com Vítimas Feridas"";""Anoitecer"";""Decrescente"";""Céu Claro"";""Simples"";""Retorno Regulamentado"";""Não"";326504;""Motocicleta"";""HONDA/CG150 FAN ESDI"";2013;""Passageiro"";""Lesões Graves"";49;""Masculino"";0;0;1;0;-3",76999;-38,"670063;""SR-CE"";""DEL16/1"";""UOP01/CE"""
"183614;404619;2019-01-05;""sábado"";""17:45:00"";""CE"";20;403","6;""CAUCAIA"";""Não"";""Falta de Atenção à Condução"";1;""Colisão transversal"";""Com Vítimas Feridas"";""Anoitecer"";""Decrescente"";""Céu Claro"";""Simples"";""Retorno Regulamentado"";""Não"";326504;""Motocicleta"";""HONDA/CG150 FAN ESDI"";2013;""Passageiro"";""Lesões Graves"";49;""Masculino"";0;0;1;0;-3",76999;-38,"670063;""SR-CE"";""DEL16/1"";""UOP01/CE"""
"183614;404619;2019-01-05;""sábado"";""17:45:00"";""CE"";20;403","6;""CAUCAIA"";""Não"";""Restrição de Visibilidade"";1;""Colisão transversal"";""Com Vítimas Feridas"";""Anoitecer"";""Decrescente"";""Céu Claro"";""Simples"";""Retorno Regulamentado"";""Não"";326504;""Motocicleta"";""HONDA/CG150 FAN ESDI"";2013;""Passageiro"";""Lesões Graves"";49;""Masculino"";0;0;1;0;-3",76999;-38,"670063;""SR-CE"";""DEL16/1"";""UOP01/CE"""
"183614;404617;2019-01-05;""sábado"";""17:45:00"";""CE"";20;403","6;""CAUCAIA"";""Sim"";""Desobediência às normas de trânsito pelo condutor"";1;""Colisão transversal"";""Com Vítimas Feridas"";""Anoitecer"";""Decrescente"";""Céu Claro"";""Simples"";""Retorno Regulamentado"";""Não"";326505;""Automóvel"";""VW/GOL 1.0"";2009;""Condutor"";""Ileso"";25;""Masculino"";1;0;0;0;-3",76999;-38,"670063;""SR-CE"";""DEL16/1"";""UOP01/CE"""
"183614;404617;2019-01-05;""sábado"";""17:45:00"";""CE"";20;403","6;""CAUCAIA"";""Não"";""Falta de Atenção à Condução"";1;""Colisão transversal"";""Com Vítimas Feridas"";""Anoitecer"";""Decrescente"";""Céu Claro"";""Simples"";""Retorno Regulamentado"";""Não"";326505;""Automóvel"";""VW/GOL 1.0"";2009;""Condutor"";""Ileso"";25;""Masculino"";1;0;0;0;-3",76999;-38,"670063;""SR-CE"";""DEL16/1"";""UOP01/CE"""
"183614;404617;2019-01-05;""sábado"";""17:45:00"";""CE"";20;403","6;""CAUCAIA"";""Não"";""Restrição de Visibilidade"";1;""Colisão transversal"";""Com Vítimas Feridas"";""Anoitecer"";""Decrescente"";""Céu Claro"";""Simples"";""Retorno Regulamentado"";""Não"";326505;""Automóvel"";""VW/GOL 1.0"";2009;""Condutor"";""Ileso"";25;""Masculino"";1;0;0;0;-3",76999;-38,"670063;""SR-CE"";""DEL16/1"";""UOP01/CE"""
"183615;404664;2019-01-05;""sábado"";""17:50:00"";""AL"";101;185;""JUNQUEIRO"";""Não"";""Sinalização da via insuficiente ou inadequada"";2;""Tombamento"";""Com Vítimas Feridas"";""Anoitecer"";""Decrescente"";""Nublado"";""Dupla"";""Reta"";""Sim"";326514;""Automóvel"";""GM/CORSA HATCH MAXX"";2007;""Condutor"";""Lesões Leves"";22;""Masculino"";0;1;0;0;-9",89846779;-36,"44010544;""SR-AL"";""DEL13/2"";""UOP02/AL""",
"183615;404664;2019-01-05;""sábado"";""17:50:00"";""AL"";101;185;""JUNQUEIRO"";""Sim"";""Falta de Atenção à Condução"";2;""Tombamento"";""Com Vítimas Feridas"";""Anoitecer"";""Decrescente"";""Nublado"";""Dupla"";""Reta"";""Sim"";326514;""Automóvel"";""GM/CORSA HATCH MAXX"";2007;""Condutor"";""Lesões Leves"";22;""Masculino"";0;1;0;0;-9",89846779;-36,"44010544;""SR-AL"";""DEL13/2"";""UOP02/AL""",
"183615;404664;2019-01-05;""sábado"";""17:50:00"";""AL"";101;185;""JUNQUEIRO"";""Não"";""Sinalização da via insuficiente ou inadequada"";1;""Colisão transversal"";""Com Vítimas Feridas"";""Anoitecer"";""Decrescente"";""Nublado"";""Dupla"";""Reta"";""Sim"";326514;""Automóvel"";""GM/CORSA HATCH MAXX"";2007;""Condutor"";""Lesões Leves"";22;""Masculino"";0;1;0;0;-9",89846779;-36,"44010544;""SR-AL"";""DEL13/2"";""UOP02/AL""",
"183615;404664;2019-01-05;""sábado"";""17:50:00"";""AL"";101;185;""JUNQUEIRO"";""Sim"";""Falta de Atenção à Condução"";1;""Colisão transversal"";""Com Vítimas Feridas"";""Anoitecer"";""Decrescente"";""Nublado"";""Dupla"";""Reta"";""Sim"";326514;""Automóvel"";""GM/CORSA HATCH MAXX"";2007;""Condutor"";""Lesões Leves"";22;""Masculino"";0;1;0;0;-9",89846779;-36,"44010544;""SR-AL"";""DEL13/2"";""UOP02/AL""",
"183615;404656;2019-01-05;""sábado"";""17:50:00"";""AL"";101;185;""JUNQUEIRO"";""Não"";""Sinalização da via insuficiente ou inadequada"";2;""Tombamento"";""Com Vítimas Feridas"";""Anoitecer"";""Decrescente"";""Nublado"";""Dupla"";""Reta"";""Sim"";326513;""Automóvel"";""CHEV/PRISMA 1.4MT LT"";2014;""Passageiro"";""Lesões Leves"";15;""Masculino"";0;1;0;0;-9",89846779;-36,"44010544;""SR-AL"";""DEL13/2"";""UOP02/AL""",
"183615;404656;2019-01-05;""sábado"";""17:50:00"";""AL"";101;185;""JUNQUEIRO"";""Sim"";""Falta de Atenção à Condução"";2;""Tombamento"";""Com Vítimas Feridas"";""Anoitecer"";""Decrescente"";""Nublado"";""Dupla"";""Reta"";""Sim"";326513;""Automóvel"";""CHEV/PRISMA 1.4MT LT"";2014;""Passageiro"";""Lesões Leves"";15;""Masculino"";0;1;0;0;-9",89846779;-36,"44010544;""SR-AL"";""DEL13/2"";""UOP02/AL""",
"183615;404656;2019-01-05;""sábado"";""17:50:00"";""AL"";101;185;""JUNQUEIRO"";""Não"";""Sinalização da via insuficiente ou inadequada"";1;""Colisão transversal"";""Com Vítimas Feridas"";""Anoitecer"";""Decrescente"";""Nublado"";""Dupla"";""Reta"";""Sim"";326513;""Automóvel"";""CHEV/PRISMA 1.4MT LT"";2014;""Passageiro"";""Lesões Leves"";15;""Masculino"";0;1;0;0;-9",89846779;-36,"44010544;""SR-AL"";""DEL13/2"";""UOP02/AL""",
"183615;404656;2019-01-05;""sábado"";""17:50:00"";""AL"";101;185;""JUNQUEIRO"";""Sim"";""Falta de Atenção à Condução"";1;""Colisão transversal"";""Com Vítimas Feridas"";""Anoitecer"";""Decrescente"";""Nublado"";""Dupla"";""Reta"";""Sim"";326513;""Automóvel"";""CHEV/PRISMA 1.4MT LT"";2014;""Passageiro"";""Lesões Leves"";15;""Masculino"";0;1;0;0;-9",89846779;-36,"44010544;""SR-AL"";""DEL13/2"";""UOP02/AL""",
"183615;404657;2019-01-05;""sábado"";""17:50:00"";""AL"";101;185;""JUNQUEIRO"";""Não"";""Sinalização da via insuficiente ou inadequada"";2;""Tombamento"";""Com Vítimas Feridas"";""Anoitecer"";""Decrescente"";""Nublado"";""Dupla"";""Reta"";""Sim"";326513;""Automóvel"";""CHEV/PRISMA 1.4MT LT"";2014;""Passageiro"";""Lesões Leves"";45;""Feminino"";0;1;0;0;-9",89846779;-36,"44010544;""SR-AL"";""DEL13/2"";""UOP02/AL""",
"183615;404657;2019-01-05;""sábado"";""17:50:00"";""AL"";101;185;""JUNQUEIRO"";""Sim"";""Falta de Atenção à Condução"";2;""Tombamento"";""Com Vítimas Feridas"";""Anoitecer"";""Decrescente"";""Nublado"";""Dupla"";""Reta"";""Sim"";326513;""Automóvel"";""CHEV/PRISMA 1.4MT LT"";2014;""Passageiro"";""Lesões Leves"";45;""Feminino"";0;1;0;0;-9",89846779;-36,"44010544;""SR-AL"";""DEL13/2"";""UOP02/AL""",
"183615;404657;2019-01-05;""sábado"";""17:50:00"";""AL"";101;185;""JUNQUEIRO"";""Não"";""Sinalização da via insuficiente ou inadequada"";1;""Colisão transversal"";""Com Vítimas Feridas"";""Anoitecer"";""Decrescente"";""Nublado"";""Dupla"";""Reta"";""Sim"";326513;""Automóvel"";""CHEV/PRISMA 1.4MT LT"";2014;""Passageiro"";""Lesões Leves"";45;""Feminino"";0;1;0;0;-9",89846779;-36,"44010544;""SR-AL"";""DEL13/2"";""UOP02/AL""",
"183615;404657;2019-01-05;""sábado"";""17:50:00"";""AL"";101;185;""JUNQUEIRO"";""Sim"";""Falta de Atenção à Condução"";1;""Colisão transversal"";""Com Vítimas Feridas"";""Anoitecer"";""Decrescente"";""Nublado"";""Dupla"";""Reta"";""Sim"";326513;""Automóvel"";""CHEV/PRISMA 1.4MT LT"";2014;""Passageiro"";""Lesões Leves"";45;""Feminino"";0;1;0;0;-9",89846779;-36,"44010544;""SR-AL"";""DEL13/2"";""UOP02/AL""",
"183615;404659;2019-01-05;""sábado"";""17:50:00"";""AL"";101;185;""JUNQUEIRO"";""Não"";""Sinalização da via insuficiente ou inadequada"";2;""Tombamento"";""Com Vítimas Feridas"";""Anoitecer"";""Decrescente"";""Nublado"";""Dupla"";""Reta"";""Sim"";326513;""Automóvel"";""CHEV/PRISMA 1.4MT LT"";2014;""Passageiro"";""Lesões Leves"";47;""Feminino"";0;1;0;0;-9",89846779;-36,"44010544;""SR-AL"";""DEL13/2"";""UOP02/AL""",
"183615;404659;2019-01-05;""sábado"";""17:50:00"";""AL"";101;185;""JUNQUEIRO"";""Sim"";""Falta de Atenção à Condução"";2;""Tombamento"";""Com Vítimas Feridas"";""Anoitecer"";""Decrescente"";""Nublado"";""Dupla"";""Reta"";""Sim"";326513;""Automóvel"";""CHEV/PRISMA 1.4MT LT"";2014;""Passageiro"";""Lesões Leves"";47;""Feminino"";0;1;0;0;-9",89846779;-36,"44010544;""SR-AL"";""DEL13/2"";""UOP02/AL""",
"183615;404659;2019-01-05;""sábado"";""17:50:00"";""AL"";101;185;""JUNQUEIRO"";""Não"";""Sinalização da via insuficiente ou inadequada"";1;""Colisão transversal"";""Com Vítimas Feridas"";""Anoitecer"";""Decrescente"";""Nublado"";""Dupla"";""Reta"";""Sim"";326513;""Automóvel"";""CHEV/PRISMA 1.4MT LT"";2014;""Passageiro"";""Lesões Leves"";47;""Feminino"";0;1;0;0;-9",89846779;-36,"44010544;""SR-AL"";""DEL13/2"";""UOP02/AL""",
"183615;404659;2019-01-05;""sábado"";""17:50:00"";""AL"";101;185;""JUNQUEIRO"";""Sim"";""Falta de Atenção à Condução"";1;""Colisão transversal"";""Com Vítimas Feridas"";""Anoitecer"";""Decrescente"";""Nublado"";""Dupla"";""Reta"";""Sim"";326513;""Automóvel"";""CHEV/PRISMA 1.4MT LT"";2014;""Passageiro"";""Lesões Leves"";47;""Feminino"";0;1;0;0;-9",89846779;-36,"44010544;""SR-AL"";""DEL13/2"";""UOP02/AL""",
"183615;404660;2019-01-05;""sábado"";""17:50:00"";""AL"";101;185;""JUNQUEIRO"";""Não"";""Sinalização da via insuficiente ou inadequada"";2;""Tombamento"";""Com Vítimas Feridas"";""Anoitecer"";""Decrescente"";""Nublado"";""Dupla"";""Reta"";""Sim"";326513;""Automóvel"";""CHEV/PRISMA 1.4MT LT"";2014;""Passageiro"";""Lesões Leves"";48;""Masculino"";0;1;0;0;-9",89846779;-36,"44010544;""SR-AL"";""DEL13/2"";""UOP02/AL""",
"183615;404660;2019-01-05;""sábado"";""17:50:00"";""AL"";101;185;""JUNQUEIRO"";""Sim"";""Falta de Atenção à Condução"";2;""Tombamento"";""Com Vítimas Feridas"";""Anoitecer"";""Decrescente"";""Nublado"";""Dupla"";""Reta"";""Sim"";326513;""Automóvel"";""CHEV/PRISMA 1.4MT LT"";2014;""Passageiro"";""Lesões Leves"";48;""Masculino"";0;1;0;0;-9",89846779;-36,"44010544;""SR-AL"";""DEL13/2"";""UOP02/AL""",
"183615;404660;2019-01-05;""sábado"";""17:50:00"";""AL"";101;185;""JUNQUEIRO"";""Não"";""Sinalização da via insuficiente ou inadequada"";1;""Colisão transversal"";""Com Vítimas Feridas"";""Anoitecer"";""Decrescente"";""Nublado"";""Dupla"";""Reta"";""Sim"";326513;""Automóvel"";""CHEV/PRISMA 1.4MT LT"";2014;""Passageiro"";""Lesões Leves"";48;""Masculino"";0;1;0;0;-9",89846779;-36,"44010544;""SR-AL"";""DEL13/2"";""UOP02/AL""",
"183615;404660;2019-01-05;""sábado"";""17:50:00"";""AL"";101;185;""JUNQUEIRO"";""Sim"";""Falta de Atenção à Condução"";1;""Colisão transversal"";""Com Vítimas Feridas"";""Anoitecer"";""Decrescente"";""Nublado"";""Dupla"";""Reta"";""Sim"";326513;""Automóvel"";""CHEV/PRISMA 1.4MT LT"";2014;""Passageiro"";""Lesões Leves"";48;""Masculino"";0;1;0;0;-9",89846779;-36,"44010544;""SR-AL"";""DEL13/2"";""UOP02/AL""",