"id;""pesid"";""data_inversa"";""dia_semana"";""horario"";""uf"";""br"";""km"";""municipio"";""causa_principal"";""causa_acidente"";""ordem_tipo_acidente"";""tipo_acidente"";""classificacao_acidente"";""fase_dia"";""sentido_via"";""condicao_metereologica"";""tipo_pista"";""tracado_via"";""uso_solo"";""id_veiculo"";""tipo_veiculo"";""marca"";""ano_fabricacao_veiculo"";""tipo_envolvido"";""estado_fisico"";""idade"";""sexo"";""ilesos"";""feridos_leves"";""feridos_graves"";""mortos"";""latitude"";""longitude"";""regional"";""delegacia"";""uop""",,,
"183639;405914;2019-01-05;""sábado"";""19:30:00"";""TO"";153;477","9;""BARROLANDIA"";""Sim"";""Velocidade Incompatível"";1;""Colisão transversal"";""Com Vítimas Feridas"";""Plena Noite"";""Crescente"";""Ignorado"";""Simples"";""Reta"";""Não"";326564;""Caminhonete"";""GM/CHEVROLET D20 CUSTOM S"";1991;""Passageiro"";""Lesões Graves"";57;""Feminino"";0;0;1;0;-10",0457365;-48,"81475568;""SR-TO"";""UOP02/TO"";"""""
"183639;405914;2019-01-05;""sábado"";""19:30:00"";""TO"";153;477","9;""BARROLANDIA"";""Não"";""Falta de Atenção à Condução"";1;""Colisão transversal"";""Com Vítimas Feridas"";""Plena Noite"";""Crescente"";""Ignorado"";""Simples"";""Reta"";""Não"";326564;""Caminhonete"";""GM/CHEVROLET D20 CUSTOM S"";1991;""Passageiro"";""Lesões Graves"";57;""Feminino"";0;0;1;0;-10",0457365;-48,"81475568;""SR-TO"";""UOP02/TO"";"""""
"183640;404745;2019-01-05;""sábado"";""21:10:00"";""RS"";287;257","2;""SANTA MARIA"";""Sim"";""Velocidade Incompatível"";1;""Saída de leito carroçável"";""Com Vítimas Feridas"";""Plena Noite"";""Decrescente"";""Céu Claro"";""Simples"";""Curva"";""Não"";326590;""Motocicleta"";""YAMAHA/FACTOR YBR125 K"";2012;""Passageiro"";""Lesões Leves"";14;""Masculino"";0;1;0;0;-29",681389;-53,"941212;""SR-RS"";""DEL9/9"";""UOP01/RS"""
"183640;404730;2019-01-05;""sábado"";""21:10:00"";""RS"";287;257","2;""SANTA MARIA"";""Sim"";""Velocidade Incompatível"";1;""Saída de leito carroçável"";""Com Vítimas Feridas"";""Plena Noite"";""Decrescente"";""Céu Claro"";""Simples"";""Curva"";""Não"";326590;""Motocicleta"";""YAMAHA/FACTOR YBR125 K"";2012;""Condutor"";""Lesões Leves"";48;""Masculino"";0;1;0;0;-29",681389;-53,"941212;""SR-RS"";""DEL9/9"";""UOP01/RS"""
"183640;404727;2019-01-05;""sábado"";""21:10:00"";""RS"";287;257","2;""SANTA MARIA"";""Sim"";""Velocidade Incompatível"";1;""Saída de leito carroçável"";""Com Vítimas Feridas"";""Plena Noite"";""Decrescente"";""Céu Claro"";""Simples"";""Curva"";""Não"";326589;""Automóvel"";""HONDA/CIVIC EXS"";2006;""Condutor"";""Não Informado"";NA;""Não Informado"";0;0;0;0;-29",681389;-53,"941212;""SR-RS"";""DEL9/9"";""UOP01/RS"""
"183641;404653;2019-01-05;""sábado"";""21:20:00"";""RS"";101;8","8;""TORRES"";""Sim"";""Falta de Atenção à Condução"";1;""Capotamento"";""Com Vítimas Feridas"";""Plena Noite"";""Crescente"";""Nublado"";""Dupla"";""Reta"";""Não"";326534;""Automóvel"";""HONDA/FIT LX FLEX"";2008;""Passageiro"";""Lesões Leves"";18;""Feminino"";0;1;0;0;-29",360483;-49,"807865;""SR-RS"";""DEL9/3"";""UOP03/RS"""
"183641;404652;2019-01-05;""sábado"";""21:20:00"";""RS"";101;8","8;""TORRES"";""Sim"";""Falta de Atenção à Condução"";1;""Capotamento"";""Com Vítimas Feridas"";""Plena Noite"";""Crescente"";""Nublado"";""Dupla"";""Reta"";""Não"";326534;""Automóvel"";""HONDA/FIT LX FLEX"";2008;""Condutor"";""Lesões Leves"";33;""Feminino"";0;1;0;0;-29",360483;-49,"807865;""SR-RS"";""DEL9/3"";""UOP03/RS"""
"183642;404666;2019-01-05;""sábado"";""10:00:00"";""MG"";116;142;""PONTO DOS VOLANTES"";""Sim"";""Falta de Atenção à Condução"";1;""Colisão traseira"";""Com Vítimas Feridas"";""Pleno dia"";""Crescente"";""Sol"";""Simples"";""Curva"";""Não"";326539;""Automóvel"";""HYUNDAI/HB20 1.6A PREM"";2013;""Passageiro"";""Lesões Graves"";43;""Feminino"";0;0;1;0;-16",86369095;-41,"47373199;""SR-MG"";""DEL4/11"";""UOP02/MG""",
"183642;404665;2019-01-05;""sábado"";""10:00:00"";""MG"";116;142;""PONTO DOS VOLANTES"";""Sim"";""Falta de Atenção à Condução"";1;""Colisão traseira"";""Com Vítimas Feridas"";""Pleno dia"";""Crescente"";""Sol"";""Simples"";""Curva"";""Não"";326539;""Automóvel"";""HYUNDAI/HB20 1.6A PREM"";2013;""Passageiro"";""Lesões Leves"";15;""Masculino"";0;1;0;0;-16",86369095;-41,"47373199;""SR-MG"";""DEL4/11"";""UOP02/MG""",
"183642;404663;2019-01-05;""sábado"";""10:00:00"";""MG"";116;142;""PONTO DOS VOLANTES"";""Sim"";""Falta de Atenção à Condução"";1;""Colisão traseira"";""Com Vítimas Feridas"";""Pleno dia"";""Crescente"";""Sol"";""Simples"";""Curva"";""Não"";326539;""Automóvel"";""HYUNDAI/HB20 1.6A PREM"";2013;""Condutor"";""Ileso"";48;""Masculino"";1;0;0;0;-16",86369095;-41,"47373199;""SR-MG"";""DEL4/11"";""UOP02/MG""",
"183642;404662;2019-01-05;""sábado"";""10:00:00"";""MG"";116;142;""PONTO DOS VOLANTES"";""Sim"";""Falta de Atenção à Condução"";1;""Colisão traseira"";""Com Vítimas Feridas"";""Pleno dia"";""Crescente"";""Sol"";""Simples"";""Curva"";""Não"";326538;""Caminhão"";""M.BENZ/710"";2006;""Condutor"";""Ileso"";29;""Masculino"";1;0;0;0;-16",86369095;-41,"47373199;""SR-MG"";""DEL4/11"";""UOP02/MG""",
"183643;404641;2019-01-05;""sábado"";""21:40:00"";""RJ"";116;120","4;""MAGE"";""Sim"";""Falta de Atenção à Condução"";1;""Queda de ocupante de veículo"";""Com Vítimas Feridas"";""Plena Noite"";""Decrescente"";""Chuva"";""Dupla"";""Reta"";""Não"";326530;""Motocicleta"";""HONDA/CB600F HORNET"";2006;""Condutor"";""Lesões Leves"";38;""Masculino"";0;1;0;0;-22",621939;-43,"04364;""SR-RJ"";""DEL5/4"";""UOP02/RJ"""
"183644;404683;2019-01-05;""sábado"";""20:50:00"";""GO"";40;24","8;""LUZIANIA"";""Sim"";""Desobediência às normas de trânsito pelo condutor"";1;""Colisão frontal"";""Com Vítimas Feridas"";""Plena Noite"";""Crescente"";""Céu Claro"";""Simples"";""Reta"";""Não"";326565;""Micro-ônibus"";"""";NA;""Condutor"";""Não Informado"";NA;""Não Informado"";0;0;0;0;-16",252738;-47,"900437;""SR-DF"";""UOP01/DF"";"""""
"183644;404678;2019-01-05;""sábado"";""20:50:00"";""GO"";40;24","8;""LUZIANIA"";""Sim"";""Desobediência às normas de trânsito pelo condutor"";1;""Colisão frontal"";""Com Vítimas Feridas"";""Plena Noite"";""Crescente"";""Céu Claro"";""Simples"";""Reta"";""Não"";326559;""Motocicleta"";""YAMAHA/YBR125 FACTOR K1"";2014;""Condutor"";""Lesões Graves"";23;""Masculino"";0;0;1;0;-16",252738;-47,"900437;""SR-DF"";""UOP01/DF"";"""""
"183645;404645;2019-01-05;""sábado"";""20:35:00"";""PE"";232;152","8;""SAO CAITANO"";""Sim"";""Ultrapassagem Indevida"";3;""Derramamento de carga"";""Com Vítimas Feridas"";""Plena Noite"";""Decrescente"";""Céu Claro"";""Simples"";""Não Informado"";""Não"";326532;""Caminhão"";""M.BENZ/L 1318"";2009;""Condutor"";""Lesões Leves"";33;""Masculino"";0;1;0;0;-8",327275;-36,"18582;""SR-PE"";""DEL11/2"";""UOP02/PE"""
"183645;404645;2019-01-05;""sábado"";""20:35:00"";""PE"";232;152","8;""SAO CAITANO"";""Sim"";""Ultrapassagem Indevida"";2;""Tombamento"";""Com Vítimas Feridas"";""Plena Noite"";""Decrescente"";""Céu Claro"";""Simples"";""Não Informado"";""Não"";326532;""Caminhão"";""M.BENZ/L 1318"";2009;""Condutor"";""Lesões Leves"";33;""Masculino"";0;1;0;0;-8",327275;-36,"18582;""SR-PE"";""DEL11/2"";""UOP02/PE"""
"183645;404645;2019-01-05;""sábado"";""20:35:00"";""PE"";232;152","8;""SAO CAITANO"";""Sim"";""Ultrapassagem Indevida"";1;""Saída de leito carroçável"";""Com Vítimas Feridas"";""Plena Noite"";""Decrescente"";""Céu Claro"";""Simples"";""Não Informado"";""Não"";326532;""Caminhão"";""M.BENZ/L 1318"";2009;""Condutor"";""Lesões Leves"";33;""Masculino"";0;1;0;0;-8",327275;-36,"18582;""SR-PE"";""DEL11/2"";""UOP02/PE"""
"183646;404699;2019-01-05;""sábado"";""17:30:00"";""PA"";316;22;""BENEVIDES"";""Sim"";""Falta de Atenção à Condução"";1;""Saída de leito carroçável"";""Com Vítimas Feridas"";""Anoitecer"";""Decrescente"";""Chuva"";""Dupla"";""Reta"";""Sim"";326517;""Motocicleta"";""HONDA/CBX 150"";1989;""Condutor"";""Lesões Leves"";63;""Masculino"";0;1;0;0;-1",360972;-48,"262413;""SR-PA"";""DEL19/1"";""UOP05/PA""",
"183646;404699;2019-01-05;""sábado"";""17:30:00"";""PA"";316;22;""BENEVIDES"";""Não"";""Pista Escorregadia"";1;""Saída de leito carroçável"";""Com Vítimas Feridas"";""Anoitecer"";""Decrescente"";""Chuva"";""Dupla"";""Reta"";""Sim"";326517;""Motocicleta"";""HONDA/CBX 150"";1989;""Condutor"";""Lesões Leves"";63;""Masculino"";0;1;0;0;-1",360972;-48,"262413;""SR-PA"";""DEL19/1"";""UOP05/PA""",
"183648;406688;2019-01-05;""sábado"";""17:15:00"";""SC"";116;133;""SANTA CECILIA"";""Sim"";""Carga excessiva e/ou mal acondicionada"";1;""Derramamento de carga"";""Sem Vítimas"";""Pleno dia"";""Crescente"";""Garoa/Chuvisco"";""Simples"";""Rotatória"";""Não"";326527;""Caminhão"";""VW/24.250 CNC 6X2"";2007;""Condutor"";""Ileso"";24;""Masculino"";1;0;0;0;-26",91588;-50,"445751;""SR-SC"";""DEL8/6"";""UOP02/SC""",
"183649;412556;2019-01-05;""sábado"";""19:00:00"";""BA"";116;555;""NOVA ITARANA"";""Sim"";""Carga excessiva e/ou mal acondicionada"";1;""Tombamento"";""Sem Vítimas"";""Plena Noite"";""Crescente"";""Céu Claro"";""Simples"";""Curva"";""Não"";326978;""Caminhão-trator"";""VW/19.320 CNC TT"";2010;""Condutor"";""Ileso"";31;""Masculino"";1;0;0;0;-12",93383;-39,"9037;""SR-BA"";""DEL10/3"";""UOP02/BA""",
"183650;405833;2019-01-05;""sábado"";""21:10:00"";""RS"";287;257","2;""SANTA MARIA"";""Sim"";""Objeto estático sobre o leito carroçável"";2;""Saída de leito carroçável"";""Com Vítimas Feridas"";""Plena Noite"";""Decrescente"";""Céu Claro"";""Simples"";""Reta"";""Não"";326554;""Automóvel"";""VW/GOL 16V"";2000;""Condutor"";""Lesões Leves"";61;""Feminino"";0;1;0;0;-29",681389;-53,"941212;""SR-RS"";""DEL9/9"";""UOP01/RS"""
"183650;405833;2019-01-05;""sábado"";""21:10:00"";""RS"";287;257","2;""SANTA MARIA"";""Sim"";""Objeto estático sobre o leito carroçável"";1;""Colisão lateral"";""Com Vítimas Feridas"";""Plena Noite"";""Decrescente"";""Céu Claro"";""Simples"";""Reta"";""Não"";326554;""Automóvel"";""VW/GOL 16V"";2000;""Condutor"";""Lesões Leves"";61;""Feminino"";0;1;0;0;-29",681389;-53,"941212;""SR-RS"";""DEL9/9"";""UOP01/RS"""
"183650;405848;2019-01-05;""sábado"";""21:10:00"";""RS"";287;257","2;""SANTA MARIA"";""Sim"";""Objeto estático sobre o leito carroçável"";2;""Saída de leito carroçável"";""Com Vítimas Feridas"";""Plena Noite"";""Decrescente"";""Céu Claro"";""Simples"";""Reta"";""Não"";326553;""Caminhonete"";""FORD/COURIER 1.6 L"";2001;""Testemunha"";""Não Informado"";NA;""Não Informado"";0;0;0;0;-29",681389;-53,"941212;""SR-RS"";""DEL9/9"";""UOP01/RS"""
"183650;405848;2019-01-05;""sábado"";""21:10:00"";""RS"";287;257","2;""SANTA MARIA"";""Sim"";""Objeto estático sobre o leito carroçável"";1;""Colisão lateral"";""Com Vítimas Feridas"";""Plena Noite"";""Decrescente"";""Céu Claro"";""Simples"";""Reta"";""Não"";326553;""Caminhonete"";""FORD/COURIER 1.6 L"";2001;""Testemunha"";""Não Informado"";NA;""Não Informado"";0;0;0;0;-29",681389;-53,"941212;""SR-RS"";""DEL9/9"";""UOP01/RS"""
"183650;405848;2019-01-05;""sábado"";""21:10:00"";""RS"";287;257","2;""SANTA MARIA"";""Sim"";""Objeto estático sobre o leito carroçável"";2;""Saída de leito carroçável"";""Com Vítimas Feridas"";""Plena Noite"";""Decrescente"";""Céu Claro"";""Simples"";""Reta"";""Não"";326554;""Automóvel"";""VW/GOL 16V"";2000;""Testemunha"";""Não Informado"";NA;""Não Informado"";0;0;0;0;-29",681389;-53,"941212;""SR-RS"";""DEL9/9"";""UOP01/RS"""
"183650;405848;2019-01-05;""sábado"";""21:10:00"";""RS"";287;257","2;""SANTA MARIA"";""Sim"";""Objeto estático sobre o leito carroçável"";1;""Colisão lateral"";""Com Vítimas Feridas"";""Plena Noite"";""Decrescente"";""Céu Claro"";""Simples"";""Reta"";""Não"";326554;""Automóvel"";""VW/GOL 16V"";2000;""Testemunha"";""Não Informado"";NA;""Não Informado"";0;0;0;0;-29",681389;-53,"941212;""SR-RS"";""DEL9/9"";""UOP01/RS"""
"183650;405834;2019-01-05;""sábado"";""21:10:00"";""RS"";287;257","2;""SANTA MARIA"";""Sim"";""Objeto estático sobre o leito carroçável"";2;""Saída de leito carroçável"";""Com Vítimas Feridas"";""Plena Noite"";""Decrescente"";""Céu Claro"";""Simples"";""Reta"";""Não"";326554;""Automóvel"";""VW/GOL 16V"";2000;""Passageiro"";""Ileso"";66;""Masculino"";1;0;0;0;-29",681389;-53,"941212;""SR-RS"";""DEL9/9"";""UOP01/RS"""
"183650;405834;2019-01-05;""sábado"";""21:10:00"";""RS"";287;257","2;""SANTA MARIA"";""Sim"";""Objeto estático sobre o leito carroçável"";1;""Colisão lateral"";""Com Vítimas Feridas"";""Plena Noite"";""Decrescente"";""Céu Claro"";""Simples"";""Reta"";""Não"";326554;""Automóvel"";""VW/GOL 16V"";2000;""Passageiro"";""Ileso"";66;""Masculino"";1;0;0;0;-29",681389;-53,"941212;""SR-RS"";""DEL9/9"";""UOP01/RS"""
"183650;405825;2019-01-05;""sábado"";""21:10:00"";""RS"";287;257","2;""SANTA MARIA"";""Sim"";""Objeto estático sobre o leito carroçável"";2;""Saída de leito carroçável"";""Com Vítimas Feridas"";""Plena Noite"";""Decrescente"";""Céu Claro"";""Simples"";""Reta"";""Não"";326553;""Caminhonete"";""FORD/COURIER 1.6 L"";2001;""Condutor"";""Ileso"";35;""Masculino"";1;0;0;0;-29",681389;-53,"941212;""SR-RS"";""DEL9/9"";""UOP01/RS"""
"183650;405825;2019-01-05;""sábado"";""21:10:00"";""RS"";287;257","2;""SANTA MARIA"";""Sim"";""Objeto estático sobre o leito carroçável"";1;""Colisão lateral"";""Com Vítimas Feridas"";""Plena Noite"";""Decrescente"";""Céu Claro"";""Simples"";""Reta"";""Não"";326553;""Caminhonete"";""FORD/COURIER 1.6 L"";2001;""Condutor"";""Ileso"";35;""Masculino"";1;0;0;0;-29",681389;-53,"941212;""SR-RS"";""DEL9/9"";""UOP01/RS"""
"183650;405831;2019-01-05;""sábado"";""21:10:00"";""RS"";287;257","2;""SANTA MARIA"";""Sim"";""Objeto estático sobre o leito carroçável"";2;""Saída de leito carroçável"";""Com Vítimas Feridas"";""Plena Noite"";""Decrescente"";""Céu Claro"";""Simples"";""Reta"";""Não"";326553;""Caminhonete"";""FORD/COURIER 1.6 L"";2001;""Passageiro"";""Ileso"";34;""Masculino"";1;0;0;0;-29",681389;-53,"941212;""SR-RS"";""DEL9/9"";""UOP01/RS"""
"183650;405831;2019-01-05;""sábado"";""21:10:00"";""RS"";287;257","2;""SANTA MARIA"";""Sim"";""Objeto estático sobre o leito carroçável"";1;""Colisão lateral"";""Com Vítimas Feridas"";""Plena Noite"";""Decrescente"";""Céu Claro"";""Simples"";""Reta"";""Não"";326553;""Caminhonete"";""FORD/COURIER 1.6 L"";2001;""Passageiro"";""Ileso"";34;""Masculino"";1;0;0;0;-29",681389;-53,"941212;""SR-RS"";""DEL9/9"";""UOP01/RS"""
"183651;404642;2019-01-05;""sábado"";""07:00:00"";""DF"";60;2;""BRASILIA"";""Sim"";""Falta de Atenção à Condução"";1;""Capotamento"";""Com Vítimas Feridas"";""Pleno dia"";""Decrescente"";""Céu Claro"";""Dupla"";""Reta"";""Sim"";326533;""Automóvel"";""VW/NOVO GOL TRACK MCV"";2017;""Condutor"";""Lesões Leves"";NA;""Masculino"";0;1;0;0;-15",887383;-48,"077988;""SR-DF"";""UOP03/DF"";""""",
"183654;405821;2019-01-05;""sábado"";""22:40:00"";""PR"";376;191","6;""MARIALVA"";""Sim"";""Desobediência às normas de trânsito pelo pedestre"";2;""Colisão com objeto estático"";""Sem Vítimas"";""Plena Noite"";""Decrescente"";""Céu Claro"";""Dupla"";""Reta"";""Não"";326558;""Automóvel"";""CHEVROLET/ONIX 1.4AT LTZ"";2015;""Condutor"";""Ileso"";19;""Feminino"";1;0;0;0;-23",471231;-51,"819515;""SR-PR"";""DEL7/7"";""UOP04/PR"""
"183654;405821;2019-01-05;""sábado"";""22:40:00"";""PR"";376;191","6;""MARIALVA"";""Sim"";""Desobediência às normas de trânsito pelo pedestre"";1;""Saída de leito carroçável"";""Sem Vítimas"";""Plena Noite"";""Decrescente"";""Céu Claro"";""Dupla"";""Reta"";""Não"";326558;""Automóvel"";""CHEVROLET/ONIX 1.4AT LTZ"";2015;""Condutor"";""Ileso"";19;""Feminino"";1;0;0;0;-23",471231;-51,"819515;""SR-PR"";""DEL7/7"";""UOP04/PR"""
"183654;405819;2019-01-05;""sábado"";""22:40:00"";""PR"";376;191","6;""MARIALVA"";""Sim"";""Desobediência às normas de trânsito pelo pedestre"";2;""Colisão com objeto estático"";""Sem Vítimas"";""Plena Noite"";""Decrescente"";""Céu Claro"";""Dupla"";""Reta"";""Não"";326557;""Automóvel"";""VW/GOL S"";1985;""Condutor"";""Ileso"";25;""Masculino"";1;0;0;0;-23",471231;-51,"819515;""SR-PR"";""DEL7/7"";""UOP04/PR"""
"183654;405819;2019-01-05;""sábado"";""22:40:00"";""PR"";376;191","6;""MARIALVA"";""Sim"";""Desobediência às normas de trânsito pelo pedestre"";1;""Saída de leito carroçável"";""Sem Vítimas"";""Plena Noite"";""Decrescente"";""Céu Claro"";""Dupla"";""Reta"";""Não"";326557;""Automóvel"";""VW/GOL S"";1985;""Condutor"";""Ileso"";25;""Masculino"";1;0;0;0;-23",471231;-51,"819515;""SR-PR"";""DEL7/7"";""UOP04/PR"""
"183655;404733;2019-01-05;""sábado"";""22:50:00"";""PR"";376;642","5;""TIJUCAS DO SUL"";""Sim"";""Falta de Atenção à Condução"";3;""Colisão frontal"";""Com Vítimas Feridas"";""Plena Noite"";""Crescente"";""Garoa/Chuvisco"";""Dupla"";""Reta"";""Não"";326594;""Caminhonete"";""I/FORD RANGER XLT 13D"";1998;""Passageiro"";""Lesões Graves"";20;""Masculino"";0;0;1;0;-25",81194548;-49,"13291931;""SR-PR"";""DEL7/1"";""UOP08/PR"""
"183655;404733;2019-01-05;""sábado"";""22:50:00"";""PR"";376;642","5;""TIJUCAS DO SUL"";""Sim"";""Falta de Atenção à Condução"";2;""Capotamento"";""Com Vítimas Feridas"";""Plena Noite"";""Crescente"";""Garoa/Chuvisco"";""Dupla"";""Reta"";""Não"";326594;""Caminhonete"";""I/FORD RANGER XLT 13D"";1998;""Passageiro"";""Lesões Graves"";20;""Masculino"";0;0;1;0;-25",81194548;-49,"13291931;""SR-PR"";""DEL7/1"";""UOP08/PR"""
"183655;404733;2019-01-05;""sábado"";""22:50:00"";""PR"";376;642","5;""TIJUCAS DO SUL"";""Sim"";""Falta de Atenção à Condução"";1;""Saída de leito carroçável"";""Com Vítimas Feridas"";""Plena Noite"";""Crescente"";""Garoa/Chuvisco"";""Dupla"";""Reta"";""Não"";326594;""Caminhonete"";""I/FORD RANGER XLT 13D"";1998;""Passageiro"";""Lesões Graves"";20;""Masculino"";0;0;1;0;-25",81194548;-49,"13291931;""SR-PR"";""DEL7/1"";""UOP08/PR"""
"183655;404734;2019-01-05;""sábado"";""22:50:00"";""PR"";376;642","5;""TIJUCAS DO SUL"";""Sim"";""Falta de Atenção à Condução"";3;""Colisão frontal"";""Com Vítimas Feridas"";""Plena Noite"";""Crescente"";""Garoa/Chuvisco"";""Dupla"";""Reta"";""Não"";326595;""Automóvel"";""VW/POLO 1.6"";2006;""Condutor"";""Ileso"";37;""Masculino"";1;0;0;0;-25",81194548;-49,"13291931;""SR-PR"";""DEL7/1"";""UOP08/PR"""
"183655;404734;2019-01-05;""sábado"";""22:50:00"";""PR"";376;642","5;""TIJUCAS DO SUL"";""Sim"";""Falta de Atenção à Condução"";2;""Capotamento"";""Com Vítimas Feridas"";""Plena Noite"";""Crescente"";""Garoa/Chuvisco"";""Dupla"";""Reta"";""Não"";326595;""Automóvel"";""VW/POLO 1.6"";2006;""Condutor"";""Ileso"";37;""Masculino"";1;0;0;0;-25",81194548;-49,"13291931;""SR-PR"";""DEL7/1"";""UOP08/PR"""
"183655;404734;2019-01-05;""sábado"";""22:50:00"";""PR"";376;642","5;""TIJUCAS DO SUL"";""Sim"";""Falta de Atenção à Condução"";1;""Saída de leito carroçável"";""Com Vítimas Feridas"";""Plena Noite"";""Crescente"";""Garoa/Chuvisco"";""Dupla"";""Reta"";""Não"";326595;""Automóvel"";""VW/POLO 1.6"";2006;""Condutor"";""Ileso"";37;""Masculino"";1;0;0;0;-25",81194548;-49,"13291931;""SR-PR"";""DEL7/1"";""UOP08/PR"""
"183655;404732;2019-01-05;""sábado"";""22:50:00"";""PR"";376;642","5;""TIJUCAS DO SUL"";""Sim"";""Falta de Atenção à Condução"";3;""Colisão frontal"";""Com Vítimas Feridas"";""Plena Noite"";""Crescente"";""Garoa/Chuvisco"";""Dupla"";""Reta"";""Não"";326594;""Caminhonete"";""I/FORD RANGER XLT 13D"";1998;""Condutor"";""Ileso"";21;""Masculino"";1;0;0;0;-25",81194548;-49,"13291931;""SR-PR"";""DEL7/1"";""UOP08/PR"""
"183655;404732;2019-01-05;""sábado"";""22:50:00"";""PR"";376;642","5;""TIJUCAS DO SUL"";""Sim"";""Falta de Atenção à Condução"";2;""Capotamento"";""Com Vítimas Feridas"";""Plena Noite"";""Crescente"";""Garoa/Chuvisco"";""Dupla"";""Reta"";""Não"";326594;""Caminhonete"";""I/FORD RANGER XLT 13D"";1998;""Condutor"";""Ileso"";21;""Masculino"";1;0;0;0;-25",81194548;-49,"13291931;""SR-PR"";""DEL7/1"";""UOP08/PR"""
"183655;404732;2019-01-05;""sábado"";""22:50:00"";""PR"";376;642","5;""TIJUCAS DO SUL"";""Sim"";""Falta de Atenção à Condução"";1;""Saída de leito carroçável"";""Com Vítimas Feridas"";""Plena Noite"";""Crescente"";""Garoa/Chuvisco"";""Dupla"";""Reta"";""Não"";326594;""Caminhonete"";""I/FORD RANGER XLT 13D"";1998;""Condutor"";""Ileso"";21;""Masculino"";1;0;0;0;-25",81194548;-49,"13291931;""SR-PR"";""DEL7/1"";""UOP08/PR"""
"183656;405813;2019-01-05;""sábado"";""22:00:00"";""RJ"";101;297;""ITABORAI"";""Sim"";""Falta de Atenção à Condução"";2;""Tombamento"";""Com Vítimas Feridas"";""Plena Noite"";""Decrescente"";""Céu Claro"";""Dupla"";""Reta"";""Sim"";327329;""Automóvel"";""GM/MERIVA EXPRESSION"";2008;""Condutor"";""Ileso"";46;""Masculino"";1;0;0;0;-22",769421;-42,"918736;""SR-RJ"";""DEL5/2"";""UOP04/RJ""",
"183656;405813;2019-01-05;""sábado"";""22:00:00"";""RJ"";101;297;""ITABORAI"";""Sim"";""Falta de Atenção à Condução"";1;""Colisão traseira"";""Com Vítimas Feridas"";""Plena Noite"";""Decrescente"";""Céu Claro"";""Dupla"";""Reta"";""Sim"";327329;""Automóvel"";""GM/MERIVA EXPRESSION"";2008;""Condutor"";""Ileso"";46;""Masculino"";1;0;0;0;-22",769421;-42,"918736;""SR-RJ"";""DEL5/2"";""UOP04/RJ""",
"183656;405814;2019-01-05;""sábado"";""22:00:00"";""RJ"";101;297;""ITABORAI"";""Sim"";""Falta de Atenção à Condução"";2;""Tombamento"";""Com Vítimas Feridas"";""Plena Noite"";""Decrescente"";""Céu Claro"";""Dupla"";""Reta"";""Sim"";326598;""Motocicleta"";""HONDA/CG150 TITAN MIX ES"";2009;""Condutor"";""Lesões Leves"";26;""Masculino"";0;1;0;0;-22",769421;-42,"918736;""SR-RJ"";""DEL5/2"";""UOP04/RJ""",
"183656;405814;2019-01-05;""sábado"";""22:00:00"";""RJ"";101;297;""ITABORAI"";""Sim"";""Falta de Atenção à Condução"";1;""Colisão traseira"";""Com Vítimas Feridas"";""Plena Noite"";""Decrescente"";""Céu Claro"";""Dupla"";""Reta"";""Sim"";326598;""Motocicleta"";""HONDA/CG150 TITAN MIX ES"";2009;""Condutor"";""Lesões Leves"";26;""Masculino"";0;1;0;0;-22",769421;-42,"918736;""SR-RJ"";""DEL5/2"";""UOP04/RJ""",
"183657;404748;2019-01-05;""sábado"";""21:05:00"";""MG"";381;423","9;""CAETE"";""Sim"";""Sinalização da via insuficiente ou inadequada"";1;""Colisão frontal"";""Com Vítimas Fatais"";""Plena Noite"";""Crescente"";""Céu Claro"";""Simples"";""Túnel"";""Não"";326607;""Motocicleta"";""JTA/SUZUKI INTRUDER 125"";2008;""Condutor"";""Óbito"";50;""Masculino"";0;0;0;1;-19",76356851;-43,"64190906;""SR-MG"";""DEL4/1"";""UOP01/MG"""
"183657;404762;2019-01-05;""sábado"";""21:05:00"";""MG"";381;423","9;""CAETE"";""Sim"";""Sinalização da via insuficiente ou inadequada"";1;""Colisão frontal"";""Com Vítimas Fatais"";""Plena Noite"";""Crescente"";""Céu Claro"";""Simples"";""Túnel"";""Não"";326608;""Ônibus"";""MBENZ/MPOLO PARADISO R"";2003;""Condutor"";""Ileso"";27;""Masculino"";1;0;0;0;-19",76356851;-43,"64190906;""SR-MG"";""DEL4/1"";""UOP01/MG"""
"183658;404676;2019-01-05;""sábado"";""21:30:00"";""MA"";10;225;""GOVERNADOR EDISON LOBAO"";""Sim"";""Desobediência às normas de trânsito pelo condutor"";1;""Colisão transversal"";""Com Vítimas Feridas"";""Plena Noite"";""Crescente"";""Nublado"";""Simples"";""Reta"";""Sim"";326548;""Automóvel"";""GM/CELTA"";2001;""Passageiro"";""Lesões Leves"";19;""Masculino"";0;1;0;0;-5",745605;-47,"359642;""SR-MA"";""DEL18/4"";""UOP01/MA""",
"183658;404676;2019-01-05;""sábado"";""21:30:00"";""MA"";10;225;""GOVERNADOR EDISON LOBAO"";""Não"";""Ingestão de Álcool"";1;""Colisão transversal"";""Com Vítimas Feridas"";""Plena Noite"";""Crescente"";""Nublado"";""Simples"";""Reta"";""Sim"";326548;""Automóvel"";""GM/CELTA"";2001;""Passageiro"";""Lesões Leves"";19;""Masculino"";0;1;0;0;-5",745605;-47,"359642;""SR-MA"";""DEL18/4"";""UOP01/MA""",