"id;""pesid"";""data_inversa"";""dia_semana"";""horario"";""uf"";""br"";""km"";""municipio"";""causa_principal"";""causa_acidente"";""ordem_tipo_acidente"";""tipo_acidente"";""classificacao_acidente"";""fase_dia"";""sentido_via"";""condicao_metereologica"";""tipo_pista"";""tracado_via"";""uso_solo"";""id_veiculo"";""tipo_veiculo"";""marca"";""ano_fabricacao_veiculo"";""tipo_envolvido"";""estado_fisico"";""idade"";""sexo"";""ilesos"";""feridos_leves"";""feridos_graves"";""mortos"";""latitude"";""longitude"";""regional"";""delegacia"";""uop""",,,
"183658;404676;2019-01-05;""sábado"";""21:30:00"";""MA"";10;225;""GOVERNADOR EDISON LOBAO"";""Não"";""Velocidade Incompatível"";1;""Colisão transversal"";""Com Vítimas Feridas"";""Plena Noite"";""Crescente"";""Nublado"";""Simples"";""Reta"";""Sim"";326548;""Automóvel"";""GM/CELTA"";2001;""Passageiro"";""Lesões Leves"";19;""Masculino"";0;1;0;0;-5",745605;-47,"359642;""SR-MA"";""DEL18/4"";""UOP01/MA""",
"183658;404668;2019-01-05;""sábado"";""21:30:00"";""MA"";10;225;""GOVERNADOR EDISON LOBAO"";""Sim"";""Desobediência às normas de trânsito pelo condutor"";1;""Colisão transversal"";""Com Vítimas Feridas"";""Plena Noite"";""Crescente"";""Nublado"";""Simples"";""Reta"";""Sim"";326547;""Automóvel"";""FORD/KA SE 1.5 HA"";2014;""Condutor"";""Lesões Leves"";71;""Masculino"";0;1;0;0;-5",745605;-47,"359642;""SR-MA"";""DEL18/4"";""UOP01/MA""",
"183658;404668;2019-01-05;""sábado"";""21:30:00"";""MA"";10;225;""GOVERNADOR EDISON LOBAO"";""Não"";""Ingestão de Álcool"";1;""Colisão transversal"";""Com Vítimas Feridas"";""Plena Noite"";""Crescente"";""Nublado"";""Simples"";""Reta"";""Sim"";326547;""Automóvel"";""FORD/KA SE 1.5 HA"";2014;""Condutor"";""Lesões Leves"";71;""Masculino"";0;1;0;0;-5",745605;-47,"359642;""SR-MA"";""DEL18/4"";""UOP01/MA""",
"183658;404668;2019-01-05;""sábado"";""21:30:00"";""MA"";10;225;""GOVERNADOR EDISON LOBAO"";""Não"";""Velocidade Incompatível"";1;""Colisão transversal"";""Com Vítimas Feridas"";""Plena Noite"";""Crescente"";""Nublado"";""Simples"";""Reta"";""Sim"";326547;""Automóvel"";""FORD/KA SE 1.5 HA"";2014;""Condutor"";""Lesões Leves"";71;""Masculino"";0;1;0;0;-5",745605;-47,"359642;""SR-MA"";""DEL18/4"";""UOP01/MA""",
"183658;404670;2019-01-05;""sábado"";""21:30:00"";""MA"";10;225;""GOVERNADOR EDISON LOBAO"";""Sim"";""Desobediência às normas de trânsito pelo condutor"";1;""Colisão transversal"";""Com Vítimas Feridas"";""Plena Noite"";""Crescente"";""Nublado"";""Simples"";""Reta"";""Sim"";326547;""Automóvel"";""FORD/KA SE 1.5 HA"";2014;""Passageiro"";""Lesões Graves"";60;""Feminino"";0;0;1;0;-5",745605;-47,"359642;""SR-MA"";""DEL18/4"";""UOP01/MA""",
"183658;404670;2019-01-05;""sábado"";""21:30:00"";""MA"";10;225;""GOVERNADOR EDISON LOBAO"";""Não"";""Ingestão de Álcool"";1;""Colisão transversal"";""Com Vítimas Feridas"";""Plena Noite"";""Crescente"";""Nublado"";""Simples"";""Reta"";""Sim"";326547;""Automóvel"";""FORD/KA SE 1.5 HA"";2014;""Passageiro"";""Lesões Graves"";60;""Feminino"";0;0;1;0;-5",745605;-47,"359642;""SR-MA"";""DEL18/4"";""UOP01/MA""",
"183658;404670;2019-01-05;""sábado"";""21:30:00"";""MA"";10;225;""GOVERNADOR EDISON LOBAO"";""Não"";""Velocidade Incompatível"";1;""Colisão transversal"";""Com Vítimas Feridas"";""Plena Noite"";""Crescente"";""Nublado"";""Simples"";""Reta"";""Sim"";326547;""Automóvel"";""FORD/KA SE 1.5 HA"";2014;""Passageiro"";""Lesões Graves"";60;""Feminino"";0;0;1;0;-5",745605;-47,"359642;""SR-MA"";""DEL18/4"";""UOP01/MA""",
"183658;404675;2019-01-05;""sábado"";""21:30:00"";""MA"";10;225;""GOVERNADOR EDISON LOBAO"";""Sim"";""Desobediência às normas de trânsito pelo condutor"";1;""Colisão transversal"";""Com Vítimas Feridas"";""Plena Noite"";""Crescente"";""Nublado"";""Simples"";""Reta"";""Sim"";326548;""Automóvel"";""GM/CELTA"";2001;""Passageiro"";""Lesões Leves"";23;""Masculino"";0;1;0;0;-5",745605;-47,"359642;""SR-MA"";""DEL18/4"";""UOP01/MA""",
"183658;404675;2019-01-05;""sábado"";""21:30:00"";""MA"";10;225;""GOVERNADOR EDISON LOBAO"";""Não"";""Ingestão de Álcool"";1;""Colisão transversal"";""Com Vítimas Feridas"";""Plena Noite"";""Crescente"";""Nublado"";""Simples"";""Reta"";""Sim"";326548;""Automóvel"";""GM/CELTA"";2001;""Passageiro"";""Lesões Leves"";23;""Masculino"";0;1;0;0;-5",745605;-47,"359642;""SR-MA"";""DEL18/4"";""UOP01/MA""",
"183658;404675;2019-01-05;""sábado"";""21:30:00"";""MA"";10;225;""GOVERNADOR EDISON LOBAO"";""Não"";""Velocidade Incompatível"";1;""Colisão transversal"";""Com Vítimas Feridas"";""Plena Noite"";""Crescente"";""Nublado"";""Simples"";""Reta"";""Sim"";326548;""Automóvel"";""GM/CELTA"";2001;""Passageiro"";""Lesões Leves"";23;""Masculino"";0;1;0;0;-5",745605;-47,"359642;""SR-MA"";""DEL18/4"";""UOP01/MA""",
"183658;404674;2019-01-05;""sábado"";""21:30:00"";""MA"";10;225;""GOVERNADOR EDISON LOBAO"";""Sim"";""Desobediência às normas de trânsito pelo condutor"";1;""Colisão transversal"";""Com Vítimas Feridas"";""Plena Noite"";""Crescente"";""Nublado"";""Simples"";""Reta"";""Sim"";326548;""Automóvel"";""GM/CELTA"";2001;""Condutor"";""Lesões Graves"";25;""Masculino"";0;0;1;0;-5",745605;-47,"359642;""SR-MA"";""DEL18/4"";""UOP01/MA""",
"183658;404674;2019-01-05;""sábado"";""21:30:00"";""MA"";10;225;""GOVERNADOR EDISON LOBAO"";""Não"";""Ingestão de Álcool"";1;""Colisão transversal"";""Com Vítimas Feridas"";""Plena Noite"";""Crescente"";""Nublado"";""Simples"";""Reta"";""Sim"";326548;""Automóvel"";""GM/CELTA"";2001;""Condutor"";""Lesões Graves"";25;""Masculino"";0;0;1;0;-5",745605;-47,"359642;""SR-MA"";""DEL18/4"";""UOP01/MA""",
"183658;404674;2019-01-05;""sábado"";""21:30:00"";""MA"";10;225;""GOVERNADOR EDISON LOBAO"";""Não"";""Velocidade Incompatível"";1;""Colisão transversal"";""Com Vítimas Feridas"";""Plena Noite"";""Crescente"";""Nublado"";""Simples"";""Reta"";""Sim"";326548;""Automóvel"";""GM/CELTA"";2001;""Condutor"";""Lesões Graves"";25;""Masculino"";0;0;1;0;-5",745605;-47,"359642;""SR-MA"";""DEL18/4"";""UOP01/MA""",
"183658;404669;2019-01-05;""sábado"";""21:30:00"";""MA"";10;225;""GOVERNADOR EDISON LOBAO"";""Sim"";""Desobediência às normas de trânsito pelo condutor"";1;""Colisão transversal"";""Com Vítimas Feridas"";""Plena Noite"";""Crescente"";""Nublado"";""Simples"";""Reta"";""Sim"";326547;""Automóvel"";""FORD/KA SE 1.5 HA"";2014;""Passageiro"";""Lesões Leves"";56;""Feminino"";0;1;0;0;-5",745605;-47,"359642;""SR-MA"";""DEL18/4"";""UOP01/MA""",
"183658;404669;2019-01-05;""sábado"";""21:30:00"";""MA"";10;225;""GOVERNADOR EDISON LOBAO"";""Não"";""Ingestão de Álcool"";1;""Colisão transversal"";""Com Vítimas Feridas"";""Plena Noite"";""Crescente"";""Nublado"";""Simples"";""Reta"";""Sim"";326547;""Automóvel"";""FORD/KA SE 1.5 HA"";2014;""Passageiro"";""Lesões Leves"";56;""Feminino"";0;1;0;0;-5",745605;-47,"359642;""SR-MA"";""DEL18/4"";""UOP01/MA""",
"183658;404669;2019-01-05;""sábado"";""21:30:00"";""MA"";10;225;""GOVERNADOR EDISON LOBAO"";""Não"";""Velocidade Incompatível"";1;""Colisão transversal"";""Com Vítimas Feridas"";""Plena Noite"";""Crescente"";""Nublado"";""Simples"";""Reta"";""Sim"";326547;""Automóvel"";""FORD/KA SE 1.5 HA"";2014;""Passageiro"";""Lesões Leves"";56;""Feminino"";0;1;0;0;-5",745605;-47,"359642;""SR-MA"";""DEL18/4"";""UOP01/MA""",
"183659;405886;2019-01-05;""sábado"";""18:30:00"";""MS"";262;324","7;""CAMPO GRANDE"";""Sim"";""Falta de Atenção à Condução"";1;""Colisão lateral"";""Com Vítimas Feridas"";""Pleno dia"";""Crescente"";""Céu Claro"";""Simples"";""Reta"";""Não"";326551;""Motocicleta"";""HONDA/CG 125 TITAN"";1997;""Condutor"";""Lesões Graves"";59;""Masculino"";0;0;1;0;-20",46848049;-54,"52354076;""SR-MS"";""DEL3/1"";""UOP01/MS"""
"183659;405887;2019-01-05;""sábado"";""18:30:00"";""MS"";262;324","7;""CAMPO GRANDE"";""Sim"";""Falta de Atenção à Condução"";1;""Colisão lateral"";""Com Vítimas Feridas"";""Pleno dia"";""Crescente"";""Céu Claro"";""Simples"";""Reta"";""Não"";326552;""Motocicleta"";""HONDA/NXR150 BROS ESD"";2014;""Condutor"";""Lesões Graves"";41;""Masculino"";0;0;1;0;-20",46848049;-54,"52354076;""SR-MS"";""DEL3/1"";""UOP01/MS"""
"183660;NA;2019-01-06;""domingo"";""00:30:00"";""SP"";116;545","9;""BARRA DO TURVO"";""Sim"";""Velocidade Incompatível"";1;""Colisão traseira"";""Com Vítimas Feridas"";""Plena Noite"";""Crescente"";""Chuva"";""Dupla"";""Curva"";""Não"";326582;""Semireboque"";""SR/PALMEIRA SRCF 2E"";2014;""Não Informado"";""Não Informado"";NA;""Não Informado"";0;0;0;0;-24",99369656;-48,"50824356;""SR-SP"";""DEL6/5"";""UOP03/SP"""
"183660;NA;2019-01-06;""domingo"";""00:30:00"";""SP"";116;545","9;""BARRA DO TURVO"";""Sim"";""Velocidade Incompatível"";1;""Colisão traseira"";""Com Vítimas Feridas"";""Plena Noite"";""Crescente"";""Chuva"";""Dupla"";""Curva"";""Não"";326581;""Semireboque"";""SR/PALMEIRA SRCFQR 2E"";2014;""Não Informado"";""Não Informado"";NA;""Não Informado"";0;0;0;0;-24",99369656;-48,"50824356;""SR-SP"";""DEL6/5"";""UOP03/SP"""
"183660;404718;2019-01-06;""domingo"";""00:30:00"";""SP"";116;545","9;""BARRA DO TURVO"";""Sim"";""Velocidade Incompatível"";1;""Colisão traseira"";""Com Vítimas Feridas"";""Plena Noite"";""Crescente"";""Chuva"";""Dupla"";""Curva"";""Não"";326576;""Automóvel"";""I/NISSAN SENTRA 20SV CVT"";2014;""Condutor"";""Ileso"";58;""Masculino"";1;0;0;0;-24",99369656;-48,"50824356;""SR-SP"";""DEL6/5"";""UOP03/SP"""
"183660;404722;2019-01-06;""domingo"";""00:30:00"";""SP"";116;545","9;""BARRA DO TURVO"";""Sim"";""Velocidade Incompatível"";1;""Colisão traseira"";""Com Vítimas Feridas"";""Plena Noite"";""Crescente"";""Chuva"";""Dupla"";""Curva"";""Não"";326576;""Automóvel"";""I/NISSAN SENTRA 20SV CVT"";2014;""Passageiro"";""Lesões Leves"";55;""Feminino"";0;1;0;0;-24",99369656;-48,"50824356;""SR-SP"";""DEL6/5"";""UOP03/SP"""
"183660;404723;2019-01-06;""domingo"";""00:30:00"";""SP"";116;545","9;""BARRA DO TURVO"";""Sim"";""Velocidade Incompatível"";1;""Colisão traseira"";""Com Vítimas Feridas"";""Plena Noite"";""Crescente"";""Chuva"";""Dupla"";""Curva"";""Não"";326576;""Automóvel"";""I/NISSAN SENTRA 20SV CVT"";2014;""Passageiro"";""Ileso"";NA;""Masculino"";1;0;0;0;-24",99369656;-48,"50824356;""SR-SP"";""DEL6/5"";""UOP03/SP"""
"183660;404724;2019-01-06;""domingo"";""00:30:00"";""SP"";116;545","9;""BARRA DO TURVO"";""Sim"";""Velocidade Incompatível"";1;""Colisão traseira"";""Com Vítimas Feridas"";""Plena Noite"";""Crescente"";""Chuva"";""Dupla"";""Curva"";""Não"";326577;""Caminhão-trator"";""SCANIA/G 400 A4X2"";2012;""Passageiro"";""Ileso"";45;""Feminino"";1;0;0;0;-24",99369656;-48,"50824356;""SR-SP"";""DEL6/5"";""UOP03/SP"""
"183660;404719;2019-01-06;""domingo"";""00:30:00"";""SP"";116;545","9;""BARRA DO TURVO"";""Sim"";""Velocidade Incompatível"";1;""Colisão traseira"";""Com Vítimas Feridas"";""Plena Noite"";""Crescente"";""Chuva"";""Dupla"";""Curva"";""Não"";326577;""Caminhão-trator"";""SCANIA/G 400 A4X2"";2012;""Condutor"";""Ileso"";55;""Masculino"";1;0;0;0;-24",99369656;-48,"50824356;""SR-SP"";""DEL6/5"";""UOP03/SP"""
"183661;406127;2019-01-05;""sábado"";""23:30:00"";""PE"";101;49","4;""ABREU E LIMA"";""Sim"";""Falta de Atenção à Condução"";1;""Colisão traseira"";""Sem Vítimas"";""Plena Noite"";""Decrescente"";""Céu Claro"";""Dupla"";""Reta"";""Sim"";326569;""Automóvel"";""FIAT/UNO MILLE FIRE"";2002;""Condutor"";""Ileso"";32;""Masculino"";1;0;0;0;-7",9068;-34,"9013;""SR-PE"";""DEL11/1"";""UOP02/PE"""
"183661;406125;2019-01-05;""sábado"";""23:30:00"";""PE"";101;49","4;""ABREU E LIMA"";""Sim"";""Falta de Atenção à Condução"";1;""Colisão traseira"";""Sem Vítimas"";""Plena Noite"";""Decrescente"";""Céu Claro"";""Dupla"";""Reta"";""Sim"";326568;""Automóvel"";""FIAT/UNO WAY 1.0"";2015;""Condutor"";""Ileso"";59;""Masculino"";1;0;0;0;-7",9068;-34,"9013;""SR-PE"";""DEL11/1"";""UOP02/PE"""
"183662;405387;2019-01-05;""sábado"";""23:30:00"";""MT"";364;0","5;""ALTO ARAGUAIA"";""Sim"";""Falta de Atenção à Condução"";1;""Colisão lateral"";""Com Vítimas Feridas"";""Plena Noite"";""Decrescente"";""Nublado"";""Dupla"";""Não Informado"";""Sim"";326575;""Motocicleta"";""HONDA/NX-4 FALCON"";2006;""Condutor"";""Lesões Graves"";33;""Masculino"";0;0;1;0;-17",31871;-53,"211903;""SR-MT"";""DEL2/2"";""UOP04/MT"""
"183662;405314;2019-01-05;""sábado"";""23:30:00"";""MT"";364;0","5;""ALTO ARAGUAIA"";""Sim"";""Falta de Atenção à Condução"";1;""Colisão lateral"";""Com Vítimas Feridas"";""Plena Noite"";""Decrescente"";""Nublado"";""Dupla"";""Não Informado"";""Sim"";326574;""Caminhonete"";""GM/S10 DE LUXE 2.8 D"";2001;""Condutor"";""Ileso"";63;""Masculino"";1;0;0;0;-17",31871;-53,"211903;""SR-MT"";""DEL2/2"";""UOP04/MT"""
"183664;406080;2019-01-05;""sábado"";""21:15:00"";""PE"";110;139","6;""IBIMIRIM"";""Sim"";""Animais na Pista"";1;""Atropelamento de Animal"";""Com Vítimas Feridas"";""Plena Noite"";""Decrescente"";""Céu Claro"";""Simples"";""Reta"";""Não"";326587;""Automóvel"";""TOYOTA/COROLLA XEI20FLEX"";2017;""Condutor"";""Lesões Graves"";31;""Masculino"";0;0;1;0;-8",510826;-37,"623413;""SR-PE"";""DEL11/3"";""UOP02/PE"""
"183664;406084;2019-01-05;""sábado"";""21:15:00"";""PE"";110;139","6;""IBIMIRIM"";""Sim"";""Animais na Pista"";1;""Atropelamento de Animal"";""Com Vítimas Feridas"";""Plena Noite"";""Decrescente"";""Céu Claro"";""Simples"";""Reta"";""Não"";326587;""Automóvel"";""TOYOTA/COROLLA XEI20FLEX"";2017;""Passageiro"";""Lesões Graves"";34;""Feminino"";0;0;1;0;-8",510826;-37,"623413;""SR-PE"";""DEL11/3"";""UOP02/PE"""
"183665;404710;2019-01-05;""sábado"";""15:50:00"";""PI"";343;346","8;""TERESINA"";""Sim"";""Pista Escorregadia"";2;""Atropelamento de Pedestre"";""Com Vítimas Fatais"";""Pleno dia"";""Crescente"";""Céu Claro"";""Dupla"";""Rotatória"";""Sim"";326556;""Caminhão"";""VW/30.330 CRC 8X2"";2017;""Condutor"";""Ileso"";57;""Masculino"";1;0;0;0;-5",110751;-42,"770531;""SR-PI"";""DEL17/1"";""UOP01/PI"""
"183665;404710;2019-01-05;""sábado"";""15:50:00"";""PI"";343;346","8;""TERESINA"";""Sim"";""Pista Escorregadia"";1;""Tombamento"";""Com Vítimas Fatais"";""Pleno dia"";""Crescente"";""Céu Claro"";""Dupla"";""Rotatória"";""Sim"";326556;""Caminhão"";""VW/30.330 CRC 8X2"";2017;""Condutor"";""Ileso"";57;""Masculino"";1;0;0;0;-5",110751;-42,"770531;""SR-PI"";""DEL17/1"";""UOP01/PI"""
"183665;404677;2019-01-05;""sábado"";""15:50:00"";""PI"";343;346","8;""TERESINA"";""Sim"";""Pista Escorregadia"";2;""Atropelamento de Pedestre"";""Com Vítimas Fatais"";""Pleno dia"";""Crescente"";""Céu Claro"";""Dupla"";""Rotatória"";""Sim"";326555;""Motocicleta"";""HONDA/CG 125 FAN"";2008;""Condutor"";""Óbito"";34;""Masculino"";0;0;0;1;-5",110751;-42,"770531;""SR-PI"";""DEL17/1"";""UOP01/PI"""
"183665;404677;2019-01-05;""sábado"";""15:50:00"";""PI"";343;346","8;""TERESINA"";""Sim"";""Pista Escorregadia"";1;""Tombamento"";""Com Vítimas Fatais"";""Pleno dia"";""Crescente"";""Céu Claro"";""Dupla"";""Rotatória"";""Sim"";326555;""Motocicleta"";""HONDA/CG 125 FAN"";2008;""Condutor"";""Óbito"";34;""Masculino"";0;0;0;1;-5",110751;-42,"770531;""SR-PI"";""DEL17/1"";""UOP01/PI"""
"183666;406627;2019-01-06;""domingo"";""01:30:00"";""RJ"";356;152;""CAMPOS DOS GOYTACAZES"";""Sim"";""Não guardar distância de segurança"";1;""Colisão traseira"";""Com Vítimas Feridas"";""Plena Noite"";""Decrescente"";""Céu Claro"";""Simples"";""Reta"";""Não"";326572;""Automóvel"";""GM/ASTRA GLS"";1999;""Condutor"";""Lesões Leves"";23;""Masculino"";0;1;0;0;-21",777777;-41,"306713;""SR-RJ"";""DEL5/8"";""UOP02/RJ""",
"183666;406631;2019-01-06;""domingo"";""01:30:00"";""RJ"";356;152;""CAMPOS DOS GOYTACAZES"";""Sim"";""Não guardar distância de segurança"";1;""Colisão traseira"";""Com Vítimas Feridas"";""Plena Noite"";""Decrescente"";""Céu Claro"";""Simples"";""Reta"";""Não"";327868;""Automóvel"";"""";NA;""Condutor"";""Ileso"";NA;""Ignorado"";1;0;0;0;-21",777777;-41,"306713;""SR-RJ"";""DEL5/8"";""UOP02/RJ""",
"183667;404767;2019-01-06;""domingo"";""01:30:00"";""SP"";116;229;""SAO PAULO"";""Sim"";""Ingestão de Álcool"";1;""Saída de leito carroçável"";""Sem Vítimas"";""Plena Noite"";""Decrescente"";""Nublado"";""Múltipla"";""Reta"";""Sim"";326614;""Automóvel"";""I/FORD FOCUS 1.6L HA"";2005;""Condutor"";""Ileso"";49;""Masculino"";1;0;0;0;-23",50877124;-46,"57235384;""SR-SP"";""DEL6/1"";""UOP01/SP""",
"183668;406135;2019-01-05;""sábado"";""23:40:00"";""PE"";101;88","9;""CABO DE SANTO AGOSTINHO"";""Sim"";""Ultrapassagem Indevida"";1;""Colisão frontal"";""Com Vítimas Feridas"";""Plena Noite"";""Decrescente"";""Nublado"";""Simples"";""Reta"";""Sim"";326580;""Automóvel"";""CHEVROLET/CLASSIC LS"";2011;""Condutor"";""Ileso"";37;""Masculino"";1;0;0;0;-8",2073;-34,"9836;""SR-PE"";""DEL11/1"";""UOP03/PE"""
"183668;406123;2019-01-05;""sábado"";""23:40:00"";""PE"";101;88","9;""CABO DE SANTO AGOSTINHO"";""Sim"";""Ultrapassagem Indevida"";1;""Colisão frontal"";""Com Vítimas Feridas"";""Plena Noite"";""Decrescente"";""Nublado"";""Simples"";""Reta"";""Sim"";326579;""Motocicleta"";""I/SHINERAY XY 200 III"";2008;""Condutor"";""Lesões Graves"";NA;""Masculino"";0;0;1;0;-8",2073;-34,"9836;""SR-PE"";""DEL11/1"";""UOP03/PE"""
"183669;406045;2019-01-06;""domingo"";""01:00:00"";""MG"";116;272","7;""TEOFILO OTONI"";""Sim"";""Animais na Pista"";1;""Atropelamento de Animal"";""Com Vítimas Feridas"";""Plena Noite"";""Crescente"";""Nublado"";""Simples"";""Reta"";""Não"";326567;""Motocicleta"";""HONDA/CG 160 TITAN EX"";2016;""Condutor"";""Lesões Graves"";35;""Masculino"";0;0;1;0;-17",82975968;-41,"50909424;""SR-MG"";""DEL4/11"";""UOP01/MG"""
"183669;406049;2019-01-06;""domingo"";""01:00:00"";""MG"";116;272","7;""TEOFILO OTONI"";""Sim"";""Animais na Pista"";1;""Atropelamento de Animal"";""Com Vítimas Feridas"";""Plena Noite"";""Crescente"";""Nublado"";""Simples"";""Reta"";""Não"";326567;""Motocicleta"";""HONDA/CG 160 TITAN EX"";2016;""Passageiro"";""Lesões Leves"";24;""Feminino"";0;1;0;0;-17",82975968;-41,"50909424;""SR-MG"";""DEL4/11"";""UOP01/MG"""
"183670;408595;2019-01-06;""domingo"";""01:00:00"";""CE"";222;79","9;""UMIRIM"";""Sim"";""Não guardar distância de segurança"";1;""Colisão lateral"";""Com Vítimas Feridas"";""Plena Noite"";""Decrescente"";""Céu Claro"";""Simples"";""Reta"";""Não"";326630;""Motocicleta"";""HONDA/CG 150 TITAN EX"";2014;""Condutor"";""Lesões Graves"";NA;""Masculino"";0;0;1;0;-3",674422;-39,"250706;""SR-CE"";""DEL16/4"";""UOP03/CE"""
"183670;408594;2019-01-06;""domingo"";""01:00:00"";""CE"";222;79","9;""UMIRIM"";""Sim"";""Não guardar distância de segurança"";1;""Colisão lateral"";""Com Vítimas Feridas"";""Plena Noite"";""Decrescente"";""Céu Claro"";""Simples"";""Reta"";""Não"";326629;""Automóvel"";""FIAT/UNO MILLE ECONOMY"";2011;""Condutor"";""Lesões Graves"";65;""Masculino"";0;0;1;0;-3",674422;-39,"250706;""SR-CE"";""DEL16/4"";""UOP03/CE"""
"183670;408596;2019-01-06;""domingo"";""01:00:00"";""CE"";222;79","9;""UMIRIM"";""Sim"";""Não guardar distância de segurança"";1;""Colisão lateral"";""Com Vítimas Feridas"";""Plena Noite"";""Decrescente"";""Céu Claro"";""Simples"";""Reta"";""Não"";326630;""Motocicleta"";""HONDA/CG 150 TITAN EX"";2014;""Passageiro"";""Lesões Graves"";NA;""Masculino"";0;0;1;0;-3",674422;-39,"250706;""SR-CE"";""DEL16/4"";""UOP03/CE"""
"183671;NA;2019-01-06;""domingo"";""02:00:00"";""MG"";116;271;""TEOFILO OTONI"";""Sim"";""Condutor Dormindo"";1;""Colisão lateral"";""Com Vítimas Fatais"";""Plena Noite"";""Crescente"";""Céu Claro"";""Simples"";""Reta"";""Não"";327454;""Semireboque"";""SR/RANDON SR CA"";2007;""Não Informado"";""Não Informado"";NA;""Não Informado"";0;0;0;0;-17",80398269;-41,"49712086;""SR-MG"";""DEL4/11"";""UOP01/MG""",
"183671;NA;2019-01-06;""domingo"";""02:00:00"";""MG"";116;271;""TEOFILO OTONI"";""Sim"";""Condutor Dormindo"";1;""Colisão lateral"";""Com Vítimas Fatais"";""Plena Noite"";""Crescente"";""Céu Claro"";""Simples"";""Reta"";""Não"";327460;""Semireboque"";""SR/RANDON SR CA"";2007;""Não Informado"";""Não Informado"";NA;""Não Informado"";0;0;0;0;-17",80398269;-41,"49712086;""SR-MG"";""DEL4/11"";""UOP01/MG""",
"183671;406036;2019-01-06;""domingo"";""02:00:00"";""MG"";116;271;""TEOFILO OTONI"";""Sim"";""Condutor Dormindo"";1;""Colisão lateral"";""Com Vítimas Fatais"";""Plena Noite"";""Crescente"";""Céu Claro"";""Simples"";""Reta"";""Não"";326591;""Micro-ônibus"";""FIAT/DUCATO MINIBUS"";2008;""Passageiro"";""Lesões Leves"";63;""Feminino"";0;1;0;0;-17",80398269;-41,"49712086;""SR-MG"";""DEL4/11"";""UOP01/MG""",
"183671;406031;2019-01-06;""domingo"";""02:00:00"";""MG"";116;271;""TEOFILO OTONI"";""Sim"";""Condutor Dormindo"";1;""Colisão lateral"";""Com Vítimas Fatais"";""Plena Noite"";""Crescente"";""Céu Claro"";""Simples"";""Reta"";""Não"";326591;""Micro-ônibus"";""FIAT/DUCATO MINIBUS"";2008;""Passageiro"";""Lesões Leves"";29;""Masculino"";0;1;0;0;-17",80398269;-41,"49712086;""SR-MG"";""DEL4/11"";""UOP01/MG""",
"183671;406030;2019-01-06;""domingo"";""02:00:00"";""MG"";116;271;""TEOFILO OTONI"";""Sim"";""Condutor Dormindo"";1;""Colisão lateral"";""Com Vítimas Fatais"";""Plena Noite"";""Crescente"";""Céu Claro"";""Simples"";""Reta"";""Não"";326591;""Micro-ônibus"";""FIAT/DUCATO MINIBUS"";2008;""Passageiro"";""Óbito"";48;""Feminino"";0;0;0;1;-17",80398269;-41,"49712086;""SR-MG"";""DEL4/11"";""UOP01/MG""",
"183671;406035;2019-01-06;""domingo"";""02:00:00"";""MG"";116;271;""TEOFILO OTONI"";""Sim"";""Condutor Dormindo"";1;""Colisão lateral"";""Com Vítimas Fatais"";""Plena Noite"";""Crescente"";""Céu Claro"";""Simples"";""Reta"";""Não"";326591;""Micro-ônibus"";""FIAT/DUCATO MINIBUS"";2008;""Passageiro"";""Lesões Leves"";27;""Feminino"";0;1;0;0;-17",80398269;-41,"49712086;""SR-MG"";""DEL4/11"";""UOP01/MG""",
"183671;406028;2019-01-06;""domingo"";""02:00:00"";""MG"";116;271;""TEOFILO OTONI"";""Sim"";""Condutor Dormindo"";1;""Colisão lateral"";""Com Vítimas Fatais"";""Plena Noite"";""Crescente"";""Céu Claro"";""Simples"";""Reta"";""Não"";326591;""Micro-ônibus"";""FIAT/DUCATO MINIBUS"";2008;""Condutor"";""Lesões Leves"";65;""Masculino"";0;1;0;0;-17",80398269;-41,"49712086;""SR-MG"";""DEL4/11"";""UOP01/MG""",
"183671;406027;2019-01-06;""domingo"";""02:00:00"";""MG"";116;271;""TEOFILO OTONI"";""Sim"";""Condutor Dormindo"";1;""Colisão lateral"";""Com Vítimas Fatais"";""Plena Noite"";""Crescente"";""Céu Claro"";""Simples"";""Reta"";""Não"";326592;""Caminhão-trator"";""VOLVO/FH 440 6X2T"";2010;""Condutor"";""Ileso"";34;""Masculino"";1;0;0;0;-17",80398269;-41,"49712086;""SR-MG"";""DEL4/11"";""UOP01/MG""",
"183672;404769;2019-01-06;""domingo"";""01:00:00"";""RJ"";40;63;""PETROPOLIS"";""Sim"";""Condutor Dormindo"";1;""Capotamento"";""Com Vítimas Feridas"";""Plena Noite"";""Crescente"";""Nublado"";""Dupla"";""Reta"";""Não"";326570;""Automóvel"";""CHEVROLET/COBALT 1.8 LTZ"";2014;""Condutor"";""Lesões Leves"";30;""Masculino"";0;1;0;0;-22",419571;-43,"154518;""SR-RJ"";""DEL5/6"";""UOP03/RJ""",
"183673;405857;2019-01-06;""domingo"";""01:50:00"";""TO"";153;629","9;""ALIANCA DO TOCANTINS"";""Sim"";""Ultrapassagem Indevida"";1;""Colisão frontal"";""Com Vítimas Feridas"";""Plena Noite"";""Crescente"";""Nublado"";""Simples"";""Não Informado"";""Não"";326597;""Automóvel"";""GM/CLASSIC SPIRIT"";2007;""Condutor"";""Lesões Leves"";71;""Masculino"";0;1;0;0;-11",352674;-48,"957588;""SR-TO"";""UOP01/TO"";"""""