"id;""pesid"";""data_inversa"";""dia_semana"";""horario"";""uf"";""br"";""km"";""municipio"";""causa_principal"";""causa_acidente"";""ordem_tipo_acidente"";""tipo_acidente"";""classificacao_acidente"";""fase_dia"";""sentido_via"";""condicao_metereologica"";""tipo_pista"";""tracado_via"";""uso_solo"";""id_veiculo"";""tipo_veiculo"";""marca"";""ano_fabricacao_veiculo"";""tipo_envolvido"";""estado_fisico"";""idade"";""sexo"";""ilesos"";""feridos_leves"";""feridos_graves"";""mortos"";""latitude"";""longitude"";""regional"";""delegacia"";""uop""",,,
"183686;406128;2019-01-06;""domingo"";""06:00:00"";""MG"";381;773","2;""CAMPANHA"";""Sim"";""Condutor Dormindo"";2;""Colisão com objeto estático"";""Com Vítimas Feridas"";""Amanhecer"";""Decrescente"";""Céu Claro"";""Dupla"";""Reta"";""Não"";326622;""Automóvel"";""FIAT/SIENA FIRE FLEX"";2007;""Passageiro"";""Lesões Leves"";27;""Feminino"";0;1;0;0;-21",77097824;-45,"42507648;""SR-MG"";""DEL09"";""UOP02/MG"""
"183686;406128;2019-01-06;""domingo"";""06:00:00"";""MG"";381;773","2;""CAMPANHA"";""Sim"";""Condutor Dormindo"";1;""Saída de leito carroçável"";""Com Vítimas Feridas"";""Amanhecer"";""Decrescente"";""Céu Claro"";""Dupla"";""Reta"";""Não"";326622;""Automóvel"";""FIAT/SIENA FIRE FLEX"";2007;""Passageiro"";""Lesões Leves"";27;""Feminino"";0;1;0;0;-21",77097824;-45,"42507648;""SR-MG"";""DEL09"";""UOP02/MG"""
"183687;404877;2019-01-06;""domingo"";""05:00:00"";""MA"";316;574","9;""CAXIAS"";""Sim"";""Condutor Dormindo"";2;""Capotamento"";""Com Vítimas Fatais"";""Plena Noite"";""Decrescente"";""Nublado"";""Simples"";""Não Informado"";""Não"";326670;""Caminhão"";""M.BENZ/L 1620"";2007;""Condutor"";""Óbito"";41;""Masculino"";0;0;0;1;-4",933609;-43,"176388;""SR-MA"";""DEL18/3"";""UOP02/MA"""
"183687;404877;2019-01-06;""domingo"";""05:00:00"";""MA"";316;574","9;""CAXIAS"";""Sim"";""Condutor Dormindo"";1;""Saída de leito carroçável"";""Com Vítimas Fatais"";""Plena Noite"";""Decrescente"";""Nublado"";""Simples"";""Não Informado"";""Não"";326670;""Caminhão"";""M.BENZ/L 1620"";2007;""Condutor"";""Óbito"";41;""Masculino"";0;0;0;1;-4",933609;-43,"176388;""SR-MA"";""DEL18/3"";""UOP02/MA"""
"183688;406504;2019-01-05;""sábado"";""21:30:00"";""MG"";40;515;""RIBEIRAO DAS NEVES"";""Sim"";""Ingestão de álcool e/ou substâncias psicoativas pelo pedestre"";1;""Saída de leito carroçável"";""Com Vítimas Feridas"";""Plena Noite"";""Crescente"";""Céu Claro"";""Dupla"";""Reta"";""Sim"";326636;""Automóvel"";""GM/CORSA SUPER"";1996;""Condutor"";""Lesões Leves"";37;""Masculino"";0;1;0;0;-19",819;-44,"0869;""SR-MG"";""DEL4/1"";""UOP03/MG""",
"183689;407816;2019-01-06;""domingo"";""06:00:00"";""GO"";50;210","3;""CAMPO ALEGRE DE GOIAS"";""Sim"";""Falta de Atenção à Condução"";2;""Tombamento"";""Sem Vítimas"";""Amanhecer"";""Crescente"";""Nublado"";""Dupla"";""Não Informado"";""Não"";326635;""Automóvel"";""GM/CORSA WIND"";1998;""Condutor"";""Não Informado"";NA;""Não Informado"";0;0;0;0;-17",647;-47,"757;""SR-GO"";""DEL1/6"";""UOP01/GO"""
"183689;407816;2019-01-06;""domingo"";""06:00:00"";""GO"";50;210","3;""CAMPO ALEGRE DE GOIAS"";""Sim"";""Falta de Atenção à Condução"";1;""Saída de leito carroçável"";""Sem Vítimas"";""Amanhecer"";""Crescente"";""Nublado"";""Dupla"";""Não Informado"";""Não"";326635;""Automóvel"";""GM/CORSA WIND"";1998;""Condutor"";""Não Informado"";NA;""Não Informado"";0;0;0;0;-17",647;-47,"757;""SR-GO"";""DEL1/6"";""UOP01/GO"""
"183690;404878;2019-01-06;""domingo"";""07:00:00"";""SC"";101;205","6;""SAO JOSE"";""Sim"";""Condutor Dormindo"";2;""Colisão com objeto estático"";""Com Vítimas Feridas"";""Amanhecer"";""Crescente"";""Céu Claro"";""Múltipla"";""Interseção de vias"";""Sim"";326651;""Automóvel"";""FORD/ESCORT 1.8I GL"";1994;""Condutor"";""Lesões Leves"";28;""Masculino"";0;1;0;0;-27",54497279;-48,"73163402;""SR-SC"";""DEL8/1"";""UOP01/SC"""
"183690;404878;2019-01-06;""domingo"";""07:00:00"";""SC"";101;205","6;""SAO JOSE"";""Sim"";""Condutor Dormindo"";1;""Saída de leito carroçável"";""Com Vítimas Feridas"";""Amanhecer"";""Crescente"";""Céu Claro"";""Múltipla"";""Interseção de vias"";""Sim"";326651;""Automóvel"";""FORD/ESCORT 1.8I GL"";1994;""Condutor"";""Lesões Leves"";28;""Masculino"";0;1;0;0;-27",54497279;-48,"73163402;""SR-SC"";""DEL8/1"";""UOP01/SC"""
"183691;406057;2019-01-06;""domingo"";""06:29:00"";""MG"";262;813;""UBERABA"";""Sim"";""Falta de Atenção à Condução"";3;""Capotamento"";""Com Vítimas Feridas"";""Amanhecer"";""Crescente"";""Nublado"";""Dupla"";""Retorno Regulamentado"";""Sim"";326617;""Caminhonete"";""GM/D20 CUSTOM DE LUXE"";1992;""Condutor"";""Lesões Leves"";30;""Masculino"";0;1;0;0;-19",76475;-48,"112064;""SR-MG"";""DEL13"";""UOP01/MG""",
"183691;406057;2019-01-06;""domingo"";""06:29:00"";""MG"";262;813;""UBERABA"";""Sim"";""Falta de Atenção à Condução"";2;""Colisão com objeto estático"";""Com Vítimas Feridas"";""Amanhecer"";""Crescente"";""Nublado"";""Dupla"";""Retorno Regulamentado"";""Sim"";326617;""Caminhonete"";""GM/D20 CUSTOM DE LUXE"";1992;""Condutor"";""Lesões Leves"";30;""Masculino"";0;1;0;0;-19",76475;-48,"112064;""SR-MG"";""DEL13"";""UOP01/MG""",
"183691;406057;2019-01-06;""domingo"";""06:29:00"";""MG"";262;813;""UBERABA"";""Sim"";""Falta de Atenção à Condução"";1;""Saída de leito carroçável"";""Com Vítimas Feridas"";""Amanhecer"";""Crescente"";""Nublado"";""Dupla"";""Retorno Regulamentado"";""Sim"";326617;""Caminhonete"";""GM/D20 CUSTOM DE LUXE"";1992;""Condutor"";""Lesões Leves"";30;""Masculino"";0;1;0;0;-19",76475;-48,"112064;""SR-MG"";""DEL13"";""UOP01/MG""",
"183692;NA;2019-01-06;""domingo"";""07:40:00"";""SC"";470;51","1;""BLUMENAU"";""Sim"";""Desobediência às normas de trânsito pelo condutor"";2;""Tombamento"";""Com Vítimas Feridas"";""Pleno dia"";""Crescente"";""Nublado"";""Simples"";""Rotatória"";""Sim"";326633;""Semireboque"";""SR/FACCHINI SRF PC"";2014;""Não Informado"";""Não Informado"";NA;""Não Informado"";0;0;0;0;-26",862339;-49,"084038;""SR-SC"";""DEL8/4"";""UOP01/SC"""
"183692;NA;2019-01-06;""domingo"";""07:40:00"";""SC"";470;51","1;""BLUMENAU"";""Sim"";""Desobediência às normas de trânsito pelo condutor"";1;""Colisão transversal"";""Com Vítimas Feridas"";""Pleno dia"";""Crescente"";""Nublado"";""Simples"";""Rotatória"";""Sim"";326633;""Semireboque"";""SR/FACCHINI SRF PC"";2014;""Não Informado"";""Não Informado"";NA;""Não Informado"";0;0;0;0;-26",862339;-49,"084038;""SR-SC"";""DEL8/4"";""UOP01/SC"""
"183692;404823;2019-01-06;""domingo"";""07:40:00"";""SC"";470;51","1;""BLUMENAU"";""Sim"";""Desobediência às normas de trânsito pelo condutor"";2;""Tombamento"";""Com Vítimas Feridas"";""Pleno dia"";""Crescente"";""Nublado"";""Simples"";""Rotatória"";""Sim"";326632;""Motocicleta"";""HONDA/CB 300R"";2011;""Passageiro"";""Lesões Leves"";24;""Feminino"";0;1;0;0;-26",862339;-49,"084038;""SR-SC"";""DEL8/4"";""UOP01/SC"""
"183692;404823;2019-01-06;""domingo"";""07:40:00"";""SC"";470;51","1;""BLUMENAU"";""Sim"";""Desobediência às normas de trânsito pelo condutor"";1;""Colisão transversal"";""Com Vítimas Feridas"";""Pleno dia"";""Crescente"";""Nublado"";""Simples"";""Rotatória"";""Sim"";326632;""Motocicleta"";""HONDA/CB 300R"";2011;""Passageiro"";""Lesões Leves"";24;""Feminino"";0;1;0;0;-26",862339;-49,"084038;""SR-SC"";""DEL8/4"";""UOP01/SC"""
"183692;404819;2019-01-06;""domingo"";""07:40:00"";""SC"";470;51","1;""BLUMENAU"";""Sim"";""Desobediência às normas de trânsito pelo condutor"";2;""Tombamento"";""Com Vítimas Feridas"";""Pleno dia"";""Crescente"";""Nublado"";""Simples"";""Rotatória"";""Sim"";326626;""Caminhão-trator"";""VOLVO/FH 460 6X2T"";2012;""Condutor"";""Ileso"";62;""Masculino"";1;0;0;0;-26",862339;-49,"084038;""SR-SC"";""DEL8/4"";""UOP01/SC"""
"183692;404819;2019-01-06;""domingo"";""07:40:00"";""SC"";470;51","1;""BLUMENAU"";""Sim"";""Desobediência às normas de trânsito pelo condutor"";1;""Colisão transversal"";""Com Vítimas Feridas"";""Pleno dia"";""Crescente"";""Nublado"";""Simples"";""Rotatória"";""Sim"";326626;""Caminhão-trator"";""VOLVO/FH 460 6X2T"";2012;""Condutor"";""Ileso"";62;""Masculino"";1;0;0;0;-26",862339;-49,"084038;""SR-SC"";""DEL8/4"";""UOP01/SC"""
"183692;404821;2019-01-06;""domingo"";""07:40:00"";""SC"";470;51","1;""BLUMENAU"";""Sim"";""Desobediência às normas de trânsito pelo condutor"";2;""Tombamento"";""Com Vítimas Feridas"";""Pleno dia"";""Crescente"";""Nublado"";""Simples"";""Rotatória"";""Sim"";326632;""Motocicleta"";""HONDA/CB 300R"";2011;""Condutor"";""Lesões Leves"";28;""Masculino"";0;1;0;0;-26",862339;-49,"084038;""SR-SC"";""DEL8/4"";""UOP01/SC"""
"183692;404821;2019-01-06;""domingo"";""07:40:00"";""SC"";470;51","1;""BLUMENAU"";""Sim"";""Desobediência às normas de trânsito pelo condutor"";1;""Colisão transversal"";""Com Vítimas Feridas"";""Pleno dia"";""Crescente"";""Nublado"";""Simples"";""Rotatória"";""Sim"";326632;""Motocicleta"";""HONDA/CB 300R"";2011;""Condutor"";""Lesões Leves"";28;""Masculino"";0;1;0;0;-26",862339;-49,"084038;""SR-SC"";""DEL8/4"";""UOP01/SC"""
"183693;406099;2019-01-05;""sábado"";""18:29:00"";""RJ"";40;87;""PETROPOLIS"";""Sim"";""Defeito na Via"";1;""Capotamento"";""Com Vítimas Feridas"";""Pleno dia"";""Crescente"";""Céu Claro"";""Simples"";""Reta"";""Não"";326619;""Utilitário"";""MMC/PAJERO TR4 FLEX HP"";2012;""Condutor"";""Ileso"";59;""Masculino"";1;0;0;0;-22",5577;-43,"2279;""SR-RJ"";""DEL5/6"";""UOP03/RJ""",
"183693;406100;2019-01-05;""sábado"";""18:29:00"";""RJ"";40;87;""PETROPOLIS"";""Sim"";""Defeito na Via"";1;""Capotamento"";""Com Vítimas Feridas"";""Pleno dia"";""Crescente"";""Céu Claro"";""Simples"";""Reta"";""Não"";326619;""Utilitário"";""MMC/PAJERO TR4 FLEX HP"";2012;""Passageiro"";""Lesões Leves"";36;""Masculino"";0;1;0;0;-22",5577;-43,"2279;""SR-RJ"";""DEL5/6"";""UOP03/RJ""",
"183693;406102;2019-01-05;""sábado"";""18:29:00"";""RJ"";40;87;""PETROPOLIS"";""Sim"";""Defeito na Via"";1;""Capotamento"";""Com Vítimas Feridas"";""Pleno dia"";""Crescente"";""Céu Claro"";""Simples"";""Reta"";""Não"";326619;""Utilitário"";""MMC/PAJERO TR4 FLEX HP"";2012;""Passageiro"";""Lesões Leves"";58;""Feminino"";0;1;0;0;-22",5577;-43,"2279;""SR-RJ"";""DEL5/6"";""UOP03/RJ""",
"183694;404973;2019-01-06;""domingo"";""08:20:00"";""SC"";101;210;""SAO JOSE"";""Sim"";""Defeito Mecânico no Veículo"";1;""Colisão lateral"";""Com Vítimas Feridas"";""Pleno dia"";""Decrescente"";""Céu Claro"";""Dupla"";""Reta"";""Sim"";326734;""Caminhonete"";""I/FORD RANGER LTD CD4 32"";2012;""Condutor"";""Ileso"";60;""Masculino"";1;0;0;0;-27",6235;-48,"6524;""SR-SC"";""DEL8/1"";""UOP01/SC""",
"183694;404972;2019-01-06;""domingo"";""08:20:00"";""SC"";101;210;""SAO JOSE"";""Sim"";""Defeito Mecânico no Veículo"";1;""Colisão lateral"";""Com Vítimas Feridas"";""Pleno dia"";""Decrescente"";""Céu Claro"";""Dupla"";""Reta"";""Sim"";326733;""Motoneta"";""HONDA/C100 BIZ"";2004;""Condutor"";""Lesões Leves"";53;""Feminino"";0;1;0;0;-27",6235;-48,"6524;""SR-SC"";""DEL8/1"";""UOP01/SC""",
"183697;405908;2019-01-06;""domingo"";""06:45:00"";""MG"";50;16;""ARAGUARI"";""Sim"";""Velocidade Incompatível"";1;""Saída de leito carroçável"";""Sem Vítimas"";""Pleno dia"";""Decrescente"";""Céu Claro"";""Dupla"";""Reta"";""Não"";326624;""Automóvel"";""VW/GOL 1.0"";2007;""Condutor"";""Ileso"";18;""Feminino"";1;0;0;0;-18",5561;-48,"0562;""SR-MG"";""DEL4/15"";""UOP02/MG""",
"183698;404882;2019-01-06;""domingo"";""07:15:00"";""PE"";101;75","8;""RECIFE"";""Sim"";""Não guardar distância de segurança"";1;""Colisão traseira"";""Com Vítimas Feridas"";""Pleno dia"";""Crescente"";""Céu Claro"";""Simples"";""Não Informado"";""Sim"";326667;""Motocicleta"";""HONDA/CG 150 TITAN EX"";2014;""Condutor"";""Lesões Graves"";32;""Masculino"";0;0;1;0;-8",1194;-34,"9429;""SR-PE"";""DEL11/1"";""UOP01/PE"""
"183698;404881;2019-01-06;""domingo"";""07:15:00"";""PE"";101;75","8;""RECIFE"";""Sim"";""Não guardar distância de segurança"";1;""Colisão traseira"";""Com Vítimas Feridas"";""Pleno dia"";""Crescente"";""Céu Claro"";""Simples"";""Não Informado"";""Sim"";326666;""Automóvel"";""VW/GOLF 2.0 SPORTLINE"";2013;""Condutor"";""Ileso"";38;""Masculino"";1;0;0;0;-8",1194;-34,"9429;""SR-PE"";""DEL11/1"";""UOP01/PE"""
"183699;405227;2019-01-06;""domingo"";""08:30:00"";""MG"";50;23","6;""ARAGUARI"";""Sim"";""Falta de Atenção à Condução"";1;""Colisão traseira"";""Com Vítimas Feridas"";""Pleno dia"";""Crescente"";""Sol"";""Dupla"";""Reta"";""Não"";326680;""Caminhão"";""VW/24.280 CRM 6X2"";2012;""Condutor"";""Ileso"";64;""Masculino"";1;0;0;0;-18",60474;-48,"051437;""SR-MG"";""DEL4/15"";""UOP02/MG"""
"183699;405225;2019-01-06;""domingo"";""08:30:00"";""MG"";50;23","6;""ARAGUARI"";""Sim"";""Falta de Atenção à Condução"";1;""Colisão traseira"";""Com Vítimas Feridas"";""Pleno dia"";""Crescente"";""Sol"";""Dupla"";""Reta"";""Não"";326679;""Automóvel"";""VW/FUSCA 1300"";1975;""Passageiro"";""Lesões Leves"";55;""Feminino"";0;1;0;0;-18",60474;-48,"051437;""SR-MG"";""DEL4/15"";""UOP02/MG"""
"183699;405226;2019-01-06;""domingo"";""08:30:00"";""MG"";50;23","6;""ARAGUARI"";""Sim"";""Falta de Atenção à Condução"";1;""Colisão traseira"";""Com Vítimas Feridas"";""Pleno dia"";""Crescente"";""Sol"";""Dupla"";""Reta"";""Não"";326679;""Automóvel"";""VW/FUSCA 1300"";1975;""Passageiro"";""Ileso"";59;""Masculino"";1;0;0;0;-18",60474;-48,"051437;""SR-MG"";""DEL4/15"";""UOP02/MG"""
"183699;405224;2019-01-06;""domingo"";""08:30:00"";""MG"";50;23","6;""ARAGUARI"";""Sim"";""Falta de Atenção à Condução"";1;""Colisão traseira"";""Com Vítimas Feridas"";""Pleno dia"";""Crescente"";""Sol"";""Dupla"";""Reta"";""Não"";326679;""Automóvel"";""VW/FUSCA 1300"";1975;""Condutor"";""Ileso"";73;""Feminino"";1;0;0;0;-18",60474;-48,"051437;""SR-MG"";""DEL4/15"";""UOP02/MG"""
"183700;404865;2019-01-06;""domingo"";""04:30:00"";""PI"";343;527;""AMARANTE"";""Sim"";""Falta de Atenção à Condução"";3;""Incêndio"";""Com Vítimas Feridas"";""Plena Noite"";""Crescente"";""Céu Claro"";""Simples"";""Reta"";""Não"";326631;""Automóvel"";""FIAT/UNO WAY 1.0"";2012;""Condutor"";""Lesões Leves"";42;""Masculino"";0;1;0;0;-6",423353;-42,"79665;""SR-PI"";""DEL17/3"";""UOP01/PI""",
"183700;404865;2019-01-06;""domingo"";""04:30:00"";""PI"";343;527;""AMARANTE"";""Sim"";""Falta de Atenção à Condução"";2;""Colisão com objeto estático"";""Com Vítimas Feridas"";""Plena Noite"";""Crescente"";""Céu Claro"";""Simples"";""Reta"";""Não"";326631;""Automóvel"";""FIAT/UNO WAY 1.0"";2012;""Condutor"";""Lesões Leves"";42;""Masculino"";0;1;0;0;-6",423353;-42,"79665;""SR-PI"";""DEL17/3"";""UOP01/PI""",
"183700;404865;2019-01-06;""domingo"";""04:30:00"";""PI"";343;527;""AMARANTE"";""Sim"";""Falta de Atenção à Condução"";1;""Saída de leito carroçável"";""Com Vítimas Feridas"";""Plena Noite"";""Crescente"";""Céu Claro"";""Simples"";""Reta"";""Não"";326631;""Automóvel"";""FIAT/UNO WAY 1.0"";2012;""Condutor"";""Lesões Leves"";42;""Masculino"";0;1;0;0;-6",423353;-42,"79665;""SR-PI"";""DEL17/3"";""UOP01/PI""",
"183700;404868;2019-01-06;""domingo"";""04:30:00"";""PI"";343;527;""AMARANTE"";""Sim"";""Falta de Atenção à Condução"";3;""Incêndio"";""Com Vítimas Feridas"";""Plena Noite"";""Crescente"";""Céu Claro"";""Simples"";""Reta"";""Não"";326631;""Automóvel"";""FIAT/UNO WAY 1.0"";2012;""Passageiro"";""Lesões Leves"";32;""Masculino"";0;1;0;0;-6",423353;-42,"79665;""SR-PI"";""DEL17/3"";""UOP01/PI""",
"183700;404868;2019-01-06;""domingo"";""04:30:00"";""PI"";343;527;""AMARANTE"";""Sim"";""Falta de Atenção à Condução"";2;""Colisão com objeto estático"";""Com Vítimas Feridas"";""Plena Noite"";""Crescente"";""Céu Claro"";""Simples"";""Reta"";""Não"";326631;""Automóvel"";""FIAT/UNO WAY 1.0"";2012;""Passageiro"";""Lesões Leves"";32;""Masculino"";0;1;0;0;-6",423353;-42,"79665;""SR-PI"";""DEL17/3"";""UOP01/PI""",
"183700;404868;2019-01-06;""domingo"";""04:30:00"";""PI"";343;527;""AMARANTE"";""Sim"";""Falta de Atenção à Condução"";1;""Saída de leito carroçável"";""Com Vítimas Feridas"";""Plena Noite"";""Crescente"";""Céu Claro"";""Simples"";""Reta"";""Não"";326631;""Automóvel"";""FIAT/UNO WAY 1.0"";2012;""Passageiro"";""Lesões Leves"";32;""Masculino"";0;1;0;0;-6",423353;-42,"79665;""SR-PI"";""DEL17/3"";""UOP01/PI""",
"183700;404867;2019-01-06;""domingo"";""04:30:00"";""PI"";343;527;""AMARANTE"";""Sim"";""Falta de Atenção à Condução"";3;""Incêndio"";""Com Vítimas Feridas"";""Plena Noite"";""Crescente"";""Céu Claro"";""Simples"";""Reta"";""Não"";326631;""Automóvel"";""FIAT/UNO WAY 1.0"";2012;""Passageiro"";""Lesões Leves"";15;""Masculino"";0;1;0;0;-6",423353;-42,"79665;""SR-PI"";""DEL17/3"";""UOP01/PI""",
"183700;404867;2019-01-06;""domingo"";""04:30:00"";""PI"";343;527;""AMARANTE"";""Sim"";""Falta de Atenção à Condução"";2;""Colisão com objeto estático"";""Com Vítimas Feridas"";""Plena Noite"";""Crescente"";""Céu Claro"";""Simples"";""Reta"";""Não"";326631;""Automóvel"";""FIAT/UNO WAY 1.0"";2012;""Passageiro"";""Lesões Leves"";15;""Masculino"";0;1;0;0;-6",423353;-42,"79665;""SR-PI"";""DEL17/3"";""UOP01/PI""",
"183700;404867;2019-01-06;""domingo"";""04:30:00"";""PI"";343;527;""AMARANTE"";""Sim"";""Falta de Atenção à Condução"";1;""Saída de leito carroçável"";""Com Vítimas Feridas"";""Plena Noite"";""Crescente"";""Céu Claro"";""Simples"";""Reta"";""Não"";326631;""Automóvel"";""FIAT/UNO WAY 1.0"";2012;""Passageiro"";""Lesões Leves"";15;""Masculino"";0;1;0;0;-6",423353;-42,"79665;""SR-PI"";""DEL17/3"";""UOP01/PI""",
"183700;404866;2019-01-06;""domingo"";""04:30:00"";""PI"";343;527;""AMARANTE"";""Sim"";""Falta de Atenção à Condução"";3;""Incêndio"";""Com Vítimas Feridas"";""Plena Noite"";""Crescente"";""Céu Claro"";""Simples"";""Reta"";""Não"";326631;""Automóvel"";""FIAT/UNO WAY 1.0"";2012;""Passageiro"";""Lesões Leves"";19;""Masculino"";0;1;0;0;-6",423353;-42,"79665;""SR-PI"";""DEL17/3"";""UOP01/PI""",
"183700;404866;2019-01-06;""domingo"";""04:30:00"";""PI"";343;527;""AMARANTE"";""Sim"";""Falta de Atenção à Condução"";2;""Colisão com objeto estático"";""Com Vítimas Feridas"";""Plena Noite"";""Crescente"";""Céu Claro"";""Simples"";""Reta"";""Não"";326631;""Automóvel"";""FIAT/UNO WAY 1.0"";2012;""Passageiro"";""Lesões Leves"";19;""Masculino"";0;1;0;0;-6",423353;-42,"79665;""SR-PI"";""DEL17/3"";""UOP01/PI""",
"183700;404866;2019-01-06;""domingo"";""04:30:00"";""PI"";343;527;""AMARANTE"";""Sim"";""Falta de Atenção à Condução"";1;""Saída de leito carroçável"";""Com Vítimas Feridas"";""Plena Noite"";""Crescente"";""Céu Claro"";""Simples"";""Reta"";""Não"";326631;""Automóvel"";""FIAT/UNO WAY 1.0"";2012;""Passageiro"";""Lesões Leves"";19;""Masculino"";0;1;0;0;-6",423353;-42,"79665;""SR-PI"";""DEL17/3"";""UOP01/PI""",
"183701;405008;2019-01-06;""domingo"";""08:30:00"";""RS"";101;51","1;""TERRA DE AREIA"";""Sim"";""Falta de Atenção à Condução"";2;""Colisão com objeto estático"";""Com Vítimas Feridas"";""Pleno dia"";""Crescente"";""Céu Claro"";""Dupla"";""Reta"";""Não"";326652;""Automóvel"";""FIAT/IDEA ELX FLEX"";2007;""Condutor"";""Lesões Leves"";82;""Masculino"";0;1;0;0;-29",61577417;-50,"09199142;""SR-RS"";""DEL9/3"";""UOP03/RS"""
"183701;405008;2019-01-06;""domingo"";""08:30:00"";""RS"";101;51","1;""TERRA DE AREIA"";""Sim"";""Falta de Atenção à Condução"";1;""Saída de leito carroçável"";""Com Vítimas Feridas"";""Pleno dia"";""Crescente"";""Céu Claro"";""Dupla"";""Reta"";""Não"";326652;""Automóvel"";""FIAT/IDEA ELX FLEX"";2007;""Condutor"";""Lesões Leves"";82;""Masculino"";0;1;0;0;-29",61577417;-50,"09199142;""SR-RS"";""DEL9/3"";""UOP03/RS"""
"183701;405012;2019-01-06;""domingo"";""08:30:00"";""RS"";101;51","1;""TERRA DE AREIA"";""Sim"";""Falta de Atenção à Condução"";2;""Colisão com objeto estático"";""Com Vítimas Feridas"";""Pleno dia"";""Crescente"";""Céu Claro"";""Dupla"";""Reta"";""Não"";326652;""Automóvel"";""FIAT/IDEA ELX FLEX"";2007;""Passageiro"";""Lesões Leves"";79;""Feminino"";0;1;0;0;-29",61577417;-50,"09199142;""SR-RS"";""DEL9/3"";""UOP03/RS"""
"183701;405012;2019-01-06;""domingo"";""08:30:00"";""RS"";101;51","1;""TERRA DE AREIA"";""Sim"";""Falta de Atenção à Condução"";1;""Saída de leito carroçável"";""Com Vítimas Feridas"";""Pleno dia"";""Crescente"";""Céu Claro"";""Dupla"";""Reta"";""Não"";326652;""Automóvel"";""FIAT/IDEA ELX FLEX"";2007;""Passageiro"";""Lesões Leves"";79;""Feminino"";0;1;0;0;-29",61577417;-50,"09199142;""SR-RS"";""DEL9/3"";""UOP03/RS"""
"183702;406391;2019-01-06;""domingo"";""07:15:00"";""RJ"";116;259;""PIRAI"";""Sim"";""Falta de Atenção à Condução"";1;""Saída de leito carroçável"";""Sem Vítimas"";""Pleno dia"";""Crescente"";""Céu Claro"";""Dupla"";""Reta"";""Não"";326638;""Automóvel"";""RENAULT/CLIO PRI 16 16VS"";2006;""Condutor"";""Ileso"";38;""Masculino"";1;0;0;0;-22",58758828;-44,"09098193;""SR-RJ"";""DEL5/7"";""UOP02/RJ""",
"183703;404859;2019-01-06;""domingo"";""07:00:00"";""SC"";280;289","2;""PORTO UNIAO"";""Sim"";""Falta de Atenção à Condução"";2;""Tombamento"";""Com Vítimas Feridas"";""Pleno dia"";""Crescente"";""Garoa/Chuvisco"";""Simples"";""Reta"";""Não"";326664;""Automóvel"";""CHEVROLET/CLASSIC LS"";2010;""Passageiro"";""Lesões Leves"";7;""Feminino"";0;1;0;0;-26",296299;-50,"915482;""SR-SC"";""DEL8/6"";""UOP04/SC"""
"183703;404859;2019-01-06;""domingo"";""07:00:00"";""SC"";280;289","2;""PORTO UNIAO"";""Sim"";""Falta de Atenção à Condução"";1;""Saída de leito carroçável"";""Com Vítimas Feridas"";""Pleno dia"";""Crescente"";""Garoa/Chuvisco"";""Simples"";""Reta"";""Não"";326664;""Automóvel"";""CHEVROLET/CLASSIC LS"";2010;""Passageiro"";""Lesões Leves"";7;""Feminino"";0;1;0;0;-26",296299;-50,"915482;""SR-SC"";""DEL8/6"";""UOP04/SC"""
"183703;404858;2019-01-06;""domingo"";""07:00:00"";""SC"";280;289","2;""PORTO UNIAO"";""Sim"";""Falta de Atenção à Condução"";2;""Tombamento"";""Com Vítimas Feridas"";""Pleno dia"";""Crescente"";""Garoa/Chuvisco"";""Simples"";""Reta"";""Não"";326664;""Automóvel"";""CHEVROLET/CLASSIC LS"";2010;""Passageiro"";""Lesões Leves"";42;""Feminino"";0;1;0;0;-26",296299;-50,"915482;""SR-SC"";""DEL8/6"";""UOP04/SC"""
"183703;404858;2019-01-06;""domingo"";""07:00:00"";""SC"";280;289","2;""PORTO UNIAO"";""Sim"";""Falta de Atenção à Condução"";1;""Saída de leito carroçável"";""Com Vítimas Feridas"";""Pleno dia"";""Crescente"";""Garoa/Chuvisco"";""Simples"";""Reta"";""Não"";326664;""Automóvel"";""CHEVROLET/CLASSIC LS"";2010;""Passageiro"";""Lesões Leves"";42;""Feminino"";0;1;0;0;-26",296299;-50,"915482;""SR-SC"";""DEL8/6"";""UOP04/SC"""
"183703;404857;2019-01-06;""domingo"";""07:00:00"";""SC"";280;289","2;""PORTO UNIAO"";""Sim"";""Falta de Atenção à Condução"";2;""Tombamento"";""Com Vítimas Feridas"";""Pleno dia"";""Crescente"";""Garoa/Chuvisco"";""Simples"";""Reta"";""Não"";326664;""Automóvel"";""CHEVROLET/CLASSIC LS"";2010;""Condutor"";""Lesões Leves"";48;""Masculino"";0;1;0;0;-26",296299;-50,"915482;""SR-SC"";""DEL8/6"";""UOP04/SC"""
"183703;404857;2019-01-06;""domingo"";""07:00:00"";""SC"";280;289","2;""PORTO UNIAO"";""Sim"";""Falta de Atenção à Condução"";1;""Saída de leito carroçável"";""Com Vítimas Feridas"";""Pleno dia"";""Crescente"";""Garoa/Chuvisco"";""Simples"";""Reta"";""Não"";326664;""Automóvel"";""CHEVROLET/CLASSIC LS"";2010;""Condutor"";""Lesões Leves"";48;""Masculino"";0;1;0;0;-26",296299;-50,"915482;""SR-SC"";""DEL8/6"";""UOP04/SC"""