"id;""pesid"";""data_inversa"";""dia_semana"";""horario"";""uf"";""br"";""km"";""municipio"";""causa_principal"";""causa_acidente"";""ordem_tipo_acidente"";""tipo_acidente"";""classificacao_acidente"";""fase_dia"";""sentido_via"";""condicao_metereologica"";""tipo_pista"";""tracado_via"";""uso_solo"";""id_veiculo"";""tipo_veiculo"";""marca"";""ano_fabricacao_veiculo"";""tipo_envolvido"";""estado_fisico"";""idade"";""sexo"";""ilesos"";""feridos_leves"";""feridos_graves"";""mortos"";""latitude"";""longitude"";""regional"";""delegacia"";""uop""",,,
"183732;405099;2019-01-06;""domingo"";""13:35:00"";""MG"";153;147","9;""CAMPO FLORIDO"";""Sim"";""Falta de Atenção à Condução"";1;""Colisão transversal"";""Com Vítimas Fatais"";""Pleno dia"";""Crescente"";""Sol"";""Simples"";""Interseção de vias"";""Não"";326795;""Caminhão-trator"";""M.BENZ/LS 1938"";1999;""Passageiro"";""Ileso"";24;""Feminino"";1;0;0;0;-19",63175514;-48,"8498497;""SR-MG"";""DEL13"";""UOP02/MG"""
"183732;405097;2019-01-06;""domingo"";""13:35:00"";""MG"";153;147","9;""CAMPO FLORIDO"";""Sim"";""Falta de Atenção à Condução"";1;""Colisão transversal"";""Com Vítimas Fatais"";""Pleno dia"";""Crescente"";""Sol"";""Simples"";""Interseção de vias"";""Não"";326795;""Caminhão-trator"";""M.BENZ/LS 1938"";1999;""Passageiro"";""Ileso"";5;""Feminino"";1;0;0;0;-19",63175514;-48,"8498497;""SR-MG"";""DEL13"";""UOP02/MG"""
"183732;405094;2019-01-06;""domingo"";""13:35:00"";""MG"";153;147","9;""CAMPO FLORIDO"";""Sim"";""Falta de Atenção à Condução"";1;""Colisão transversal"";""Com Vítimas Fatais"";""Pleno dia"";""Crescente"";""Sol"";""Simples"";""Interseção de vias"";""Não"";326795;""Caminhão-trator"";""M.BENZ/LS 1938"";1999;""Condutor"";""Ileso"";27;""Masculino"";1;0;0;0;-19",63175514;-48,"8498497;""SR-MG"";""DEL13"";""UOP02/MG"""
"183733;405117;2019-01-06;""domingo"";""13:20:00"";""DF"";20;8;""BRASILIA"";""Sim"";""Mal Súbito"";1;""Colisão com objeto estático"";""Com Vítimas Feridas"";""Pleno dia"";""Decrescente"";""Céu Claro"";""Dupla"";""Retorno Regulamentado"";""Sim"";326835;""Automóvel"";""CHEVROLET/CLASSIC LS"";2013;""Condutor"";""Lesões Leves"";43;""Feminino"";0;1;0;0;-15",6554688;-47,"78573155;""SR-DF"";""UOP01/DEL02/DF"";""""",
"183734;405236;2019-01-06;""domingo"";""13:22:00"";""PR"";376;618","3;""SAO JOSE DOS PINHAIS"";""Sim"";""Avarias e/ou desgaste excessivo no pneu"";1;""Colisão com objeto estático"";""Com Vítimas Feridas"";""Pleno dia"";""Decrescente"";""Nublado"";""Dupla"";""Desvio Temporário"";""Sim"";326702;""Automóvel"";""FIAT/PALIO EX"";2001;""Condutor"";""Lesões Graves"";19;""Feminino"";0;0;1;0;-25",60151556;-49,"17324364;""SR-PR"";""DEL7/1"";""UOP08/PR"""
"183734;405238;2019-01-06;""domingo"";""13:22:00"";""PR"";376;618","3;""SAO JOSE DOS PINHAIS"";""Sim"";""Avarias e/ou desgaste excessivo no pneu"";1;""Colisão com objeto estático"";""Com Vítimas Feridas"";""Pleno dia"";""Decrescente"";""Nublado"";""Dupla"";""Desvio Temporário"";""Sim"";326702;""Automóvel"";""FIAT/PALIO EX"";2001;""Passageiro"";""Lesões Graves"";20;""Masculino"";0;0;1;0;-25",60151556;-49,"17324364;""SR-PR"";""DEL7/1"";""UOP08/PR"""
"183736;404998;2019-01-06;""domingo"";""12:10:00"";""PA"";163;1001;""SANTAREM"";""Sim"";""Defeito na Via"";3;""Queda de ocupante de veículo"";""Com Vítimas Feridas"";""Pleno dia"";""Decrescente"";""Céu Claro"";""Simples"";""Reta"";""Sim"";326699;""Motocicleta"";""HONDA/CG 160 START"";2016;""Condutor"";""Lesões Leves"";54;""Masculino"";0;1;0;0;-2",46830126;-54,"72840613;""SR-PA"";""DEL19/5"";""UOP01/PA""",
"183736;404998;2019-01-06;""domingo"";""12:10:00"";""PA"";163;1001;""SANTAREM"";""Sim"";""Defeito na Via"";2;""Saída de leito carroçável"";""Com Vítimas Feridas"";""Pleno dia"";""Decrescente"";""Céu Claro"";""Simples"";""Reta"";""Sim"";326699;""Motocicleta"";""HONDA/CG 160 START"";2016;""Condutor"";""Lesões Leves"";54;""Masculino"";0;1;0;0;-2",46830126;-54,"72840613;""SR-PA"";""DEL19/5"";""UOP01/PA""",
"183736;404998;2019-01-06;""domingo"";""12:10:00"";""PA"";163;1001;""SANTAREM"";""Sim"";""Defeito na Via"";1;""Colisão lateral"";""Com Vítimas Feridas"";""Pleno dia"";""Decrescente"";""Céu Claro"";""Simples"";""Reta"";""Sim"";326699;""Motocicleta"";""HONDA/CG 160 START"";2016;""Condutor"";""Lesões Leves"";54;""Masculino"";0;1;0;0;-2",46830126;-54,"72840613;""SR-PA"";""DEL19/5"";""UOP01/PA""",
"183736;404999;2019-01-06;""domingo"";""12:10:00"";""PA"";163;1001;""SANTAREM"";""Sim"";""Defeito na Via"";3;""Queda de ocupante de veículo"";""Com Vítimas Feridas"";""Pleno dia"";""Decrescente"";""Céu Claro"";""Simples"";""Reta"";""Sim"";326698;""Utilitário"";""MMC/PAJERO 4X4 D"";2016;""Passageiro"";""Ileso"";39;""Feminino"";1;0;0;0;-2",46830126;-54,"72840613;""SR-PA"";""DEL19/5"";""UOP01/PA""",
"183736;404999;2019-01-06;""domingo"";""12:10:00"";""PA"";163;1001;""SANTAREM"";""Sim"";""Defeito na Via"";2;""Saída de leito carroçável"";""Com Vítimas Feridas"";""Pleno dia"";""Decrescente"";""Céu Claro"";""Simples"";""Reta"";""Sim"";326698;""Utilitário"";""MMC/PAJERO 4X4 D"";2016;""Passageiro"";""Ileso"";39;""Feminino"";1;0;0;0;-2",46830126;-54,"72840613;""SR-PA"";""DEL19/5"";""UOP01/PA""",
"183736;404999;2019-01-06;""domingo"";""12:10:00"";""PA"";163;1001;""SANTAREM"";""Sim"";""Defeito na Via"";1;""Colisão lateral"";""Com Vítimas Feridas"";""Pleno dia"";""Decrescente"";""Céu Claro"";""Simples"";""Reta"";""Sim"";326698;""Utilitário"";""MMC/PAJERO 4X4 D"";2016;""Passageiro"";""Ileso"";39;""Feminino"";1;0;0;0;-2",46830126;-54,"72840613;""SR-PA"";""DEL19/5"";""UOP01/PA""",
"183736;404995;2019-01-06;""domingo"";""12:10:00"";""PA"";163;1001;""SANTAREM"";""Sim"";""Defeito na Via"";3;""Queda de ocupante de veículo"";""Com Vítimas Feridas"";""Pleno dia"";""Decrescente"";""Céu Claro"";""Simples"";""Reta"";""Sim"";326698;""Utilitário"";""MMC/PAJERO 4X4 D"";2016;""Condutor"";""Ileso"";44;""Masculino"";1;0;0;0;-2",46830126;-54,"72840613;""SR-PA"";""DEL19/5"";""UOP01/PA""",
"183736;404995;2019-01-06;""domingo"";""12:10:00"";""PA"";163;1001;""SANTAREM"";""Sim"";""Defeito na Via"";2;""Saída de leito carroçável"";""Com Vítimas Feridas"";""Pleno dia"";""Decrescente"";""Céu Claro"";""Simples"";""Reta"";""Sim"";326698;""Utilitário"";""MMC/PAJERO 4X4 D"";2016;""Condutor"";""Ileso"";44;""Masculino"";1;0;0;0;-2",46830126;-54,"72840613;""SR-PA"";""DEL19/5"";""UOP01/PA""",
"183736;404995;2019-01-06;""domingo"";""12:10:00"";""PA"";163;1001;""SANTAREM"";""Sim"";""Defeito na Via"";1;""Colisão lateral"";""Com Vítimas Feridas"";""Pleno dia"";""Decrescente"";""Céu Claro"";""Simples"";""Reta"";""Sim"";326698;""Utilitário"";""MMC/PAJERO 4X4 D"";2016;""Condutor"";""Ileso"";44;""Masculino"";1;0;0;0;-2",46830126;-54,"72840613;""SR-PA"";""DEL19/5"";""UOP01/PA""",
"183736;404991;2019-01-06;""domingo"";""12:10:00"";""PA"";163;1001;""SANTAREM"";""Sim"";""Defeito na Via"";3;""Queda de ocupante de veículo"";""Com Vítimas Feridas"";""Pleno dia"";""Decrescente"";""Céu Claro"";""Simples"";""Reta"";""Sim"";326697;""Automóvel"";""I/GM CLASSIC LIFE"";2008;""Condutor"";""Ileso"";39;""Feminino"";1;0;0;0;-2",46830126;-54,"72840613;""SR-PA"";""DEL19/5"";""UOP01/PA""",
"183736;404991;2019-01-06;""domingo"";""12:10:00"";""PA"";163;1001;""SANTAREM"";""Sim"";""Defeito na Via"";2;""Saída de leito carroçável"";""Com Vítimas Feridas"";""Pleno dia"";""Decrescente"";""Céu Claro"";""Simples"";""Reta"";""Sim"";326697;""Automóvel"";""I/GM CLASSIC LIFE"";2008;""Condutor"";""Ileso"";39;""Feminino"";1;0;0;0;-2",46830126;-54,"72840613;""SR-PA"";""DEL19/5"";""UOP01/PA""",
"183736;404991;2019-01-06;""domingo"";""12:10:00"";""PA"";163;1001;""SANTAREM"";""Sim"";""Defeito na Via"";1;""Colisão lateral"";""Com Vítimas Feridas"";""Pleno dia"";""Decrescente"";""Céu Claro"";""Simples"";""Reta"";""Sim"";326697;""Automóvel"";""I/GM CLASSIC LIFE"";2008;""Condutor"";""Ileso"";39;""Feminino"";1;0;0;0;-2",46830126;-54,"72840613;""SR-PA"";""DEL19/5"";""UOP01/PA""",
"183737;404977;2019-01-06;""domingo"";""13:30:00"";""PR"";476;139","2;""CURITIBA"";""Sim"";""Velocidade Incompatível"";1;""Capotamento"";""Sem Vítimas"";""Pleno dia"";""Decrescente"";""Garoa/Chuvisco"";""Múltipla"";""Reta"";""Sim"";326736;""Automóvel"";""GM/VECTRA SEDAN ELEGANCE"";2011;""Condutor"";""Ileso"";47;""Masculino"";1;0;0;0;-25",51284;-49,"289257;""SR-PR"";""DEL7/1"";""UOP06/PR"""
"183738;404959;2019-01-06;""domingo"";""13:45:00"";""SP"";116;278;""EMBU DAS ARTES"";""Sim"";""Velocidade Incompatível"";1;""Capotamento"";""Sem Vítimas"";""Pleno dia"";""Decrescente"";""Céu Claro"";""Dupla"";""Curva"";""Não"";326715;""Automóvel"";""FORD/FIESTA SEDAN1.6FLEX"";2010;""Condutor"";""Não Informado"";NA;""Não Informado"";0;0;0;0;-23",63602256;-46,"82922363;""SR-SP"";""DEL6/4"";""UOP01/SP""",
"183739;404992;2019-01-06;""domingo"";""13:25:00"";""RS"";290;295","3;""CACHOEIRA DO SUL"";""Sim"";""Defeito na Via"";1;""Capotamento"";""Sem Vítimas"";""Pleno dia"";""Decrescente"";""Céu Claro"";""Simples"";""Reta"";""Não"";326738;""Automóvel"";""CHEVROLET/CLASSIC LS"";2017;""Passageiro"";""Ileso"";24;""Masculino"";1;0;0;0;-30",305027;-53,"157436;""SR-RS"";""DEL9/2"";""UOP03/RS"""
"183739;404990;2019-01-06;""domingo"";""13:25:00"";""RS"";290;295","3;""CACHOEIRA DO SUL"";""Sim"";""Defeito na Via"";1;""Capotamento"";""Sem Vítimas"";""Pleno dia"";""Decrescente"";""Céu Claro"";""Simples"";""Reta"";""Não"";326738;""Automóvel"";""CHEVROLET/CLASSIC LS"";2017;""Passageiro"";""Ileso"";23;""Masculino"";1;0;0;0;-30",305027;-53,"157436;""SR-RS"";""DEL9/2"";""UOP03/RS"""
"183739;404987;2019-01-06;""domingo"";""13:25:00"";""RS"";290;295","3;""CACHOEIRA DO SUL"";""Sim"";""Defeito na Via"";1;""Capotamento"";""Sem Vítimas"";""Pleno dia"";""Decrescente"";""Céu Claro"";""Simples"";""Reta"";""Não"";326738;""Automóvel"";""CHEVROLET/CLASSIC LS"";2017;""Condutor"";""Ileso"";22;""Masculino"";1;0;0;0;-30",305027;-53,"157436;""SR-RS"";""DEL9/2"";""UOP03/RS"""
"183740;405093;2019-01-06;""domingo"";""14:25:00"";""DF"";70;8","7;""BRASILIA"";""Sim"";""Ingestão de Álcool"";4;""Saída de leito carroçável"";""Com Vítimas Feridas"";""Pleno dia"";""Crescente"";""Céu Claro"";""Dupla"";""Reta"";""Sim"";326755;""Motocicleta"";""YAMAHA/YS150 FAZER SED"";2018;""Pedestre"";""Lesões Leves"";44;""Masculino"";0;1;0;0;-15",784966;-48,"122108;""SR-DF"";""UOP06/DF"";"""""
"183740;405093;2019-01-06;""domingo"";""14:25:00"";""DF"";70;8","7;""BRASILIA"";""Sim"";""Ingestão de Álcool"";3;""Queda de ocupante de veículo"";""Com Vítimas Feridas"";""Pleno dia"";""Crescente"";""Céu Claro"";""Dupla"";""Reta"";""Sim"";326755;""Motocicleta"";""YAMAHA/YS150 FAZER SED"";2018;""Pedestre"";""Lesões Leves"";44;""Masculino"";0;1;0;0;-15",784966;-48,"122108;""SR-DF"";""UOP06/DF"";"""""
"183740;405093;2019-01-06;""domingo"";""14:25:00"";""DF"";70;8","7;""BRASILIA"";""Sim"";""Ingestão de Álcool"";2;""Tombamento"";""Com Vítimas Feridas"";""Pleno dia"";""Crescente"";""Céu Claro"";""Dupla"";""Reta"";""Sim"";326755;""Motocicleta"";""YAMAHA/YS150 FAZER SED"";2018;""Pedestre"";""Lesões Leves"";44;""Masculino"";0;1;0;0;-15",784966;-48,"122108;""SR-DF"";""UOP06/DF"";"""""
"183740;405093;2019-01-06;""domingo"";""14:25:00"";""DF"";70;8","7;""BRASILIA"";""Sim"";""Ingestão de Álcool"";1;""Atropelamento de Pedestre"";""Com Vítimas Feridas"";""Pleno dia"";""Crescente"";""Céu Claro"";""Dupla"";""Reta"";""Sim"";326755;""Motocicleta"";""YAMAHA/YS150 FAZER SED"";2018;""Pedestre"";""Lesões Leves"";44;""Masculino"";0;1;0;0;-15",784966;-48,"122108;""SR-DF"";""UOP06/DF"";"""""
"183740;405090;2019-01-06;""domingo"";""14:25:00"";""DF"";70;8","7;""BRASILIA"";""Sim"";""Ingestão de Álcool"";4;""Saída de leito carroçável"";""Com Vítimas Feridas"";""Pleno dia"";""Crescente"";""Céu Claro"";""Dupla"";""Reta"";""Sim"";326755;""Motocicleta"";""YAMAHA/YS150 FAZER SED"";2018;""Condutor"";""Lesões Leves"";26;""Masculino"";0;1;0;0;-15",784966;-48,"122108;""SR-DF"";""UOP06/DF"";"""""
"183740;405090;2019-01-06;""domingo"";""14:25:00"";""DF"";70;8","7;""BRASILIA"";""Sim"";""Ingestão de Álcool"";3;""Queda de ocupante de veículo"";""Com Vítimas Feridas"";""Pleno dia"";""Crescente"";""Céu Claro"";""Dupla"";""Reta"";""Sim"";326755;""Motocicleta"";""YAMAHA/YS150 FAZER SED"";2018;""Condutor"";""Lesões Leves"";26;""Masculino"";0;1;0;0;-15",784966;-48,"122108;""SR-DF"";""UOP06/DF"";"""""
"183740;405090;2019-01-06;""domingo"";""14:25:00"";""DF"";70;8","7;""BRASILIA"";""Sim"";""Ingestão de Álcool"";2;""Tombamento"";""Com Vítimas Feridas"";""Pleno dia"";""Crescente"";""Céu Claro"";""Dupla"";""Reta"";""Sim"";326755;""Motocicleta"";""YAMAHA/YS150 FAZER SED"";2018;""Condutor"";""Lesões Leves"";26;""Masculino"";0;1;0;0;-15",784966;-48,"122108;""SR-DF"";""UOP06/DF"";"""""
"183740;405090;2019-01-06;""domingo"";""14:25:00"";""DF"";70;8","7;""BRASILIA"";""Sim"";""Ingestão de Álcool"";1;""Atropelamento de Pedestre"";""Com Vítimas Feridas"";""Pleno dia"";""Crescente"";""Céu Claro"";""Dupla"";""Reta"";""Sim"";326755;""Motocicleta"";""YAMAHA/YS150 FAZER SED"";2018;""Condutor"";""Lesões Leves"";26;""Masculino"";0;1;0;0;-15",784966;-48,"122108;""SR-DF"";""UOP06/DF"";"""""
"183741;406551;2019-01-06;""domingo"";""13:25:00"";""CE"";116;6;""FORTALEZA"";""Sim"";""Falta de Atenção à Condução"";1;""Colisão traseira"";""Com Vítimas Feridas"";""Pleno dia"";""Crescente"";""Céu Claro"";""Múltipla"";""Reta"";""Sim"";326767;""Motocicleta"";""HONDA/CG 125 FAN ES"";2013;""Condutor"";""Lesões Graves"";24;""Masculino"";0;0;1;0;-3",8126;-38,"5007;""SR-CE"";""DEL16/1"";""UOP02/CE""",
"183741;406553;2019-01-06;""domingo"";""13:25:00"";""CE"";116;6;""FORTALEZA"";""Sim"";""Falta de Atenção à Condução"";1;""Colisão traseira"";""Com Vítimas Feridas"";""Pleno dia"";""Crescente"";""Céu Claro"";""Múltipla"";""Reta"";""Sim"";326768;""Automóvel"";""CHEV/SPIN 1.8L MT LT"";2014;""Condutor"";""Ileso"";52;""Masculino"";1;0;0;0;-3",8126;-38,"5007;""SR-CE"";""DEL16/1"";""UOP02/CE""",
"183742;405055;2019-01-06;""domingo"";""13:45:00"";""BA"";324;587;""CANDEIAS"";""Sim"";""Agressão Externa"";2;""Saída de leito carroçável"";""Com Vítimas Feridas"";""Pleno dia"";""Decrescente"";""Sol"";""Dupla"";""Reta"";""Não"";326783;""Automóvel"";""FORD/KA FLEX"";2010;""Condutor"";""Lesões Leves"";36;""Feminino"";0;1;0;0;-12",652794;-38,"473133;""SR-BA"";""DEL10/1"";""UOP01/BA""",
"183742;405055;2019-01-06;""domingo"";""13:45:00"";""BA"";324;587;""CANDEIAS"";""Sim"";""Agressão Externa"";1;""Capotamento"";""Com Vítimas Feridas"";""Pleno dia"";""Decrescente"";""Sol"";""Dupla"";""Reta"";""Não"";326783;""Automóvel"";""FORD/KA FLEX"";2010;""Condutor"";""Lesões Leves"";36;""Feminino"";0;1;0;0;-12",652794;-38,"473133;""SR-BA"";""DEL10/1"";""UOP01/BA""",
"183742;405057;2019-01-06;""domingo"";""13:45:00"";""BA"";324;587;""CANDEIAS"";""Sim"";""Agressão Externa"";2;""Saída de leito carroçável"";""Com Vítimas Feridas"";""Pleno dia"";""Decrescente"";""Sol"";""Dupla"";""Reta"";""Não"";326783;""Automóvel"";""FORD/KA FLEX"";2010;""Passageiro"";""Lesões Leves"";20;""Feminino"";0;1;0;0;-12",652794;-38,"473133;""SR-BA"";""DEL10/1"";""UOP01/BA""",
"183742;405057;2019-01-06;""domingo"";""13:45:00"";""BA"";324;587;""CANDEIAS"";""Sim"";""Agressão Externa"";1;""Capotamento"";""Com Vítimas Feridas"";""Pleno dia"";""Decrescente"";""Sol"";""Dupla"";""Reta"";""Não"";326783;""Automóvel"";""FORD/KA FLEX"";2010;""Passageiro"";""Lesões Leves"";20;""Feminino"";0;1;0;0;-12",652794;-38,"473133;""SR-BA"";""DEL10/1"";""UOP01/BA""",
"183743;NA;2019-01-06;""domingo"";""11:30:00"";""MG"";365;371","8;""PATOS DE MINAS"";""Sim"";""Defeito Mecânico no Veículo"";1;""Incêndio"";""Sem Vítimas"";""Pleno dia"";""Decrescente"";""Sol"";""Simples"";""Curva"";""Não"";326706;""Semireboque"";""REB/RANDON SR FD CG"";1997;""Não Informado"";""Não Informado"";NA;""Não Informado"";0;0;0;0;-18",53967538;-46,"20532036;""SR-MG"";""DEL4/10"";""UOP01/MG"""
"183743;404920;2019-01-06;""domingo"";""11:30:00"";""MG"";365;371","8;""PATOS DE MINAS"";""Sim"";""Defeito Mecânico no Veículo"";1;""Incêndio"";""Sem Vítimas"";""Pleno dia"";""Decrescente"";""Sol"";""Simples"";""Curva"";""Não"";326704;""Caminhão-trator"";""SCANIA/T124 GA4X2NZ 420"";1999;""Condutor"";""Ileso"";41;""Masculino"";1;0;0;0;-18",53967538;-46,"20532036;""SR-MG"";""DEL4/10"";""UOP01/MG"""
"183744;406479;2019-01-06;""domingo"";""14:40:00"";""GO"";364;214;""JATAI"";""Sim"";""Pista Escorregadia"";2;""Colisão com objeto estático"";""Com Vítimas Feridas"";""Pleno dia"";""Decrescente"";""Chuva"";""Simples"";""Curva"";""Não"";326735;""Automóvel"";""CHEVROLET/ONIX 10MT JOYE"";2016;""Passageiro"";""Lesões Leves"";33;""Feminino"";0;1;0;0;-17",876808;-51,"872562;""SR-GO"";""DEL1/5"";""UOP01/GO""",
"183744;406479;2019-01-06;""domingo"";""14:40:00"";""GO"";364;214;""JATAI"";""Não"";""Defeito na Via"";2;""Colisão com objeto estático"";""Com Vítimas Feridas"";""Pleno dia"";""Decrescente"";""Chuva"";""Simples"";""Curva"";""Não"";326735;""Automóvel"";""CHEVROLET/ONIX 10MT JOYE"";2016;""Passageiro"";""Lesões Leves"";33;""Feminino"";0;1;0;0;-17",876808;-51,"872562;""SR-GO"";""DEL1/5"";""UOP01/GO""",
"183744;406479;2019-01-06;""domingo"";""14:40:00"";""GO"";364;214;""JATAI"";""Sim"";""Pista Escorregadia"";1;""Saída de leito carroçável"";""Com Vítimas Feridas"";""Pleno dia"";""Decrescente"";""Chuva"";""Simples"";""Curva"";""Não"";326735;""Automóvel"";""CHEVROLET/ONIX 10MT JOYE"";2016;""Passageiro"";""Lesões Leves"";33;""Feminino"";0;1;0;0;-17",876808;-51,"872562;""SR-GO"";""DEL1/5"";""UOP01/GO""",
"183744;406479;2019-01-06;""domingo"";""14:40:00"";""GO"";364;214;""JATAI"";""Não"";""Defeito na Via"";1;""Saída de leito carroçável"";""Com Vítimas Feridas"";""Pleno dia"";""Decrescente"";""Chuva"";""Simples"";""Curva"";""Não"";326735;""Automóvel"";""CHEVROLET/ONIX 10MT JOYE"";2016;""Passageiro"";""Lesões Leves"";33;""Feminino"";0;1;0;0;-17",876808;-51,"872562;""SR-GO"";""DEL1/5"";""UOP01/GO""",
"183744;406477;2019-01-06;""domingo"";""14:40:00"";""GO"";364;214;""JATAI"";""Sim"";""Pista Escorregadia"";2;""Colisão com objeto estático"";""Com Vítimas Feridas"";""Pleno dia"";""Decrescente"";""Chuva"";""Simples"";""Curva"";""Não"";326735;""Automóvel"";""CHEVROLET/ONIX 10MT JOYE"";2016;""Condutor"";""Ileso"";29;""Masculino"";1;0;0;0;-17",876808;-51,"872562;""SR-GO"";""DEL1/5"";""UOP01/GO""",
"183744;406477;2019-01-06;""domingo"";""14:40:00"";""GO"";364;214;""JATAI"";""Não"";""Defeito na Via"";2;""Colisão com objeto estático"";""Com Vítimas Feridas"";""Pleno dia"";""Decrescente"";""Chuva"";""Simples"";""Curva"";""Não"";326735;""Automóvel"";""CHEVROLET/ONIX 10MT JOYE"";2016;""Condutor"";""Ileso"";29;""Masculino"";1;0;0;0;-17",876808;-51,"872562;""SR-GO"";""DEL1/5"";""UOP01/GO""",
"183744;406477;2019-01-06;""domingo"";""14:40:00"";""GO"";364;214;""JATAI"";""Sim"";""Pista Escorregadia"";1;""Saída de leito carroçável"";""Com Vítimas Feridas"";""Pleno dia"";""Decrescente"";""Chuva"";""Simples"";""Curva"";""Não"";326735;""Automóvel"";""CHEVROLET/ONIX 10MT JOYE"";2016;""Condutor"";""Ileso"";29;""Masculino"";1;0;0;0;-17",876808;-51,"872562;""SR-GO"";""DEL1/5"";""UOP01/GO""",
"183744;406477;2019-01-06;""domingo"";""14:40:00"";""GO"";364;214;""JATAI"";""Não"";""Defeito na Via"";1;""Saída de leito carroçável"";""Com Vítimas Feridas"";""Pleno dia"";""Decrescente"";""Chuva"";""Simples"";""Curva"";""Não"";326735;""Automóvel"";""CHEVROLET/ONIX 10MT JOYE"";2016;""Condutor"";""Ileso"";29;""Masculino"";1;0;0;0;-17",876808;-51,"872562;""SR-GO"";""DEL1/5"";""UOP01/GO""",
"183747;405000;2019-01-06;""domingo"";""14:00:00"";""MS"";419;296","6;""NIOAQUE"";""Sim"";""Condutor Dormindo"";1;""Capotamento"";""Com Vítimas Feridas"";""Pleno dia"";""Decrescente"";""Céu Claro"";""Simples"";""Curva"";""Não"";326740;""Automóvel"";""FIAT/MOBI LIKE"";2017;""Condutor"";""Lesões Leves"";52;""Feminino"";0;1;0;0;-20",887465;-55,"836407;""SR-MS"";""DEL3/3"";""UOP01/MS"""
"183748;404936;2019-01-06;""domingo"";""15:30:00"";""MG"";381;1;""BETIM"";""Sim"";""Carga excessiva e/ou mal acondicionada"";1;""Danos eventuais"";""Sem Vítimas"";""Pleno dia"";""Crescente"";""Sol"";""Dupla"";""Reta"";""Sim"";326710;""Automóvel"";""HYUNDAI/CRETA 20A SPORT"";2017;""Condutor"";""Ileso"";39;""Masculino"";1;0;0;0;-19",96624983;-44,"1942215;""SR-MG"";""DEL4/1"";""UOP03/MG""",
"183748;404937;2019-01-06;""domingo"";""15:30:00"";""MG"";381;1;""BETIM"";""Sim"";""Carga excessiva e/ou mal acondicionada"";1;""Danos eventuais"";""Sem Vítimas"";""Pleno dia"";""Crescente"";""Sol"";""Dupla"";""Reta"";""Sim"";326710;""Automóvel"";""HYUNDAI/CRETA 20A SPORT"";2017;""Passageiro"";""Ileso"";43;""Feminino"";1;0;0;0;-19",96624983;-44,"1942215;""SR-MG"";""DEL4/1"";""UOP03/MG""",
"183749;405100;2019-01-06;""domingo"";""15:10:00"";""RS"";158;264","7;""JULIO DE CASTILHOS"";""Sim"";""Desobediência às normas de trânsito pelo condutor"";4;""Capotamento"";""Com Vítimas Feridas"";""Pleno dia"";""Decrescente"";""Nublado"";""Simples"";""Não Informado"";""Sim"";326804;""Automóvel"";""CHEV/SPIN 1.8L AT LTZ"";2016;""Condutor"";""Lesões Leves"";46;""Masculino"";0;1;0;0;-29",238945;-53,"665611;""SR-RS"";""DEL9/9"";""UOP01/RS"""
"183749;405100;2019-01-06;""domingo"";""15:10:00"";""RS"";158;264","7;""JULIO DE CASTILHOS"";""Não"";""Falta de Atenção à Condução"";4;""Capotamento"";""Com Vítimas Feridas"";""Pleno dia"";""Decrescente"";""Nublado"";""Simples"";""Não Informado"";""Sim"";326804;""Automóvel"";""CHEV/SPIN 1.8L AT LTZ"";2016;""Condutor"";""Lesões Leves"";46;""Masculino"";0;1;0;0;-29",238945;-53,"665611;""SR-RS"";""DEL9/9"";""UOP01/RS"""
"183749;405100;2019-01-06;""domingo"";""15:10:00"";""RS"";158;264","7;""JULIO DE CASTILHOS"";""Não"";""Velocidade Incompatível"";4;""Capotamento"";""Com Vítimas Feridas"";""Pleno dia"";""Decrescente"";""Nublado"";""Simples"";""Não Informado"";""Sim"";326804;""Automóvel"";""CHEV/SPIN 1.8L AT LTZ"";2016;""Condutor"";""Lesões Leves"";46;""Masculino"";0;1;0;0;-29",238945;-53,"665611;""SR-RS"";""DEL9/9"";""UOP01/RS"""
"183749;405100;2019-01-06;""domingo"";""15:10:00"";""RS"";158;264","7;""JULIO DE CASTILHOS"";""Sim"";""Desobediência às normas de trânsito pelo condutor"";3;""Saída de leito carroçável"";""Com Vítimas Feridas"";""Pleno dia"";""Decrescente"";""Nublado"";""Simples"";""Não Informado"";""Sim"";326804;""Automóvel"";""CHEV/SPIN 1.8L AT LTZ"";2016;""Condutor"";""Lesões Leves"";46;""Masculino"";0;1;0;0;-29",238945;-53,"665611;""SR-RS"";""DEL9/9"";""UOP01/RS"""
"183749;405100;2019-01-06;""domingo"";""15:10:00"";""RS"";158;264","7;""JULIO DE CASTILHOS"";""Não"";""Falta de Atenção à Condução"";3;""Saída de leito carroçável"";""Com Vítimas Feridas"";""Pleno dia"";""Decrescente"";""Nublado"";""Simples"";""Não Informado"";""Sim"";326804;""Automóvel"";""CHEV/SPIN 1.8L AT LTZ"";2016;""Condutor"";""Lesões Leves"";46;""Masculino"";0;1;0;0;-29",238945;-53,"665611;""SR-RS"";""DEL9/9"";""UOP01/RS"""
"183749;405100;2019-01-06;""domingo"";""15:10:00"";""RS"";158;264","7;""JULIO DE CASTILHOS"";""Não"";""Velocidade Incompatível"";3;""Saída de leito carroçável"";""Com Vítimas Feridas"";""Pleno dia"";""Decrescente"";""Nublado"";""Simples"";""Não Informado"";""Sim"";326804;""Automóvel"";""CHEV/SPIN 1.8L AT LTZ"";2016;""Condutor"";""Lesões Leves"";46;""Masculino"";0;1;0;0;-29",238945;-53,"665611;""SR-RS"";""DEL9/9"";""UOP01/RS"""