"id;""pesid"";""data_inversa"";""dia_semana"";""horario"";""uf"";""br"";""km"";""municipio"";""causa_principal"";""causa_acidente"";""ordem_tipo_acidente"";""tipo_acidente"";""classificacao_acidente"";""fase_dia"";""sentido_via"";""condicao_metereologica"";""tipo_pista"";""tracado_via"";""uso_solo"";""id_veiculo"";""tipo_veiculo"";""marca"";""ano_fabricacao_veiculo"";""tipo_envolvido"";""estado_fisico"";""idade"";""sexo"";""ilesos"";""feridos_leves"";""feridos_graves"";""mortos"";""latitude"";""longitude"";""regional"";""delegacia"";""uop""",,,
"183749;405100;2019-01-06;""domingo"";""15:10:00"";""RS"";158;264","7;""JULIO DE CASTILHOS"";""Sim"";""Desobediência às normas de trânsito pelo condutor"";2;""Capotamento"";""Com Vítimas Feridas"";""Pleno dia"";""Decrescente"";""Nublado"";""Simples"";""Não Informado"";""Sim"";326804;""Automóvel"";""CHEV/SPIN 1.8L AT LTZ"";2016;""Condutor"";""Lesões Leves"";46;""Masculino"";0;1;0;0;-29",238945;-53,"665611;""SR-RS"";""DEL9/9"";""UOP01/RS"""
"183749;405100;2019-01-06;""domingo"";""15:10:00"";""RS"";158;264","7;""JULIO DE CASTILHOS"";""Não"";""Falta de Atenção à Condução"";2;""Capotamento"";""Com Vítimas Feridas"";""Pleno dia"";""Decrescente"";""Nublado"";""Simples"";""Não Informado"";""Sim"";326804;""Automóvel"";""CHEV/SPIN 1.8L AT LTZ"";2016;""Condutor"";""Lesões Leves"";46;""Masculino"";0;1;0;0;-29",238945;-53,"665611;""SR-RS"";""DEL9/9"";""UOP01/RS"""
"183749;405100;2019-01-06;""domingo"";""15:10:00"";""RS"";158;264","7;""JULIO DE CASTILHOS"";""Não"";""Velocidade Incompatível"";2;""Capotamento"";""Com Vítimas Feridas"";""Pleno dia"";""Decrescente"";""Nublado"";""Simples"";""Não Informado"";""Sim"";326804;""Automóvel"";""CHEV/SPIN 1.8L AT LTZ"";2016;""Condutor"";""Lesões Leves"";46;""Masculino"";0;1;0;0;-29",238945;-53,"665611;""SR-RS"";""DEL9/9"";""UOP01/RS"""
"183749;405100;2019-01-06;""domingo"";""15:10:00"";""RS"";158;264","7;""JULIO DE CASTILHOS"";""Sim"";""Desobediência às normas de trânsito pelo condutor"";1;""Colisão transversal"";""Com Vítimas Feridas"";""Pleno dia"";""Decrescente"";""Nublado"";""Simples"";""Não Informado"";""Sim"";326804;""Automóvel"";""CHEV/SPIN 1.8L AT LTZ"";2016;""Condutor"";""Lesões Leves"";46;""Masculino"";0;1;0;0;-29",238945;-53,"665611;""SR-RS"";""DEL9/9"";""UOP01/RS"""
"183749;405100;2019-01-06;""domingo"";""15:10:00"";""RS"";158;264","7;""JULIO DE CASTILHOS"";""Não"";""Falta de Atenção à Condução"";1;""Colisão transversal"";""Com Vítimas Feridas"";""Pleno dia"";""Decrescente"";""Nublado"";""Simples"";""Não Informado"";""Sim"";326804;""Automóvel"";""CHEV/SPIN 1.8L AT LTZ"";2016;""Condutor"";""Lesões Leves"";46;""Masculino"";0;1;0;0;-29",238945;-53,"665611;""SR-RS"";""DEL9/9"";""UOP01/RS"""
"183749;405100;2019-01-06;""domingo"";""15:10:00"";""RS"";158;264","7;""JULIO DE CASTILHOS"";""Não"";""Velocidade Incompatível"";1;""Colisão transversal"";""Com Vítimas Feridas"";""Pleno dia"";""Decrescente"";""Nublado"";""Simples"";""Não Informado"";""Sim"";326804;""Automóvel"";""CHEV/SPIN 1.8L AT LTZ"";2016;""Condutor"";""Lesões Leves"";46;""Masculino"";0;1;0;0;-29",238945;-53,"665611;""SR-RS"";""DEL9/9"";""UOP01/RS"""
"183749;405108;2019-01-06;""domingo"";""15:10:00"";""RS"";158;264","7;""JULIO DE CASTILHOS"";""Sim"";""Desobediência às normas de trânsito pelo condutor"";4;""Capotamento"";""Com Vítimas Feridas"";""Pleno dia"";""Decrescente"";""Nublado"";""Simples"";""Não Informado"";""Sim"";326804;""Automóvel"";""CHEV/SPIN 1.8L AT LTZ"";2016;""Passageiro"";""Lesões Graves"";9;""Masculino"";0;0;1;0;-29",238945;-53,"665611;""SR-RS"";""DEL9/9"";""UOP01/RS"""
"183749;405108;2019-01-06;""domingo"";""15:10:00"";""RS"";158;264","7;""JULIO DE CASTILHOS"";""Não"";""Falta de Atenção à Condução"";4;""Capotamento"";""Com Vítimas Feridas"";""Pleno dia"";""Decrescente"";""Nublado"";""Simples"";""Não Informado"";""Sim"";326804;""Automóvel"";""CHEV/SPIN 1.8L AT LTZ"";2016;""Passageiro"";""Lesões Graves"";9;""Masculino"";0;0;1;0;-29",238945;-53,"665611;""SR-RS"";""DEL9/9"";""UOP01/RS"""
"183749;405108;2019-01-06;""domingo"";""15:10:00"";""RS"";158;264","7;""JULIO DE CASTILHOS"";""Não"";""Velocidade Incompatível"";4;""Capotamento"";""Com Vítimas Feridas"";""Pleno dia"";""Decrescente"";""Nublado"";""Simples"";""Não Informado"";""Sim"";326804;""Automóvel"";""CHEV/SPIN 1.8L AT LTZ"";2016;""Passageiro"";""Lesões Graves"";9;""Masculino"";0;0;1;0;-29",238945;-53,"665611;""SR-RS"";""DEL9/9"";""UOP01/RS"""
"183749;405108;2019-01-06;""domingo"";""15:10:00"";""RS"";158;264","7;""JULIO DE CASTILHOS"";""Sim"";""Desobediência às normas de trânsito pelo condutor"";3;""Saída de leito carroçável"";""Com Vítimas Feridas"";""Pleno dia"";""Decrescente"";""Nublado"";""Simples"";""Não Informado"";""Sim"";326804;""Automóvel"";""CHEV/SPIN 1.8L AT LTZ"";2016;""Passageiro"";""Lesões Graves"";9;""Masculino"";0;0;1;0;-29",238945;-53,"665611;""SR-RS"";""DEL9/9"";""UOP01/RS"""
"183749;405108;2019-01-06;""domingo"";""15:10:00"";""RS"";158;264","7;""JULIO DE CASTILHOS"";""Não"";""Falta de Atenção à Condução"";3;""Saída de leito carroçável"";""Com Vítimas Feridas"";""Pleno dia"";""Decrescente"";""Nublado"";""Simples"";""Não Informado"";""Sim"";326804;""Automóvel"";""CHEV/SPIN 1.8L AT LTZ"";2016;""Passageiro"";""Lesões Graves"";9;""Masculino"";0;0;1;0;-29",238945;-53,"665611;""SR-RS"";""DEL9/9"";""UOP01/RS"""
"183749;405108;2019-01-06;""domingo"";""15:10:00"";""RS"";158;264","7;""JULIO DE CASTILHOS"";""Não"";""Velocidade Incompatível"";3;""Saída de leito carroçável"";""Com Vítimas Feridas"";""Pleno dia"";""Decrescente"";""Nublado"";""Simples"";""Não Informado"";""Sim"";326804;""Automóvel"";""CHEV/SPIN 1.8L AT LTZ"";2016;""Passageiro"";""Lesões Graves"";9;""Masculino"";0;0;1;0;-29",238945;-53,"665611;""SR-RS"";""DEL9/9"";""UOP01/RS"""
"183749;405108;2019-01-06;""domingo"";""15:10:00"";""RS"";158;264","7;""JULIO DE CASTILHOS"";""Sim"";""Desobediência às normas de trânsito pelo condutor"";2;""Capotamento"";""Com Vítimas Feridas"";""Pleno dia"";""Decrescente"";""Nublado"";""Simples"";""Não Informado"";""Sim"";326804;""Automóvel"";""CHEV/SPIN 1.8L AT LTZ"";2016;""Passageiro"";""Lesões Graves"";9;""Masculino"";0;0;1;0;-29",238945;-53,"665611;""SR-RS"";""DEL9/9"";""UOP01/RS"""
"183749;405108;2019-01-06;""domingo"";""15:10:00"";""RS"";158;264","7;""JULIO DE CASTILHOS"";""Não"";""Falta de Atenção à Condução"";2;""Capotamento"";""Com Vítimas Feridas"";""Pleno dia"";""Decrescente"";""Nublado"";""Simples"";""Não Informado"";""Sim"";326804;""Automóvel"";""CHEV/SPIN 1.8L AT LTZ"";2016;""Passageiro"";""Lesões Graves"";9;""Masculino"";0;0;1;0;-29",238945;-53,"665611;""SR-RS"";""DEL9/9"";""UOP01/RS"""
"183749;405108;2019-01-06;""domingo"";""15:10:00"";""RS"";158;264","7;""JULIO DE CASTILHOS"";""Não"";""Velocidade Incompatível"";2;""Capotamento"";""Com Vítimas Feridas"";""Pleno dia"";""Decrescente"";""Nublado"";""Simples"";""Não Informado"";""Sim"";326804;""Automóvel"";""CHEV/SPIN 1.8L AT LTZ"";2016;""Passageiro"";""Lesões Graves"";9;""Masculino"";0;0;1;0;-29",238945;-53,"665611;""SR-RS"";""DEL9/9"";""UOP01/RS"""
"183749;405108;2019-01-06;""domingo"";""15:10:00"";""RS"";158;264","7;""JULIO DE CASTILHOS"";""Sim"";""Desobediência às normas de trânsito pelo condutor"";1;""Colisão transversal"";""Com Vítimas Feridas"";""Pleno dia"";""Decrescente"";""Nublado"";""Simples"";""Não Informado"";""Sim"";326804;""Automóvel"";""CHEV/SPIN 1.8L AT LTZ"";2016;""Passageiro"";""Lesões Graves"";9;""Masculino"";0;0;1;0;-29",238945;-53,"665611;""SR-RS"";""DEL9/9"";""UOP01/RS"""
"183749;405108;2019-01-06;""domingo"";""15:10:00"";""RS"";158;264","7;""JULIO DE CASTILHOS"";""Não"";""Falta de Atenção à Condução"";1;""Colisão transversal"";""Com Vítimas Feridas"";""Pleno dia"";""Decrescente"";""Nublado"";""Simples"";""Não Informado"";""Sim"";326804;""Automóvel"";""CHEV/SPIN 1.8L AT LTZ"";2016;""Passageiro"";""Lesões Graves"";9;""Masculino"";0;0;1;0;-29",238945;-53,"665611;""SR-RS"";""DEL9/9"";""UOP01/RS"""
"183749;405108;2019-01-06;""domingo"";""15:10:00"";""RS"";158;264","7;""JULIO DE CASTILHOS"";""Não"";""Velocidade Incompatível"";1;""Colisão transversal"";""Com Vítimas Feridas"";""Pleno dia"";""Decrescente"";""Nublado"";""Simples"";""Não Informado"";""Sim"";326804;""Automóvel"";""CHEV/SPIN 1.8L AT LTZ"";2016;""Passageiro"";""Lesões Graves"";9;""Masculino"";0;0;1;0;-29",238945;-53,"665611;""SR-RS"";""DEL9/9"";""UOP01/RS"""
"183749;405110;2019-01-06;""domingo"";""15:10:00"";""RS"";158;264","7;""JULIO DE CASTILHOS"";""Sim"";""Desobediência às normas de trânsito pelo condutor"";4;""Capotamento"";""Com Vítimas Feridas"";""Pleno dia"";""Decrescente"";""Nublado"";""Simples"";""Não Informado"";""Sim"";326804;""Automóvel"";""CHEV/SPIN 1.8L AT LTZ"";2016;""Passageiro"";""Lesões Leves"";18;""Masculino"";0;1;0;0;-29",238945;-53,"665611;""SR-RS"";""DEL9/9"";""UOP01/RS"""
"183749;405110;2019-01-06;""domingo"";""15:10:00"";""RS"";158;264","7;""JULIO DE CASTILHOS"";""Não"";""Falta de Atenção à Condução"";4;""Capotamento"";""Com Vítimas Feridas"";""Pleno dia"";""Decrescente"";""Nublado"";""Simples"";""Não Informado"";""Sim"";326804;""Automóvel"";""CHEV/SPIN 1.8L AT LTZ"";2016;""Passageiro"";""Lesões Leves"";18;""Masculino"";0;1;0;0;-29",238945;-53,"665611;""SR-RS"";""DEL9/9"";""UOP01/RS"""
"183749;405110;2019-01-06;""domingo"";""15:10:00"";""RS"";158;264","7;""JULIO DE CASTILHOS"";""Não"";""Velocidade Incompatível"";4;""Capotamento"";""Com Vítimas Feridas"";""Pleno dia"";""Decrescente"";""Nublado"";""Simples"";""Não Informado"";""Sim"";326804;""Automóvel"";""CHEV/SPIN 1.8L AT LTZ"";2016;""Passageiro"";""Lesões Leves"";18;""Masculino"";0;1;0;0;-29",238945;-53,"665611;""SR-RS"";""DEL9/9"";""UOP01/RS"""
"183749;405110;2019-01-06;""domingo"";""15:10:00"";""RS"";158;264","7;""JULIO DE CASTILHOS"";""Sim"";""Desobediência às normas de trânsito pelo condutor"";3;""Saída de leito carroçável"";""Com Vítimas Feridas"";""Pleno dia"";""Decrescente"";""Nublado"";""Simples"";""Não Informado"";""Sim"";326804;""Automóvel"";""CHEV/SPIN 1.8L AT LTZ"";2016;""Passageiro"";""Lesões Leves"";18;""Masculino"";0;1;0;0;-29",238945;-53,"665611;""SR-RS"";""DEL9/9"";""UOP01/RS"""
"183749;405110;2019-01-06;""domingo"";""15:10:00"";""RS"";158;264","7;""JULIO DE CASTILHOS"";""Não"";""Falta de Atenção à Condução"";3;""Saída de leito carroçável"";""Com Vítimas Feridas"";""Pleno dia"";""Decrescente"";""Nublado"";""Simples"";""Não Informado"";""Sim"";326804;""Automóvel"";""CHEV/SPIN 1.8L AT LTZ"";2016;""Passageiro"";""Lesões Leves"";18;""Masculino"";0;1;0;0;-29",238945;-53,"665611;""SR-RS"";""DEL9/9"";""UOP01/RS"""
"183749;405110;2019-01-06;""domingo"";""15:10:00"";""RS"";158;264","7;""JULIO DE CASTILHOS"";""Não"";""Velocidade Incompatível"";3;""Saída de leito carroçável"";""Com Vítimas Feridas"";""Pleno dia"";""Decrescente"";""Nublado"";""Simples"";""Não Informado"";""Sim"";326804;""Automóvel"";""CHEV/SPIN 1.8L AT LTZ"";2016;""Passageiro"";""Lesões Leves"";18;""Masculino"";0;1;0;0;-29",238945;-53,"665611;""SR-RS"";""DEL9/9"";""UOP01/RS"""
"183749;405110;2019-01-06;""domingo"";""15:10:00"";""RS"";158;264","7;""JULIO DE CASTILHOS"";""Sim"";""Desobediência às normas de trânsito pelo condutor"";2;""Capotamento"";""Com Vítimas Feridas"";""Pleno dia"";""Decrescente"";""Nublado"";""Simples"";""Não Informado"";""Sim"";326804;""Automóvel"";""CHEV/SPIN 1.8L AT LTZ"";2016;""Passageiro"";""Lesões Leves"";18;""Masculino"";0;1;0;0;-29",238945;-53,"665611;""SR-RS"";""DEL9/9"";""UOP01/RS"""
"183749;405110;2019-01-06;""domingo"";""15:10:00"";""RS"";158;264","7;""JULIO DE CASTILHOS"";""Não"";""Falta de Atenção à Condução"";2;""Capotamento"";""Com Vítimas Feridas"";""Pleno dia"";""Decrescente"";""Nublado"";""Simples"";""Não Informado"";""Sim"";326804;""Automóvel"";""CHEV/SPIN 1.8L AT LTZ"";2016;""Passageiro"";""Lesões Leves"";18;""Masculino"";0;1;0;0;-29",238945;-53,"665611;""SR-RS"";""DEL9/9"";""UOP01/RS"""
"183749;405110;2019-01-06;""domingo"";""15:10:00"";""RS"";158;264","7;""JULIO DE CASTILHOS"";""Não"";""Velocidade Incompatível"";2;""Capotamento"";""Com Vítimas Feridas"";""Pleno dia"";""Decrescente"";""Nublado"";""Simples"";""Não Informado"";""Sim"";326804;""Automóvel"";""CHEV/SPIN 1.8L AT LTZ"";2016;""Passageiro"";""Lesões Leves"";18;""Masculino"";0;1;0;0;-29",238945;-53,"665611;""SR-RS"";""DEL9/9"";""UOP01/RS"""
"183749;405110;2019-01-06;""domingo"";""15:10:00"";""RS"";158;264","7;""JULIO DE CASTILHOS"";""Sim"";""Desobediência às normas de trânsito pelo condutor"";1;""Colisão transversal"";""Com Vítimas Feridas"";""Pleno dia"";""Decrescente"";""Nublado"";""Simples"";""Não Informado"";""Sim"";326804;""Automóvel"";""CHEV/SPIN 1.8L AT LTZ"";2016;""Passageiro"";""Lesões Leves"";18;""Masculino"";0;1;0;0;-29",238945;-53,"665611;""SR-RS"";""DEL9/9"";""UOP01/RS"""
"183749;405110;2019-01-06;""domingo"";""15:10:00"";""RS"";158;264","7;""JULIO DE CASTILHOS"";""Não"";""Falta de Atenção à Condução"";1;""Colisão transversal"";""Com Vítimas Feridas"";""Pleno dia"";""Decrescente"";""Nublado"";""Simples"";""Não Informado"";""Sim"";326804;""Automóvel"";""CHEV/SPIN 1.8L AT LTZ"";2016;""Passageiro"";""Lesões Leves"";18;""Masculino"";0;1;0;0;-29",238945;-53,"665611;""SR-RS"";""DEL9/9"";""UOP01/RS"""
"183749;405110;2019-01-06;""domingo"";""15:10:00"";""RS"";158;264","7;""JULIO DE CASTILHOS"";""Não"";""Velocidade Incompatível"";1;""Colisão transversal"";""Com Vítimas Feridas"";""Pleno dia"";""Decrescente"";""Nublado"";""Simples"";""Não Informado"";""Sim"";326804;""Automóvel"";""CHEV/SPIN 1.8L AT LTZ"";2016;""Passageiro"";""Lesões Leves"";18;""Masculino"";0;1;0;0;-29",238945;-53,"665611;""SR-RS"";""DEL9/9"";""UOP01/RS"""
"183749;405104;2019-01-06;""domingo"";""15:10:00"";""RS"";158;264","7;""JULIO DE CASTILHOS"";""Sim"";""Desobediência às normas de trânsito pelo condutor"";4;""Capotamento"";""Com Vítimas Feridas"";""Pleno dia"";""Decrescente"";""Nublado"";""Simples"";""Não Informado"";""Sim"";326804;""Automóvel"";""CHEV/SPIN 1.8L AT LTZ"";2016;""Passageiro"";""Lesões Graves"";32;""Feminino"";0;0;1;0;-29",238945;-53,"665611;""SR-RS"";""DEL9/9"";""UOP01/RS"""
"183749;405104;2019-01-06;""domingo"";""15:10:00"";""RS"";158;264","7;""JULIO DE CASTILHOS"";""Não"";""Falta de Atenção à Condução"";4;""Capotamento"";""Com Vítimas Feridas"";""Pleno dia"";""Decrescente"";""Nublado"";""Simples"";""Não Informado"";""Sim"";326804;""Automóvel"";""CHEV/SPIN 1.8L AT LTZ"";2016;""Passageiro"";""Lesões Graves"";32;""Feminino"";0;0;1;0;-29",238945;-53,"665611;""SR-RS"";""DEL9/9"";""UOP01/RS"""
"183749;405104;2019-01-06;""domingo"";""15:10:00"";""RS"";158;264","7;""JULIO DE CASTILHOS"";""Não"";""Velocidade Incompatível"";4;""Capotamento"";""Com Vítimas Feridas"";""Pleno dia"";""Decrescente"";""Nublado"";""Simples"";""Não Informado"";""Sim"";326804;""Automóvel"";""CHEV/SPIN 1.8L AT LTZ"";2016;""Passageiro"";""Lesões Graves"";32;""Feminino"";0;0;1;0;-29",238945;-53,"665611;""SR-RS"";""DEL9/9"";""UOP01/RS"""
"183749;405104;2019-01-06;""domingo"";""15:10:00"";""RS"";158;264","7;""JULIO DE CASTILHOS"";""Sim"";""Desobediência às normas de trânsito pelo condutor"";3;""Saída de leito carroçável"";""Com Vítimas Feridas"";""Pleno dia"";""Decrescente"";""Nublado"";""Simples"";""Não Informado"";""Sim"";326804;""Automóvel"";""CHEV/SPIN 1.8L AT LTZ"";2016;""Passageiro"";""Lesões Graves"";32;""Feminino"";0;0;1;0;-29",238945;-53,"665611;""SR-RS"";""DEL9/9"";""UOP01/RS"""
"183749;405104;2019-01-06;""domingo"";""15:10:00"";""RS"";158;264","7;""JULIO DE CASTILHOS"";""Não"";""Falta de Atenção à Condução"";3;""Saída de leito carroçável"";""Com Vítimas Feridas"";""Pleno dia"";""Decrescente"";""Nublado"";""Simples"";""Não Informado"";""Sim"";326804;""Automóvel"";""CHEV/SPIN 1.8L AT LTZ"";2016;""Passageiro"";""Lesões Graves"";32;""Feminino"";0;0;1;0;-29",238945;-53,"665611;""SR-RS"";""DEL9/9"";""UOP01/RS"""
"183749;405104;2019-01-06;""domingo"";""15:10:00"";""RS"";158;264","7;""JULIO DE CASTILHOS"";""Não"";""Velocidade Incompatível"";3;""Saída de leito carroçável"";""Com Vítimas Feridas"";""Pleno dia"";""Decrescente"";""Nublado"";""Simples"";""Não Informado"";""Sim"";326804;""Automóvel"";""CHEV/SPIN 1.8L AT LTZ"";2016;""Passageiro"";""Lesões Graves"";32;""Feminino"";0;0;1;0;-29",238945;-53,"665611;""SR-RS"";""DEL9/9"";""UOP01/RS"""
"183749;405104;2019-01-06;""domingo"";""15:10:00"";""RS"";158;264","7;""JULIO DE CASTILHOS"";""Sim"";""Desobediência às normas de trânsito pelo condutor"";2;""Capotamento"";""Com Vítimas Feridas"";""Pleno dia"";""Decrescente"";""Nublado"";""Simples"";""Não Informado"";""Sim"";326804;""Automóvel"";""CHEV/SPIN 1.8L AT LTZ"";2016;""Passageiro"";""Lesões Graves"";32;""Feminino"";0;0;1;0;-29",238945;-53,"665611;""SR-RS"";""DEL9/9"";""UOP01/RS"""
"183749;405104;2019-01-06;""domingo"";""15:10:00"";""RS"";158;264","7;""JULIO DE CASTILHOS"";""Não"";""Falta de Atenção à Condução"";2;""Capotamento"";""Com Vítimas Feridas"";""Pleno dia"";""Decrescente"";""Nublado"";""Simples"";""Não Informado"";""Sim"";326804;""Automóvel"";""CHEV/SPIN 1.8L AT LTZ"";2016;""Passageiro"";""Lesões Graves"";32;""Feminino"";0;0;1;0;-29",238945;-53,"665611;""SR-RS"";""DEL9/9"";""UOP01/RS"""
"183749;405104;2019-01-06;""domingo"";""15:10:00"";""RS"";158;264","7;""JULIO DE CASTILHOS"";""Não"";""Velocidade Incompatível"";2;""Capotamento"";""Com Vítimas Feridas"";""Pleno dia"";""Decrescente"";""Nublado"";""Simples"";""Não Informado"";""Sim"";326804;""Automóvel"";""CHEV/SPIN 1.8L AT LTZ"";2016;""Passageiro"";""Lesões Graves"";32;""Feminino"";0;0;1;0;-29",238945;-53,"665611;""SR-RS"";""DEL9/9"";""UOP01/RS"""
"183749;405104;2019-01-06;""domingo"";""15:10:00"";""RS"";158;264","7;""JULIO DE CASTILHOS"";""Sim"";""Desobediência às normas de trânsito pelo condutor"";1;""Colisão transversal"";""Com Vítimas Feridas"";""Pleno dia"";""Decrescente"";""Nublado"";""Simples"";""Não Informado"";""Sim"";326804;""Automóvel"";""CHEV/SPIN 1.8L AT LTZ"";2016;""Passageiro"";""Lesões Graves"";32;""Feminino"";0;0;1;0;-29",238945;-53,"665611;""SR-RS"";""DEL9/9"";""UOP01/RS"""
"183749;405104;2019-01-06;""domingo"";""15:10:00"";""RS"";158;264","7;""JULIO DE CASTILHOS"";""Não"";""Falta de Atenção à Condução"";1;""Colisão transversal"";""Com Vítimas Feridas"";""Pleno dia"";""Decrescente"";""Nublado"";""Simples"";""Não Informado"";""Sim"";326804;""Automóvel"";""CHEV/SPIN 1.8L AT LTZ"";2016;""Passageiro"";""Lesões Graves"";32;""Feminino"";0;0;1;0;-29",238945;-53,"665611;""SR-RS"";""DEL9/9"";""UOP01/RS"""
"183749;405104;2019-01-06;""domingo"";""15:10:00"";""RS"";158;264","7;""JULIO DE CASTILHOS"";""Não"";""Velocidade Incompatível"";1;""Colisão transversal"";""Com Vítimas Feridas"";""Pleno dia"";""Decrescente"";""Nublado"";""Simples"";""Não Informado"";""Sim"";326804;""Automóvel"";""CHEV/SPIN 1.8L AT LTZ"";2016;""Passageiro"";""Lesões Graves"";32;""Feminino"";0;0;1;0;-29",238945;-53,"665611;""SR-RS"";""DEL9/9"";""UOP01/RS"""
"183749;405098;2019-01-06;""domingo"";""15:10:00"";""RS"";158;264","7;""JULIO DE CASTILHOS"";""Sim"";""Desobediência às normas de trânsito pelo condutor"";4;""Capotamento"";""Com Vítimas Feridas"";""Pleno dia"";""Decrescente"";""Nublado"";""Simples"";""Não Informado"";""Sim"";326803;""Automóvel"";""I/PEUGEOT 206 SOLEIL"";1999;""Condutor"";""Não Informado"";NA;""Não Informado"";0;0;0;0;-29",238945;-53,"665611;""SR-RS"";""DEL9/9"";""UOP01/RS"""
"183749;405098;2019-01-06;""domingo"";""15:10:00"";""RS"";158;264","7;""JULIO DE CASTILHOS"";""Não"";""Falta de Atenção à Condução"";4;""Capotamento"";""Com Vítimas Feridas"";""Pleno dia"";""Decrescente"";""Nublado"";""Simples"";""Não Informado"";""Sim"";326803;""Automóvel"";""I/PEUGEOT 206 SOLEIL"";1999;""Condutor"";""Não Informado"";NA;""Não Informado"";0;0;0;0;-29",238945;-53,"665611;""SR-RS"";""DEL9/9"";""UOP01/RS"""
"183749;405098;2019-01-06;""domingo"";""15:10:00"";""RS"";158;264","7;""JULIO DE CASTILHOS"";""Não"";""Velocidade Incompatível"";4;""Capotamento"";""Com Vítimas Feridas"";""Pleno dia"";""Decrescente"";""Nublado"";""Simples"";""Não Informado"";""Sim"";326803;""Automóvel"";""I/PEUGEOT 206 SOLEIL"";1999;""Condutor"";""Não Informado"";NA;""Não Informado"";0;0;0;0;-29",238945;-53,"665611;""SR-RS"";""DEL9/9"";""UOP01/RS"""
"183749;405098;2019-01-06;""domingo"";""15:10:00"";""RS"";158;264","7;""JULIO DE CASTILHOS"";""Sim"";""Desobediência às normas de trânsito pelo condutor"";3;""Saída de leito carroçável"";""Com Vítimas Feridas"";""Pleno dia"";""Decrescente"";""Nublado"";""Simples"";""Não Informado"";""Sim"";326803;""Automóvel"";""I/PEUGEOT 206 SOLEIL"";1999;""Condutor"";""Não Informado"";NA;""Não Informado"";0;0;0;0;-29",238945;-53,"665611;""SR-RS"";""DEL9/9"";""UOP01/RS"""
"183749;405098;2019-01-06;""domingo"";""15:10:00"";""RS"";158;264","7;""JULIO DE CASTILHOS"";""Não"";""Falta de Atenção à Condução"";3;""Saída de leito carroçável"";""Com Vítimas Feridas"";""Pleno dia"";""Decrescente"";""Nublado"";""Simples"";""Não Informado"";""Sim"";326803;""Automóvel"";""I/PEUGEOT 206 SOLEIL"";1999;""Condutor"";""Não Informado"";NA;""Não Informado"";0;0;0;0;-29",238945;-53,"665611;""SR-RS"";""DEL9/9"";""UOP01/RS"""
"183749;405098;2019-01-06;""domingo"";""15:10:00"";""RS"";158;264","7;""JULIO DE CASTILHOS"";""Não"";""Velocidade Incompatível"";3;""Saída de leito carroçável"";""Com Vítimas Feridas"";""Pleno dia"";""Decrescente"";""Nublado"";""Simples"";""Não Informado"";""Sim"";326803;""Automóvel"";""I/PEUGEOT 206 SOLEIL"";1999;""Condutor"";""Não Informado"";NA;""Não Informado"";0;0;0;0;-29",238945;-53,"665611;""SR-RS"";""DEL9/9"";""UOP01/RS"""
"183749;405098;2019-01-06;""domingo"";""15:10:00"";""RS"";158;264","7;""JULIO DE CASTILHOS"";""Sim"";""Desobediência às normas de trânsito pelo condutor"";2;""Capotamento"";""Com Vítimas Feridas"";""Pleno dia"";""Decrescente"";""Nublado"";""Simples"";""Não Informado"";""Sim"";326803;""Automóvel"";""I/PEUGEOT 206 SOLEIL"";1999;""Condutor"";""Não Informado"";NA;""Não Informado"";0;0;0;0;-29",238945;-53,"665611;""SR-RS"";""DEL9/9"";""UOP01/RS"""
"183749;405098;2019-01-06;""domingo"";""15:10:00"";""RS"";158;264","7;""JULIO DE CASTILHOS"";""Não"";""Falta de Atenção à Condução"";2;""Capotamento"";""Com Vítimas Feridas"";""Pleno dia"";""Decrescente"";""Nublado"";""Simples"";""Não Informado"";""Sim"";326803;""Automóvel"";""I/PEUGEOT 206 SOLEIL"";1999;""Condutor"";""Não Informado"";NA;""Não Informado"";0;0;0;0;-29",238945;-53,"665611;""SR-RS"";""DEL9/9"";""UOP01/RS"""
"183749;405098;2019-01-06;""domingo"";""15:10:00"";""RS"";158;264","7;""JULIO DE CASTILHOS"";""Não"";""Velocidade Incompatível"";2;""Capotamento"";""Com Vítimas Feridas"";""Pleno dia"";""Decrescente"";""Nublado"";""Simples"";""Não Informado"";""Sim"";326803;""Automóvel"";""I/PEUGEOT 206 SOLEIL"";1999;""Condutor"";""Não Informado"";NA;""Não Informado"";0;0;0;0;-29",238945;-53,"665611;""SR-RS"";""DEL9/9"";""UOP01/RS"""
"183749;405098;2019-01-06;""domingo"";""15:10:00"";""RS"";158;264","7;""JULIO DE CASTILHOS"";""Sim"";""Desobediência às normas de trânsito pelo condutor"";1;""Colisão transversal"";""Com Vítimas Feridas"";""Pleno dia"";""Decrescente"";""Nublado"";""Simples"";""Não Informado"";""Sim"";326803;""Automóvel"";""I/PEUGEOT 206 SOLEIL"";1999;""Condutor"";""Não Informado"";NA;""Não Informado"";0;0;0;0;-29",238945;-53,"665611;""SR-RS"";""DEL9/9"";""UOP01/RS"""