"id;""pesid"";""data_inversa"";""dia_semana"";""horario"";""uf"";""br"";""km"";""municipio"";""causa_principal"";""causa_acidente"";""ordem_tipo_acidente"";""tipo_acidente"";""classificacao_acidente"";""fase_dia"";""sentido_via"";""condicao_metereologica"";""tipo_pista"";""tracado_via"";""uso_solo"";""id_veiculo"";""tipo_veiculo"";""marca"";""ano_fabricacao_veiculo"";""tipo_envolvido"";""estado_fisico"";""idade"";""sexo"";""ilesos"";""feridos_leves"";""feridos_graves"";""mortos"";""latitude"";""longitude"";""regional"";""delegacia"";""uop""",,,
"183799;406842;2019-01-06;""domingo"";""18:30:00"";""RS"";470;256;""SALVADOR DO SUL"";""Não"";""Desobediência às normas de trânsito pelo condutor"";1;""Colisão lateral"";""Com Vítimas Feridas"";""Pleno dia"";""Decrescente"";""Nublado"";""Simples"";""Interseção de vias"";""Sim"";326880;""Automóvel"";""IMP/VW POLO CLAS. 1.8 MI"";1997;""Passageiro"";""Ileso"";17;""Masculino"";1;0;0;0;-29",4409168;-51,"5079625;""SR-RS"";""DEL9/6"";""UOP01/RS""",
"183799;406841;2019-01-06;""domingo"";""18:30:00"";""RS"";470;256;""SALVADOR DO SUL"";""Sim"";""Ingestão de Álcool"";1;""Colisão lateral"";""Com Vítimas Feridas"";""Pleno dia"";""Decrescente"";""Nublado"";""Simples"";""Interseção de vias"";""Sim"";326880;""Automóvel"";""IMP/VW POLO CLAS. 1.8 MI"";1997;""Passageiro"";""Ileso"";21;""Masculino"";1;0;0;0;-29",4409168;-51,"5079625;""SR-RS"";""DEL9/6"";""UOP01/RS""",
"183799;406841;2019-01-06;""domingo"";""18:30:00"";""RS"";470;256;""SALVADOR DO SUL"";""Não"";""Falta de Atenção à Condução"";1;""Colisão lateral"";""Com Vítimas Feridas"";""Pleno dia"";""Decrescente"";""Nublado"";""Simples"";""Interseção de vias"";""Sim"";326880;""Automóvel"";""IMP/VW POLO CLAS. 1.8 MI"";1997;""Passageiro"";""Ileso"";21;""Masculino"";1;0;0;0;-29",4409168;-51,"5079625;""SR-RS"";""DEL9/6"";""UOP01/RS""",
"183799;406841;2019-01-06;""domingo"";""18:30:00"";""RS"";470;256;""SALVADOR DO SUL"";""Não"";""Desobediência às normas de trânsito pelo condutor"";1;""Colisão lateral"";""Com Vítimas Feridas"";""Pleno dia"";""Decrescente"";""Nublado"";""Simples"";""Interseção de vias"";""Sim"";326880;""Automóvel"";""IMP/VW POLO CLAS. 1.8 MI"";1997;""Passageiro"";""Ileso"";21;""Masculino"";1;0;0;0;-29",4409168;-51,"5079625;""SR-RS"";""DEL9/6"";""UOP01/RS""",
"183799;406840;2019-01-06;""domingo"";""18:30:00"";""RS"";470;256;""SALVADOR DO SUL"";""Sim"";""Ingestão de Álcool"";1;""Colisão lateral"";""Com Vítimas Feridas"";""Pleno dia"";""Decrescente"";""Nublado"";""Simples"";""Interseção de vias"";""Sim"";326880;""Automóvel"";""IMP/VW POLO CLAS. 1.8 MI"";1997;""Passageiro"";""Ileso"";41;""Masculino"";1;0;0;0;-29",4409168;-51,"5079625;""SR-RS"";""DEL9/6"";""UOP01/RS""",
"183799;406840;2019-01-06;""domingo"";""18:30:00"";""RS"";470;256;""SALVADOR DO SUL"";""Não"";""Falta de Atenção à Condução"";1;""Colisão lateral"";""Com Vítimas Feridas"";""Pleno dia"";""Decrescente"";""Nublado"";""Simples"";""Interseção de vias"";""Sim"";326880;""Automóvel"";""IMP/VW POLO CLAS. 1.8 MI"";1997;""Passageiro"";""Ileso"";41;""Masculino"";1;0;0;0;-29",4409168;-51,"5079625;""SR-RS"";""DEL9/6"";""UOP01/RS""",
"183799;406840;2019-01-06;""domingo"";""18:30:00"";""RS"";470;256;""SALVADOR DO SUL"";""Não"";""Desobediência às normas de trânsito pelo condutor"";1;""Colisão lateral"";""Com Vítimas Feridas"";""Pleno dia"";""Decrescente"";""Nublado"";""Simples"";""Interseção de vias"";""Sim"";326880;""Automóvel"";""IMP/VW POLO CLAS. 1.8 MI"";1997;""Passageiro"";""Ileso"";41;""Masculino"";1;0;0;0;-29",4409168;-51,"5079625;""SR-RS"";""DEL9/6"";""UOP01/RS""",
"183800;405185;2019-01-06;""domingo"";""19:45:00"";""RJ"";116;323","7;""ITATIAIA"";""Sim"";""Falta de Atenção à Condução"";3;""Capotamento"";""Com Vítimas Feridas"";""Plena Noite"";""Crescente"";""Nublado"";""Dupla"";""Reta"";""Não"";326895;""Automóvel"";""VW/POLO SEDAN 1.6 COMFOR"";2014;""Condutor"";""Lesões Leves"";37;""Feminino"";0;1;0;0;-22",491064;-44,"56184;""SR-RJ"";""DEL5/7"";""UOP03/RJ"""
"183800;405185;2019-01-06;""domingo"";""19:45:00"";""RJ"";116;323","7;""ITATIAIA"";""Não"";""Ingestão de Álcool"";3;""Capotamento"";""Com Vítimas Feridas"";""Plena Noite"";""Crescente"";""Nublado"";""Dupla"";""Reta"";""Não"";326895;""Automóvel"";""VW/POLO SEDAN 1.6 COMFOR"";2014;""Condutor"";""Lesões Leves"";37;""Feminino"";0;1;0;0;-22",491064;-44,"56184;""SR-RJ"";""DEL5/7"";""UOP03/RJ"""
"183800;405185;2019-01-06;""domingo"";""19:45:00"";""RJ"";116;323","7;""ITATIAIA"";""Sim"";""Falta de Atenção à Condução"";2;""Colisão com objeto estático"";""Com Vítimas Feridas"";""Plena Noite"";""Crescente"";""Nublado"";""Dupla"";""Reta"";""Não"";326895;""Automóvel"";""VW/POLO SEDAN 1.6 COMFOR"";2014;""Condutor"";""Lesões Leves"";37;""Feminino"";0;1;0;0;-22",491064;-44,"56184;""SR-RJ"";""DEL5/7"";""UOP03/RJ"""
"183800;405185;2019-01-06;""domingo"";""19:45:00"";""RJ"";116;323","7;""ITATIAIA"";""Não"";""Ingestão de Álcool"";2;""Colisão com objeto estático"";""Com Vítimas Feridas"";""Plena Noite"";""Crescente"";""Nublado"";""Dupla"";""Reta"";""Não"";326895;""Automóvel"";""VW/POLO SEDAN 1.6 COMFOR"";2014;""Condutor"";""Lesões Leves"";37;""Feminino"";0;1;0;0;-22",491064;-44,"56184;""SR-RJ"";""DEL5/7"";""UOP03/RJ"""
"183800;405185;2019-01-06;""domingo"";""19:45:00"";""RJ"";116;323","7;""ITATIAIA"";""Sim"";""Falta de Atenção à Condução"";1;""Colisão lateral"";""Com Vítimas Feridas"";""Plena Noite"";""Crescente"";""Nublado"";""Dupla"";""Reta"";""Não"";326895;""Automóvel"";""VW/POLO SEDAN 1.6 COMFOR"";2014;""Condutor"";""Lesões Leves"";37;""Feminino"";0;1;0;0;-22",491064;-44,"56184;""SR-RJ"";""DEL5/7"";""UOP03/RJ"""
"183800;405185;2019-01-06;""domingo"";""19:45:00"";""RJ"";116;323","7;""ITATIAIA"";""Não"";""Ingestão de Álcool"";1;""Colisão lateral"";""Com Vítimas Feridas"";""Plena Noite"";""Crescente"";""Nublado"";""Dupla"";""Reta"";""Não"";326895;""Automóvel"";""VW/POLO SEDAN 1.6 COMFOR"";2014;""Condutor"";""Lesões Leves"";37;""Feminino"";0;1;0;0;-22",491064;-44,"56184;""SR-RJ"";""DEL5/7"";""UOP03/RJ"""
"183800;405186;2019-01-06;""domingo"";""19:45:00"";""RJ"";116;323","7;""ITATIAIA"";""Sim"";""Falta de Atenção à Condução"";3;""Capotamento"";""Com Vítimas Feridas"";""Plena Noite"";""Crescente"";""Nublado"";""Dupla"";""Reta"";""Não"";326899;""Automóvel"";""FIAT/SIENA 1.4 TETRAFUEL"";2008;""Condutor"";""Ileso"";37;""Masculino"";1;0;0;0;-22",491064;-44,"56184;""SR-RJ"";""DEL5/7"";""UOP03/RJ"""
"183800;405186;2019-01-06;""domingo"";""19:45:00"";""RJ"";116;323","7;""ITATIAIA"";""Não"";""Ingestão de Álcool"";3;""Capotamento"";""Com Vítimas Feridas"";""Plena Noite"";""Crescente"";""Nublado"";""Dupla"";""Reta"";""Não"";326899;""Automóvel"";""FIAT/SIENA 1.4 TETRAFUEL"";2008;""Condutor"";""Ileso"";37;""Masculino"";1;0;0;0;-22",491064;-44,"56184;""SR-RJ"";""DEL5/7"";""UOP03/RJ"""
"183800;405186;2019-01-06;""domingo"";""19:45:00"";""RJ"";116;323","7;""ITATIAIA"";""Sim"";""Falta de Atenção à Condução"";2;""Colisão com objeto estático"";""Com Vítimas Feridas"";""Plena Noite"";""Crescente"";""Nublado"";""Dupla"";""Reta"";""Não"";326899;""Automóvel"";""FIAT/SIENA 1.4 TETRAFUEL"";2008;""Condutor"";""Ileso"";37;""Masculino"";1;0;0;0;-22",491064;-44,"56184;""SR-RJ"";""DEL5/7"";""UOP03/RJ"""
"183800;405186;2019-01-06;""domingo"";""19:45:00"";""RJ"";116;323","7;""ITATIAIA"";""Não"";""Ingestão de Álcool"";2;""Colisão com objeto estático"";""Com Vítimas Feridas"";""Plena Noite"";""Crescente"";""Nublado"";""Dupla"";""Reta"";""Não"";326899;""Automóvel"";""FIAT/SIENA 1.4 TETRAFUEL"";2008;""Condutor"";""Ileso"";37;""Masculino"";1;0;0;0;-22",491064;-44,"56184;""SR-RJ"";""DEL5/7"";""UOP03/RJ"""
"183800;405186;2019-01-06;""domingo"";""19:45:00"";""RJ"";116;323","7;""ITATIAIA"";""Sim"";""Falta de Atenção à Condução"";1;""Colisão lateral"";""Com Vítimas Feridas"";""Plena Noite"";""Crescente"";""Nublado"";""Dupla"";""Reta"";""Não"";326899;""Automóvel"";""FIAT/SIENA 1.4 TETRAFUEL"";2008;""Condutor"";""Ileso"";37;""Masculino"";1;0;0;0;-22",491064;-44,"56184;""SR-RJ"";""DEL5/7"";""UOP03/RJ"""
"183800;405186;2019-01-06;""domingo"";""19:45:00"";""RJ"";116;323","7;""ITATIAIA"";""Não"";""Ingestão de Álcool"";1;""Colisão lateral"";""Com Vítimas Feridas"";""Plena Noite"";""Crescente"";""Nublado"";""Dupla"";""Reta"";""Não"";326899;""Automóvel"";""FIAT/SIENA 1.4 TETRAFUEL"";2008;""Condutor"";""Ileso"";37;""Masculino"";1;0;0;0;-22",491064;-44,"56184;""SR-RJ"";""DEL5/7"";""UOP03/RJ"""
"183801;405160;2019-01-06;""domingo"";""18:50:00"";""MG"";40;504","9;""RIBEIRAO DAS NEVES"";""Sim"";""Falta de Atenção à Condução"";1;""Capotamento"";""Com Vítimas Fatais"";""Anoitecer"";""Decrescente"";""Céu Claro"";""Dupla"";""Desvio Temporário"";""Não"";326852;""Automóvel"";""I/FIAT PALIO ATTRACT 1.0"";2014;""Passageiro"";""Lesões Graves"";35;""Masculino"";0;0;1;0;-19",7426;-44,"1485;""SR-MG"";""DEL4/2"";""UOP01/MG"""
"183801;405223;2019-01-06;""domingo"";""18:50:00"";""MG"";40;504","9;""RIBEIRAO DAS NEVES"";""Sim"";""Falta de Atenção à Condução"";1;""Capotamento"";""Com Vítimas Fatais"";""Anoitecer"";""Decrescente"";""Céu Claro"";""Dupla"";""Desvio Temporário"";""Não"";326852;""Automóvel"";""I/FIAT PALIO ATTRACT 1.0"";2014;""Passageiro"";""Lesões Graves"";29;""Masculino"";0;0;1;0;-19",7426;-44,"1485;""SR-MG"";""DEL4/2"";""UOP01/MG"""
"183801;405138;2019-01-06;""domingo"";""18:50:00"";""MG"";40;504","9;""RIBEIRAO DAS NEVES"";""Sim"";""Falta de Atenção à Condução"";1;""Capotamento"";""Com Vítimas Fatais"";""Anoitecer"";""Decrescente"";""Céu Claro"";""Dupla"";""Desvio Temporário"";""Não"";326852;""Automóvel"";""I/FIAT PALIO ATTRACT 1.0"";2014;""Condutor"";""Óbito"";51;""Masculino"";0;0;0;1;-19",7426;-44,"1485;""SR-MG"";""DEL4/2"";""UOP01/MG"""
"183801;405139;2019-01-06;""domingo"";""18:50:00"";""MG"";40;504","9;""RIBEIRAO DAS NEVES"";""Sim"";""Falta de Atenção à Condução"";1;""Capotamento"";""Com Vítimas Fatais"";""Anoitecer"";""Decrescente"";""Céu Claro"";""Dupla"";""Desvio Temporário"";""Não"";326852;""Automóvel"";""I/FIAT PALIO ATTRACT 1.0"";2014;""Passageiro"";""Óbito"";20;""Masculino"";0;0;0;1;-19",7426;-44,"1485;""SR-MG"";""DEL4/2"";""UOP01/MG"""
"183802;NA;2019-01-06;""domingo"";""15:00:00"";""BA"";242;170","1;""RAFAEL JAMBEIRO"";""Sim"";""Ultrapassagem Indevida"";1;""Capotamento"";""Com Vítimas Feridas"";""Pleno dia"";""Decrescente"";""Céu Claro"";""Simples"";""Reta"";""Não"";326826;""Semireboque"";""SR/RANDON SR CA"";2004;""Não Informado"";""Não Informado"";NA;""Não Informado"";0;0;0;0;-12",485849;-39,"777569;""SR-BA"";""DEL10/6"";""UOP02/BA"""
"183802;NA;2019-01-06;""domingo"";""15:00:00"";""BA"";242;170","1;""RAFAEL JAMBEIRO"";""Sim"";""Ultrapassagem Indevida"";1;""Capotamento"";""Com Vítimas Feridas"";""Pleno dia"";""Decrescente"";""Céu Claro"";""Simples"";""Reta"";""Não"";326827;""Semireboque"";""SR/RANDON SR CA"";2004;""Não Informado"";""Não Informado"";NA;""Não Informado"";0;0;0;0;-12",485849;-39,"777569;""SR-BA"";""DEL10/6"";""UOP02/BA"""
"183802;405029;2019-01-06;""domingo"";""15:00:00"";""BA"";242;170","1;""RAFAEL JAMBEIRO"";""Sim"";""Ultrapassagem Indevida"";1;""Capotamento"";""Com Vítimas Feridas"";""Pleno dia"";""Decrescente"";""Céu Claro"";""Simples"";""Reta"";""Não"";326771;""Caminhão-trator"";""VOLVO/FH 520 6X4T"";2010;""Condutor"";""Lesões Leves"";53;""Masculino"";0;1;0;0;-12",485849;-39,"777569;""SR-BA"";""DEL10/6"";""UOP02/BA"""
"183802;405031;2019-01-06;""domingo"";""15:00:00"";""BA"";242;170","1;""RAFAEL JAMBEIRO"";""Sim"";""Ultrapassagem Indevida"";1;""Capotamento"";""Com Vítimas Feridas"";""Pleno dia"";""Decrescente"";""Céu Claro"";""Simples"";""Reta"";""Não"";326771;""Caminhão-trator"";""VOLVO/FH 520 6X4T"";2010;""Passageiro"";""Lesões Leves"";50;""Masculino"";0;1;0;0;-12",485849;-39,"777569;""SR-BA"";""DEL10/6"";""UOP02/BA"""
"183803;405035;2019-01-06;""domingo"";""18:40:00"";""SC"";282;637","4;""DESCANSO"";""Sim"";""Velocidade Incompatível"";2;""Colisão com objeto estático"";""Com Vítimas Feridas"";""Pleno dia"";""Crescente"";""Chuva"";""Simples"";""Reta"";""Não"";326769;""Automóvel"";""I/FORD FUSION"";2007;""Passageiro"";""Lesões Leves"";64;""Masculino"";0;1;0;0;-26",806643;-53,"441025;""SR-SC"";""DEL7"";""UOP03/SC"""
"183803;405035;2019-01-06;""domingo"";""18:40:00"";""SC"";282;637","4;""DESCANSO"";""Não"";""Fenômenos da Natureza"";2;""Colisão com objeto estático"";""Com Vítimas Feridas"";""Pleno dia"";""Crescente"";""Chuva"";""Simples"";""Reta"";""Não"";326769;""Automóvel"";""I/FORD FUSION"";2007;""Passageiro"";""Lesões Leves"";64;""Masculino"";0;1;0;0;-26",806643;-53,"441025;""SR-SC"";""DEL7"";""UOP03/SC"""
"183803;405035;2019-01-06;""domingo"";""18:40:00"";""SC"";282;637","4;""DESCANSO"";""Sim"";""Velocidade Incompatível"";1;""Saída de leito carroçável"";""Com Vítimas Feridas"";""Pleno dia"";""Crescente"";""Chuva"";""Simples"";""Reta"";""Não"";326769;""Automóvel"";""I/FORD FUSION"";2007;""Passageiro"";""Lesões Leves"";64;""Masculino"";0;1;0;0;-26",806643;-53,"441025;""SR-SC"";""DEL7"";""UOP03/SC"""
"183803;405035;2019-01-06;""domingo"";""18:40:00"";""SC"";282;637","4;""DESCANSO"";""Não"";""Fenômenos da Natureza"";1;""Saída de leito carroçável"";""Com Vítimas Feridas"";""Pleno dia"";""Crescente"";""Chuva"";""Simples"";""Reta"";""Não"";326769;""Automóvel"";""I/FORD FUSION"";2007;""Passageiro"";""Lesões Leves"";64;""Masculino"";0;1;0;0;-26",806643;-53,"441025;""SR-SC"";""DEL7"";""UOP03/SC"""
"183803;405036;2019-01-06;""domingo"";""18:40:00"";""SC"";282;637","4;""DESCANSO"";""Sim"";""Velocidade Incompatível"";2;""Colisão com objeto estático"";""Com Vítimas Feridas"";""Pleno dia"";""Crescente"";""Chuva"";""Simples"";""Reta"";""Não"";326769;""Automóvel"";""I/FORD FUSION"";2007;""Passageiro"";""Lesões Graves"";54;""Feminino"";0;0;1;0;-26",806643;-53,"441025;""SR-SC"";""DEL7"";""UOP03/SC"""
"183803;405036;2019-01-06;""domingo"";""18:40:00"";""SC"";282;637","4;""DESCANSO"";""Não"";""Fenômenos da Natureza"";2;""Colisão com objeto estático"";""Com Vítimas Feridas"";""Pleno dia"";""Crescente"";""Chuva"";""Simples"";""Reta"";""Não"";326769;""Automóvel"";""I/FORD FUSION"";2007;""Passageiro"";""Lesões Graves"";54;""Feminino"";0;0;1;0;-26",806643;-53,"441025;""SR-SC"";""DEL7"";""UOP03/SC"""
"183803;405036;2019-01-06;""domingo"";""18:40:00"";""SC"";282;637","4;""DESCANSO"";""Sim"";""Velocidade Incompatível"";1;""Saída de leito carroçável"";""Com Vítimas Feridas"";""Pleno dia"";""Crescente"";""Chuva"";""Simples"";""Reta"";""Não"";326769;""Automóvel"";""I/FORD FUSION"";2007;""Passageiro"";""Lesões Graves"";54;""Feminino"";0;0;1;0;-26",806643;-53,"441025;""SR-SC"";""DEL7"";""UOP03/SC"""
"183803;405036;2019-01-06;""domingo"";""18:40:00"";""SC"";282;637","4;""DESCANSO"";""Não"";""Fenômenos da Natureza"";1;""Saída de leito carroçável"";""Com Vítimas Feridas"";""Pleno dia"";""Crescente"";""Chuva"";""Simples"";""Reta"";""Não"";326769;""Automóvel"";""I/FORD FUSION"";2007;""Passageiro"";""Lesões Graves"";54;""Feminino"";0;0;1;0;-26",806643;-53,"441025;""SR-SC"";""DEL7"";""UOP03/SC"""
"183803;405034;2019-01-06;""domingo"";""18:40:00"";""SC"";282;637","4;""DESCANSO"";""Sim"";""Velocidade Incompatível"";2;""Colisão com objeto estático"";""Com Vítimas Feridas"";""Pleno dia"";""Crescente"";""Chuva"";""Simples"";""Reta"";""Não"";326769;""Automóvel"";""I/FORD FUSION"";2007;""Condutor"";""Lesões Leves"";36;""Masculino"";0;1;0;0;-26",806643;-53,"441025;""SR-SC"";""DEL7"";""UOP03/SC"""
"183803;405034;2019-01-06;""domingo"";""18:40:00"";""SC"";282;637","4;""DESCANSO"";""Não"";""Fenômenos da Natureza"";2;""Colisão com objeto estático"";""Com Vítimas Feridas"";""Pleno dia"";""Crescente"";""Chuva"";""Simples"";""Reta"";""Não"";326769;""Automóvel"";""I/FORD FUSION"";2007;""Condutor"";""Lesões Leves"";36;""Masculino"";0;1;0;0;-26",806643;-53,"441025;""SR-SC"";""DEL7"";""UOP03/SC"""
"183803;405034;2019-01-06;""domingo"";""18:40:00"";""SC"";282;637","4;""DESCANSO"";""Sim"";""Velocidade Incompatível"";1;""Saída de leito carroçável"";""Com Vítimas Feridas"";""Pleno dia"";""Crescente"";""Chuva"";""Simples"";""Reta"";""Não"";326769;""Automóvel"";""I/FORD FUSION"";2007;""Condutor"";""Lesões Leves"";36;""Masculino"";0;1;0;0;-26",806643;-53,"441025;""SR-SC"";""DEL7"";""UOP03/SC"""
"183803;405034;2019-01-06;""domingo"";""18:40:00"";""SC"";282;637","4;""DESCANSO"";""Não"";""Fenômenos da Natureza"";1;""Saída de leito carroçável"";""Com Vítimas Feridas"";""Pleno dia"";""Crescente"";""Chuva"";""Simples"";""Reta"";""Não"";326769;""Automóvel"";""I/FORD FUSION"";2007;""Condutor"";""Lesões Leves"";36;""Masculino"";0;1;0;0;-26",806643;-53,"441025;""SR-SC"";""DEL7"";""UOP03/SC"""
"183803;405038;2019-01-06;""domingo"";""18:40:00"";""SC"";282;637","4;""DESCANSO"";""Sim"";""Velocidade Incompatível"";2;""Colisão com objeto estático"";""Com Vítimas Feridas"";""Pleno dia"";""Crescente"";""Chuva"";""Simples"";""Reta"";""Não"";326769;""Automóvel"";""I/FORD FUSION"";2007;""Passageiro"";""Lesões Leves"";33;""Feminino"";0;1;0;0;-26",806643;-53,"441025;""SR-SC"";""DEL7"";""UOP03/SC"""
"183803;405038;2019-01-06;""domingo"";""18:40:00"";""SC"";282;637","4;""DESCANSO"";""Não"";""Fenômenos da Natureza"";2;""Colisão com objeto estático"";""Com Vítimas Feridas"";""Pleno dia"";""Crescente"";""Chuva"";""Simples"";""Reta"";""Não"";326769;""Automóvel"";""I/FORD FUSION"";2007;""Passageiro"";""Lesões Leves"";33;""Feminino"";0;1;0;0;-26",806643;-53,"441025;""SR-SC"";""DEL7"";""UOP03/SC"""
"183803;405038;2019-01-06;""domingo"";""18:40:00"";""SC"";282;637","4;""DESCANSO"";""Sim"";""Velocidade Incompatível"";1;""Saída de leito carroçável"";""Com Vítimas Feridas"";""Pleno dia"";""Crescente"";""Chuva"";""Simples"";""Reta"";""Não"";326769;""Automóvel"";""I/FORD FUSION"";2007;""Passageiro"";""Lesões Leves"";33;""Feminino"";0;1;0;0;-26",806643;-53,"441025;""SR-SC"";""DEL7"";""UOP03/SC"""
"183803;405038;2019-01-06;""domingo"";""18:40:00"";""SC"";282;637","4;""DESCANSO"";""Não"";""Fenômenos da Natureza"";1;""Saída de leito carroçável"";""Com Vítimas Feridas"";""Pleno dia"";""Crescente"";""Chuva"";""Simples"";""Reta"";""Não"";326769;""Automóvel"";""I/FORD FUSION"";2007;""Passageiro"";""Lesões Leves"";33;""Feminino"";0;1;0;0;-26",806643;-53,"441025;""SR-SC"";""DEL7"";""UOP03/SC"""
"183804;NA;2019-01-06;""domingo"";""18:25:00"";""MG"";251;472","6;""FRANCISCO SA"";""Sim"";""Carga excessiva e/ou mal acondicionada"";1;""Colisão com objeto estático"";""Sem Vítimas"";""Pleno dia"";""Crescente"";""Chuva"";""Simples"";""Curva"";""Não"";326912;""Semireboque"";""SR/RANDON SR FG"";1998;""Não Informado"";""Não Informado"";NA;""Não Informado"";0;0;0;0;-16",472;-43,"4251;""SR-MG"";""DEL4/12"";""UOP01/MG"""
"183804;NA;2019-01-06;""domingo"";""18:25:00"";""MG"";251;472","6;""FRANCISCO SA"";""Não"";""Velocidade Incompatível"";1;""Colisão com objeto estático"";""Sem Vítimas"";""Pleno dia"";""Crescente"";""Chuva"";""Simples"";""Curva"";""Não"";326912;""Semireboque"";""SR/RANDON SR FG"";1998;""Não Informado"";""Não Informado"";NA;""Não Informado"";0;0;0;0;-16",472;-43,"4251;""SR-MG"";""DEL4/12"";""UOP01/MG"""
"183804;NA;2019-01-06;""domingo"";""18:25:00"";""MG"";251;472","6;""FRANCISCO SA"";""Não"";""Pista Escorregadia"";1;""Colisão com objeto estático"";""Sem Vítimas"";""Pleno dia"";""Crescente"";""Chuva"";""Simples"";""Curva"";""Não"";326912;""Semireboque"";""SR/RANDON SR FG"";1998;""Não Informado"";""Não Informado"";NA;""Não Informado"";0;0;0;0;-16",472;-43,"4251;""SR-MG"";""DEL4/12"";""UOP01/MG"""
"183804;405136;2019-01-06;""domingo"";""18:25:00"";""MG"";251;472","6;""FRANCISCO SA"";""Sim"";""Carga excessiva e/ou mal acondicionada"";1;""Colisão com objeto estático"";""Sem Vítimas"";""Pleno dia"";""Crescente"";""Chuva"";""Simples"";""Curva"";""Não"";326849;""Caminhão-trator"";""SCANIA/T124 GA4X2NZ 360"";2000;""Condutor"";""Ileso"";46;""Masculino"";1;0;0;0;-16",472;-43,"4251;""SR-MG"";""DEL4/12"";""UOP01/MG"""
"183804;405136;2019-01-06;""domingo"";""18:25:00"";""MG"";251;472","6;""FRANCISCO SA"";""Não"";""Velocidade Incompatível"";1;""Colisão com objeto estático"";""Sem Vítimas"";""Pleno dia"";""Crescente"";""Chuva"";""Simples"";""Curva"";""Não"";326849;""Caminhão-trator"";""SCANIA/T124 GA4X2NZ 360"";2000;""Condutor"";""Ileso"";46;""Masculino"";1;0;0;0;-16",472;-43,"4251;""SR-MG"";""DEL4/12"";""UOP01/MG"""
"183804;405136;2019-01-06;""domingo"";""18:25:00"";""MG"";251;472","6;""FRANCISCO SA"";""Não"";""Pista Escorregadia"";1;""Colisão com objeto estático"";""Sem Vítimas"";""Pleno dia"";""Crescente"";""Chuva"";""Simples"";""Curva"";""Não"";326849;""Caminhão-trator"";""SCANIA/T124 GA4X2NZ 360"";2000;""Condutor"";""Ileso"";46;""Masculino"";1;0;0;0;-16",472;-43,"4251;""SR-MG"";""DEL4/12"";""UOP01/MG"""
"183805;NA;2019-01-06;""domingo"";""19:50:00"";""SP"";116;4","9;""QUELUZ"";""Sim"";""Fenômenos da Natureza"";1;""Incêndio"";""Sem Vítimas"";""Plena Noite"";""Crescente"";""Nublado"";""Simples"";""Retorno Regulamentado"";""Sim"";326902;""Semireboque"";""SR/FACCHINI SRF CF"";2011;""Não Informado"";""Não Informado"";NA;""Não Informado"";0;0;0;0;-22",525434;-44,"735806;""SR-SP"";""DEL6/8"";""UOP01/SP"""
"183805;405187;2019-01-06;""domingo"";""19:50:00"";""SP"";116;4","9;""QUELUZ"";""Sim"";""Fenômenos da Natureza"";1;""Incêndio"";""Sem Vítimas"";""Plena Noite"";""Crescente"";""Nublado"";""Simples"";""Retorno Regulamentado"";""Sim"";326894;""Caminhão-trator"";""FORD/CARGO 4331 S"";2005;""Condutor"";""Ileso"";44;""Masculino"";1;0;0;0;-22",525434;-44,"735806;""SR-SP"";""DEL6/8"";""UOP01/SP"""
"183806;405193;2019-01-06;""domingo"";""20:10:00"";""SP"";381;69","7;""MAIRIPORA"";""Sim"";""Velocidade Incompatível"";1;""Colisão com objeto estático"";""Com Vítimas Feridas"";""Plena Noite"";""Decrescente"";""Garoa/Chuvisco"";""Múltipla"";""Não Informado"";""Não"";326896;""Automóvel"";""TOYOTA/COROLLA XEI18VVT"";2006;""Passageiro"";""Lesões Leves"";11;""Masculino"";0;1;0;0;-23",349637;-46,"560603;""SR-SP"";""DEL6/3"";""UOP02/SP"""
"183806;405196;2019-01-06;""domingo"";""20:10:00"";""SP"";381;69","7;""MAIRIPORA"";""Sim"";""Velocidade Incompatível"";1;""Colisão com objeto estático"";""Com Vítimas Feridas"";""Plena Noite"";""Decrescente"";""Garoa/Chuvisco"";""Múltipla"";""Não Informado"";""Não"";326896;""Automóvel"";""TOYOTA/COROLLA XEI18VVT"";2006;""Passageiro"";""Ileso"";5;""Masculino"";1;0;0;0;-23",349637;-46,"560603;""SR-SP"";""DEL6/3"";""UOP02/SP"""
"183806;405191;2019-01-06;""domingo"";""20:10:00"";""SP"";381;69","7;""MAIRIPORA"";""Sim"";""Velocidade Incompatível"";1;""Colisão com objeto estático"";""Com Vítimas Feridas"";""Plena Noite"";""Decrescente"";""Garoa/Chuvisco"";""Múltipla"";""Não Informado"";""Não"";326896;""Automóvel"";""TOYOTA/COROLLA XEI18VVT"";2006;""Condutor"";""Ileso"";42;""Masculino"";1;0;0;0;-23",349637;-46,"560603;""SR-SP"";""DEL6/3"";""UOP02/SP"""
"183807;406538;2019-01-06;""domingo"";""20:50:00"";""RJ"";101;266;""RIO BONITO"";""Sim"";""Não guardar distância de segurança"";1;""Colisão traseira"";""Com Vítimas Feridas"";""Plena Noite"";""Crescente"";""Céu Claro"";""Dupla"";""Reta"";""Não"";326874;""Automóvel"";""GM/MERIVA EXPRESSION"";2010;""Passageiro"";""Lesões Leves"";50;""Feminino"";0;1;0;0;-22",70859;-42,"651821;""SR-RJ"";""DEL5/2"";""UOP02/RJ""",