"id;""pesid"";""data_inversa"";""dia_semana"";""horario"";""uf"";""br"";""km"";""municipio"";""causa_principal"";""causa_acidente"";""ordem_tipo_acidente"";""tipo_acidente"";""classificacao_acidente"";""fase_dia"";""sentido_via"";""condicao_metereologica"";""tipo_pista"";""tracado_via"";""uso_solo"";""id_veiculo"";""tipo_veiculo"";""marca"";""ano_fabricacao_veiculo"";""tipo_envolvido"";""estado_fisico"";""idade"";""sexo"";""ilesos"";""feridos_leves"";""feridos_graves"";""mortos"";""latitude"";""longitude"";""regional"";""delegacia"";""uop""",,,
"183807;406538;2019-01-06;""domingo"";""20:50:00"";""RJ"";101;266;""RIO BONITO"";""Não"";""Falta de Atenção à Condução"";1;""Colisão traseira"";""Com Vítimas Feridas"";""Plena Noite"";""Crescente"";""Céu Claro"";""Dupla"";""Reta"";""Não"";326874;""Automóvel"";""GM/MERIVA EXPRESSION"";2010;""Passageiro"";""Lesões Leves"";50;""Feminino"";0;1;0;0;-22",70859;-42,"651821;""SR-RJ"";""DEL5/2"";""UOP02/RJ""",
"183807;406541;2019-01-06;""domingo"";""20:50:00"";""RJ"";101;266;""RIO BONITO"";""Sim"";""Não guardar distância de segurança"";1;""Colisão traseira"";""Com Vítimas Feridas"";""Plena Noite"";""Crescente"";""Céu Claro"";""Dupla"";""Reta"";""Não"";326874;""Automóvel"";""GM/MERIVA EXPRESSION"";2010;""Passageiro"";""Lesões Leves"";19;""Masculino"";0;1;0;0;-22",70859;-42,"651821;""SR-RJ"";""DEL5/2"";""UOP02/RJ""",
"183807;406541;2019-01-06;""domingo"";""20:50:00"";""RJ"";101;266;""RIO BONITO"";""Não"";""Falta de Atenção à Condução"";1;""Colisão traseira"";""Com Vítimas Feridas"";""Plena Noite"";""Crescente"";""Céu Claro"";""Dupla"";""Reta"";""Não"";326874;""Automóvel"";""GM/MERIVA EXPRESSION"";2010;""Passageiro"";""Lesões Leves"";19;""Masculino"";0;1;0;0;-22",70859;-42,"651821;""SR-RJ"";""DEL5/2"";""UOP02/RJ""",
"183807;406536;2019-01-06;""domingo"";""20:50:00"";""RJ"";101;266;""RIO BONITO"";""Sim"";""Não guardar distância de segurança"";1;""Colisão traseira"";""Com Vítimas Feridas"";""Plena Noite"";""Crescente"";""Céu Claro"";""Dupla"";""Reta"";""Não"";326874;""Automóvel"";""GM/MERIVA EXPRESSION"";2010;""Condutor"";""Lesões Graves"";49;""Masculino"";0;0;1;0;-22",70859;-42,"651821;""SR-RJ"";""DEL5/2"";""UOP02/RJ""",
"183807;406536;2019-01-06;""domingo"";""20:50:00"";""RJ"";101;266;""RIO BONITO"";""Não"";""Falta de Atenção à Condução"";1;""Colisão traseira"";""Com Vítimas Feridas"";""Plena Noite"";""Crescente"";""Céu Claro"";""Dupla"";""Reta"";""Não"";326874;""Automóvel"";""GM/MERIVA EXPRESSION"";2010;""Condutor"";""Lesões Graves"";49;""Masculino"";0;0;1;0;-22",70859;-42,"651821;""SR-RJ"";""DEL5/2"";""UOP02/RJ""",
"183807;406535;2019-01-06;""domingo"";""20:50:00"";""RJ"";101;266;""RIO BONITO"";""Sim"";""Não guardar distância de segurança"";1;""Colisão traseira"";""Com Vítimas Feridas"";""Plena Noite"";""Crescente"";""Céu Claro"";""Dupla"";""Reta"";""Não"";326873;""Camioneta"";""FORD/ECOSPORT XLT"";2007;""Condutor"";""Ileso"";53;""Masculino"";1;0;0;0;-22",70859;-42,"651821;""SR-RJ"";""DEL5/2"";""UOP02/RJ""",
"183807;406535;2019-01-06;""domingo"";""20:50:00"";""RJ"";101;266;""RIO BONITO"";""Não"";""Falta de Atenção à Condução"";1;""Colisão traseira"";""Com Vítimas Feridas"";""Plena Noite"";""Crescente"";""Céu Claro"";""Dupla"";""Reta"";""Não"";326873;""Camioneta"";""FORD/ECOSPORT XLT"";2007;""Condutor"";""Ileso"";53;""Masculino"";1;0;0;0;-22",70859;-42,"651821;""SR-RJ"";""DEL5/2"";""UOP02/RJ""",
"183808;406369;2019-01-06;""domingo"";""19:30:00"";""SP"";116;84;""PINDAMONHANGABA"";""Sim"";""Defeito Mecânico no Veículo"";1;""Tombamento"";""Com Vítimas Feridas"";""Anoitecer"";""Crescente"";""Céu Claro"";""Dupla"";""Reta"";""Não"";326821;""Motocicleta"";""I/SHINERAY MVK XY200 1"";2008;""Condutor"";""Lesões Leves"";30;""Masculino"";0;1;0;0;-22",917799;-45,"336021;""SR-SP"";""DEL6"";""UOP01/SP""",
"183808;406372;2019-01-06;""domingo"";""19:30:00"";""SP"";116;84;""PINDAMONHANGABA"";""Sim"";""Defeito Mecânico no Veículo"";1;""Tombamento"";""Com Vítimas Feridas"";""Anoitecer"";""Crescente"";""Céu Claro"";""Dupla"";""Reta"";""Não"";326821;""Motocicleta"";""I/SHINERAY MVK XY200 1"";2008;""Passageiro"";""Lesões Leves"";25;""Feminino"";0;1;0;0;-22",917799;-45,"336021;""SR-SP"";""DEL6"";""UOP01/SP""",
"183809;406069;2019-01-06;""domingo"";""20:30:00"";""GO"";60;48;""APARECIDA DE GOIANIA"";""Sim"";""Falta de Atenção à Condução"";2;""Atropelamento de Pedestre"";""Com Vítimas Feridas"";""Plena Noite"";""Decrescente"";""Céu Claro"";""Dupla"";""Reta"";""Sim"";326865;""Automóvel"";""PEUGEOT/207HB XR"";2010;""Condutor"";""Lesões Graves"";35;""Masculino"";0;0;1;0;-16",8101;-49,"2397;""SR-GO"";""DEL1/1"";""UOP03/GO""",
"183809;406069;2019-01-06;""domingo"";""20:30:00"";""GO"";60;48;""APARECIDA DE GOIANIA"";""Sim"";""Falta de Atenção à Condução"";1;""Colisão lateral"";""Com Vítimas Feridas"";""Plena Noite"";""Decrescente"";""Céu Claro"";""Dupla"";""Reta"";""Sim"";326865;""Automóvel"";""PEUGEOT/207HB XR"";2010;""Condutor"";""Lesões Graves"";35;""Masculino"";0;0;1;0;-16",8101;-49,"2397;""SR-GO"";""DEL1/1"";""UOP03/GO""",
"183809;406066;2019-01-06;""domingo"";""20:30:00"";""GO"";60;48;""APARECIDA DE GOIANIA"";""Sim"";""Falta de Atenção à Condução"";2;""Atropelamento de Pedestre"";""Com Vítimas Feridas"";""Plena Noite"";""Decrescente"";""Céu Claro"";""Dupla"";""Reta"";""Sim"";326864;""Automóvel"";""FIAT/PUNTO ESSENCE 1.6"";2012;""Condutor"";""Ileso"";25;""Masculino"";1;0;0;0;-16",8101;-49,"2397;""SR-GO"";""DEL1/1"";""UOP03/GO""",
"183809;406066;2019-01-06;""domingo"";""20:30:00"";""GO"";60;48;""APARECIDA DE GOIANIA"";""Sim"";""Falta de Atenção à Condução"";1;""Colisão lateral"";""Com Vítimas Feridas"";""Plena Noite"";""Decrescente"";""Céu Claro"";""Dupla"";""Reta"";""Sim"";326864;""Automóvel"";""FIAT/PUNTO ESSENCE 1.6"";2012;""Condutor"";""Ileso"";25;""Masculino"";1;0;0;0;-16",8101;-49,"2397;""SR-GO"";""DEL1/1"";""UOP03/GO""",
"183813;405067;2019-01-06;""domingo"";""15:00:00"";""MA"";222;625;""ACAILANDIA"";""Sim"";""Pista Escorregadia"";2;""Queda de ocupante de veículo"";""Com Vítimas Feridas"";""Pleno dia"";""Crescente"";""Nublado"";""Simples"";""Curva"";""Não"";326790;""Motocicleta"";""JTA/SUZUKI BANDIT 1250 S"";2010;""Condutor"";""Lesões Leves"";41;""Masculino"";0;1;0;0;-4",915103;-47,"420988;""SR-MA"";""DEL18/4"";""UOP03/MA""",
"183813;405067;2019-01-06;""domingo"";""15:00:00"";""MA"";222;625;""ACAILANDIA"";""Sim"";""Pista Escorregadia"";1;""Saída de leito carroçável"";""Com Vítimas Feridas"";""Pleno dia"";""Crescente"";""Nublado"";""Simples"";""Curva"";""Não"";326790;""Motocicleta"";""JTA/SUZUKI BANDIT 1250 S"";2010;""Condutor"";""Lesões Leves"";41;""Masculino"";0;1;0;0;-4",915103;-47,"420988;""SR-MA"";""DEL18/4"";""UOP03/MA""",
"183814;406864;2019-01-06;""domingo"";""20:30:00"";""SE"";235;55;""ITABAIANA"";""Sim"";""Ingestão de Álcool"";1;""Colisão traseira"";""Sem Vítimas"";""Plena Noite"";""Decrescente"";""Céu Claro"";""Simples"";""Reta"";""Sim"";326883;""Automóvel"";""VW/GOL CL MC"";2015;""Condutor"";""Ileso"";57;""Masculino"";1;0;0;0;-10",667386;-37,"446014;""SR-SE"";""DEL20/1"";""UOP02/SE""",
"183814;406865;2019-01-06;""domingo"";""20:30:00"";""SE"";235;55;""ITABAIANA"";""Sim"";""Ingestão de Álcool"";1;""Colisão traseira"";""Sem Vítimas"";""Plena Noite"";""Decrescente"";""Céu Claro"";""Simples"";""Reta"";""Sim"";326884;""Caminhonete"";""FIAT/STRADA ADVENTURE CD"";2017;""Condutor"";""Ileso"";55;""Masculino"";1;0;0;0;-10",667386;-37,"446014;""SR-SE"";""DEL20/1"";""UOP02/SE""",
"183815;405231;2019-01-06;""domingo"";""21:25:00"";""MG"";116;716","3;""MURIAE"";""Sim"";""Falta de Atenção à Condução"";1;""Colisão frontal"";""Com Vítimas Feridas"";""Plena Noite"";""Crescente"";""Nublado"";""Simples"";""Curva"";""Não"";326870;""Motocicleta"";""HONDA/CB600F HORNET"";2012;""Condutor"";""Lesões Leves"";55;""Masculino"";0;1;0;0;-21",20247707;-42,"38650564;""SR-MG"";""DEL4/7"";""UOP02/MG"""
"183815;407036;2019-01-06;""domingo"";""21:25:00"";""MG"";116;716","3;""MURIAE"";""Sim"";""Falta de Atenção à Condução"";1;""Colisão frontal"";""Com Vítimas Feridas"";""Plena Noite"";""Crescente"";""Nublado"";""Simples"";""Curva"";""Não"";326871;""Automóvel"";""HYUNDAI/HB20 1.6A PREM"";2012;""Condutor"";""Ileso"";37;""Masculino"";1;0;0;0;-21",20247707;-42,"38650564;""SR-MG"";""DEL4/7"";""UOP02/MG"""
"183816;NA;2019-01-06;""domingo"";""21:00:00"";""PR"";277;162;""PALMEIRA"";""Não"";""Falta de Atenção à Condução"";2;""Saída de leito carroçável"";""Com Vítimas Feridas"";""Plena Noite"";""Decrescente"";""Chuva"";""Simples"";""Curva"";""Não"";326840;""Semireboque"";""SR/RANDONSP SRFG CG"";2013;""Não Informado"";""Não Informado"";NA;""Não Informado"";0;0;0;0;-25",45892543;-49,"93959367;""SR-PR"";""DEL7/1"";""UOP05/PR""",
"183816;NA;2019-01-06;""domingo"";""21:00:00"";""PR"";277;162;""PALMEIRA"";""Sim"";""Desobediência às normas de trânsito pelo condutor"";2;""Saída de leito carroçável"";""Com Vítimas Feridas"";""Plena Noite"";""Decrescente"";""Chuva"";""Simples"";""Curva"";""Não"";326840;""Semireboque"";""SR/RANDONSP SRFG CG"";2013;""Não Informado"";""Não Informado"";NA;""Não Informado"";0;0;0;0;-25",45892543;-49,"93959367;""SR-PR"";""DEL7/1"";""UOP05/PR""",
"183816;NA;2019-01-06;""domingo"";""21:00:00"";""PR"";277;162;""PALMEIRA"";""Não"";""Falta de Atenção à Condução"";1;""Colisão lateral"";""Com Vítimas Feridas"";""Plena Noite"";""Decrescente"";""Chuva"";""Simples"";""Curva"";""Não"";326840;""Semireboque"";""SR/RANDONSP SRFG CG"";2013;""Não Informado"";""Não Informado"";NA;""Não Informado"";0;0;0;0;-25",45892543;-49,"93959367;""SR-PR"";""DEL7/1"";""UOP05/PR""",
"183816;NA;2019-01-06;""domingo"";""21:00:00"";""PR"";277;162;""PALMEIRA"";""Sim"";""Desobediência às normas de trânsito pelo condutor"";1;""Colisão lateral"";""Com Vítimas Feridas"";""Plena Noite"";""Decrescente"";""Chuva"";""Simples"";""Curva"";""Não"";326840;""Semireboque"";""SR/RANDONSP SRFG CG"";2013;""Não Informado"";""Não Informado"";NA;""Não Informado"";0;0;0;0;-25",45892543;-49,"93959367;""SR-PR"";""DEL7/1"";""UOP05/PR""",
"183816;NA;2019-01-06;""domingo"";""21:00:00"";""PR"";277;162;""PALMEIRA"";""Não"";""Falta de Atenção à Condução"";2;""Saída de leito carroçável"";""Com Vítimas Feridas"";""Plena Noite"";""Decrescente"";""Chuva"";""Simples"";""Curva"";""Não"";326841;""Semireboque"";""SR/BIASI BSTA 3ETA"";2018;""Não Informado"";""Não Informado"";NA;""Não Informado"";0;0;0;0;-25",45892543;-49,"93959367;""SR-PR"";""DEL7/1"";""UOP05/PR""",
"183816;NA;2019-01-06;""domingo"";""21:00:00"";""PR"";277;162;""PALMEIRA"";""Sim"";""Desobediência às normas de trânsito pelo condutor"";2;""Saída de leito carroçável"";""Com Vítimas Feridas"";""Plena Noite"";""Decrescente"";""Chuva"";""Simples"";""Curva"";""Não"";326841;""Semireboque"";""SR/BIASI BSTA 3ETA"";2018;""Não Informado"";""Não Informado"";NA;""Não Informado"";0;0;0;0;-25",45892543;-49,"93959367;""SR-PR"";""DEL7/1"";""UOP05/PR""",
"183816;NA;2019-01-06;""domingo"";""21:00:00"";""PR"";277;162;""PALMEIRA"";""Não"";""Falta de Atenção à Condução"";1;""Colisão lateral"";""Com Vítimas Feridas"";""Plena Noite"";""Decrescente"";""Chuva"";""Simples"";""Curva"";""Não"";326841;""Semireboque"";""SR/BIASI BSTA 3ETA"";2018;""Não Informado"";""Não Informado"";NA;""Não Informado"";0;0;0;0;-25",45892543;-49,"93959367;""SR-PR"";""DEL7/1"";""UOP05/PR""",
"183816;NA;2019-01-06;""domingo"";""21:00:00"";""PR"";277;162;""PALMEIRA"";""Sim"";""Desobediência às normas de trânsito pelo condutor"";1;""Colisão lateral"";""Com Vítimas Feridas"";""Plena Noite"";""Decrescente"";""Chuva"";""Simples"";""Curva"";""Não"";326841;""Semireboque"";""SR/BIASI BSTA 3ETA"";2018;""Não Informado"";""Não Informado"";NA;""Não Informado"";0;0;0;0;-25",45892543;-49,"93959367;""SR-PR"";""DEL7/1"";""UOP05/PR""",
"183816;405130;2019-01-06;""domingo"";""21:00:00"";""PR"";277;162;""PALMEIRA"";""Não"";""Falta de Atenção à Condução"";2;""Saída de leito carroçável"";""Com Vítimas Feridas"";""Plena Noite"";""Decrescente"";""Chuva"";""Simples"";""Curva"";""Não"";326834;""Caminhão-trator"";""SCANIA/R440 A8X2 4"";2018;""Condutor"";""Lesões Leves"";50;""Masculino"";0;1;0;0;-25",45892543;-49,"93959367;""SR-PR"";""DEL7/1"";""UOP05/PR""",
"183816;405130;2019-01-06;""domingo"";""21:00:00"";""PR"";277;162;""PALMEIRA"";""Sim"";""Desobediência às normas de trânsito pelo condutor"";2;""Saída de leito carroçável"";""Com Vítimas Feridas"";""Plena Noite"";""Decrescente"";""Chuva"";""Simples"";""Curva"";""Não"";326834;""Caminhão-trator"";""SCANIA/R440 A8X2 4"";2018;""Condutor"";""Lesões Leves"";50;""Masculino"";0;1;0;0;-25",45892543;-49,"93959367;""SR-PR"";""DEL7/1"";""UOP05/PR""",
"183816;405130;2019-01-06;""domingo"";""21:00:00"";""PR"";277;162;""PALMEIRA"";""Não"";""Falta de Atenção à Condução"";1;""Colisão lateral"";""Com Vítimas Feridas"";""Plena Noite"";""Decrescente"";""Chuva"";""Simples"";""Curva"";""Não"";326834;""Caminhão-trator"";""SCANIA/R440 A8X2 4"";2018;""Condutor"";""Lesões Leves"";50;""Masculino"";0;1;0;0;-25",45892543;-49,"93959367;""SR-PR"";""DEL7/1"";""UOP05/PR""",
"183816;405130;2019-01-06;""domingo"";""21:00:00"";""PR"";277;162;""PALMEIRA"";""Sim"";""Desobediência às normas de trânsito pelo condutor"";1;""Colisão lateral"";""Com Vítimas Feridas"";""Plena Noite"";""Decrescente"";""Chuva"";""Simples"";""Curva"";""Não"";326834;""Caminhão-trator"";""SCANIA/R440 A8X2 4"";2018;""Condutor"";""Lesões Leves"";50;""Masculino"";0;1;0;0;-25",45892543;-49,"93959367;""SR-PR"";""DEL7/1"";""UOP05/PR""",
"183816;405126;2019-01-06;""domingo"";""21:00:00"";""PR"";277;162;""PALMEIRA"";""Não"";""Falta de Atenção à Condução"";2;""Saída de leito carroçável"";""Com Vítimas Feridas"";""Plena Noite"";""Decrescente"";""Chuva"";""Simples"";""Curva"";""Não"";326833;""Caminhão-trator"";""SCANIA/R113 H 4X2 360"";1997;""Condutor"";""Ileso"";48;""Masculino"";1;0;0;0;-25",45892543;-49,"93959367;""SR-PR"";""DEL7/1"";""UOP05/PR""",
"183816;405126;2019-01-06;""domingo"";""21:00:00"";""PR"";277;162;""PALMEIRA"";""Sim"";""Desobediência às normas de trânsito pelo condutor"";2;""Saída de leito carroçável"";""Com Vítimas Feridas"";""Plena Noite"";""Decrescente"";""Chuva"";""Simples"";""Curva"";""Não"";326833;""Caminhão-trator"";""SCANIA/R113 H 4X2 360"";1997;""Condutor"";""Ileso"";48;""Masculino"";1;0;0;0;-25",45892543;-49,"93959367;""SR-PR"";""DEL7/1"";""UOP05/PR""",
"183816;405126;2019-01-06;""domingo"";""21:00:00"";""PR"";277;162;""PALMEIRA"";""Não"";""Falta de Atenção à Condução"";1;""Colisão lateral"";""Com Vítimas Feridas"";""Plena Noite"";""Decrescente"";""Chuva"";""Simples"";""Curva"";""Não"";326833;""Caminhão-trator"";""SCANIA/R113 H 4X2 360"";1997;""Condutor"";""Ileso"";48;""Masculino"";1;0;0;0;-25",45892543;-49,"93959367;""SR-PR"";""DEL7/1"";""UOP05/PR""",
"183816;405126;2019-01-06;""domingo"";""21:00:00"";""PR"";277;162;""PALMEIRA"";""Sim"";""Desobediência às normas de trânsito pelo condutor"";1;""Colisão lateral"";""Com Vítimas Feridas"";""Plena Noite"";""Decrescente"";""Chuva"";""Simples"";""Curva"";""Não"";326833;""Caminhão-trator"";""SCANIA/R113 H 4X2 360"";1997;""Condutor"";""Ileso"";48;""Masculino"";1;0;0;0;-25",45892543;-49,"93959367;""SR-PR"";""DEL7/1"";""UOP05/PR""",
"183817;406968;2019-01-06;""domingo"";""15:40:00"";""SC"";101;398;""MARACAJA"";""Sim"";""Desobediência às normas de trânsito pelo condutor"";1;""Colisão com objeto estático"";""Sem Vítimas"";""Pleno dia"";""Crescente"";""Céu Claro"";""Dupla"";""Curva"";""Sim"";326918;""Caminhonete"";""CHEVROLET/MONTANA LS"";2011;""Condutor"";""Não Informado"";NA;""Não Informado"";0;0;0;0;-28",8434;-49,"4302;""SR-SC"";""DEL8/2"";""UOP02/SC""",
"183818;405199;2019-01-06;""domingo"";""21:20:00"";""RS"";285;361;""SALDANHA MARINHO"";""Sim"";""Desobediência às normas de trânsito pelo condutor"";1;""Colisão traseira"";""Com Vítimas Feridas"";""Plena Noite"";""Crescente"";""Nublado"";""Simples"";""Reta"";""Não"";326907;""Bicicleta"";"""";NA;""Condutor"";""Lesões Graves"";24;""Masculino"";0;0;1;0;-28",369568;-52,"986038;""SR-RS"";""DEL08"";""UOP03/RS""",
"183818;405204;2019-01-06;""domingo"";""21:20:00"";""RS"";285;361;""SALDANHA MARINHO"";""Sim"";""Desobediência às normas de trânsito pelo condutor"";1;""Colisão traseira"";""Com Vítimas Feridas"";""Plena Noite"";""Crescente"";""Nublado"";""Simples"";""Reta"";""Não"";326905;""Automóvel"";""I/FORD FOCUS 1.8L HA"";2001;""Passageiro"";""Ileso"";23;""Masculino"";1;0;0;0;-28",369568;-52,"986038;""SR-RS"";""DEL08"";""UOP03/RS""",
"183818;405202;2019-01-06;""domingo"";""21:20:00"";""RS"";285;361;""SALDANHA MARINHO"";""Sim"";""Desobediência às normas de trânsito pelo condutor"";1;""Colisão traseira"";""Com Vítimas Feridas"";""Plena Noite"";""Crescente"";""Nublado"";""Simples"";""Reta"";""Não"";326905;""Automóvel"";""I/FORD FOCUS 1.8L HA"";2001;""Condutor"";""Ileso"";41;""Masculino"";1;0;0;0;-28",369568;-52,"986038;""SR-RS"";""DEL08"";""UOP03/RS""",
"183819;405113;2019-01-06;""domingo"";""18:10:00"";""BA"";242;388;""PALMEIRAS"";""Sim"";""Desobediência às normas de trânsito pelo condutor"";3;""Saída de leito carroçável"";""Com Vítimas Feridas"";""Anoitecer"";""Decrescente"";""Céu Claro"";""Simples"";""Desvio Temporário"";""Não"";326822;""Automóvel"";""VW/NOVO GOL TL MBV"";2017;""Passageiro"";""Lesões Graves"";27;""Masculino"";0;0;1;0;-12",450456;-41,"588406;""SR-BA"";""DEL 10/10"";""UOP02/BA""",
"183819;405113;2019-01-06;""domingo"";""18:10:00"";""BA"";242;388;""PALMEIRAS"";""Sim"";""Desobediência às normas de trânsito pelo condutor"";2;""Capotamento"";""Com Vítimas Feridas"";""Anoitecer"";""Decrescente"";""Céu Claro"";""Simples"";""Desvio Temporário"";""Não"";326822;""Automóvel"";""VW/NOVO GOL TL MBV"";2017;""Passageiro"";""Lesões Graves"";27;""Masculino"";0;0;1;0;-12",450456;-41,"588406;""SR-BA"";""DEL 10/10"";""UOP02/BA""",
"183819;405113;2019-01-06;""domingo"";""18:10:00"";""BA"";242;388;""PALMEIRAS"";""Sim"";""Desobediência às normas de trânsito pelo condutor"";1;""Colisão frontal"";""Com Vítimas Feridas"";""Anoitecer"";""Decrescente"";""Céu Claro"";""Simples"";""Desvio Temporário"";""Não"";326822;""Automóvel"";""VW/NOVO GOL TL MBV"";2017;""Passageiro"";""Lesões Graves"";27;""Masculino"";0;0;1;0;-12",450456;-41,"588406;""SR-BA"";""DEL 10/10"";""UOP02/BA""",
"183819;405533;2019-01-06;""domingo"";""18:10:00"";""BA"";242;388;""PALMEIRAS"";""Sim"";""Desobediência às normas de trânsito pelo condutor"";3;""Saída de leito carroçável"";""Com Vítimas Feridas"";""Anoitecer"";""Decrescente"";""Céu Claro"";""Simples"";""Desvio Temporário"";""Não"";326823;""Utilitário"";""I/MMC PAJERO HPE 3.2 D"";2012;""Passageiro"";""Lesões Graves"";14;""Masculino"";0;0;1;0;-12",450456;-41,"588406;""SR-BA"";""DEL 10/10"";""UOP02/BA""",
"183819;405533;2019-01-06;""domingo"";""18:10:00"";""BA"";242;388;""PALMEIRAS"";""Sim"";""Desobediência às normas de trânsito pelo condutor"";2;""Capotamento"";""Com Vítimas Feridas"";""Anoitecer"";""Decrescente"";""Céu Claro"";""Simples"";""Desvio Temporário"";""Não"";326823;""Utilitário"";""I/MMC PAJERO HPE 3.2 D"";2012;""Passageiro"";""Lesões Graves"";14;""Masculino"";0;0;1;0;-12",450456;-41,"588406;""SR-BA"";""DEL 10/10"";""UOP02/BA""",
"183819;405533;2019-01-06;""domingo"";""18:10:00"";""BA"";242;388;""PALMEIRAS"";""Sim"";""Desobediência às normas de trânsito pelo condutor"";1;""Colisão frontal"";""Com Vítimas Feridas"";""Anoitecer"";""Decrescente"";""Céu Claro"";""Simples"";""Desvio Temporário"";""Não"";326823;""Utilitário"";""I/MMC PAJERO HPE 3.2 D"";2012;""Passageiro"";""Lesões Graves"";14;""Masculino"";0;0;1;0;-12",450456;-41,"588406;""SR-BA"";""DEL 10/10"";""UOP02/BA""",
"183819;405549;2019-01-06;""domingo"";""18:10:00"";""BA"";242;388;""PALMEIRAS"";""Sim"";""Desobediência às normas de trânsito pelo condutor"";3;""Saída de leito carroçável"";""Com Vítimas Feridas"";""Anoitecer"";""Decrescente"";""Céu Claro"";""Simples"";""Desvio Temporário"";""Não"";326823;""Utilitário"";""I/MMC PAJERO HPE 3.2 D"";2012;""Passageiro"";""Ileso"";74;""Feminino"";1;0;0;0;-12",450456;-41,"588406;""SR-BA"";""DEL 10/10"";""UOP02/BA""",
"183819;405549;2019-01-06;""domingo"";""18:10:00"";""BA"";242;388;""PALMEIRAS"";""Sim"";""Desobediência às normas de trânsito pelo condutor"";2;""Capotamento"";""Com Vítimas Feridas"";""Anoitecer"";""Decrescente"";""Céu Claro"";""Simples"";""Desvio Temporário"";""Não"";326823;""Utilitário"";""I/MMC PAJERO HPE 3.2 D"";2012;""Passageiro"";""Ileso"";74;""Feminino"";1;0;0;0;-12",450456;-41,"588406;""SR-BA"";""DEL 10/10"";""UOP02/BA""",
"183819;405549;2019-01-06;""domingo"";""18:10:00"";""BA"";242;388;""PALMEIRAS"";""Sim"";""Desobediência às normas de trânsito pelo condutor"";1;""Colisão frontal"";""Com Vítimas Feridas"";""Anoitecer"";""Decrescente"";""Céu Claro"";""Simples"";""Desvio Temporário"";""Não"";326823;""Utilitário"";""I/MMC PAJERO HPE 3.2 D"";2012;""Passageiro"";""Ileso"";74;""Feminino"";1;0;0;0;-12",450456;-41,"588406;""SR-BA"";""DEL 10/10"";""UOP02/BA""",
"183819;405109;2019-01-06;""domingo"";""18:10:00"";""BA"";242;388;""PALMEIRAS"";""Sim"";""Desobediência às normas de trânsito pelo condutor"";3;""Saída de leito carroçável"";""Com Vítimas Feridas"";""Anoitecer"";""Decrescente"";""Céu Claro"";""Simples"";""Desvio Temporário"";""Não"";326822;""Automóvel"";""VW/NOVO GOL TL MBV"";2017;""Condutor"";""Lesões Leves"";29;""Feminino"";0;1;0;0;-12",450456;-41,"588406;""SR-BA"";""DEL 10/10"";""UOP02/BA""",
"183819;405109;2019-01-06;""domingo"";""18:10:00"";""BA"";242;388;""PALMEIRAS"";""Sim"";""Desobediência às normas de trânsito pelo condutor"";2;""Capotamento"";""Com Vítimas Feridas"";""Anoitecer"";""Decrescente"";""Céu Claro"";""Simples"";""Desvio Temporário"";""Não"";326822;""Automóvel"";""VW/NOVO GOL TL MBV"";2017;""Condutor"";""Lesões Leves"";29;""Feminino"";0;1;0;0;-12",450456;-41,"588406;""SR-BA"";""DEL 10/10"";""UOP02/BA""",
"183819;405109;2019-01-06;""domingo"";""18:10:00"";""BA"";242;388;""PALMEIRAS"";""Sim"";""Desobediência às normas de trânsito pelo condutor"";1;""Colisão frontal"";""Com Vítimas Feridas"";""Anoitecer"";""Decrescente"";""Céu Claro"";""Simples"";""Desvio Temporário"";""Não"";326822;""Automóvel"";""VW/NOVO GOL TL MBV"";2017;""Condutor"";""Lesões Leves"";29;""Feminino"";0;1;0;0;-12",450456;-41,"588406;""SR-BA"";""DEL 10/10"";""UOP02/BA""",
"183819;405551;2019-01-06;""domingo"";""18:10:00"";""BA"";242;388;""PALMEIRAS"";""Sim"";""Desobediência às normas de trânsito pelo condutor"";3;""Saída de leito carroçável"";""Com Vítimas Feridas"";""Anoitecer"";""Decrescente"";""Céu Claro"";""Simples"";""Desvio Temporário"";""Não"";326824;""Automóvel"";""FIAT/UNO MILLE FIRE"";2002;""Passageiro"";""Ileso"";23;""Masculino"";1;0;0;0;-12",450456;-41,"588406;""SR-BA"";""DEL 10/10"";""UOP02/BA""",
"183819;405551;2019-01-06;""domingo"";""18:10:00"";""BA"";242;388;""PALMEIRAS"";""Sim"";""Desobediência às normas de trânsito pelo condutor"";2;""Capotamento"";""Com Vítimas Feridas"";""Anoitecer"";""Decrescente"";""Céu Claro"";""Simples"";""Desvio Temporário"";""Não"";326824;""Automóvel"";""FIAT/UNO MILLE FIRE"";2002;""Passageiro"";""Ileso"";23;""Masculino"";1;0;0;0;-12",450456;-41,"588406;""SR-BA"";""DEL 10/10"";""UOP02/BA""",