"id;""pesid"";""data_inversa"";""dia_semana"";""horario"";""uf"";""br"";""km"";""municipio"";""causa_principal"";""causa_acidente"";""ordem_tipo_acidente"";""tipo_acidente"";""classificacao_acidente"";""fase_dia"";""sentido_via"";""condicao_metereologica"";""tipo_pista"";""tracado_via"";""uso_solo"";""id_veiculo"";""tipo_veiculo"";""marca"";""ano_fabricacao_veiculo"";""tipo_envolvido"";""estado_fisico"";""idade"";""sexo"";""ilesos"";""feridos_leves"";""feridos_graves"";""mortos"";""latitude"";""longitude"";""regional"";""delegacia"";""uop""",,,
"183819;405551;2019-01-06;""domingo"";""18:10:00"";""BA"";242;388;""PALMEIRAS"";""Sim"";""Desobediência às normas de trânsito pelo condutor"";1;""Colisão frontal"";""Com Vítimas Feridas"";""Anoitecer"";""Decrescente"";""Céu Claro"";""Simples"";""Desvio Temporário"";""Não"";326824;""Automóvel"";""FIAT/UNO MILLE FIRE"";2002;""Passageiro"";""Ileso"";23;""Masculino"";1;0;0;0;-12",450456;-41,"588406;""SR-BA"";""DEL 10/10"";""UOP02/BA""",
"183819;405545;2019-01-06;""domingo"";""18:10:00"";""BA"";242;388;""PALMEIRAS"";""Sim"";""Desobediência às normas de trânsito pelo condutor"";3;""Saída de leito carroçável"";""Com Vítimas Feridas"";""Anoitecer"";""Decrescente"";""Céu Claro"";""Simples"";""Desvio Temporário"";""Não"";326823;""Utilitário"";""I/MMC PAJERO HPE 3.2 D"";2012;""Passageiro"";""Lesões Graves"";49;""Feminino"";0;0;1;0;-12",450456;-41,"588406;""SR-BA"";""DEL 10/10"";""UOP02/BA""",
"183819;405545;2019-01-06;""domingo"";""18:10:00"";""BA"";242;388;""PALMEIRAS"";""Sim"";""Desobediência às normas de trânsito pelo condutor"";2;""Capotamento"";""Com Vítimas Feridas"";""Anoitecer"";""Decrescente"";""Céu Claro"";""Simples"";""Desvio Temporário"";""Não"";326823;""Utilitário"";""I/MMC PAJERO HPE 3.2 D"";2012;""Passageiro"";""Lesões Graves"";49;""Feminino"";0;0;1;0;-12",450456;-41,"588406;""SR-BA"";""DEL 10/10"";""UOP02/BA""",
"183819;405545;2019-01-06;""domingo"";""18:10:00"";""BA"";242;388;""PALMEIRAS"";""Sim"";""Desobediência às normas de trânsito pelo condutor"";1;""Colisão frontal"";""Com Vítimas Feridas"";""Anoitecer"";""Decrescente"";""Céu Claro"";""Simples"";""Desvio Temporário"";""Não"";326823;""Utilitário"";""I/MMC PAJERO HPE 3.2 D"";2012;""Passageiro"";""Lesões Graves"";49;""Feminino"";0;0;1;0;-12",450456;-41,"588406;""SR-BA"";""DEL 10/10"";""UOP02/BA""",
"183819;405535;2019-01-06;""domingo"";""18:10:00"";""BA"";242;388;""PALMEIRAS"";""Sim"";""Desobediência às normas de trânsito pelo condutor"";3;""Saída de leito carroçável"";""Com Vítimas Feridas"";""Anoitecer"";""Decrescente"";""Céu Claro"";""Simples"";""Desvio Temporário"";""Não"";326823;""Utilitário"";""I/MMC PAJERO HPE 3.2 D"";2012;""Passageiro"";""Ileso"";18;""Masculino"";1;0;0;0;-12",450456;-41,"588406;""SR-BA"";""DEL 10/10"";""UOP02/BA""",
"183819;405535;2019-01-06;""domingo"";""18:10:00"";""BA"";242;388;""PALMEIRAS"";""Sim"";""Desobediência às normas de trânsito pelo condutor"";2;""Capotamento"";""Com Vítimas Feridas"";""Anoitecer"";""Decrescente"";""Céu Claro"";""Simples"";""Desvio Temporário"";""Não"";326823;""Utilitário"";""I/MMC PAJERO HPE 3.2 D"";2012;""Passageiro"";""Ileso"";18;""Masculino"";1;0;0;0;-12",450456;-41,"588406;""SR-BA"";""DEL 10/10"";""UOP02/BA""",
"183819;405535;2019-01-06;""domingo"";""18:10:00"";""BA"";242;388;""PALMEIRAS"";""Sim"";""Desobediência às normas de trânsito pelo condutor"";1;""Colisão frontal"";""Com Vítimas Feridas"";""Anoitecer"";""Decrescente"";""Céu Claro"";""Simples"";""Desvio Temporário"";""Não"";326823;""Utilitário"";""I/MMC PAJERO HPE 3.2 D"";2012;""Passageiro"";""Ileso"";18;""Masculino"";1;0;0;0;-12",450456;-41,"588406;""SR-BA"";""DEL 10/10"";""UOP02/BA""",
"183819;405554;2019-01-06;""domingo"";""18:10:00"";""BA"";242;388;""PALMEIRAS"";""Sim"";""Desobediência às normas de trânsito pelo condutor"";3;""Saída de leito carroçável"";""Com Vítimas Feridas"";""Anoitecer"";""Decrescente"";""Céu Claro"";""Simples"";""Desvio Temporário"";""Não"";326824;""Automóvel"";""FIAT/UNO MILLE FIRE"";2002;""Passageiro"";""Ileso"";26;""Feminino"";1;0;0;0;-12",450456;-41,"588406;""SR-BA"";""DEL 10/10"";""UOP02/BA""",
"183819;405554;2019-01-06;""domingo"";""18:10:00"";""BA"";242;388;""PALMEIRAS"";""Sim"";""Desobediência às normas de trânsito pelo condutor"";2;""Capotamento"";""Com Vítimas Feridas"";""Anoitecer"";""Decrescente"";""Céu Claro"";""Simples"";""Desvio Temporário"";""Não"";326824;""Automóvel"";""FIAT/UNO MILLE FIRE"";2002;""Passageiro"";""Ileso"";26;""Feminino"";1;0;0;0;-12",450456;-41,"588406;""SR-BA"";""DEL 10/10"";""UOP02/BA""",
"183819;405554;2019-01-06;""domingo"";""18:10:00"";""BA"";242;388;""PALMEIRAS"";""Sim"";""Desobediência às normas de trânsito pelo condutor"";1;""Colisão frontal"";""Com Vítimas Feridas"";""Anoitecer"";""Decrescente"";""Céu Claro"";""Simples"";""Desvio Temporário"";""Não"";326824;""Automóvel"";""FIAT/UNO MILLE FIRE"";2002;""Passageiro"";""Ileso"";26;""Feminino"";1;0;0;0;-12",450456;-41,"588406;""SR-BA"";""DEL 10/10"";""UOP02/BA""",
"183819;405115;2019-01-06;""domingo"";""18:10:00"";""BA"";242;388;""PALMEIRAS"";""Sim"";""Desobediência às normas de trânsito pelo condutor"";3;""Saída de leito carroçável"";""Com Vítimas Feridas"";""Anoitecer"";""Decrescente"";""Céu Claro"";""Simples"";""Desvio Temporário"";""Não"";326824;""Automóvel"";""FIAT/UNO MILLE FIRE"";2002;""Condutor"";""Ileso"";39;""Masculino"";1;0;0;0;-12",450456;-41,"588406;""SR-BA"";""DEL 10/10"";""UOP02/BA""",
"183819;405115;2019-01-06;""domingo"";""18:10:00"";""BA"";242;388;""PALMEIRAS"";""Sim"";""Desobediência às normas de trânsito pelo condutor"";2;""Capotamento"";""Com Vítimas Feridas"";""Anoitecer"";""Decrescente"";""Céu Claro"";""Simples"";""Desvio Temporário"";""Não"";326824;""Automóvel"";""FIAT/UNO MILLE FIRE"";2002;""Condutor"";""Ileso"";39;""Masculino"";1;0;0;0;-12",450456;-41,"588406;""SR-BA"";""DEL 10/10"";""UOP02/BA""",
"183819;405115;2019-01-06;""domingo"";""18:10:00"";""BA"";242;388;""PALMEIRAS"";""Sim"";""Desobediência às normas de trânsito pelo condutor"";1;""Colisão frontal"";""Com Vítimas Feridas"";""Anoitecer"";""Decrescente"";""Céu Claro"";""Simples"";""Desvio Temporário"";""Não"";326824;""Automóvel"";""FIAT/UNO MILLE FIRE"";2002;""Condutor"";""Ileso"";39;""Masculino"";1;0;0;0;-12",450456;-41,"588406;""SR-BA"";""DEL 10/10"";""UOP02/BA""",
"183819;405114;2019-01-06;""domingo"";""18:10:00"";""BA"";242;388;""PALMEIRAS"";""Sim"";""Desobediência às normas de trânsito pelo condutor"";3;""Saída de leito carroçável"";""Com Vítimas Feridas"";""Anoitecer"";""Decrescente"";""Céu Claro"";""Simples"";""Desvio Temporário"";""Não"";326823;""Utilitário"";""I/MMC PAJERO HPE 3.2 D"";2012;""Condutor"";""Ileso"";48;""Masculino"";1;0;0;0;-12",450456;-41,"588406;""SR-BA"";""DEL 10/10"";""UOP02/BA""",
"183819;405114;2019-01-06;""domingo"";""18:10:00"";""BA"";242;388;""PALMEIRAS"";""Sim"";""Desobediência às normas de trânsito pelo condutor"";2;""Capotamento"";""Com Vítimas Feridas"";""Anoitecer"";""Decrescente"";""Céu Claro"";""Simples"";""Desvio Temporário"";""Não"";326823;""Utilitário"";""I/MMC PAJERO HPE 3.2 D"";2012;""Condutor"";""Ileso"";48;""Masculino"";1;0;0;0;-12",450456;-41,"588406;""SR-BA"";""DEL 10/10"";""UOP02/BA""",
"183819;405114;2019-01-06;""domingo"";""18:10:00"";""BA"";242;388;""PALMEIRAS"";""Sim"";""Desobediência às normas de trânsito pelo condutor"";1;""Colisão frontal"";""Com Vítimas Feridas"";""Anoitecer"";""Decrescente"";""Céu Claro"";""Simples"";""Desvio Temporário"";""Não"";326823;""Utilitário"";""I/MMC PAJERO HPE 3.2 D"";2012;""Condutor"";""Ileso"";48;""Masculino"";1;0;0;0;-12",450456;-41,"588406;""SR-BA"";""DEL 10/10"";""UOP02/BA""",
"183820;406644;2019-01-06;""domingo"";""20:50:00"";""PR"";277;42;""MORRETES"";""Sim"";""Defeito Mecânico no Veículo"";1;""Incêndio"";""Sem Vítimas"";""Plena Noite"";""Crescente"";""Garoa/Chuvisco"";""Dupla"";""Reta"";""Não"";326819;""Automóvel"";""PEUGEOT/206 PASSION 16"";2002;""Condutor"";""Ileso"";21;""Masculino"";1;0;0;0;-25",57729988;-48,"85969341;""SR-PR"";""DEL7/1"";""UOP06/PR""",
"183821;405235;2019-01-06;""domingo"";""21:30:00"";""PR"";376;665;""GUARATUBA"";""Sim"";""Defeito Mecânico no Veículo"";2;""Tombamento"";""Sem Vítimas"";""Plena Noite"";""Crescente"";""Nublado"";""Dupla"";""Curva"";""Não"";326890;""Caminhão"";""VW/24.250 CNC 6X2"";2010;""Condutor"";""Ileso"";39;""Masculino"";1;0;0;0;-25",86663801;-48,"94683838;""SR-PR"";""DEL7/1"";""UOP08/PR""",
"183821;405235;2019-01-06;""domingo"";""21:30:00"";""PR"";376;665;""GUARATUBA"";""Sim"";""Defeito Mecânico no Veículo"";1;""Saída de leito carroçável"";""Sem Vítimas"";""Plena Noite"";""Crescente"";""Nublado"";""Dupla"";""Curva"";""Não"";326890;""Caminhão"";""VW/24.250 CNC 6X2"";2010;""Condutor"";""Ileso"";39;""Masculino"";1;0;0;0;-25",86663801;-48,"94683838;""SR-PR"";""DEL7/1"";""UOP08/PR""",
"183822;405103;2019-01-06;""domingo"";""20:30:00"";""ES"";393;0","8;""CACHOEIRO DE ITAPEMIRIM"";""Sim"";""Ultrapassagem Indevida"";1;""Colisão traseira"";""Com Vítimas Feridas"";""Plena Noite"";""Crescente"";""Céu Claro"";""Simples"";""Reta"";""Sim"";326815;""Automóvel"";"""";NA;""Condutor"";""Ileso"";NA;""Masculino"";1;0;0;0;-20",841324;-41,"15929;""SR-ES"";""DEL12/3"";""UOP02/ES"""
"183822;405112;2019-01-06;""domingo"";""20:30:00"";""ES"";393;0","8;""CACHOEIRO DE ITAPEMIRIM"";""Sim"";""Ultrapassagem Indevida"";1;""Colisão traseira"";""Com Vítimas Feridas"";""Plena Noite"";""Crescente"";""Céu Claro"";""Simples"";""Reta"";""Sim"";326816;""Motocicleta"";"""";NA;""Condutor"";""Lesões Leves"";20;""Masculino"";0;1;0;0;-20",841324;-41,"15929;""SR-ES"";""DEL12/3"";""UOP02/ES"""
"183823;405172;2019-01-06;""domingo"";""22:05:00"";""GO"";414;393","1;""CORUMBA DE GOIAS"";""Sim"";""Ingestão de Álcool"";1;""Colisão com objeto estático"";""Sem Vítimas"";""Plena Noite"";""Decrescente"";""Nublado"";""Simples"";""Reta"";""Sim"";326872;""Automóvel"";""FIAT/PALIO FIRE WAY"";2015;""Condutor"";""Ileso"";20;""Masculino"";1;0;0;0;-15",92370597;-48,"80612969;""SR-GO"";""DEL1/2"";""UOP01/GO"""
"183823;405174;2019-01-06;""domingo"";""22:05:00"";""GO"";414;393","1;""CORUMBA DE GOIAS"";""Sim"";""Ingestão de Álcool"";1;""Colisão com objeto estático"";""Sem Vítimas"";""Plena Noite"";""Decrescente"";""Nublado"";""Simples"";""Reta"";""Sim"";326872;""Automóvel"";""FIAT/PALIO FIRE WAY"";2015;""Passageiro"";""Ileso"";22;""Masculino"";1;0;0;0;-15",92370597;-48,"80612969;""SR-GO"";""DEL1/2"";""UOP01/GO"""
"183823;405173;2019-01-06;""domingo"";""22:05:00"";""GO"";414;393","1;""CORUMBA DE GOIAS"";""Sim"";""Ingestão de Álcool"";1;""Colisão com objeto estático"";""Sem Vítimas"";""Plena Noite"";""Decrescente"";""Nublado"";""Simples"";""Reta"";""Sim"";326872;""Automóvel"";""FIAT/PALIO FIRE WAY"";2015;""Passageiro"";""Ileso"";19;""Masculino"";1;0;0;0;-15",92370597;-48,"80612969;""SR-GO"";""DEL1/2"";""UOP01/GO"""
"183825;NA;2019-01-06;""domingo"";""21:10:00"";""BA"";116;453","4;""SANTO ESTEVAO"";""Sim"";""Desobediência às normas de trânsito pelo condutor"";4;""Colisão frontal"";""Com Vítimas Feridas"";""Plena Noite"";""Decrescente"";""Céu Claro"";""Dupla"";""Reta"";""Não"";327452;""Reboque"";""REB/ITAGRI CA 500"";2012;""Não Informado"";""Não Informado"";NA;""Não Informado"";0;0;0;0;-12",41099908;-39,"18352392;""SR-BA"";""DEL10/2"";""UOP01/BA"""
"183825;NA;2019-01-06;""domingo"";""21:10:00"";""BA"";116;453","4;""SANTO ESTEVAO"";""Sim"";""Desobediência às normas de trânsito pelo condutor"";3;""Tombamento"";""Com Vítimas Feridas"";""Plena Noite"";""Decrescente"";""Céu Claro"";""Dupla"";""Reta"";""Não"";327452;""Reboque"";""REB/ITAGRI CA 500"";2012;""Não Informado"";""Não Informado"";NA;""Não Informado"";0;0;0;0;-12",41099908;-39,"18352392;""SR-BA"";""DEL10/2"";""UOP01/BA"""
"183825;NA;2019-01-06;""domingo"";""21:10:00"";""BA"";116;453","4;""SANTO ESTEVAO"";""Sim"";""Desobediência às normas de trânsito pelo condutor"";2;""Saída de leito carroçável"";""Com Vítimas Feridas"";""Plena Noite"";""Decrescente"";""Céu Claro"";""Dupla"";""Reta"";""Não"";327452;""Reboque"";""REB/ITAGRI CA 500"";2012;""Não Informado"";""Não Informado"";NA;""Não Informado"";0;0;0;0;-12",41099908;-39,"18352392;""SR-BA"";""DEL10/2"";""UOP01/BA"""
"183825;NA;2019-01-06;""domingo"";""21:10:00"";""BA"";116;453","4;""SANTO ESTEVAO"";""Sim"";""Desobediência às normas de trânsito pelo condutor"";1;""Colisão lateral"";""Com Vítimas Feridas"";""Plena Noite"";""Decrescente"";""Céu Claro"";""Dupla"";""Reta"";""Não"";327452;""Reboque"";""REB/ITAGRI CA 500"";2012;""Não Informado"";""Não Informado"";NA;""Não Informado"";0;0;0;0;-12",41099908;-39,"18352392;""SR-BA"";""DEL10/2"";""UOP01/BA"""
"183825;NA;2019-01-06;""domingo"";""21:10:00"";""BA"";116;453","4;""SANTO ESTEVAO"";""Sim"";""Desobediência às normas de trânsito pelo condutor"";4;""Colisão frontal"";""Com Vítimas Feridas"";""Plena Noite"";""Decrescente"";""Céu Claro"";""Dupla"";""Reta"";""Não"";327458;""Semireboque"";""SR/RANDON SR FG"";2004;""Não Informado"";""Não Informado"";NA;""Não Informado"";0;0;0;0;-12",41099908;-39,"18352392;""SR-BA"";""DEL10/2"";""UOP01/BA"""
"183825;NA;2019-01-06;""domingo"";""21:10:00"";""BA"";116;453","4;""SANTO ESTEVAO"";""Sim"";""Desobediência às normas de trânsito pelo condutor"";3;""Tombamento"";""Com Vítimas Feridas"";""Plena Noite"";""Decrescente"";""Céu Claro"";""Dupla"";""Reta"";""Não"";327458;""Semireboque"";""SR/RANDON SR FG"";2004;""Não Informado"";""Não Informado"";NA;""Não Informado"";0;0;0;0;-12",41099908;-39,"18352392;""SR-BA"";""DEL10/2"";""UOP01/BA"""
"183825;NA;2019-01-06;""domingo"";""21:10:00"";""BA"";116;453","4;""SANTO ESTEVAO"";""Sim"";""Desobediência às normas de trânsito pelo condutor"";2;""Saída de leito carroçável"";""Com Vítimas Feridas"";""Plena Noite"";""Decrescente"";""Céu Claro"";""Dupla"";""Reta"";""Não"";327458;""Semireboque"";""SR/RANDON SR FG"";2004;""Não Informado"";""Não Informado"";NA;""Não Informado"";0;0;0;0;-12",41099908;-39,"18352392;""SR-BA"";""DEL10/2"";""UOP01/BA"""
"183825;NA;2019-01-06;""domingo"";""21:10:00"";""BA"";116;453","4;""SANTO ESTEVAO"";""Sim"";""Desobediência às normas de trânsito pelo condutor"";1;""Colisão lateral"";""Com Vítimas Feridas"";""Plena Noite"";""Decrescente"";""Céu Claro"";""Dupla"";""Reta"";""Não"";327458;""Semireboque"";""SR/RANDON SR FG"";2004;""Não Informado"";""Não Informado"";NA;""Não Informado"";0;0;0;0;-12",41099908;-39,"18352392;""SR-BA"";""DEL10/2"";""UOP01/BA"""
"183825;405969;2019-01-06;""domingo"";""21:10:00"";""BA"";116;453","4;""SANTO ESTEVAO"";""Sim"";""Desobediência às normas de trânsito pelo condutor"";4;""Colisão frontal"";""Com Vítimas Feridas"";""Plena Noite"";""Decrescente"";""Céu Claro"";""Dupla"";""Reta"";""Não"";326892;""Micro-ônibus"";""I/M.BENZ313CDI SPRINTERM"";2004;""Passageiro"";""Lesões Leves"";NA;""Feminino"";0;1;0;0;-12",41099908;-39,"18352392;""SR-BA"";""DEL10/2"";""UOP01/BA"""
"183825;405969;2019-01-06;""domingo"";""21:10:00"";""BA"";116;453","4;""SANTO ESTEVAO"";""Sim"";""Desobediência às normas de trânsito pelo condutor"";3;""Tombamento"";""Com Vítimas Feridas"";""Plena Noite"";""Decrescente"";""Céu Claro"";""Dupla"";""Reta"";""Não"";326892;""Micro-ônibus"";""I/M.BENZ313CDI SPRINTERM"";2004;""Passageiro"";""Lesões Leves"";NA;""Feminino"";0;1;0;0;-12",41099908;-39,"18352392;""SR-BA"";""DEL10/2"";""UOP01/BA"""
"183825;405969;2019-01-06;""domingo"";""21:10:00"";""BA"";116;453","4;""SANTO ESTEVAO"";""Sim"";""Desobediência às normas de trânsito pelo condutor"";2;""Saída de leito carroçável"";""Com Vítimas Feridas"";""Plena Noite"";""Decrescente"";""Céu Claro"";""Dupla"";""Reta"";""Não"";326892;""Micro-ônibus"";""I/M.BENZ313CDI SPRINTERM"";2004;""Passageiro"";""Lesões Leves"";NA;""Feminino"";0;1;0;0;-12",41099908;-39,"18352392;""SR-BA"";""DEL10/2"";""UOP01/BA"""
"183825;405969;2019-01-06;""domingo"";""21:10:00"";""BA"";116;453","4;""SANTO ESTEVAO"";""Sim"";""Desobediência às normas de trânsito pelo condutor"";1;""Colisão lateral"";""Com Vítimas Feridas"";""Plena Noite"";""Decrescente"";""Céu Claro"";""Dupla"";""Reta"";""Não"";326892;""Micro-ônibus"";""I/M.BENZ313CDI SPRINTERM"";2004;""Passageiro"";""Lesões Leves"";NA;""Feminino"";0;1;0;0;-12",41099908;-39,"18352392;""SR-BA"";""DEL10/2"";""UOP01/BA"""
"183825;405966;2019-01-06;""domingo"";""21:10:00"";""BA"";116;453","4;""SANTO ESTEVAO"";""Sim"";""Desobediência às normas de trânsito pelo condutor"";4;""Colisão frontal"";""Com Vítimas Feridas"";""Plena Noite"";""Decrescente"";""Céu Claro"";""Dupla"";""Reta"";""Não"";326892;""Micro-ônibus"";""I/M.BENZ313CDI SPRINTERM"";2004;""Passageiro"";""Lesões Leves"";7;""Feminino"";0;1;0;0;-12",41099908;-39,"18352392;""SR-BA"";""DEL10/2"";""UOP01/BA"""
"183825;405966;2019-01-06;""domingo"";""21:10:00"";""BA"";116;453","4;""SANTO ESTEVAO"";""Sim"";""Desobediência às normas de trânsito pelo condutor"";3;""Tombamento"";""Com Vítimas Feridas"";""Plena Noite"";""Decrescente"";""Céu Claro"";""Dupla"";""Reta"";""Não"";326892;""Micro-ônibus"";""I/M.BENZ313CDI SPRINTERM"";2004;""Passageiro"";""Lesões Leves"";7;""Feminino"";0;1;0;0;-12",41099908;-39,"18352392;""SR-BA"";""DEL10/2"";""UOP01/BA"""
"183825;405966;2019-01-06;""domingo"";""21:10:00"";""BA"";116;453","4;""SANTO ESTEVAO"";""Sim"";""Desobediência às normas de trânsito pelo condutor"";2;""Saída de leito carroçável"";""Com Vítimas Feridas"";""Plena Noite"";""Decrescente"";""Céu Claro"";""Dupla"";""Reta"";""Não"";326892;""Micro-ônibus"";""I/M.BENZ313CDI SPRINTERM"";2004;""Passageiro"";""Lesões Leves"";7;""Feminino"";0;1;0;0;-12",41099908;-39,"18352392;""SR-BA"";""DEL10/2"";""UOP01/BA"""
"183825;405966;2019-01-06;""domingo"";""21:10:00"";""BA"";116;453","4;""SANTO ESTEVAO"";""Sim"";""Desobediência às normas de trânsito pelo condutor"";1;""Colisão lateral"";""Com Vítimas Feridas"";""Plena Noite"";""Decrescente"";""Céu Claro"";""Dupla"";""Reta"";""Não"";326892;""Micro-ônibus"";""I/M.BENZ313CDI SPRINTERM"";2004;""Passageiro"";""Lesões Leves"";7;""Feminino"";0;1;0;0;-12",41099908;-39,"18352392;""SR-BA"";""DEL10/2"";""UOP01/BA"""
"183825;405979;2019-01-06;""domingo"";""21:10:00"";""BA"";116;453","4;""SANTO ESTEVAO"";""Sim"";""Desobediência às normas de trânsito pelo condutor"";4;""Colisão frontal"";""Com Vítimas Feridas"";""Plena Noite"";""Decrescente"";""Céu Claro"";""Dupla"";""Reta"";""Não"";326892;""Micro-ônibus"";""I/M.BENZ313CDI SPRINTERM"";2004;""Condutor"";""Lesões Leves"";40;""Masculino"";0;1;0;0;-12",41099908;-39,"18352392;""SR-BA"";""DEL10/2"";""UOP01/BA"""
"183825;405979;2019-01-06;""domingo"";""21:10:00"";""BA"";116;453","4;""SANTO ESTEVAO"";""Sim"";""Desobediência às normas de trânsito pelo condutor"";3;""Tombamento"";""Com Vítimas Feridas"";""Plena Noite"";""Decrescente"";""Céu Claro"";""Dupla"";""Reta"";""Não"";326892;""Micro-ônibus"";""I/M.BENZ313CDI SPRINTERM"";2004;""Condutor"";""Lesões Leves"";40;""Masculino"";0;1;0;0;-12",41099908;-39,"18352392;""SR-BA"";""DEL10/2"";""UOP01/BA"""
"183825;405979;2019-01-06;""domingo"";""21:10:00"";""BA"";116;453","4;""SANTO ESTEVAO"";""Sim"";""Desobediência às normas de trânsito pelo condutor"";2;""Saída de leito carroçável"";""Com Vítimas Feridas"";""Plena Noite"";""Decrescente"";""Céu Claro"";""Dupla"";""Reta"";""Não"";326892;""Micro-ônibus"";""I/M.BENZ313CDI SPRINTERM"";2004;""Condutor"";""Lesões Leves"";40;""Masculino"";0;1;0;0;-12",41099908;-39,"18352392;""SR-BA"";""DEL10/2"";""UOP01/BA"""
"183825;405979;2019-01-06;""domingo"";""21:10:00"";""BA"";116;453","4;""SANTO ESTEVAO"";""Sim"";""Desobediência às normas de trânsito pelo condutor"";1;""Colisão lateral"";""Com Vítimas Feridas"";""Plena Noite"";""Decrescente"";""Céu Claro"";""Dupla"";""Reta"";""Não"";326892;""Micro-ônibus"";""I/M.BENZ313CDI SPRINTERM"";2004;""Condutor"";""Lesões Leves"";40;""Masculino"";0;1;0;0;-12",41099908;-39,"18352392;""SR-BA"";""DEL10/2"";""UOP01/BA"""
"183825;405229;2019-01-06;""domingo"";""21:10:00"";""BA"";116;453","4;""SANTO ESTEVAO"";""Sim"";""Desobediência às normas de trânsito pelo condutor"";4;""Colisão frontal"";""Com Vítimas Feridas"";""Plena Noite"";""Decrescente"";""Céu Claro"";""Dupla"";""Reta"";""Não"";326893;""Caminhão-trator"";""M.BENZ/1938 S"";2004;""Condutor"";""Ileso"";49;""Masculino"";1;0;0;0;-12",41099908;-39,"18352392;""SR-BA"";""DEL10/2"";""UOP01/BA"""
"183825;405229;2019-01-06;""domingo"";""21:10:00"";""BA"";116;453","4;""SANTO ESTEVAO"";""Sim"";""Desobediência às normas de trânsito pelo condutor"";3;""Tombamento"";""Com Vítimas Feridas"";""Plena Noite"";""Decrescente"";""Céu Claro"";""Dupla"";""Reta"";""Não"";326893;""Caminhão-trator"";""M.BENZ/1938 S"";2004;""Condutor"";""Ileso"";49;""Masculino"";1;0;0;0;-12",41099908;-39,"18352392;""SR-BA"";""DEL10/2"";""UOP01/BA"""
"183825;405229;2019-01-06;""domingo"";""21:10:00"";""BA"";116;453","4;""SANTO ESTEVAO"";""Sim"";""Desobediência às normas de trânsito pelo condutor"";2;""Saída de leito carroçável"";""Com Vítimas Feridas"";""Plena Noite"";""Decrescente"";""Céu Claro"";""Dupla"";""Reta"";""Não"";326893;""Caminhão-trator"";""M.BENZ/1938 S"";2004;""Condutor"";""Ileso"";49;""Masculino"";1;0;0;0;-12",41099908;-39,"18352392;""SR-BA"";""DEL10/2"";""UOP01/BA"""
"183825;405229;2019-01-06;""domingo"";""21:10:00"";""BA"";116;453","4;""SANTO ESTEVAO"";""Sim"";""Desobediência às normas de trânsito pelo condutor"";1;""Colisão lateral"";""Com Vítimas Feridas"";""Plena Noite"";""Decrescente"";""Céu Claro"";""Dupla"";""Reta"";""Não"";326893;""Caminhão-trator"";""M.BENZ/1938 S"";2004;""Condutor"";""Ileso"";49;""Masculino"";1;0;0;0;-12",41099908;-39,"18352392;""SR-BA"";""DEL10/2"";""UOP01/BA"""
"183825;405240;2019-01-06;""domingo"";""21:10:00"";""BA"";116;453","4;""SANTO ESTEVAO"";""Sim"";""Desobediência às normas de trânsito pelo condutor"";4;""Colisão frontal"";""Com Vítimas Feridas"";""Plena Noite"";""Decrescente"";""Céu Claro"";""Dupla"";""Reta"";""Não"";326892;""Micro-ônibus"";""I/M.BENZ313CDI SPRINTERM"";2004;""Passageiro"";""Lesões Leves"";41;""Masculino"";0;1;0;0;-12",41099908;-39,"18352392;""SR-BA"";""DEL10/2"";""UOP01/BA"""
"183825;405240;2019-01-06;""domingo"";""21:10:00"";""BA"";116;453","4;""SANTO ESTEVAO"";""Sim"";""Desobediência às normas de trânsito pelo condutor"";3;""Tombamento"";""Com Vítimas Feridas"";""Plena Noite"";""Decrescente"";""Céu Claro"";""Dupla"";""Reta"";""Não"";326892;""Micro-ônibus"";""I/M.BENZ313CDI SPRINTERM"";2004;""Passageiro"";""Lesões Leves"";41;""Masculino"";0;1;0;0;-12",41099908;-39,"18352392;""SR-BA"";""DEL10/2"";""UOP01/BA"""
"183825;405240;2019-01-06;""domingo"";""21:10:00"";""BA"";116;453","4;""SANTO ESTEVAO"";""Sim"";""Desobediência às normas de trânsito pelo condutor"";2;""Saída de leito carroçável"";""Com Vítimas Feridas"";""Plena Noite"";""Decrescente"";""Céu Claro"";""Dupla"";""Reta"";""Não"";326892;""Micro-ônibus"";""I/M.BENZ313CDI SPRINTERM"";2004;""Passageiro"";""Lesões Leves"";41;""Masculino"";0;1;0;0;-12",41099908;-39,"18352392;""SR-BA"";""DEL10/2"";""UOP01/BA"""
"183825;405240;2019-01-06;""domingo"";""21:10:00"";""BA"";116;453","4;""SANTO ESTEVAO"";""Sim"";""Desobediência às normas de trânsito pelo condutor"";1;""Colisão lateral"";""Com Vítimas Feridas"";""Plena Noite"";""Decrescente"";""Céu Claro"";""Dupla"";""Reta"";""Não"";326892;""Micro-ônibus"";""I/M.BENZ313CDI SPRINTERM"";2004;""Passageiro"";""Lesões Leves"";41;""Masculino"";0;1;0;0;-12",41099908;-39,"18352392;""SR-BA"";""DEL10/2"";""UOP01/BA"""