"id;""pesid"";""data_inversa"";""dia_semana"";""horario"";""uf"";""br"";""km"";""municipio"";""causa_principal"";""causa_acidente"";""ordem_tipo_acidente"";""tipo_acidente"";""classificacao_acidente"";""fase_dia"";""sentido_via"";""condicao_metereologica"";""tipo_pista"";""tracado_via"";""uso_solo"";""id_veiculo"";""tipo_veiculo"";""marca"";""ano_fabricacao_veiculo"";""tipo_envolvido"";""estado_fisico"";""idade"";""sexo"";""ilesos"";""feridos_leves"";""feridos_graves"";""mortos"";""latitude"";""longitude"";""regional"";""delegacia"";""uop""",,,
"183829;405272;2019-01-06;""domingo"";""22:20:00"";""RJ"";116;169;""SAO JOAO DE MERITI"";""Sim"";""Falta de Atenção à Condução"";1;""Colisão lateral"";""Com Vítimas Feridas"";""Plena Noite"";""Decrescente"";""Céu Claro"";""Múltipla"";""Reta"";""Sim"";326945;""Automóvel"";""GM/ASTRA GL"";1999;""Condutor"";""Ileso"";53;""Masculino"";1;0;0;0;-22",816206;-43,"324463;""SR-RJ"";""DEL5/1"";""UOP02/RJ""",
"183830;406503;2019-01-06;""domingo"";""18:15:00"";""BA"";101;350;""WENCESLAU GUIMARAES"";""Sim"";""Velocidade Incompatível"";1;""Saída de leito carroçável"";""Sem Vítimas"";""Anoitecer"";""Decrescente"";""Céu Claro"";""Simples"";""Curva"";""Não"";326937;""Caminhão"";""M.BENZ/L 1620"";2010;""Condutor"";""Ileso"";47;""Masculino"";1;0;0;0;-13",617;-39,"4967;""SR-BA"";""DEL10/5"";""UOP03/BA""",
"183831;NA;2019-01-06;""domingo"";""21:25:00"";""PB"";101;10;""MAMANGUAPE"";""Sim"";""Falta de Atenção à Condução"";1;""Colisão traseira"";""Com Vítimas Feridas"";""Plena Noite"";""Decrescente"";""Céu Claro"";""Dupla"";""Não Informado"";""Não"";327489;""Semireboque"";""SR/RANDON SR FG"";2005;""Não Informado"";""Não Informado"";NA;""Não Informado"";0;0;0;0;-6",5959;-35,"1448;""SR-PB"";""DEL14/1"";""UOP03/PB""",
"183831;405998;2019-01-06;""domingo"";""21:25:00"";""PB"";101;10;""MAMANGUAPE"";""Sim"";""Falta de Atenção à Condução"";1;""Colisão traseira"";""Com Vítimas Feridas"";""Plena Noite"";""Decrescente"";""Céu Claro"";""Dupla"";""Não Informado"";""Não"";326923;""Caminhão-trator"";""SCANIA/R124 GA4X2NZ 420"";2000;""Condutor"";""Ileso"";36;""Masculino"";1;0;0;0;-6",5959;-35,"1448;""SR-PB"";""DEL14/1"";""UOP03/PB""",
"183831;406088;2019-01-06;""domingo"";""21:25:00"";""PB"";101;10;""MAMANGUAPE"";""Sim"";""Falta de Atenção à Condução"";1;""Colisão traseira"";""Com Vítimas Feridas"";""Plena Noite"";""Decrescente"";""Céu Claro"";""Dupla"";""Não Informado"";""Não"";327503;""Caminhão-trator"";"""";NA;""Condutor"";""Não Informado"";NA;""Não Informado"";0;0;0;0;-6",5959;-35,"1448;""SR-PB"";""DEL14/1"";""UOP03/PB""",
"183831;406015;2019-01-06;""domingo"";""21:25:00"";""PB"";101;10;""MAMANGUAPE"";""Sim"";""Falta de Atenção à Condução"";1;""Colisão traseira"";""Com Vítimas Feridas"";""Plena Noite"";""Decrescente"";""Céu Claro"";""Dupla"";""Não Informado"";""Não"";326923;""Caminhão-trator"";""SCANIA/R124 GA4X2NZ 420"";2000;""Passageiro"";""Lesões Graves"";17;""Feminino"";0;0;1;0;-6",5959;-35,"1448;""SR-PB"";""DEL14/1"";""UOP03/PB""",
"183831;406006;2019-01-06;""domingo"";""21:25:00"";""PB"";101;10;""MAMANGUAPE"";""Sim"";""Falta de Atenção à Condução"";1;""Colisão traseira"";""Com Vítimas Feridas"";""Plena Noite"";""Decrescente"";""Céu Claro"";""Dupla"";""Não Informado"";""Não"";326923;""Caminhão-trator"";""SCANIA/R124 GA4X2NZ 420"";2000;""Passageiro"";""Ileso"";7;""Feminino"";1;0;0;0;-6",5959;-35,"1448;""SR-PB"";""DEL14/1"";""UOP03/PB""",
"183834;405184;2019-01-06;""domingo"";""21:00:00"";""BA"";116;777;""PLANALTO"";""Sim"";""Ingestão de Álcool"";1;""Atropelamento de Pedestre"";""Com Vítimas Feridas"";""Plena Noite"";""Crescente"";""Céu Claro"";""Simples"";""Reta"";""Sim"";326888;""Motocicleta"";"""";NA;""Pedestre"";""Lesões Leves"";26;""Feminino"";0;1;0;0;-14",6792539;-40,"49285889;""SR-BA"";""DEL10/8"";""UOP02/BA""",
"183834;405183;2019-01-06;""domingo"";""21:00:00"";""BA"";116;777;""PLANALTO"";""Sim"";""Ingestão de Álcool"";1;""Atropelamento de Pedestre"";""Com Vítimas Feridas"";""Plena Noite"";""Crescente"";""Céu Claro"";""Simples"";""Reta"";""Sim"";326888;""Motocicleta"";"""";NA;""Condutor"";""Lesões Leves"";24;""Masculino"";0;1;0;0;-14",6792539;-40,"49285889;""SR-BA"";""DEL10/8"";""UOP02/BA""",
"183835;405140;2019-01-06;""domingo"";""08:40:00"";""PB"";230;501","8;""CAJAZEIRAS"";""Sim"";""Não guardar distância de segurança"";3;""Colisão traseira"";""Com Vítimas Feridas"";""Plena Noite"";""Crescente"";""Nublado"";""Simples"";""Reta"";""Não"";326842;""Automóvel"";""FORD/FIESTA SEDAN"";2006;""Condutor"";""Ileso"";42;""Masculino"";1;0;0;0;-6",899;-38,"5159;""SR-PB"";""DEL14/3"";""UOP03/PB"""
"183835;405140;2019-01-06;""domingo"";""08:40:00"";""PB"";230;501","8;""CAJAZEIRAS"";""Sim"";""Não guardar distância de segurança"";2;""Queda de ocupante de veículo"";""Com Vítimas Feridas"";""Plena Noite"";""Crescente"";""Nublado"";""Simples"";""Reta"";""Não"";326842;""Automóvel"";""FORD/FIESTA SEDAN"";2006;""Condutor"";""Ileso"";42;""Masculino"";1;0;0;0;-6",899;-38,"5159;""SR-PB"";""DEL14/3"";""UOP03/PB"""
"183835;405140;2019-01-06;""domingo"";""08:40:00"";""PB"";230;501","8;""CAJAZEIRAS"";""Sim"";""Não guardar distância de segurança"";1;""Tombamento"";""Com Vítimas Feridas"";""Plena Noite"";""Crescente"";""Nublado"";""Simples"";""Reta"";""Não"";326842;""Automóvel"";""FORD/FIESTA SEDAN"";2006;""Condutor"";""Ileso"";42;""Masculino"";1;0;0;0;-6",899;-38,"5159;""SR-PB"";""DEL14/3"";""UOP03/PB"""
"183835;405141;2019-01-06;""domingo"";""08:40:00"";""PB"";230;501","8;""CAJAZEIRAS"";""Sim"";""Não guardar distância de segurança"";3;""Colisão traseira"";""Com Vítimas Feridas"";""Plena Noite"";""Crescente"";""Nublado"";""Simples"";""Reta"";""Não"";326843;""Motocicleta"";""HONDA/NXR150 BROS MIX ES"";2009;""Condutor"";""Lesões Leves"";28;""Masculino"";0;1;0;0;-6",899;-38,"5159;""SR-PB"";""DEL14/3"";""UOP03/PB"""
"183835;405141;2019-01-06;""domingo"";""08:40:00"";""PB"";230;501","8;""CAJAZEIRAS"";""Sim"";""Não guardar distância de segurança"";2;""Queda de ocupante de veículo"";""Com Vítimas Feridas"";""Plena Noite"";""Crescente"";""Nublado"";""Simples"";""Reta"";""Não"";326843;""Motocicleta"";""HONDA/NXR150 BROS MIX ES"";2009;""Condutor"";""Lesões Leves"";28;""Masculino"";0;1;0;0;-6",899;-38,"5159;""SR-PB"";""DEL14/3"";""UOP03/PB"""
"183835;405141;2019-01-06;""domingo"";""08:40:00"";""PB"";230;501","8;""CAJAZEIRAS"";""Sim"";""Não guardar distância de segurança"";1;""Tombamento"";""Com Vítimas Feridas"";""Plena Noite"";""Crescente"";""Nublado"";""Simples"";""Reta"";""Não"";326843;""Motocicleta"";""HONDA/NXR150 BROS MIX ES"";2009;""Condutor"";""Lesões Leves"";28;""Masculino"";0;1;0;0;-6",899;-38,"5159;""SR-PB"";""DEL14/3"";""UOP03/PB"""
"183837;406555;2019-01-06;""domingo"";""21:40:00"";""PR"";376;527","5;""PONTA GROSSA"";""Não"";""Velocidade Incompatível"";2;""Capotamento"";""Com Vítimas Feridas"";""Plena Noite"";""Crescente"";""Chuva"";""Dupla"";""Reta"";""Não"";326848;""Caminhonete"";""NISSAN/FRONTIER SVATK4X4"";2013;""Passageiro"";""Lesões Leves"";14;""Feminino"";0;1;0;0;-25",15820284;-50,"12774728;""SR-PR"";""DEL7/3"";""UOP03/PR"""
"183837;406555;2019-01-06;""domingo"";""21:40:00"";""PR"";376;527","5;""PONTA GROSSA"";""Não"";""Falta de Atenção à Condução"";2;""Capotamento"";""Com Vítimas Feridas"";""Plena Noite"";""Crescente"";""Chuva"";""Dupla"";""Reta"";""Não"";326848;""Caminhonete"";""NISSAN/FRONTIER SVATK4X4"";2013;""Passageiro"";""Lesões Leves"";14;""Feminino"";0;1;0;0;-25",15820284;-50,"12774728;""SR-PR"";""DEL7/3"";""UOP03/PR"""
"183837;406555;2019-01-06;""domingo"";""21:40:00"";""PR"";376;527","5;""PONTA GROSSA"";""Não"";""Fenômenos da Natureza"";2;""Capotamento"";""Com Vítimas Feridas"";""Plena Noite"";""Crescente"";""Chuva"";""Dupla"";""Reta"";""Não"";326848;""Caminhonete"";""NISSAN/FRONTIER SVATK4X4"";2013;""Passageiro"";""Lesões Leves"";14;""Feminino"";0;1;0;0;-25",15820284;-50,"12774728;""SR-PR"";""DEL7/3"";""UOP03/PR"""
"183837;406555;2019-01-06;""domingo"";""21:40:00"";""PR"";376;527","5;""PONTA GROSSA"";""Sim"";""Avarias e/ou desgaste excessivo no pneu"";2;""Capotamento"";""Com Vítimas Feridas"";""Plena Noite"";""Crescente"";""Chuva"";""Dupla"";""Reta"";""Não"";326848;""Caminhonete"";""NISSAN/FRONTIER SVATK4X4"";2013;""Passageiro"";""Lesões Leves"";14;""Feminino"";0;1;0;0;-25",15820284;-50,"12774728;""SR-PR"";""DEL7/3"";""UOP03/PR"""
"183837;406555;2019-01-06;""domingo"";""21:40:00"";""PR"";376;527","5;""PONTA GROSSA"";""Não"";""Pista Escorregadia"";2;""Capotamento"";""Com Vítimas Feridas"";""Plena Noite"";""Crescente"";""Chuva"";""Dupla"";""Reta"";""Não"";326848;""Caminhonete"";""NISSAN/FRONTIER SVATK4X4"";2013;""Passageiro"";""Lesões Leves"";14;""Feminino"";0;1;0;0;-25",15820284;-50,"12774728;""SR-PR"";""DEL7/3"";""UOP03/PR"""
"183837;406555;2019-01-06;""domingo"";""21:40:00"";""PR"";376;527","5;""PONTA GROSSA"";""Não"";""Velocidade Incompatível"";1;""Saída de leito carroçável"";""Com Vítimas Feridas"";""Plena Noite"";""Crescente"";""Chuva"";""Dupla"";""Reta"";""Não"";326848;""Caminhonete"";""NISSAN/FRONTIER SVATK4X4"";2013;""Passageiro"";""Lesões Leves"";14;""Feminino"";0;1;0;0;-25",15820284;-50,"12774728;""SR-PR"";""DEL7/3"";""UOP03/PR"""
"183837;406555;2019-01-06;""domingo"";""21:40:00"";""PR"";376;527","5;""PONTA GROSSA"";""Não"";""Falta de Atenção à Condução"";1;""Saída de leito carroçável"";""Com Vítimas Feridas"";""Plena Noite"";""Crescente"";""Chuva"";""Dupla"";""Reta"";""Não"";326848;""Caminhonete"";""NISSAN/FRONTIER SVATK4X4"";2013;""Passageiro"";""Lesões Leves"";14;""Feminino"";0;1;0;0;-25",15820284;-50,"12774728;""SR-PR"";""DEL7/3"";""UOP03/PR"""
"183837;406555;2019-01-06;""domingo"";""21:40:00"";""PR"";376;527","5;""PONTA GROSSA"";""Não"";""Fenômenos da Natureza"";1;""Saída de leito carroçável"";""Com Vítimas Feridas"";""Plena Noite"";""Crescente"";""Chuva"";""Dupla"";""Reta"";""Não"";326848;""Caminhonete"";""NISSAN/FRONTIER SVATK4X4"";2013;""Passageiro"";""Lesões Leves"";14;""Feminino"";0;1;0;0;-25",15820284;-50,"12774728;""SR-PR"";""DEL7/3"";""UOP03/PR"""
"183837;406555;2019-01-06;""domingo"";""21:40:00"";""PR"";376;527","5;""PONTA GROSSA"";""Sim"";""Avarias e/ou desgaste excessivo no pneu"";1;""Saída de leito carroçável"";""Com Vítimas Feridas"";""Plena Noite"";""Crescente"";""Chuva"";""Dupla"";""Reta"";""Não"";326848;""Caminhonete"";""NISSAN/FRONTIER SVATK4X4"";2013;""Passageiro"";""Lesões Leves"";14;""Feminino"";0;1;0;0;-25",15820284;-50,"12774728;""SR-PR"";""DEL7/3"";""UOP03/PR"""
"183837;406555;2019-01-06;""domingo"";""21:40:00"";""PR"";376;527","5;""PONTA GROSSA"";""Não"";""Pista Escorregadia"";1;""Saída de leito carroçável"";""Com Vítimas Feridas"";""Plena Noite"";""Crescente"";""Chuva"";""Dupla"";""Reta"";""Não"";326848;""Caminhonete"";""NISSAN/FRONTIER SVATK4X4"";2013;""Passageiro"";""Lesões Leves"";14;""Feminino"";0;1;0;0;-25",15820284;-50,"12774728;""SR-PR"";""DEL7/3"";""UOP03/PR"""
"183837;406554;2019-01-06;""domingo"";""21:40:00"";""PR"";376;527","5;""PONTA GROSSA"";""Não"";""Velocidade Incompatível"";2;""Capotamento"";""Com Vítimas Feridas"";""Plena Noite"";""Crescente"";""Chuva"";""Dupla"";""Reta"";""Não"";326848;""Caminhonete"";""NISSAN/FRONTIER SVATK4X4"";2013;""Passageiro"";""Lesões Leves"";51;""Feminino"";0;1;0;0;-25",15820284;-50,"12774728;""SR-PR"";""DEL7/3"";""UOP03/PR"""
"183837;406554;2019-01-06;""domingo"";""21:40:00"";""PR"";376;527","5;""PONTA GROSSA"";""Não"";""Falta de Atenção à Condução"";2;""Capotamento"";""Com Vítimas Feridas"";""Plena Noite"";""Crescente"";""Chuva"";""Dupla"";""Reta"";""Não"";326848;""Caminhonete"";""NISSAN/FRONTIER SVATK4X4"";2013;""Passageiro"";""Lesões Leves"";51;""Feminino"";0;1;0;0;-25",15820284;-50,"12774728;""SR-PR"";""DEL7/3"";""UOP03/PR"""
"183837;406554;2019-01-06;""domingo"";""21:40:00"";""PR"";376;527","5;""PONTA GROSSA"";""Não"";""Fenômenos da Natureza"";2;""Capotamento"";""Com Vítimas Feridas"";""Plena Noite"";""Crescente"";""Chuva"";""Dupla"";""Reta"";""Não"";326848;""Caminhonete"";""NISSAN/FRONTIER SVATK4X4"";2013;""Passageiro"";""Lesões Leves"";51;""Feminino"";0;1;0;0;-25",15820284;-50,"12774728;""SR-PR"";""DEL7/3"";""UOP03/PR"""
"183837;406554;2019-01-06;""domingo"";""21:40:00"";""PR"";376;527","5;""PONTA GROSSA"";""Sim"";""Avarias e/ou desgaste excessivo no pneu"";2;""Capotamento"";""Com Vítimas Feridas"";""Plena Noite"";""Crescente"";""Chuva"";""Dupla"";""Reta"";""Não"";326848;""Caminhonete"";""NISSAN/FRONTIER SVATK4X4"";2013;""Passageiro"";""Lesões Leves"";51;""Feminino"";0;1;0;0;-25",15820284;-50,"12774728;""SR-PR"";""DEL7/3"";""UOP03/PR"""
"183837;406554;2019-01-06;""domingo"";""21:40:00"";""PR"";376;527","5;""PONTA GROSSA"";""Não"";""Pista Escorregadia"";2;""Capotamento"";""Com Vítimas Feridas"";""Plena Noite"";""Crescente"";""Chuva"";""Dupla"";""Reta"";""Não"";326848;""Caminhonete"";""NISSAN/FRONTIER SVATK4X4"";2013;""Passageiro"";""Lesões Leves"";51;""Feminino"";0;1;0;0;-25",15820284;-50,"12774728;""SR-PR"";""DEL7/3"";""UOP03/PR"""
"183837;406554;2019-01-06;""domingo"";""21:40:00"";""PR"";376;527","5;""PONTA GROSSA"";""Não"";""Velocidade Incompatível"";1;""Saída de leito carroçável"";""Com Vítimas Feridas"";""Plena Noite"";""Crescente"";""Chuva"";""Dupla"";""Reta"";""Não"";326848;""Caminhonete"";""NISSAN/FRONTIER SVATK4X4"";2013;""Passageiro"";""Lesões Leves"";51;""Feminino"";0;1;0;0;-25",15820284;-50,"12774728;""SR-PR"";""DEL7/3"";""UOP03/PR"""
"183837;406554;2019-01-06;""domingo"";""21:40:00"";""PR"";376;527","5;""PONTA GROSSA"";""Não"";""Falta de Atenção à Condução"";1;""Saída de leito carroçável"";""Com Vítimas Feridas"";""Plena Noite"";""Crescente"";""Chuva"";""Dupla"";""Reta"";""Não"";326848;""Caminhonete"";""NISSAN/FRONTIER SVATK4X4"";2013;""Passageiro"";""Lesões Leves"";51;""Feminino"";0;1;0;0;-25",15820284;-50,"12774728;""SR-PR"";""DEL7/3"";""UOP03/PR"""
"183837;406554;2019-01-06;""domingo"";""21:40:00"";""PR"";376;527","5;""PONTA GROSSA"";""Não"";""Fenômenos da Natureza"";1;""Saída de leito carroçável"";""Com Vítimas Feridas"";""Plena Noite"";""Crescente"";""Chuva"";""Dupla"";""Reta"";""Não"";326848;""Caminhonete"";""NISSAN/FRONTIER SVATK4X4"";2013;""Passageiro"";""Lesões Leves"";51;""Feminino"";0;1;0;0;-25",15820284;-50,"12774728;""SR-PR"";""DEL7/3"";""UOP03/PR"""
"183837;406554;2019-01-06;""domingo"";""21:40:00"";""PR"";376;527","5;""PONTA GROSSA"";""Sim"";""Avarias e/ou desgaste excessivo no pneu"";1;""Saída de leito carroçável"";""Com Vítimas Feridas"";""Plena Noite"";""Crescente"";""Chuva"";""Dupla"";""Reta"";""Não"";326848;""Caminhonete"";""NISSAN/FRONTIER SVATK4X4"";2013;""Passageiro"";""Lesões Leves"";51;""Feminino"";0;1;0;0;-25",15820284;-50,"12774728;""SR-PR"";""DEL7/3"";""UOP03/PR"""
"183837;406554;2019-01-06;""domingo"";""21:40:00"";""PR"";376;527","5;""PONTA GROSSA"";""Não"";""Pista Escorregadia"";1;""Saída de leito carroçável"";""Com Vítimas Feridas"";""Plena Noite"";""Crescente"";""Chuva"";""Dupla"";""Reta"";""Não"";326848;""Caminhonete"";""NISSAN/FRONTIER SVATK4X4"";2013;""Passageiro"";""Lesões Leves"";51;""Feminino"";0;1;0;0;-25",15820284;-50,"12774728;""SR-PR"";""DEL7/3"";""UOP03/PR"""
"183837;406552;2019-01-06;""domingo"";""21:40:00"";""PR"";376;527","5;""PONTA GROSSA"";""Não"";""Velocidade Incompatível"";2;""Capotamento"";""Com Vítimas Feridas"";""Plena Noite"";""Crescente"";""Chuva"";""Dupla"";""Reta"";""Não"";326848;""Caminhonete"";""NISSAN/FRONTIER SVATK4X4"";2013;""Condutor"";""Ileso"";49;""Masculino"";1;0;0;0;-25",15820284;-50,"12774728;""SR-PR"";""DEL7/3"";""UOP03/PR"""
"183837;406552;2019-01-06;""domingo"";""21:40:00"";""PR"";376;527","5;""PONTA GROSSA"";""Não"";""Falta de Atenção à Condução"";2;""Capotamento"";""Com Vítimas Feridas"";""Plena Noite"";""Crescente"";""Chuva"";""Dupla"";""Reta"";""Não"";326848;""Caminhonete"";""NISSAN/FRONTIER SVATK4X4"";2013;""Condutor"";""Ileso"";49;""Masculino"";1;0;0;0;-25",15820284;-50,"12774728;""SR-PR"";""DEL7/3"";""UOP03/PR"""
"183837;406552;2019-01-06;""domingo"";""21:40:00"";""PR"";376;527","5;""PONTA GROSSA"";""Não"";""Fenômenos da Natureza"";2;""Capotamento"";""Com Vítimas Feridas"";""Plena Noite"";""Crescente"";""Chuva"";""Dupla"";""Reta"";""Não"";326848;""Caminhonete"";""NISSAN/FRONTIER SVATK4X4"";2013;""Condutor"";""Ileso"";49;""Masculino"";1;0;0;0;-25",15820284;-50,"12774728;""SR-PR"";""DEL7/3"";""UOP03/PR"""
"183837;406552;2019-01-06;""domingo"";""21:40:00"";""PR"";376;527","5;""PONTA GROSSA"";""Sim"";""Avarias e/ou desgaste excessivo no pneu"";2;""Capotamento"";""Com Vítimas Feridas"";""Plena Noite"";""Crescente"";""Chuva"";""Dupla"";""Reta"";""Não"";326848;""Caminhonete"";""NISSAN/FRONTIER SVATK4X4"";2013;""Condutor"";""Ileso"";49;""Masculino"";1;0;0;0;-25",15820284;-50,"12774728;""SR-PR"";""DEL7/3"";""UOP03/PR"""
"183837;406552;2019-01-06;""domingo"";""21:40:00"";""PR"";376;527","5;""PONTA GROSSA"";""Não"";""Pista Escorregadia"";2;""Capotamento"";""Com Vítimas Feridas"";""Plena Noite"";""Crescente"";""Chuva"";""Dupla"";""Reta"";""Não"";326848;""Caminhonete"";""NISSAN/FRONTIER SVATK4X4"";2013;""Condutor"";""Ileso"";49;""Masculino"";1;0;0;0;-25",15820284;-50,"12774728;""SR-PR"";""DEL7/3"";""UOP03/PR"""
"183837;406552;2019-01-06;""domingo"";""21:40:00"";""PR"";376;527","5;""PONTA GROSSA"";""Não"";""Velocidade Incompatível"";1;""Saída de leito carroçável"";""Com Vítimas Feridas"";""Plena Noite"";""Crescente"";""Chuva"";""Dupla"";""Reta"";""Não"";326848;""Caminhonete"";""NISSAN/FRONTIER SVATK4X4"";2013;""Condutor"";""Ileso"";49;""Masculino"";1;0;0;0;-25",15820284;-50,"12774728;""SR-PR"";""DEL7/3"";""UOP03/PR"""
"183837;406552;2019-01-06;""domingo"";""21:40:00"";""PR"";376;527","5;""PONTA GROSSA"";""Não"";""Falta de Atenção à Condução"";1;""Saída de leito carroçável"";""Com Vítimas Feridas"";""Plena Noite"";""Crescente"";""Chuva"";""Dupla"";""Reta"";""Não"";326848;""Caminhonete"";""NISSAN/FRONTIER SVATK4X4"";2013;""Condutor"";""Ileso"";49;""Masculino"";1;0;0;0;-25",15820284;-50,"12774728;""SR-PR"";""DEL7/3"";""UOP03/PR"""
"183837;406552;2019-01-06;""domingo"";""21:40:00"";""PR"";376;527","5;""PONTA GROSSA"";""Não"";""Fenômenos da Natureza"";1;""Saída de leito carroçável"";""Com Vítimas Feridas"";""Plena Noite"";""Crescente"";""Chuva"";""Dupla"";""Reta"";""Não"";326848;""Caminhonete"";""NISSAN/FRONTIER SVATK4X4"";2013;""Condutor"";""Ileso"";49;""Masculino"";1;0;0;0;-25",15820284;-50,"12774728;""SR-PR"";""DEL7/3"";""UOP03/PR"""
"183837;406552;2019-01-06;""domingo"";""21:40:00"";""PR"";376;527","5;""PONTA GROSSA"";""Sim"";""Avarias e/ou desgaste excessivo no pneu"";1;""Saída de leito carroçável"";""Com Vítimas Feridas"";""Plena Noite"";""Crescente"";""Chuva"";""Dupla"";""Reta"";""Não"";326848;""Caminhonete"";""NISSAN/FRONTIER SVATK4X4"";2013;""Condutor"";""Ileso"";49;""Masculino"";1;0;0;0;-25",15820284;-50,"12774728;""SR-PR"";""DEL7/3"";""UOP03/PR"""
"183837;406552;2019-01-06;""domingo"";""21:40:00"";""PR"";376;527","5;""PONTA GROSSA"";""Não"";""Pista Escorregadia"";1;""Saída de leito carroçável"";""Com Vítimas Feridas"";""Plena Noite"";""Crescente"";""Chuva"";""Dupla"";""Reta"";""Não"";326848;""Caminhonete"";""NISSAN/FRONTIER SVATK4X4"";2013;""Condutor"";""Ileso"";49;""Masculino"";1;0;0;0;-25",15820284;-50,"12774728;""SR-PR"";""DEL7/3"";""UOP03/PR"""
"183838;406515;2019-01-06;""domingo"";""23:00:00"";""SP"";116;370","9;""MIRACATU"";""Sim"";""Falta de Atenção à Condução"";1;""Atropelamento de Pedestre"";""Com Vítimas Feridas"";""Plena Noite"";""Decrescente"";""Céu Claro"";""Dupla"";""Reta"";""Não"";326886;""Automóvel"";""FIAT/LINEA ESSENCE 1.8"";2013;""Pedestre"";""Lesões Leves"";47;""Masculino"";0;1;0;0;-24",15881929;-47,"32622087;""SR-SP"";""DEL6/4"";""UOP03/SP"""
"183838;406509;2019-01-06;""domingo"";""23:00:00"";""SP"";116;370","9;""MIRACATU"";""Sim"";""Falta de Atenção à Condução"";1;""Atropelamento de Pedestre"";""Com Vítimas Feridas"";""Plena Noite"";""Decrescente"";""Céu Claro"";""Dupla"";""Reta"";""Não"";326886;""Automóvel"";""FIAT/LINEA ESSENCE 1.8"";2013;""Passageiro"";""Ileso"";7;""Masculino"";1;0;0;0;-24",15881929;-47,"32622087;""SR-SP"";""DEL6/4"";""UOP03/SP"""
"183838;406508;2019-01-06;""domingo"";""23:00:00"";""SP"";116;370","9;""MIRACATU"";""Sim"";""Falta de Atenção à Condução"";1;""Atropelamento de Pedestre"";""Com Vítimas Feridas"";""Plena Noite"";""Decrescente"";""Céu Claro"";""Dupla"";""Reta"";""Não"";326886;""Automóvel"";""FIAT/LINEA ESSENCE 1.8"";2013;""Passageiro"";""Ileso"";2;""Feminino"";1;0;0;0;-24",15881929;-47,"32622087;""SR-SP"";""DEL6/4"";""UOP03/SP"""
"183838;406507;2019-01-06;""domingo"";""23:00:00"";""SP"";116;370","9;""MIRACATU"";""Sim"";""Falta de Atenção à Condução"";1;""Atropelamento de Pedestre"";""Com Vítimas Feridas"";""Plena Noite"";""Decrescente"";""Céu Claro"";""Dupla"";""Reta"";""Não"";326886;""Automóvel"";""FIAT/LINEA ESSENCE 1.8"";2013;""Passageiro"";""Ileso"";43;""Masculino"";1;0;0;0;-24",15881929;-47,"32622087;""SR-SP"";""DEL6/4"";""UOP03/SP"""
"183838;406506;2019-01-06;""domingo"";""23:00:00"";""SP"";116;370","9;""MIRACATU"";""Sim"";""Falta de Atenção à Condução"";1;""Atropelamento de Pedestre"";""Com Vítimas Feridas"";""Plena Noite"";""Decrescente"";""Céu Claro"";""Dupla"";""Reta"";""Não"";326886;""Automóvel"";""FIAT/LINEA ESSENCE 1.8"";2013;""Condutor"";""Ileso"";39;""Feminino"";1;0;0;0;-24",15881929;-47,"32622087;""SR-SP"";""DEL6/4"";""UOP03/SP"""
"183839;406419;2019-01-06;""domingo"";""23:30:00"";""RJ"";356;151","6;""CAMPOS DOS GOYTACAZES"";""Sim"";""Falta de Atenção à Condução"";1;""Colisão lateral"";""Com Vítimas Feridas"";""Plena Noite"";""Decrescente"";""Céu Claro"";""Simples"";""Reta"";""Não"";327702;""Motocicleta"";"""";NA;""Condutor"";""Lesões Leves"";26;""Masculino"";0;1;0;0;-21",76683333;-41,"26945496;""SR-RJ"";""DEL5/8"";""UOP02/RJ"""
"183839;406423;2019-01-06;""domingo"";""23:30:00"";""RJ"";356;151","6;""CAMPOS DOS GOYTACAZES"";""Sim"";""Falta de Atenção à Condução"";1;""Colisão lateral"";""Com Vítimas Feridas"";""Plena Noite"";""Decrescente"";""Céu Claro"";""Simples"";""Reta"";""Não"";327702;""Motocicleta"";"""";NA;""Passageiro"";""Lesões Leves"";21;""Masculino"";0;1;0;0;-21",76683333;-41,"26945496;""SR-RJ"";""DEL5/8"";""UOP02/RJ"""
"183839;406435;2019-01-06;""domingo"";""23:30:00"";""RJ"";356;151","6;""CAMPOS DOS GOYTACAZES"";""Sim"";""Falta de Atenção à Condução"";1;""Colisão lateral"";""Com Vítimas Feridas"";""Plena Noite"";""Decrescente"";""Céu Claro"";""Simples"";""Reta"";""Não"";327705;""Automóvel"";"""";NA;""Condutor"";""Não Informado"";NA;""Não Informado"";0;0;0;0;-21",76683333;-41,"26945496;""SR-RJ"";""DEL5/8"";""UOP02/RJ"""
"183841;405189;2019-01-06;""domingo"";""22:50:00"";""SP"";116;439;""REGISTRO"";""Sim"";""Falta de Atenção à Condução"";1;""Colisão com objeto estático"";""Sem Vítimas"";""Plena Noite"";""Crescente"";""Chuva"";""Dupla"";""Reta"";""Sim"";326897;""Automóvel"";""CITROEN/C3 GLX 14 FLEX"";2009;""Condutor"";""Ileso"";57;""Masculino"";1;0;0;0;-24",46718973;-47,"8211689;""SR-SP"";""DEL6/5"";""UOP01/SP""",
"183841;405189;2019-01-06;""domingo"";""22:50:00"";""SP"";116;439;""REGISTRO"";""Sim"";""Falta de Atenção à Condução"";2;""Colisão lateral"";""Sem Vítimas"";""Plena Noite"";""Crescente"";""Chuva"";""Dupla"";""Reta"";""Sim"";326897;""Automóvel"";""CITROEN/C3 GLX 14 FLEX"";2009;""Condutor"";""Ileso"";57;""Masculino"";1;0;0;0;-24",46718973;-47,"8211689;""SR-SP"";""DEL6/5"";""UOP01/SP""",