"id;""pesid"";""data_inversa"";""dia_semana"";""horario"";""uf"";""br"";""km"";""municipio"";""causa_principal"";""causa_acidente"";""ordem_tipo_acidente"";""tipo_acidente"";""classificacao_acidente"";""fase_dia"";""sentido_via"";""condicao_metereologica"";""tipo_pista"";""tracado_via"";""uso_solo"";""id_veiculo"";""tipo_veiculo"";""marca"";""ano_fabricacao_veiculo"";""tipo_envolvido"";""estado_fisico"";""idade"";""sexo"";""ilesos"";""feridos_leves"";""feridos_graves"";""mortos"";""latitude"";""longitude"";""regional"";""delegacia"";""uop""",,,
"183906;407807;2019-01-07;""segunda-feira"";""11:00:00"";""PE"";101;128;""ESCADA"";""Sim"";""Sinalização da via insuficiente ou inadequada"";1;""Colisão traseira"";""Com Vítimas Feridas"";""Pleno dia"";""Decrescente"";""Chuva"";""Simples"";""Reta"";""Sim"";327013;""Automóvel"";""TOYOTA/COROLLA XEI20FLEX"";2018;""Passageiro"";""Lesões Leves"";14;""Feminino"";0;1;0;0;-8",3839;-35,"2487;""SR-PE"";""DEL11/1"";""UOP03/PE""",
"183906;407810;2019-01-07;""segunda-feira"";""11:00:00"";""PE"";101;128;""ESCADA"";""Sim"";""Sinalização da via insuficiente ou inadequada"";1;""Colisão traseira"";""Com Vítimas Feridas"";""Pleno dia"";""Decrescente"";""Chuva"";""Simples"";""Reta"";""Sim"";327013;""Automóvel"";""TOYOTA/COROLLA XEI20FLEX"";2018;""Passageiro"";""Ileso"";NA;""Feminino"";1;0;0;0;-8",3839;-35,"2487;""SR-PE"";""DEL11/1"";""UOP03/PE""",
"183906;407808;2019-01-07;""segunda-feira"";""11:00:00"";""PE"";101;128;""ESCADA"";""Sim"";""Sinalização da via insuficiente ou inadequada"";1;""Colisão traseira"";""Com Vítimas Feridas"";""Pleno dia"";""Decrescente"";""Chuva"";""Simples"";""Reta"";""Sim"";327013;""Automóvel"";""TOYOTA/COROLLA XEI20FLEX"";2018;""Passageiro"";""Ileso"";10;""Masculino"";1;0;0;0;-8",3839;-35,"2487;""SR-PE"";""DEL11/1"";""UOP03/PE""",
"183906;407806;2019-01-07;""segunda-feira"";""11:00:00"";""PE"";101;128;""ESCADA"";""Sim"";""Sinalização da via insuficiente ou inadequada"";1;""Colisão traseira"";""Com Vítimas Feridas"";""Pleno dia"";""Decrescente"";""Chuva"";""Simples"";""Reta"";""Sim"";327013;""Automóvel"";""TOYOTA/COROLLA XEI20FLEX"";2018;""Passageiro"";""Ileso"";42;""Masculino"";1;0;0;0;-8",3839;-35,"2487;""SR-PE"";""DEL11/1"";""UOP03/PE""",
"183906;407805;2019-01-07;""segunda-feira"";""11:00:00"";""PE"";101;128;""ESCADA"";""Sim"";""Sinalização da via insuficiente ou inadequada"";1;""Colisão traseira"";""Com Vítimas Feridas"";""Pleno dia"";""Decrescente"";""Chuva"";""Simples"";""Reta"";""Sim"";327013;""Automóvel"";""TOYOTA/COROLLA XEI20FLEX"";2018;""Condutor"";""Ileso"";39;""Masculino"";1;0;0;0;-8",3839;-35,"2487;""SR-PE"";""DEL11/1"";""UOP03/PE""",
"183906;407804;2019-01-07;""segunda-feira"";""11:00:00"";""PE"";101;128;""ESCADA"";""Sim"";""Sinalização da via insuficiente ou inadequada"";1;""Colisão traseira"";""Com Vítimas Feridas"";""Pleno dia"";""Decrescente"";""Chuva"";""Simples"";""Reta"";""Sim"";327012;""Caminhonete"";""FIAT/STRADA FIRE"";2004;""Condutor"";""Ileso"";54;""Masculino"";1;0;0;0;-8",3839;-35,"2487;""SR-PE"";""DEL11/1"";""UOP03/PE""",
"183907;406847;2019-01-07;""segunda-feira"";""12:50:00"";""SP"";116;221","6;""GUARULHOS"";""Sim"";""Falta de Atenção à Condução"";2;""Tombamento"";""Com Vítimas Fatais"";""Pleno dia"";""Decrescente"";""Sol"";""Múltipla"";""Reta"";""Não"";328058;""Motocicleta"";""HONDA/CG 160 FAN"";2018;""Condutor"";""Óbito"";22;""Masculino"";0;0;0;1;-23",47127694;-46,"51688576;""SR-SP"";""DEL6/1"";""UOP01/SP"""
"183907;406847;2019-01-07;""segunda-feira"";""12:50:00"";""SP"";116;221","6;""GUARULHOS"";""Sim"";""Falta de Atenção à Condução"";1;""Colisão lateral"";""Com Vítimas Fatais"";""Pleno dia"";""Decrescente"";""Sol"";""Múltipla"";""Reta"";""Não"";328058;""Motocicleta"";""HONDA/CG 160 FAN"";2018;""Condutor"";""Óbito"";22;""Masculino"";0;0;0;1;-23",47127694;-46,"51688576;""SR-SP"";""DEL6/1"";""UOP01/SP"""
"183907;406953;2019-01-07;""segunda-feira"";""12:50:00"";""SP"";116;221","6;""GUARULHOS"";""Sim"";""Falta de Atenção à Condução"";2;""Tombamento"";""Com Vítimas Fatais"";""Pleno dia"";""Decrescente"";""Sol"";""Múltipla"";""Reta"";""Não"";328059;""Ônibus"";""M.BENZ/MPOLO TORINO U"";2015;""Condutor"";""Ileso"";65;""Masculino"";1;0;0;0;-23",47127694;-46,"51688576;""SR-SP"";""DEL6/1"";""UOP01/SP"""
"183907;406953;2019-01-07;""segunda-feira"";""12:50:00"";""SP"";116;221","6;""GUARULHOS"";""Sim"";""Falta de Atenção à Condução"";1;""Colisão lateral"";""Com Vítimas Fatais"";""Pleno dia"";""Decrescente"";""Sol"";""Múltipla"";""Reta"";""Não"";328059;""Ônibus"";""M.BENZ/MPOLO TORINO U"";2015;""Condutor"";""Ileso"";65;""Masculino"";1;0;0;0;-23",47127694;-46,"51688576;""SR-SP"";""DEL6/1"";""UOP01/SP"""
"183908;405386;2019-01-07;""segunda-feira"";""07:00:00"";""MG"";381;250","6;""SANTANA DO PARAISO"";""Sim"";""Falta de Atenção à Condução"";2;""Tombamento"";""Com Vítimas Feridas"";""Pleno dia"";""Crescente"";""Céu Claro"";""Simples"";""Retorno Regulamentado"";""Sim"";326987;""Motocicleta"";""HONDA/CG 150 TITAN ES"";2009;""Condutor"";""Lesões Graves"";45;""Masculino"";0;0;1;0;-19",3243;-42,"4169;""SR-MG"";""DEL4/6"";""UOP01/MG"""
"183908;405386;2019-01-07;""segunda-feira"";""07:00:00"";""MG"";381;250","6;""SANTANA DO PARAISO"";""Sim"";""Falta de Atenção à Condução"";1;""Colisão transversal"";""Com Vítimas Feridas"";""Pleno dia"";""Crescente"";""Céu Claro"";""Simples"";""Retorno Regulamentado"";""Sim"";326987;""Motocicleta"";""HONDA/CG 150 TITAN ES"";2009;""Condutor"";""Lesões Graves"";45;""Masculino"";0;0;1;0;-19",3243;-42,"4169;""SR-MG"";""DEL4/6"";""UOP01/MG"""
"183908;405383;2019-01-07;""segunda-feira"";""07:00:00"";""MG"";381;250","6;""SANTANA DO PARAISO"";""Sim"";""Falta de Atenção à Condução"";2;""Tombamento"";""Com Vítimas Feridas"";""Pleno dia"";""Crescente"";""Céu Claro"";""Simples"";""Retorno Regulamentado"";""Sim"";326986;""Automóvel"";""VW/GOLF 1.6 SPORTLINE"";2013;""Condutor"";""Ileso"";42;""Masculino"";1;0;0;0;-19",3243;-42,"4169;""SR-MG"";""DEL4/6"";""UOP01/MG"""
"183908;405383;2019-01-07;""segunda-feira"";""07:00:00"";""MG"";381;250","6;""SANTANA DO PARAISO"";""Sim"";""Falta de Atenção à Condução"";1;""Colisão transversal"";""Com Vítimas Feridas"";""Pleno dia"";""Crescente"";""Céu Claro"";""Simples"";""Retorno Regulamentado"";""Sim"";326986;""Automóvel"";""VW/GOLF 1.6 SPORTLINE"";2013;""Condutor"";""Ileso"";42;""Masculino"";1;0;0;0;-19",3243;-42,"4169;""SR-MG"";""DEL4/6"";""UOP01/MG"""
"183909;406861;2019-01-07;""segunda-feira"";""12:20:00"";""RN"";226;3","4;""NATAL"";""Sim"";""Desobediência às normas de trânsito pelo condutor"";1;""Colisão traseira"";""Com Vítimas Feridas"";""Pleno dia"";""Crescente"";""Céu Claro"";""Simples"";""Reta"";""Não"";327985;""Motocicleta"";""HONDA/CG 150 TITAN KS"";2004;""Condutor"";""Lesões Leves"";19;""Masculino"";0;1;0;0;-5",821187;-35,"254928;""SR-RN"";""DEL15/1"";""UOP02/RN"""
"183909;406859;2019-01-07;""segunda-feira"";""12:20:00"";""RN"";226;3","4;""NATAL"";""Sim"";""Desobediência às normas de trânsito pelo condutor"";1;""Colisão traseira"";""Com Vítimas Feridas"";""Pleno dia"";""Crescente"";""Céu Claro"";""Simples"";""Reta"";""Não"";327984;""Automóvel"";""GM/CELTA 4P SPIRIT"";2006;""Condutor"";""Ileso"";29;""Feminino"";1;0;0;0;-5",821187;-35,"254928;""SR-RN"";""DEL15/1"";""UOP02/RN"""
"183911;408642;2019-01-07;""segunda-feira"";""13:20:00"";""SP"";153;74","4;""BADY BASSITT"";""Sim"";""Defeito Mecânico no Veículo"";1;""Tombamento"";""Com Vítimas Feridas"";""Pleno dia"";""Crescente"";""Céu Claro"";""Dupla"";""Reta"";""Não"";326993;""Motocicleta"";""HONDA/CG 125I FAN"";2017;""Passageiro"";""Lesões Graves"";44;""Feminino"";0;0;1;0;-20",885351;-49,"426739;""SR-SP"";""DEL6/9"";""UOP01/SP"""
"183911;408641;2019-01-07;""segunda-feira"";""13:20:00"";""SP"";153;74","4;""BADY BASSITT"";""Sim"";""Defeito Mecânico no Veículo"";1;""Tombamento"";""Com Vítimas Feridas"";""Pleno dia"";""Crescente"";""Céu Claro"";""Dupla"";""Reta"";""Não"";326993;""Motocicleta"";""HONDA/CG 125I FAN"";2017;""Condutor"";""Lesões Graves"";53;""Masculino"";0;0;1;0;-20",885351;-49,"426739;""SR-SP"";""DEL6/9"";""UOP01/SP"""
"183912;406963;2019-01-07;""segunda-feira"";""11:10:00"";""PR"";369;56;""BANDEIRANTES"";""Sim"";""Sinalização da via insuficiente ou inadequada"";2;""Queda de ocupante de veículo"";""Com Vítimas Feridas"";""Pleno dia"";""Decrescente"";""Céu Claro"";""Simples"";""Interseção de vias"";""Sim"";328132;""Caminhonete"";""VW/SAVEIRO CS TL MB"";2014;""Condutor"";""Ileso"";46;""Masculino"";1;0;0;0;-23",10881851;-50,"36753207;""SR-PR"";""DEL7/7"";""UOP06/PR""",
"183912;406963;2019-01-07;""segunda-feira"";""11:10:00"";""PR"";369;56;""BANDEIRANTES"";""Não"";""Falta de Atenção à Condução"";2;""Queda de ocupante de veículo"";""Com Vítimas Feridas"";""Pleno dia"";""Decrescente"";""Céu Claro"";""Simples"";""Interseção de vias"";""Sim"";328132;""Caminhonete"";""VW/SAVEIRO CS TL MB"";2014;""Condutor"";""Ileso"";46;""Masculino"";1;0;0;0;-23",10881851;-50,"36753207;""SR-PR"";""DEL7/7"";""UOP06/PR""",
"183912;406963;2019-01-07;""segunda-feira"";""11:10:00"";""PR"";369;56;""BANDEIRANTES"";""Sim"";""Sinalização da via insuficiente ou inadequada"";1;""Colisão transversal"";""Com Vítimas Feridas"";""Pleno dia"";""Decrescente"";""Céu Claro"";""Simples"";""Interseção de vias"";""Sim"";328132;""Caminhonete"";""VW/SAVEIRO CS TL MB"";2014;""Condutor"";""Ileso"";46;""Masculino"";1;0;0;0;-23",10881851;-50,"36753207;""SR-PR"";""DEL7/7"";""UOP06/PR""",
"183912;406963;2019-01-07;""segunda-feira"";""11:10:00"";""PR"";369;56;""BANDEIRANTES"";""Não"";""Falta de Atenção à Condução"";1;""Colisão transversal"";""Com Vítimas Feridas"";""Pleno dia"";""Decrescente"";""Céu Claro"";""Simples"";""Interseção de vias"";""Sim"";328132;""Caminhonete"";""VW/SAVEIRO CS TL MB"";2014;""Condutor"";""Ileso"";46;""Masculino"";1;0;0;0;-23",10881851;-50,"36753207;""SR-PR"";""DEL7/7"";""UOP06/PR""",
"183912;406961;2019-01-07;""segunda-feira"";""11:10:00"";""PR"";369;56;""BANDEIRANTES"";""Sim"";""Sinalização da via insuficiente ou inadequada"";2;""Queda de ocupante de veículo"";""Com Vítimas Feridas"";""Pleno dia"";""Decrescente"";""Céu Claro"";""Simples"";""Interseção de vias"";""Sim"";327989;""Motocicleta"";""HONDA/CG150 FAN ESDI"";2011;""Condutor"";""Lesões Leves"";31;""Feminino"";0;1;0;0;-23",10881851;-50,"36753207;""SR-PR"";""DEL7/7"";""UOP06/PR""",
"183912;406961;2019-01-07;""segunda-feira"";""11:10:00"";""PR"";369;56;""BANDEIRANTES"";""Não"";""Falta de Atenção à Condução"";2;""Queda de ocupante de veículo"";""Com Vítimas Feridas"";""Pleno dia"";""Decrescente"";""Céu Claro"";""Simples"";""Interseção de vias"";""Sim"";327989;""Motocicleta"";""HONDA/CG150 FAN ESDI"";2011;""Condutor"";""Lesões Leves"";31;""Feminino"";0;1;0;0;-23",10881851;-50,"36753207;""SR-PR"";""DEL7/7"";""UOP06/PR""",
"183912;406961;2019-01-07;""segunda-feira"";""11:10:00"";""PR"";369;56;""BANDEIRANTES"";""Sim"";""Sinalização da via insuficiente ou inadequada"";1;""Colisão transversal"";""Com Vítimas Feridas"";""Pleno dia"";""Decrescente"";""Céu Claro"";""Simples"";""Interseção de vias"";""Sim"";327989;""Motocicleta"";""HONDA/CG150 FAN ESDI"";2011;""Condutor"";""Lesões Leves"";31;""Feminino"";0;1;0;0;-23",10881851;-50,"36753207;""SR-PR"";""DEL7/7"";""UOP06/PR""",
"183912;406961;2019-01-07;""segunda-feira"";""11:10:00"";""PR"";369;56;""BANDEIRANTES"";""Não"";""Falta de Atenção à Condução"";1;""Colisão transversal"";""Com Vítimas Feridas"";""Pleno dia"";""Decrescente"";""Céu Claro"";""Simples"";""Interseção de vias"";""Sim"";327989;""Motocicleta"";""HONDA/CG150 FAN ESDI"";2011;""Condutor"";""Lesões Leves"";31;""Feminino"";0;1;0;0;-23",10881851;-50,"36753207;""SR-PR"";""DEL7/7"";""UOP06/PR""",
"183913;406822;2019-01-07;""segunda-feira"";""12:30:00"";""SE"";101;111;""SAO CRISTOVAO"";""Sim"";""Falta de Atenção à Condução"";1;""Colisão com objeto estático"";""Com Vítimas Feridas"";""Pleno dia"";""Decrescente"";""Nublado"";""Dupla"";""Reta"";""Não"";327997;""Caminhonete"";""FIAT/STRADA WORKING"";2014;""Condutor"";""Lesões Leves"";23;""Masculino"";0;1;0;0;-10",9935;-37,"2986;""SR-SE"";""DEL20/2"";""UOP01/SE""",
"183914;406022;2019-01-07;""segunda-feira"";""13:20:00"";""MG"";365;625","6;""UBERLANDIA"";""Sim"";""Falta de Atenção à Condução"";1;""Colisão traseira"";""Com Vítimas Feridas"";""Pleno dia"";""Decrescente"";""Céu Claro"";""Dupla"";""Curva"";""Sim"";327446;""Caminhão"";""VW/8.140"";1998;""Condutor"";""Ileso"";38;""Masculino"";1;0;0;0;-18",905;-48,"2879;""SR-MG"";""DEL4/15"";""UOP01/MG"""
"183914;406017;2019-01-07;""segunda-feira"";""13:20:00"";""MG"";365;625","6;""UBERLANDIA"";""Sim"";""Falta de Atenção à Condução"";1;""Colisão traseira"";""Com Vítimas Feridas"";""Pleno dia"";""Decrescente"";""Céu Claro"";""Dupla"";""Curva"";""Sim"";327445;""Automóvel"";""VW/FOX 1.0 GII"";2014;""Passageiro"";""Lesões Leves"";50;""Feminino"";0;1;0;0;-18",905;-48,"2879;""SR-MG"";""DEL4/15"";""UOP01/MG"""
"183914;406014;2019-01-07;""segunda-feira"";""13:20:00"";""MG"";365;625","6;""UBERLANDIA"";""Sim"";""Falta de Atenção à Condução"";1;""Colisão traseira"";""Com Vítimas Feridas"";""Pleno dia"";""Decrescente"";""Céu Claro"";""Dupla"";""Curva"";""Sim"";327445;""Automóvel"";""VW/FOX 1.0 GII"";2014;""Condutor"";""Ileso"";26;""Feminino"";1;0;0;0;-18",905;-48,"2879;""SR-MG"";""DEL4/15"";""UOP01/MG"""
"183915;406805;2019-01-07;""segunda-feira"";""06:20:00"";""BA"";101;446","8;""AURELINO LEAL"";""Sim"";""Falta de Atenção à Condução"";2;""Colisão com objeto estático"";""Com Vítimas Feridas"";""Pleno dia"";""Decrescente"";""Céu Claro"";""Simples"";""Curva"";""Não"";326990;""Automóvel"";""GM/CORSA WIND"";2001;""Condutor"";""Lesões Leves"";53;""Masculino"";0;1;0;0;-14",3234;-39,"3138;""SR-BA"";""DEL10/5"";""UOP01/BA"""
"183915;406805;2019-01-07;""segunda-feira"";""06:20:00"";""BA"";101;446","8;""AURELINO LEAL"";""Sim"";""Falta de Atenção à Condução"";1;""Saída de leito carroçável"";""Com Vítimas Feridas"";""Pleno dia"";""Decrescente"";""Céu Claro"";""Simples"";""Curva"";""Não"";326990;""Automóvel"";""GM/CORSA WIND"";2001;""Condutor"";""Lesões Leves"";53;""Masculino"";0;1;0;0;-14",3234;-39,"3138;""SR-BA"";""DEL10/5"";""UOP01/BA"""
"183916;407491;2019-01-07;""segunda-feira"";""13:30:00"";""SC"";101;148;""ITAPEMA"";""Sim"";""Falta de Atenção à Condução"";1;""Colisão traseira"";""Com Vítimas Feridas"";""Pleno dia"";""Decrescente"";""Céu Claro"";""Dupla"";""Reta"";""Sim"";326999;""Motocicleta"";""HONDA/CG 150 FAN ESI"";2010;""Condutor"";""Lesões Leves"";22;""Masculino"";0;1;0;0;-27",109;-48,"6126;""SR-SC"";""DEL8/4"";""UOP03/SC""",
"183916;407487;2019-01-07;""segunda-feira"";""13:30:00"";""SC"";101;148;""ITAPEMA"";""Sim"";""Falta de Atenção à Condução"";1;""Colisão traseira"";""Com Vítimas Feridas"";""Pleno dia"";""Decrescente"";""Céu Claro"";""Dupla"";""Reta"";""Sim"";326998;""Camioneta"";""JEEP/COMPASS LONGITUDE F"";2017;""Condutor"";""Ileso"";60;""Masculino"";1;0;0;0;-27",109;-48,"6126;""SR-SC"";""DEL8/4"";""UOP03/SC""",
"183917;407902;2019-01-07;""segunda-feira"";""13:35:00"";""SC"";101;357;""SANGAO"";""Sim"";""Falta de Atenção à Condução"";1;""Colisão traseira"";""Com Vítimas Feridas"";""Pleno dia"";""Decrescente"";""Nublado"";""Dupla"";""Reta"";""Não"";328844;""Automóvel"";""FIAT/PUNTO ELX 1.4"";2009;""Condutor"";""Ileso"";33;""Masculino"";1;0;0;0;-28",6375;-49,"0971;""SR-SC"";""DEL8/2"";""UOP01/SC""",
"183917;405373;2019-01-07;""segunda-feira"";""13:35:00"";""SC"";101;357;""SANGAO"";""Sim"";""Falta de Atenção à Condução"";1;""Colisão traseira"";""Com Vítimas Feridas"";""Pleno dia"";""Decrescente"";""Nublado"";""Dupla"";""Reta"";""Não"";326992;""Motoneta"";""HONDA/C100 BIZ ES"";1999;""Condutor"";""Lesões Leves"";52;""Masculino"";0;1;0;0;-28",6375;-49,"0971;""SR-SC"";""DEL8/2"";""UOP01/SC""",
"183918;406414;2019-01-07;""segunda-feira"";""11:50:00"";""MG"";365;163;""PIRAPORA"";""Sim"";""Falta de Atenção à Condução"";2;""Capotamento"";""Com Vítimas Feridas"";""Pleno dia"";""Crescente"";""Sol"";""Simples"";""Reta"";""Sim"";327380;""Automóvel"";""GM/CORSA MILENIUM"";2001;""Condutor"";""Lesões Graves"";43;""Masculino"";0;0;1;0;-17",371075;-44,"945316;""SR-MG"";""DEL4/12"";""UOP01/MG""",
"183918;406414;2019-01-07;""segunda-feira"";""11:50:00"";""MG"";365;163;""PIRAPORA"";""Sim"";""Falta de Atenção à Condução"";1;""Saída de leito carroçável"";""Com Vítimas Feridas"";""Pleno dia"";""Crescente"";""Sol"";""Simples"";""Reta"";""Sim"";327380;""Automóvel"";""GM/CORSA MILENIUM"";2001;""Condutor"";""Lesões Graves"";43;""Masculino"";0;0;1;0;-17",371075;-44,"945316;""SR-MG"";""DEL4/12"";""UOP01/MG""",
"183918;406416;2019-01-07;""segunda-feira"";""11:50:00"";""MG"";365;163;""PIRAPORA"";""Sim"";""Falta de Atenção à Condução"";2;""Capotamento"";""Com Vítimas Feridas"";""Pleno dia"";""Crescente"";""Sol"";""Simples"";""Reta"";""Sim"";327380;""Automóvel"";""GM/CORSA MILENIUM"";2001;""Passageiro"";""Lesões Leves"";38;""Masculino"";0;1;0;0;-17",371075;-44,"945316;""SR-MG"";""DEL4/12"";""UOP01/MG""",
"183918;406416;2019-01-07;""segunda-feira"";""11:50:00"";""MG"";365;163;""PIRAPORA"";""Sim"";""Falta de Atenção à Condução"";1;""Saída de leito carroçável"";""Com Vítimas Feridas"";""Pleno dia"";""Crescente"";""Sol"";""Simples"";""Reta"";""Sim"";327380;""Automóvel"";""GM/CORSA MILENIUM"";2001;""Passageiro"";""Lesões Leves"";38;""Masculino"";0;1;0;0;-17",371075;-44,"945316;""SR-MG"";""DEL4/12"";""UOP01/MG""",
"183919;408802;2019-01-07;""segunda-feira"";""11:20:00"";""MG"";381;838","1;""SAO SEBASTIAO DA BELA VISTA"";""Sim"";""Defeito Mecânico no Veículo"";1;""Tombamento"";""Com Vítimas Feridas"";""Pleno dia"";""Crescente"";""Sol"";""Dupla"";""Reta"";""Não"";326995;""Motocicleta"";""HONDA/NXR160 BROS ESD"";2015;""Passageiro"";""Lesões Leves"";39;""Feminino"";0;1;0;0;-22",1586;-45,"8273;""SR-MG"";""DEL09"";""UOP01/MG"""
"183919;408798;2019-01-07;""segunda-feira"";""11:20:00"";""MG"";381;838","1;""SAO SEBASTIAO DA BELA VISTA"";""Sim"";""Defeito Mecânico no Veículo"";1;""Tombamento"";""Com Vítimas Feridas"";""Pleno dia"";""Crescente"";""Sol"";""Dupla"";""Reta"";""Não"";326995;""Motocicleta"";""HONDA/NXR160 BROS ESD"";2015;""Condutor"";""Lesões Leves"";51;""Masculino"";0;1;0;0;-22",1586;-45,"8273;""SR-MG"";""DEL09"";""UOP01/MG"""
"183920;405992;2019-01-07;""segunda-feira"";""12:05:00"";""MG"";381;838","7;""SAO SEBASTIAO DA BELA VISTA"";""Sim"";""Velocidade Incompatível"";2;""Capotamento"";""Com Vítimas Feridas"";""Pleno dia"";""Crescente"";""Céu Claro"";""Dupla"";""Reta"";""Não"";326994;""Automóvel"";""VW/GOLF"";2002;""Condutor"";""Lesões Leves"";26;""Feminino"";0;1;0;0;-22",15607335;-45,"82553029;""SR-MG"";""DEL09"";""UOP01/MG"""
"183920;405992;2019-01-07;""segunda-feira"";""12:05:00"";""MG"";381;838","7;""SAO SEBASTIAO DA BELA VISTA"";""Sim"";""Velocidade Incompatível"";1;""Saída de leito carroçável"";""Com Vítimas Feridas"";""Pleno dia"";""Crescente"";""Céu Claro"";""Dupla"";""Reta"";""Não"";326994;""Automóvel"";""VW/GOLF"";2002;""Condutor"";""Lesões Leves"";26;""Feminino"";0;1;0;0;-22",15607335;-45,"82553029;""SR-MG"";""DEL09"";""UOP01/MG"""
"183920;405995;2019-01-07;""segunda-feira"";""12:05:00"";""MG"";381;838","7;""SAO SEBASTIAO DA BELA VISTA"";""Sim"";""Velocidade Incompatível"";2;""Capotamento"";""Com Vítimas Feridas"";""Pleno dia"";""Crescente"";""Céu Claro"";""Dupla"";""Reta"";""Não"";326994;""Automóvel"";""VW/GOLF"";2002;""Passageiro"";""Lesões Leves"";29;""Masculino"";0;1;0;0;-22",15607335;-45,"82553029;""SR-MG"";""DEL09"";""UOP01/MG"""
"183920;405995;2019-01-07;""segunda-feira"";""12:05:00"";""MG"";381;838","7;""SAO SEBASTIAO DA BELA VISTA"";""Sim"";""Velocidade Incompatível"";1;""Saída de leito carroçável"";""Com Vítimas Feridas"";""Pleno dia"";""Crescente"";""Céu Claro"";""Dupla"";""Reta"";""Não"";326994;""Automóvel"";""VW/GOLF"";2002;""Passageiro"";""Lesões Leves"";29;""Masculino"";0;1;0;0;-22",15607335;-45,"82553029;""SR-MG"";""DEL09"";""UOP01/MG"""
"183921;406908;2019-01-07;""segunda-feira"";""12:00:00"";""MT"";163;588;""NOVA MUTUM"";""Sim"";""Velocidade Incompatível"";2;""Capotamento"";""Com Vítimas Feridas"";""Pleno dia"";""Crescente"";""Chuva"";""Simples"";""Reta"";""Não"";328098;""Automóvel"";""VW/NOVO GOL TL MBV"";2018;""Passageiro"";""Lesões Leves"";10;""Masculino"";0;1;0;0;-13",9405805;-56,"09556377;""SR-MT"";""DEL2/4"";""UOP01/MT""",
"183921;406908;2019-01-07;""segunda-feira"";""12:00:00"";""MT"";163;588;""NOVA MUTUM"";""Sim"";""Velocidade Incompatível"";1;""Saída de leito carroçável"";""Com Vítimas Feridas"";""Pleno dia"";""Crescente"";""Chuva"";""Simples"";""Reta"";""Não"";328098;""Automóvel"";""VW/NOVO GOL TL MBV"";2018;""Passageiro"";""Lesões Leves"";10;""Masculino"";0;1;0;0;-13",9405805;-56,"09556377;""SR-MT"";""DEL2/4"";""UOP01/MT""",
"183921;406906;2019-01-07;""segunda-feira"";""12:00:00"";""MT"";163;588;""NOVA MUTUM"";""Sim"";""Velocidade Incompatível"";2;""Capotamento"";""Com Vítimas Feridas"";""Pleno dia"";""Crescente"";""Chuva"";""Simples"";""Reta"";""Não"";328098;""Automóvel"";""VW/NOVO GOL TL MBV"";2018;""Condutor"";""Lesões Leves"";45;""Feminino"";0;1;0;0;-13",9405805;-56,"09556377;""SR-MT"";""DEL2/4"";""UOP01/MT""",
"183921;406906;2019-01-07;""segunda-feira"";""12:00:00"";""MT"";163;588;""NOVA MUTUM"";""Sim"";""Velocidade Incompatível"";1;""Saída de leito carroçável"";""Com Vítimas Feridas"";""Pleno dia"";""Crescente"";""Chuva"";""Simples"";""Reta"";""Não"";328098;""Automóvel"";""VW/NOVO GOL TL MBV"";2018;""Condutor"";""Lesões Leves"";45;""Feminino"";0;1;0;0;-13",9405805;-56,"09556377;""SR-MT"";""DEL2/4"";""UOP01/MT""",
"183922;NA;2019-01-07;""segunda-feira"";""14:05:00"";""ES"";101;214","3;""IBIRACU"";""Sim"";""Defeito Mecânico no Veículo"";1;""Colisão com objeto estático"";""Com Vítimas Feridas"";""Pleno dia"";""Crescente"";""Céu Claro"";""Simples"";""Reta"";""Sim"";328013;""Reboque"";""R/PRESIDENTE TRA CARGA1"";2015;""Não Informado"";""Não Informado"";NA;""Não Informado"";0;0;0;0;-19",82955488;-40,"37716649;""SR-ES"";""DEL12/2"";""UOP01/ES"""
"183922;406784;2019-01-07;""segunda-feira"";""14:05:00"";""ES"";101;214","3;""IBIRACU"";""Sim"";""Defeito Mecânico no Veículo"";1;""Colisão com objeto estático"";""Com Vítimas Feridas"";""Pleno dia"";""Crescente"";""Céu Claro"";""Simples"";""Reta"";""Sim"";327968;""Automóvel"";""GM/CELTA 4P SPIRIT"";2010;""Condutor"";""Lesões Leves"";55;""Masculino"";0;1;0;0;-19",82955488;-40,"37716649;""SR-ES"";""DEL12/2"";""UOP01/ES"""
"183922;406794;2019-01-07;""segunda-feira"";""14:05:00"";""ES"";101;214","3;""IBIRACU"";""Sim"";""Defeito Mecânico no Veículo"";1;""Colisão com objeto estático"";""Com Vítimas Feridas"";""Pleno dia"";""Crescente"";""Céu Claro"";""Simples"";""Reta"";""Sim"";327968;""Automóvel"";""GM/CELTA 4P SPIRIT"";2010;""Passageiro"";""Ileso"";36;""Masculino"";1;0;0;0;-19",82955488;-40,"37716649;""SR-ES"";""DEL12/2"";""UOP01/ES"""
"183923;405868;2019-01-07;""segunda-feira"";""12:50:00"";""PB"";230;18","9;""JOAO PESSOA"";""Sim"";""Desobediência às normas de trânsito pelo condutor"";3;""Atropelamento de Pedestre"";""Com Vítimas Feridas"";""Pleno dia"";""Crescente"";""Céu Claro"";""Dupla"";""Curva"";""Sim"";327259;""Motocicleta"";""HONDA/CB 300R"";2010;""Condutor"";""Lesões Graves"";39;""Masculino"";0;0;1;0;-7",12710571;-34,"84585069;""SR-PB"";""DEL14/1"";""UOP00/PB"""