"id;""pesid"";""data_inversa"";""dia_semana"";""horario"";""uf"";""br"";""km"";""municipio"";""causa_principal"";""causa_acidente"";""ordem_tipo_acidente"";""tipo_acidente"";""classificacao_acidente"";""fase_dia"";""sentido_via"";""condicao_metereologica"";""tipo_pista"";""tracado_via"";""uso_solo"";""id_veiculo"";""tipo_veiculo"";""marca"";""ano_fabricacao_veiculo"";""tipo_envolvido"";""estado_fisico"";""idade"";""sexo"";""ilesos"";""feridos_leves"";""feridos_graves"";""mortos"";""latitude"";""longitude"";""regional"";""delegacia"";""uop""",,,
"183953;406867;2019-01-07;""segunda-feira"";""19:30:00"";""MG"";381;776;""CAMPANHA"";""Sim"";""Defeito na Via"";1;""Queda de ocupante de veículo"";""Com Vítimas Feridas"";""Plena Noite"";""Crescente"";""Céu Claro"";""Dupla"";""Reta"";""Não"";327028;""Motocicleta"";""I/H.DAVIDSON XL 883 C"";2005;""Condutor"";""Lesões Leves"";39;""Masculino"";0;1;0;0;-21",7989;-45,"4617;""SR-MG"";""DEL09"";""UOP02/MG""",
"183953;407122;2019-01-07;""segunda-feira"";""19:30:00"";""MG"";381;776;""CAMPANHA"";""Sim"";""Defeito na Via"";1;""Queda de ocupante de veículo"";""Com Vítimas Feridas"";""Plena Noite"";""Crescente"";""Céu Claro"";""Dupla"";""Reta"";""Não"";327028;""Motocicleta"";""I/H.DAVIDSON XL 883 C"";2005;""Passageiro"";""Lesões Leves"";33;""Feminino"";0;1;0;0;-21",7989;-45,"4617;""SR-MG"";""DEL09"";""UOP02/MG""",
"183954;405500;2019-01-08;""terça-feira"";""07:20:00"";""SC"";101;214;""PALHOCA"";""Sim"";""Falta de Atenção à Condução"";1;""Colisão traseira"";""Com Vítimas Feridas"";""Pleno dia"";""Decrescente"";""Sol"";""Dupla"";""Reta"";""Não"";327095;""Automóvel"";""FIAT/UNO MILLE WAY ECON"";2010;""Passageiro"";""Lesões Leves"";72;""Feminino"";0;1;0;0;-27",652;-48,"676;""SR-SC"";""DEL8/1"";""UOP02/SC""",
"183954;405479;2019-01-08;""terça-feira"";""07:20:00"";""SC"";101;214;""PALHOCA"";""Sim"";""Falta de Atenção à Condução"";1;""Colisão traseira"";""Com Vítimas Feridas"";""Pleno dia"";""Decrescente"";""Sol"";""Dupla"";""Reta"";""Não"";327095;""Automóvel"";""FIAT/UNO MILLE WAY ECON"";2010;""Condutor"";""Ileso"";71;""Masculino"";1;0;0;0;-27",652;-48,"676;""SR-SC"";""DEL8/1"";""UOP02/SC""",
"183954;405477;2019-01-08;""terça-feira"";""07:20:00"";""SC"";101;214;""PALHOCA"";""Sim"";""Falta de Atenção à Condução"";1;""Colisão traseira"";""Com Vítimas Feridas"";""Pleno dia"";""Decrescente"";""Sol"";""Dupla"";""Reta"";""Não"";327094;""Automóvel"";""VW/GOL 1.0 ECOMOTION GIV"";2011;""Condutor"";""Ileso"";33;""Masculino"";1;0;0;0;-27",652;-48,"676;""SR-SC"";""DEL8/1"";""UOP02/SC""",
"183954;405476;2019-01-08;""terça-feira"";""07:20:00"";""SC"";101;214;""PALHOCA"";""Sim"";""Falta de Atenção à Condução"";1;""Colisão traseira"";""Com Vítimas Feridas"";""Pleno dia"";""Decrescente"";""Sol"";""Dupla"";""Reta"";""Não"";327093;""Caminhonete"";""FORD/COURIER 1.6 L"";2001;""Condutor"";""Ileso"";42;""Masculino"";1;0;0;0;-27",652;-48,"676;""SR-SC"";""DEL8/1"";""UOP02/SC""",
"183955;405991;2019-01-08;""terça-feira"";""04:00:00"";""SP"";116;440","9;""REGISTRO"";""Sim"";""Condutor Dormindo"";1;""Colisão traseira"";""Com Vítimas Feridas"";""Plena Noite"";""Decrescente"";""Céu Claro"";""Dupla"";""Reta"";""Sim"";327031;""Caminhão"";""FORD/CARGO 2429 BL"";2017;""Condutor"";""Lesões Leves"";31;""Masculino"";0;1;0;0;-24",46777122;-47,"82146394;""SR-SP"";""DEL6/5"";""UOP01/SP"""
"183955;405994;2019-01-08;""terça-feira"";""04:00:00"";""SP"";116;440","9;""REGISTRO"";""Sim"";""Condutor Dormindo"";1;""Colisão traseira"";""Com Vítimas Feridas"";""Plena Noite"";""Decrescente"";""Céu Claro"";""Dupla"";""Reta"";""Sim"";327032;""Caminhão"";""FORD/CARGO 1722 E"";2010;""Condutor"";""Lesões Leves"";42;""Masculino"";0;1;0;0;-24",46777122;-47,"82146394;""SR-SP"";""DEL6/5"";""UOP01/SP"""
"183956;NA;2019-01-08;""terça-feira"";""01:15:00"";""MG"";381;597","5;""CARMOPOLIS DE MINAS"";""Sim"";""Condutor Dormindo"";1;""Colisão traseira"";""Com Vítimas Fatais"";""Plena Noite"";""Crescente"";""Céu Claro"";""Dupla"";""Reta"";""Não"";328481;""Semireboque"";""SR/RANDON SR CA"";2012;""Não Informado"";""Não Informado"";NA;""Não Informado"";0;0;0;0;-20",5937;-44,"704;""SR-MG"";""DEL4/4"";""UOP01/MG"""
"183956;407634;2019-01-08;""terça-feira"";""01:15:00"";""MG"";381;597","5;""CARMOPOLIS DE MINAS"";""Sim"";""Condutor Dormindo"";1;""Colisão traseira"";""Com Vítimas Fatais"";""Plena Noite"";""Crescente"";""Céu Claro"";""Dupla"";""Reta"";""Não"";327034;""Ônibus"";""SCANIA/MPOLO VIAGGIO R"";2010;""Passageiro"";""Lesões Leves"";64;""Feminino"";0;1;0;0;-20",5937;-44,"704;""SR-MG"";""DEL4/4"";""UOP01/MG"""
"183956;407633;2019-01-08;""terça-feira"";""01:15:00"";""MG"";381;597","5;""CARMOPOLIS DE MINAS"";""Sim"";""Condutor Dormindo"";1;""Colisão traseira"";""Com Vítimas Fatais"";""Plena Noite"";""Crescente"";""Céu Claro"";""Dupla"";""Reta"";""Não"";327034;""Ônibus"";""SCANIA/MPOLO VIAGGIO R"";2010;""Passageiro"";""Lesões Leves"";32;""Feminino"";0;1;0;0;-20",5937;-44,"704;""SR-MG"";""DEL4/4"";""UOP01/MG"""
"183956;407632;2019-01-08;""terça-feira"";""01:15:00"";""MG"";381;597","5;""CARMOPOLIS DE MINAS"";""Sim"";""Condutor Dormindo"";1;""Colisão traseira"";""Com Vítimas Fatais"";""Plena Noite"";""Crescente"";""Céu Claro"";""Dupla"";""Reta"";""Não"";327034;""Ônibus"";""SCANIA/MPOLO VIAGGIO R"";2010;""Passageiro"";""Lesões Leves"";33;""Masculino"";0;1;0;0;-20",5937;-44,"704;""SR-MG"";""DEL4/4"";""UOP01/MG"""
"183956;405411;2019-01-08;""terça-feira"";""01:15:00"";""MG"";381;597","5;""CARMOPOLIS DE MINAS"";""Sim"";""Condutor Dormindo"";1;""Colisão traseira"";""Com Vítimas Fatais"";""Plena Noite"";""Crescente"";""Céu Claro"";""Dupla"";""Reta"";""Não"";327034;""Ônibus"";""SCANIA/MPOLO VIAGGIO R"";2010;""Condutor"";""Óbito"";47;""Masculino"";0;0;0;1;-20",5937;-44,"704;""SR-MG"";""DEL4/4"";""UOP01/MG"""
"183956;407640;2019-01-08;""terça-feira"";""01:15:00"";""MG"";381;597","5;""CARMOPOLIS DE MINAS"";""Sim"";""Condutor Dormindo"";1;""Colisão traseira"";""Com Vítimas Fatais"";""Plena Noite"";""Crescente"";""Céu Claro"";""Dupla"";""Reta"";""Não"";327034;""Ônibus"";""SCANIA/MPOLO VIAGGIO R"";2010;""Passageiro"";""Ileso"";15;""Feminino"";1;0;0;0;-20",5937;-44,"704;""SR-MG"";""DEL4/4"";""UOP01/MG"""
"183956;407638;2019-01-08;""terça-feira"";""01:15:00"";""MG"";381;597","5;""CARMOPOLIS DE MINAS"";""Sim"";""Condutor Dormindo"";1;""Colisão traseira"";""Com Vítimas Fatais"";""Plena Noite"";""Crescente"";""Céu Claro"";""Dupla"";""Reta"";""Não"";327034;""Ônibus"";""SCANIA/MPOLO VIAGGIO R"";2010;""Passageiro"";""Lesões Leves"";23;""Feminino"";0;1;0;0;-20",5937;-44,"704;""SR-MG"";""DEL4/4"";""UOP01/MG"""
"183956;407635;2019-01-08;""terça-feira"";""01:15:00"";""MG"";381;597","5;""CARMOPOLIS DE MINAS"";""Sim"";""Condutor Dormindo"";1;""Colisão traseira"";""Com Vítimas Fatais"";""Plena Noite"";""Crescente"";""Céu Claro"";""Dupla"";""Reta"";""Não"";327034;""Ônibus"";""SCANIA/MPOLO VIAGGIO R"";2010;""Passageiro"";""Ileso"";29;""Feminino"";1;0;0;0;-20",5937;-44,"704;""SR-MG"";""DEL4/4"";""UOP01/MG"""
"183956;407631;2019-01-08;""terça-feira"";""01:15:00"";""MG"";381;597","5;""CARMOPOLIS DE MINAS"";""Sim"";""Condutor Dormindo"";1;""Colisão traseira"";""Com Vítimas Fatais"";""Plena Noite"";""Crescente"";""Céu Claro"";""Dupla"";""Reta"";""Não"";327034;""Ônibus"";""SCANIA/MPOLO VIAGGIO R"";2010;""Passageiro"";""Lesões Leves"";33;""Masculino"";0;1;0;0;-20",5937;-44,"704;""SR-MG"";""DEL4/4"";""UOP01/MG"""
"183956;405412;2019-01-08;""terça-feira"";""01:15:00"";""MG"";381;597","5;""CARMOPOLIS DE MINAS"";""Sim"";""Condutor Dormindo"";1;""Colisão traseira"";""Com Vítimas Fatais"";""Plena Noite"";""Crescente"";""Céu Claro"";""Dupla"";""Reta"";""Não"";327038;""Caminhão-trator"";""SCANIA/P 340 A4X2"";2011;""Condutor"";""Ileso"";40;""Masculino"";1;0;0;0;-20",5937;-44,"704;""SR-MG"";""DEL4/4"";""UOP01/MG"""
"183956;407560;2019-01-08;""terça-feira"";""01:15:00"";""MG"";381;597","5;""CARMOPOLIS DE MINAS"";""Sim"";""Condutor Dormindo"";1;""Colisão traseira"";""Com Vítimas Fatais"";""Plena Noite"";""Crescente"";""Céu Claro"";""Dupla"";""Reta"";""Não"";327038;""Caminhão-trator"";""SCANIA/P 340 A4X2"";2011;""Passageiro"";""Ileso"";41;""Masculino"";1;0;0;0;-20",5937;-44,"704;""SR-MG"";""DEL4/4"";""UOP01/MG"""
"183957;406823;2019-01-07;""segunda-feira"";""16:32:00"";""MG"";50;107","1;""UBERABA"";""Sim"";""Falta de Atenção à Condução"";2;""Capotamento"";""Com Vítimas Feridas"";""Pleno dia"";""Decrescente"";""Céu Claro"";""Dupla"";""Reta"";""Não"";327035;""Automóvel"";""HYUNDAI/HB20S 1.0M COMF"";2017;""Passageiro"";""Lesões Leves"";28;""Feminino"";0;1;0;0;-19",2072;-48,"1496;""SR-MG"";""DEL13"";""UOP01/MG"""
"183957;406823;2019-01-07;""segunda-feira"";""16:32:00"";""MG"";50;107","1;""UBERABA"";""Sim"";""Falta de Atenção à Condução"";1;""Saída de leito carroçável"";""Com Vítimas Feridas"";""Pleno dia"";""Decrescente"";""Céu Claro"";""Dupla"";""Reta"";""Não"";327035;""Automóvel"";""HYUNDAI/HB20S 1.0M COMF"";2017;""Passageiro"";""Lesões Leves"";28;""Feminino"";0;1;0;0;-19",2072;-48,"1496;""SR-MG"";""DEL13"";""UOP01/MG"""
"183957;406817;2019-01-07;""segunda-feira"";""16:32:00"";""MG"";50;107","1;""UBERABA"";""Sim"";""Falta de Atenção à Condução"";2;""Capotamento"";""Com Vítimas Feridas"";""Pleno dia"";""Decrescente"";""Céu Claro"";""Dupla"";""Reta"";""Não"";327035;""Automóvel"";""HYUNDAI/HB20S 1.0M COMF"";2017;""Passageiro"";""Lesões Leves"";53;""Feminino"";0;1;0;0;-19",2072;-48,"1496;""SR-MG"";""DEL13"";""UOP01/MG"""
"183957;406817;2019-01-07;""segunda-feira"";""16:32:00"";""MG"";50;107","1;""UBERABA"";""Sim"";""Falta de Atenção à Condução"";1;""Saída de leito carroçável"";""Com Vítimas Feridas"";""Pleno dia"";""Decrescente"";""Céu Claro"";""Dupla"";""Reta"";""Não"";327035;""Automóvel"";""HYUNDAI/HB20S 1.0M COMF"";2017;""Passageiro"";""Lesões Leves"";53;""Feminino"";0;1;0;0;-19",2072;-48,"1496;""SR-MG"";""DEL13"";""UOP01/MG"""
"183957;406816;2019-01-07;""segunda-feira"";""16:32:00"";""MG"";50;107","1;""UBERABA"";""Sim"";""Falta de Atenção à Condução"";2;""Capotamento"";""Com Vítimas Feridas"";""Pleno dia"";""Decrescente"";""Céu Claro"";""Dupla"";""Reta"";""Não"";327035;""Automóvel"";""HYUNDAI/HB20S 1.0M COMF"";2017;""Condutor"";""Lesões Leves"";42;""Masculino"";0;1;0;0;-19",2072;-48,"1496;""SR-MG"";""DEL13"";""UOP01/MG"""
"183957;406816;2019-01-07;""segunda-feira"";""16:32:00"";""MG"";50;107","1;""UBERABA"";""Sim"";""Falta de Atenção à Condução"";1;""Saída de leito carroçável"";""Com Vítimas Feridas"";""Pleno dia"";""Decrescente"";""Céu Claro"";""Dupla"";""Reta"";""Não"";327035;""Automóvel"";""HYUNDAI/HB20S 1.0M COMF"";2017;""Condutor"";""Lesões Leves"";42;""Masculino"";0;1;0;0;-19",2072;-48,"1496;""SR-MG"";""DEL13"";""UOP01/MG"""
"183958;409087;2019-01-08;""terça-feira"";""07:50:00"";""RJ"";116;191;""QUEIMADOS"";""Sim"";""Falta de Atenção à Condução"";2;""Colisão traseira"";""Com Vítimas Feridas"";""Pleno dia"";""Crescente"";""Céu Claro"";""Dupla"";""Reta"";""Sim"";327084;""Automóvel"";""I/KIA SPORTAGE EX2 2.0G2"";2009;""Condutor"";""Ileso"";52;""Masculino"";1;0;0;0;-22",72979878;-43,"57229233;""SR-RJ"";""DEL5/1"";""UOP03/RJ""",
"183958;409087;2019-01-08;""terça-feira"";""07:50:00"";""RJ"";116;191;""QUEIMADOS"";""Sim"";""Falta de Atenção à Condução"";1;""Colisão lateral"";""Com Vítimas Feridas"";""Pleno dia"";""Crescente"";""Céu Claro"";""Dupla"";""Reta"";""Sim"";327084;""Automóvel"";""I/KIA SPORTAGE EX2 2.0G2"";2009;""Condutor"";""Ileso"";52;""Masculino"";1;0;0;0;-22",72979878;-43,"57229233;""SR-RJ"";""DEL5/1"";""UOP03/RJ""",
"183958;409086;2019-01-08;""terça-feira"";""07:50:00"";""RJ"";116;191;""QUEIMADOS"";""Sim"";""Falta de Atenção à Condução"";2;""Colisão traseira"";""Com Vítimas Feridas"";""Pleno dia"";""Crescente"";""Céu Claro"";""Dupla"";""Reta"";""Sim"";327083;""Automóvel"";""CHEVROLET/COBALT 1.4 LTZ"";2015;""Condutor"";""Ileso"";55;""Masculino"";1;0;0;0;-22",72979878;-43,"57229233;""SR-RJ"";""DEL5/1"";""UOP03/RJ""",
"183958;409086;2019-01-08;""terça-feira"";""07:50:00"";""RJ"";116;191;""QUEIMADOS"";""Sim"";""Falta de Atenção à Condução"";1;""Colisão lateral"";""Com Vítimas Feridas"";""Pleno dia"";""Crescente"";""Céu Claro"";""Dupla"";""Reta"";""Sim"";327083;""Automóvel"";""CHEVROLET/COBALT 1.4 LTZ"";2015;""Condutor"";""Ileso"";55;""Masculino"";1;0;0;0;-22",72979878;-43,"57229233;""SR-RJ"";""DEL5/1"";""UOP03/RJ""",
"183958;409084;2019-01-08;""terça-feira"";""07:50:00"";""RJ"";116;191;""QUEIMADOS"";""Sim"";""Falta de Atenção à Condução"";2;""Colisão traseira"";""Com Vítimas Feridas"";""Pleno dia"";""Crescente"";""Céu Claro"";""Dupla"";""Reta"";""Sim"";327082;""Automóvel"";""FIAT/PALIO WK ADVEN FLEX"";2013;""Condutor"";""Ileso"";53;""Masculino"";1;0;0;0;-22",72979878;-43,"57229233;""SR-RJ"";""DEL5/1"";""UOP03/RJ""",
"183958;409084;2019-01-08;""terça-feira"";""07:50:00"";""RJ"";116;191;""QUEIMADOS"";""Sim"";""Falta de Atenção à Condução"";1;""Colisão lateral"";""Com Vítimas Feridas"";""Pleno dia"";""Crescente"";""Céu Claro"";""Dupla"";""Reta"";""Sim"";327082;""Automóvel"";""FIAT/PALIO WK ADVEN FLEX"";2013;""Condutor"";""Ileso"";53;""Masculino"";1;0;0;0;-22",72979878;-43,"57229233;""SR-RJ"";""DEL5/1"";""UOP03/RJ""",
"183958;408983;2019-01-08;""terça-feira"";""07:50:00"";""RJ"";116;191;""QUEIMADOS"";""Sim"";""Falta de Atenção à Condução"";2;""Colisão traseira"";""Com Vítimas Feridas"";""Pleno dia"";""Crescente"";""Céu Claro"";""Dupla"";""Reta"";""Sim"";327081;""Motocicleta"";""HONDA/CG 150 TITAN KS"";2004;""Passageiro"";""Lesões Leves"";31;""Masculino"";0;1;0;0;-22",72979878;-43,"57229233;""SR-RJ"";""DEL5/1"";""UOP03/RJ""",
"183958;408983;2019-01-08;""terça-feira"";""07:50:00"";""RJ"";116;191;""QUEIMADOS"";""Sim"";""Falta de Atenção à Condução"";1;""Colisão lateral"";""Com Vítimas Feridas"";""Pleno dia"";""Crescente"";""Céu Claro"";""Dupla"";""Reta"";""Sim"";327081;""Motocicleta"";""HONDA/CG 150 TITAN KS"";2004;""Passageiro"";""Lesões Leves"";31;""Masculino"";0;1;0;0;-22",72979878;-43,"57229233;""SR-RJ"";""DEL5/1"";""UOP03/RJ""",
"183958;408982;2019-01-08;""terça-feira"";""07:50:00"";""RJ"";116;191;""QUEIMADOS"";""Sim"";""Falta de Atenção à Condução"";2;""Colisão traseira"";""Com Vítimas Feridas"";""Pleno dia"";""Crescente"";""Céu Claro"";""Dupla"";""Reta"";""Sim"";327081;""Motocicleta"";""HONDA/CG 150 TITAN KS"";2004;""Condutor"";""Lesões Leves"";21;""Masculino"";0;1;0;0;-22",72979878;-43,"57229233;""SR-RJ"";""DEL5/1"";""UOP03/RJ""",
"183958;408982;2019-01-08;""terça-feira"";""07:50:00"";""RJ"";116;191;""QUEIMADOS"";""Sim"";""Falta de Atenção à Condução"";1;""Colisão lateral"";""Com Vítimas Feridas"";""Pleno dia"";""Crescente"";""Céu Claro"";""Dupla"";""Reta"";""Sim"";327081;""Motocicleta"";""HONDA/CG 150 TITAN KS"";2004;""Condutor"";""Lesões Leves"";21;""Masculino"";0;1;0;0;-22",72979878;-43,"57229233;""SR-RJ"";""DEL5/1"";""UOP03/RJ""",
"183958;408981;2019-01-08;""terça-feira"";""07:50:00"";""RJ"";116;191;""QUEIMADOS"";""Sim"";""Falta de Atenção à Condução"";2;""Colisão traseira"";""Com Vítimas Feridas"";""Pleno dia"";""Crescente"";""Céu Claro"";""Dupla"";""Reta"";""Sim"";327080;""Automóvel"";""FIAT/UNO VIVACE 1.0"";2015;""Condutor"";""Ileso"";26;""Masculino"";1;0;0;0;-22",72979878;-43,"57229233;""SR-RJ"";""DEL5/1"";""UOP03/RJ""",
"183958;408981;2019-01-08;""terça-feira"";""07:50:00"";""RJ"";116;191;""QUEIMADOS"";""Sim"";""Falta de Atenção à Condução"";1;""Colisão lateral"";""Com Vítimas Feridas"";""Pleno dia"";""Crescente"";""Céu Claro"";""Dupla"";""Reta"";""Sim"";327080;""Automóvel"";""FIAT/UNO VIVACE 1.0"";2015;""Condutor"";""Ileso"";26;""Masculino"";1;0;0;0;-22",72979878;-43,"57229233;""SR-RJ"";""DEL5/1"";""UOP03/RJ""",
"183959;NA;2019-01-07;""segunda-feira"";""17:15:00"";""PR"";376;666;""GUARATUBA"";""Sim"";""Defeito Mecânico no Veículo"";1;""Colisão com objeto estático"";""Com Vítimas Feridas"";""Pleno dia"";""Crescente"";""Céu Claro"";""Dupla"";""Curva"";""Não"";328017;""Semireboque"";""SR/LIBRELATO CACAENCR 3E"";2013;""Não Informado"";""Não Informado"";NA;""Não Informado"";0;0;0;0;-25",8528875;-48,"9770463;""SR-PR"";""DEL7/1"";""UOP08/PR""",
"183959;406785;2019-01-07;""segunda-feira"";""17:15:00"";""PR"";376;666;""GUARATUBA"";""Sim"";""Defeito Mecânico no Veículo"";1;""Colisão com objeto estático"";""Com Vítimas Feridas"";""Pleno dia"";""Crescente"";""Céu Claro"";""Dupla"";""Curva"";""Não"";327036;""Caminhão-trator"";""SCANIA/R113 H 4X2 360"";1994;""Condutor"";""Lesões Leves"";32;""Masculino"";0;1;0;0;-25",8528875;-48,"9770463;""SR-PR"";""DEL7/1"";""UOP08/PR""",
"183960;NA;2019-01-07;""segunda-feira"";""13:25:00"";""PR"";376;664;""GUARATUBA"";""Sim"";""Falta de Atenção à Condução"";1;""Colisão traseira"";""Com Vítimas Feridas"";""Pleno dia"";""Decrescente"";""Sol"";""Dupla"";""Curva"";""Não"";328209;""Semireboque"";""SR/RANDONSP SRFG LO"";2011;""Não Informado"";""Não Informado"";NA;""Não Informado"";0;0;0;0;-25",85381689;-48,"95593643;""SR-PR"";""DEL7/1"";""UOP08/PR""",
"183960;NA;2019-01-07;""segunda-feira"";""13:25:00"";""PR"";376;664;""GUARATUBA"";""Não"";""Não guardar distância de segurança"";1;""Colisão traseira"";""Com Vítimas Feridas"";""Pleno dia"";""Decrescente"";""Sol"";""Dupla"";""Curva"";""Não"";328209;""Semireboque"";""SR/RANDONSP SRFG LO"";2011;""Não Informado"";""Não Informado"";NA;""Não Informado"";0;0;0;0;-25",85381689;-48,"95593643;""SR-PR"";""DEL7/1"";""UOP08/PR""",
"183960;407076;2019-01-07;""segunda-feira"";""13:25:00"";""PR"";376;664;""GUARATUBA"";""Sim"";""Falta de Atenção à Condução"";1;""Colisão traseira"";""Com Vítimas Feridas"";""Pleno dia"";""Decrescente"";""Sol"";""Dupla"";""Curva"";""Não"";327037;""Automóvel"";""FORD/FIESTA HA 1.6L TI A"";2014;""Condutor"";""Lesões Leves"";54;""Feminino"";0;1;0;0;-25",85381689;-48,"95593643;""SR-PR"";""DEL7/1"";""UOP08/PR""",
"183960;407076;2019-01-07;""segunda-feira"";""13:25:00"";""PR"";376;664;""GUARATUBA"";""Não"";""Não guardar distância de segurança"";1;""Colisão traseira"";""Com Vítimas Feridas"";""Pleno dia"";""Decrescente"";""Sol"";""Dupla"";""Curva"";""Não"";327037;""Automóvel"";""FORD/FIESTA HA 1.6L TI A"";2014;""Condutor"";""Lesões Leves"";54;""Feminino"";0;1;0;0;-25",85381689;-48,"95593643;""SR-PR"";""DEL7/1"";""UOP08/PR""",
"183960;407079;2019-01-07;""segunda-feira"";""13:25:00"";""PR"";376;664;""GUARATUBA"";""Sim"";""Falta de Atenção à Condução"";1;""Colisão traseira"";""Com Vítimas Feridas"";""Pleno dia"";""Decrescente"";""Sol"";""Dupla"";""Curva"";""Não"";328208;""Caminhão-trator"";""IMP/IVECOFIAT E 450E37T"";2003;""Condutor"";""Ileso"";35;""Masculino"";1;0;0;0;-25",85381689;-48,"95593643;""SR-PR"";""DEL7/1"";""UOP08/PR""",
"183960;407079;2019-01-07;""segunda-feira"";""13:25:00"";""PR"";376;664;""GUARATUBA"";""Não"";""Não guardar distância de segurança"";1;""Colisão traseira"";""Com Vítimas Feridas"";""Pleno dia"";""Decrescente"";""Sol"";""Dupla"";""Curva"";""Não"";328208;""Caminhão-trator"";""IMP/IVECOFIAT E 450E37T"";2003;""Condutor"";""Ileso"";35;""Masculino"";1;0;0;0;-25",85381689;-48,"95593643;""SR-PR"";""DEL7/1"";""UOP08/PR""",
"183962;406950;2019-01-07;""segunda-feira"";""17:20:00"";""PI"";343;0","2;""LUIS CORREIA"";""Sim"";""Falta de Atenção à Condução"";1;""Colisão transversal"";""Com Vítimas Feridas"";""Pleno dia"";""Decrescente"";""Nublado"";""Simples"";""Interseção de vias"";""Sim"";327041;""Automóvel"";""FORD/KA FLEX"";2009;""Condutor"";""Ileso"";33;""Feminino"";1;0;0;0;-2",881846;-41,"665638;""SR-PI"";""DEL17/5"";""UOP01/PI"""
"183962;406945;2019-01-07;""segunda-feira"";""17:20:00"";""PI"";343;0","2;""LUIS CORREIA"";""Sim"";""Falta de Atenção à Condução"";1;""Colisão transversal"";""Com Vítimas Feridas"";""Pleno dia"";""Decrescente"";""Nublado"";""Simples"";""Interseção de vias"";""Sim"";327040;""Motocicleta"";""HONDA/NXR125 BROS ES"";2015;""Condutor"";""Lesões Leves"";48;""Masculino"";0;1;0;0;-2",881846;-41,"665638;""SR-PI"";""DEL17/5"";""UOP01/PI"""
"183963;405414;2019-01-07;""segunda-feira"";""18:55:00"";""MT"";163;829;""SINOP"";""Sim"";""Pista Escorregadia"";3;""Capotamento"";""Com Vítimas Feridas"";""Anoitecer"";""Decrescente"";""Chuva"";""Dupla"";""Reta"";""Sim"";327039;""Caminhonete"";""CHEVROLET/S10 LS DS4"";2012;""Condutor"";""Lesões Leves"";36;""Masculino"";0;1;0;0;-11",91572841;-55,"50979614;""SR-MT"";""DEL2/6"";""UOP01/MT""",
"183963;405414;2019-01-07;""segunda-feira"";""18:55:00"";""MT"";163;829;""SINOP"";""Não"";""Velocidade Incompatível"";3;""Capotamento"";""Com Vítimas Feridas"";""Anoitecer"";""Decrescente"";""Chuva"";""Dupla"";""Reta"";""Sim"";327039;""Caminhonete"";""CHEVROLET/S10 LS DS4"";2012;""Condutor"";""Lesões Leves"";36;""Masculino"";0;1;0;0;-11",91572841;-55,"50979614;""SR-MT"";""DEL2/6"";""UOP01/MT""",
"183963;405414;2019-01-07;""segunda-feira"";""18:55:00"";""MT"";163;829;""SINOP"";""Sim"";""Pista Escorregadia"";2;""Colisão com objeto estático"";""Com Vítimas Feridas"";""Anoitecer"";""Decrescente"";""Chuva"";""Dupla"";""Reta"";""Sim"";327039;""Caminhonete"";""CHEVROLET/S10 LS DS4"";2012;""Condutor"";""Lesões Leves"";36;""Masculino"";0;1;0;0;-11",91572841;-55,"50979614;""SR-MT"";""DEL2/6"";""UOP01/MT""",
"183963;405414;2019-01-07;""segunda-feira"";""18:55:00"";""MT"";163;829;""SINOP"";""Não"";""Velocidade Incompatível"";2;""Colisão com objeto estático"";""Com Vítimas Feridas"";""Anoitecer"";""Decrescente"";""Chuva"";""Dupla"";""Reta"";""Sim"";327039;""Caminhonete"";""CHEVROLET/S10 LS DS4"";2012;""Condutor"";""Lesões Leves"";36;""Masculino"";0;1;0;0;-11",91572841;-55,"50979614;""SR-MT"";""DEL2/6"";""UOP01/MT""",
"183963;405414;2019-01-07;""segunda-feira"";""18:55:00"";""MT"";163;829;""SINOP"";""Sim"";""Pista Escorregadia"";1;""Saída de leito carroçável"";""Com Vítimas Feridas"";""Anoitecer"";""Decrescente"";""Chuva"";""Dupla"";""Reta"";""Sim"";327039;""Caminhonete"";""CHEVROLET/S10 LS DS4"";2012;""Condutor"";""Lesões Leves"";36;""Masculino"";0;1;0;0;-11",91572841;-55,"50979614;""SR-MT"";""DEL2/6"";""UOP01/MT""",
"183963;405414;2019-01-07;""segunda-feira"";""18:55:00"";""MT"";163;829;""SINOP"";""Não"";""Velocidade Incompatível"";1;""Saída de leito carroçável"";""Com Vítimas Feridas"";""Anoitecer"";""Decrescente"";""Chuva"";""Dupla"";""Reta"";""Sim"";327039;""Caminhonete"";""CHEVROLET/S10 LS DS4"";2012;""Condutor"";""Lesões Leves"";36;""Masculino"";0;1;0;0;-11",91572841;-55,"50979614;""SR-MT"";""DEL2/6"";""UOP01/MT""",
"183964;405415;2019-01-07;""segunda-feira"";""20:45:00"";""MT"";163;839","5;""SINOP"";""Sim"";""Ingestão de Álcool"";3;""Capotamento"";""Com Vítimas Feridas"";""Plena Noite"";""Crescente"";""Chuva"";""Simples"";""Reta"";""Sim"";327044;""Caminhonete"";""FIAT/STRADA FIRE FLEX"";2012;""Condutor"";""Lesões Leves"";47;""Masculino"";0;1;0;0;-11",80857877;-55,"48244834;""SR-MT"";""DEL2/6"";""UOP02/MT"""
"183964;405415;2019-01-07;""segunda-feira"";""20:45:00"";""MT"";163;839","5;""SINOP"";""Não"";""Pista Escorregadia"";3;""Capotamento"";""Com Vítimas Feridas"";""Plena Noite"";""Crescente"";""Chuva"";""Simples"";""Reta"";""Sim"";327044;""Caminhonete"";""FIAT/STRADA FIRE FLEX"";2012;""Condutor"";""Lesões Leves"";47;""Masculino"";0;1;0;0;-11",80857877;-55,"48244834;""SR-MT"";""DEL2/6"";""UOP02/MT"""
"183964;405415;2019-01-07;""segunda-feira"";""20:45:00"";""MT"";163;839","5;""SINOP"";""Não"";""Velocidade Incompatível"";3;""Capotamento"";""Com Vítimas Feridas"";""Plena Noite"";""Crescente"";""Chuva"";""Simples"";""Reta"";""Sim"";327044;""Caminhonete"";""FIAT/STRADA FIRE FLEX"";2012;""Condutor"";""Lesões Leves"";47;""Masculino"";0;1;0;0;-11",80857877;-55,"48244834;""SR-MT"";""DEL2/6"";""UOP02/MT"""