"id;""pesid"";""data_inversa"";""dia_semana"";""horario"";""uf"";""br"";""km"";""municipio"";""causa_principal"";""causa_acidente"";""ordem_tipo_acidente"";""tipo_acidente"";""classificacao_acidente"";""fase_dia"";""sentido_via"";""condicao_metereologica"";""tipo_pista"";""tracado_via"";""uso_solo"";""id_veiculo"";""tipo_veiculo"";""marca"";""ano_fabricacao_veiculo"";""tipo_envolvido"";""estado_fisico"";""idade"";""sexo"";""ilesos"";""feridos_leves"";""feridos_graves"";""mortos"";""latitude"";""longitude"";""regional"";""delegacia"";""uop""",,,
"183972;406169;2019-01-07;""segunda-feira"";""16:40:00"";""PR"";476;199;""LAPA"";""Não"";""Velocidade Incompatível"";1;""Colisão frontal"";""Sem Vítimas"";""Pleno dia"";""Crescente"";""Chuva"";""Simples"";""Curva"";""Não"";327053;""Automóvel"";""RENAULT/SCENIC RT1.6 16V"";2002;""Condutor"";""Ileso"";64;""Masculino"";1;0;0;0;-25",772074;-49,"745663;""SR-PR"";""DEL7/2"";""UOP03/PR""",
"183972;406172;2019-01-07;""segunda-feira"";""16:40:00"";""PR"";476;199;""LAPA"";""Sim"";""Pista Escorregadia"";2;""Colisão lateral"";""Sem Vítimas"";""Pleno dia"";""Crescente"";""Chuva"";""Simples"";""Curva"";""Não"";327054;""Automóvel"";""I/FIAT SIENA FIRE FLEX"";2010;""Condutor"";""Ileso"";30;""Feminino"";1;0;0;0;-25",772074;-49,"745663;""SR-PR"";""DEL7/2"";""UOP03/PR""",
"183972;406172;2019-01-07;""segunda-feira"";""16:40:00"";""PR"";476;199;""LAPA"";""Não"";""Velocidade Incompatível"";2;""Colisão lateral"";""Sem Vítimas"";""Pleno dia"";""Crescente"";""Chuva"";""Simples"";""Curva"";""Não"";327054;""Automóvel"";""I/FIAT SIENA FIRE FLEX"";2010;""Condutor"";""Ileso"";30;""Feminino"";1;0;0;0;-25",772074;-49,"745663;""SR-PR"";""DEL7/2"";""UOP03/PR""",
"183972;406172;2019-01-07;""segunda-feira"";""16:40:00"";""PR"";476;199;""LAPA"";""Sim"";""Pista Escorregadia"";1;""Colisão frontal"";""Sem Vítimas"";""Pleno dia"";""Crescente"";""Chuva"";""Simples"";""Curva"";""Não"";327054;""Automóvel"";""I/FIAT SIENA FIRE FLEX"";2010;""Condutor"";""Ileso"";30;""Feminino"";1;0;0;0;-25",772074;-49,"745663;""SR-PR"";""DEL7/2"";""UOP03/PR""",
"183972;406172;2019-01-07;""segunda-feira"";""16:40:00"";""PR"";476;199;""LAPA"";""Não"";""Velocidade Incompatível"";1;""Colisão frontal"";""Sem Vítimas"";""Pleno dia"";""Crescente"";""Chuva"";""Simples"";""Curva"";""Não"";327054;""Automóvel"";""I/FIAT SIENA FIRE FLEX"";2010;""Condutor"";""Ileso"";30;""Feminino"";1;0;0;0;-25",772074;-49,"745663;""SR-PR"";""DEL7/2"";""UOP03/PR""",
"183973;406857;2019-01-08;""terça-feira"";""06:40:00"";""SP"";381;58;""MAIRIPORA"";""Sim"";""Condutor Dormindo"";2;""Colisão com objeto estático"";""Com Vítimas Feridas"";""Amanhecer"";""Crescente"";""Céu Claro"";""Dupla"";""Reta"";""Sim"";327058;""Caminhão"";""VW/13.180 CNM"";2008;""Condutor"";""Lesões Leves"";40;""Masculino"";0;1;0;0;-23",33551452;-46,"5759551;""SR-SP"";""DEL6/3"";""UOP02/SP""",
"183973;406857;2019-01-08;""terça-feira"";""06:40:00"";""SP"";381;58;""MAIRIPORA"";""Sim"";""Condutor Dormindo"";1;""Colisão traseira"";""Com Vítimas Feridas"";""Amanhecer"";""Crescente"";""Céu Claro"";""Dupla"";""Reta"";""Sim"";327058;""Caminhão"";""VW/13.180 CNM"";2008;""Condutor"";""Lesões Leves"";40;""Masculino"";0;1;0;0;-23",33551452;-46,"5759551;""SR-SP"";""DEL6/3"";""UOP02/SP""",
"183973;406862;2019-01-08;""terça-feira"";""06:40:00"";""SP"";381;58;""MAIRIPORA"";""Sim"";""Condutor Dormindo"";2;""Colisão com objeto estático"";""Com Vítimas Feridas"";""Amanhecer"";""Crescente"";""Céu Claro"";""Dupla"";""Reta"";""Sim"";327059;""Caminhão"";""M.BENZ/L 1513"";1986;""Condutor"";""Ileso"";64;""Masculino"";1;0;0;0;-23",33551452;-46,"5759551;""SR-SP"";""DEL6/3"";""UOP02/SP""",
"183973;406862;2019-01-08;""terça-feira"";""06:40:00"";""SP"";381;58;""MAIRIPORA"";""Sim"";""Condutor Dormindo"";1;""Colisão traseira"";""Com Vítimas Feridas"";""Amanhecer"";""Crescente"";""Céu Claro"";""Dupla"";""Reta"";""Sim"";327059;""Caminhão"";""M.BENZ/L 1513"";1986;""Condutor"";""Ileso"";64;""Masculino"";1;0;0;0;-23",33551452;-46,"5759551;""SR-SP"";""DEL6/3"";""UOP02/SP""",
"183974;NA;2019-01-07;""segunda-feira"";""23:30:00"";""SP"";116;298","9;""ITAPECERICA DA SERRA"";""Sim"";""Falta de Atenção à Condução"";1;""Colisão transversal"";""Sem Vítimas"";""Plena Noite"";""Decrescente"";""Céu Claro"";""Múltipla"";""Reta"";""Sim"";329221;""Automóvel"";""VW/GOL GL 1.8 MI"";1996;""Não Informado"";""Não Informado"";NA;""Não Informado"";0;0;0;0;-23",78603;-46,"91351;""SR-SP"";""DEL6/4"";""UOP01/SP"""
"183974;NA;2019-01-07;""segunda-feira"";""23:30:00"";""SP"";116;298","9;""ITAPECERICA DA SERRA"";""Sim"";""Falta de Atenção à Condução"";1;""Colisão transversal"";""Sem Vítimas"";""Plena Noite"";""Decrescente"";""Céu Claro"";""Múltipla"";""Reta"";""Sim"";329222;""Semireboque"";""SR/RANDON SR TQ"";2008;""Não Informado"";""Não Informado"";NA;""Não Informado"";0;0;0;0;-23",78603;-46,"91351;""SR-SP"";""DEL6/4"";""UOP01/SP"""
"183974;408335;2019-01-07;""segunda-feira"";""23:30:00"";""SP"";116;298","9;""ITAPECERICA DA SERRA"";""Sim"";""Falta de Atenção à Condução"";1;""Colisão transversal"";""Sem Vítimas"";""Plena Noite"";""Decrescente"";""Céu Claro"";""Múltipla"";""Reta"";""Sim"";329216;""Caminhão-trator"";""M.BENZ/AXOR 2544 S"";2010;""Condutor"";""Ileso"";49;""Masculino"";1;0;0;0;-23",78603;-46,"91351;""SR-SP"";""DEL6/4"";""UOP01/SP"""
"183974;408334;2019-01-07;""segunda-feira"";""23:30:00"";""SP"";116;298","9;""ITAPECERICA DA SERRA"";""Sim"";""Falta de Atenção à Condução"";1;""Colisão transversal"";""Sem Vítimas"";""Plena Noite"";""Decrescente"";""Céu Claro"";""Múltipla"";""Reta"";""Sim"";327063;""Caminhão"";""M.BENZ/L 1113"";1971;""Condutor"";""Ileso"";29;""Masculino"";1;0;0;0;-23",78603;-46,"91351;""SR-SP"";""DEL6/4"";""UOP01/SP"""
"183975;406907;2019-01-07;""segunda-feira"";""23:45:00"";""DF"";70;11;""BRASILIA"";""Sim"";""Ingestão de Álcool"";1;""Colisão lateral"";""Sem Vítimas"";""Plena Noite"";""Crescente"";""Céu Claro"";""Dupla"";""Reta"";""Não"";327061;""Automóvel"";""VW/VOYAGE 1.0"";2012;""Condutor"";""Ileso"";48;""Masculino"";1;0;0;0;-15",789762;-48,"148727;""SR-DF"";""UOP06/DF"";""""",
"183975;406909;2019-01-07;""segunda-feira"";""23:45:00"";""DF"";70;11;""BRASILIA"";""Sim"";""Ingestão de Álcool"";1;""Colisão lateral"";""Sem Vítimas"";""Plena Noite"";""Crescente"";""Céu Claro"";""Dupla"";""Reta"";""Não"";327062;""Automóvel"";""FIAT/SIENA FIRE FLEX"";2009;""Condutor"";""Ileso"";34;""Masculino"";1;0;0;0;-15",789762;-48,"148727;""SR-DF"";""UOP06/DF"";""""",
"183976;406942;2019-01-08;""terça-feira"";""04:00:00"";""DF"";70;13;""BRASILIA"";""Sim"";""Defeito Mecânico no Veículo"";1;""Incêndio"";""Sem Vítimas"";""Plena Noite"";""Decrescente"";""Céu Claro"";""Simples"";""Reta"";""Sim"";327064;""Automóvel"";""VW/VOYAGE GL"";1988;""Condutor"";""Não Informado"";NA;""Não Informado"";0;0;0;0;-15",794558;-48,"166584;""SR-DF"";""UOP06/DF"";""""",
"183977;405444;2019-01-07;""segunda-feira"";""22:00:00"";""PA"";10;153","6;""PARAGOMINAS"";""Sim"";""Defeito Mecânico no Veículo"";1;""Incêndio"";""Sem Vítimas"";""Plena Noite"";""Crescente"";""Nublado"";""Simples"";""Reta"";""Não"";327085;""Ônibus"";""SCANIA/MPOLO PARADIS DDR"";2008;""Passageiro"";""Ileso"";NA;""Ignorado"";1;0;0;0;-2",991842;-47,"456882;""SR-PA"";""DEL19/2"";""UOP02/PA"""
"183977;405443;2019-01-07;""segunda-feira"";""22:00:00"";""PA"";10;153","6;""PARAGOMINAS"";""Sim"";""Defeito Mecânico no Veículo"";1;""Incêndio"";""Sem Vítimas"";""Plena Noite"";""Crescente"";""Nublado"";""Simples"";""Reta"";""Não"";327085;""Ônibus"";""SCANIA/MPOLO PARADIS DDR"";2008;""Condutor"";""Ileso"";60;""Masculino"";1;0;0;0;-2",991842;-47,"456882;""SR-PA"";""DEL19/2"";""UOP02/PA"""
"183978;NA;2019-01-07;""segunda-feira"";""15:30:00"";""PR"";153;474","2;""PORTO VITORIA"";""Sim"";""Falta de Atenção à Condução"";2;""Tombamento"";""Sem Vítimas"";""Pleno dia"";""Decrescente"";""Chuva"";""Simples"";""Curva"";""Não"";327358;""Semireboque"";""SR/FACCHINI SRF CF"";2016;""Não Informado"";""Não Informado"";NA;""Não Informado"";0;0;0;0;-26",385147;-51,"269444;""SR-PR"";""DEL7/2"";""UOP02/PR"""
"183978;NA;2019-01-07;""segunda-feira"";""15:30:00"";""PR"";153;474","2;""PORTO VITORIA"";""Não"";""Pista Escorregadia"";2;""Tombamento"";""Sem Vítimas"";""Pleno dia"";""Decrescente"";""Chuva"";""Simples"";""Curva"";""Não"";327358;""Semireboque"";""SR/FACCHINI SRF CF"";2016;""Não Informado"";""Não Informado"";NA;""Não Informado"";0;0;0;0;-26",385147;-51,"269444;""SR-PR"";""DEL7/2"";""UOP02/PR"""
"183978;NA;2019-01-07;""segunda-feira"";""15:30:00"";""PR"";153;474","2;""PORTO VITORIA"";""Sim"";""Falta de Atenção à Condução"";1;""Saída de leito carroçável"";""Sem Vítimas"";""Pleno dia"";""Decrescente"";""Chuva"";""Simples"";""Curva"";""Não"";327358;""Semireboque"";""SR/FACCHINI SRF CF"";2016;""Não Informado"";""Não Informado"";NA;""Não Informado"";0;0;0;0;-26",385147;-51,"269444;""SR-PR"";""DEL7/2"";""UOP02/PR"""
"183978;NA;2019-01-07;""segunda-feira"";""15:30:00"";""PR"";153;474","2;""PORTO VITORIA"";""Não"";""Pista Escorregadia"";1;""Saída de leito carroçável"";""Sem Vítimas"";""Pleno dia"";""Decrescente"";""Chuva"";""Simples"";""Curva"";""Não"";327358;""Semireboque"";""SR/FACCHINI SRF CF"";2016;""Não Informado"";""Não Informado"";NA;""Não Informado"";0;0;0;0;-26",385147;-51,"269444;""SR-PR"";""DEL7/2"";""UOP02/PR"""
"183978;405854;2019-01-07;""segunda-feira"";""15:30:00"";""PR"";153;474","2;""PORTO VITORIA"";""Sim"";""Falta de Atenção à Condução"";2;""Tombamento"";""Sem Vítimas"";""Pleno dia"";""Decrescente"";""Chuva"";""Simples"";""Curva"";""Não"";327072;""Caminhão-trator"";""VOLVO/FH 440 4X2T"";2007;""Condutor"";""Ileso"";28;""Masculino"";1;0;0;0;-26",385147;-51,"269444;""SR-PR"";""DEL7/2"";""UOP02/PR"""
"183978;405854;2019-01-07;""segunda-feira"";""15:30:00"";""PR"";153;474","2;""PORTO VITORIA"";""Não"";""Pista Escorregadia"";2;""Tombamento"";""Sem Vítimas"";""Pleno dia"";""Decrescente"";""Chuva"";""Simples"";""Curva"";""Não"";327072;""Caminhão-trator"";""VOLVO/FH 440 4X2T"";2007;""Condutor"";""Ileso"";28;""Masculino"";1;0;0;0;-26",385147;-51,"269444;""SR-PR"";""DEL7/2"";""UOP02/PR"""
"183978;405854;2019-01-07;""segunda-feira"";""15:30:00"";""PR"";153;474","2;""PORTO VITORIA"";""Sim"";""Falta de Atenção à Condução"";1;""Saída de leito carroçável"";""Sem Vítimas"";""Pleno dia"";""Decrescente"";""Chuva"";""Simples"";""Curva"";""Não"";327072;""Caminhão-trator"";""VOLVO/FH 440 4X2T"";2007;""Condutor"";""Ileso"";28;""Masculino"";1;0;0;0;-26",385147;-51,"269444;""SR-PR"";""DEL7/2"";""UOP02/PR"""
"183978;405854;2019-01-07;""segunda-feira"";""15:30:00"";""PR"";153;474","2;""PORTO VITORIA"";""Não"";""Pista Escorregadia"";1;""Saída de leito carroçável"";""Sem Vítimas"";""Pleno dia"";""Decrescente"";""Chuva"";""Simples"";""Curva"";""Não"";327072;""Caminhão-trator"";""VOLVO/FH 440 4X2T"";2007;""Condutor"";""Ileso"";28;""Masculino"";1;0;0;0;-26",385147;-51,"269444;""SR-PR"";""DEL7/2"";""UOP02/PR"""
"183979;407063;2019-01-08;""terça-feira"";""02:50:00"";""CE"";222;124","5;""ITAPAJE"";""Sim"";""Agressão Externa"";1;""Incêndio"";""Sem Vítimas"";""Amanhecer"";""Crescente"";""Céu Claro"";""Simples"";""Reta"";""Sim"";327071;""Caminhão"";""VW/17.180 EURO3 WORKER"";2007;""Condutor"";""Ileso"";NA;""Ignorado"";1;0;0;0;-3",688793;-39,"588528;""SR-CE"";""DEL16/4"";""UOP03/CE"""
"183980;405486;2019-01-08;""terça-feira"";""07:00:00"";""MT"";70;321","4;""DOM AQUINO"";""Sim"";""Falta de Atenção à Condução"";2;""Capotamento"";""Sem Vítimas"";""Amanhecer"";""Decrescente"";""Céu Claro"";""Simples"";""Curva"";""Não"";327129;""Automóvel"";""I/CHEVROLET CLASSIC LS"";2016;""Passageiro"";""Ileso"";10;""Feminino"";1;0;0;0;-15",516281;-54,"62888;""SR-MT"";""DEL2/5"";""UOP01/MT"""
"183980;405486;2019-01-08;""terça-feira"";""07:00:00"";""MT"";70;321","4;""DOM AQUINO"";""Não"";""Desobediência às normas de trânsito pelo condutor"";2;""Capotamento"";""Sem Vítimas"";""Amanhecer"";""Decrescente"";""Céu Claro"";""Simples"";""Curva"";""Não"";327129;""Automóvel"";""I/CHEVROLET CLASSIC LS"";2016;""Passageiro"";""Ileso"";10;""Feminino"";1;0;0;0;-15",516281;-54,"62888;""SR-MT"";""DEL2/5"";""UOP01/MT"""
"183980;405486;2019-01-08;""terça-feira"";""07:00:00"";""MT"";70;321","4;""DOM AQUINO"";""Sim"";""Falta de Atenção à Condução"";1;""Saída de leito carroçável"";""Sem Vítimas"";""Amanhecer"";""Decrescente"";""Céu Claro"";""Simples"";""Curva"";""Não"";327129;""Automóvel"";""I/CHEVROLET CLASSIC LS"";2016;""Passageiro"";""Ileso"";10;""Feminino"";1;0;0;0;-15",516281;-54,"62888;""SR-MT"";""DEL2/5"";""UOP01/MT"""
"183980;405486;2019-01-08;""terça-feira"";""07:00:00"";""MT"";70;321","4;""DOM AQUINO"";""Não"";""Desobediência às normas de trânsito pelo condutor"";1;""Saída de leito carroçável"";""Sem Vítimas"";""Amanhecer"";""Decrescente"";""Céu Claro"";""Simples"";""Curva"";""Não"";327129;""Automóvel"";""I/CHEVROLET CLASSIC LS"";2016;""Passageiro"";""Ileso"";10;""Feminino"";1;0;0;0;-15",516281;-54,"62888;""SR-MT"";""DEL2/5"";""UOP01/MT"""
"183980;405485;2019-01-08;""terça-feira"";""07:00:00"";""MT"";70;321","4;""DOM AQUINO"";""Sim"";""Falta de Atenção à Condução"";2;""Capotamento"";""Sem Vítimas"";""Amanhecer"";""Decrescente"";""Céu Claro"";""Simples"";""Curva"";""Não"";327129;""Automóvel"";""I/CHEVROLET CLASSIC LS"";2016;""Condutor"";""Ileso"";38;""Feminino"";1;0;0;0;-15",516281;-54,"62888;""SR-MT"";""DEL2/5"";""UOP01/MT"""
"183980;405485;2019-01-08;""terça-feira"";""07:00:00"";""MT"";70;321","4;""DOM AQUINO"";""Não"";""Desobediência às normas de trânsito pelo condutor"";2;""Capotamento"";""Sem Vítimas"";""Amanhecer"";""Decrescente"";""Céu Claro"";""Simples"";""Curva"";""Não"";327129;""Automóvel"";""I/CHEVROLET CLASSIC LS"";2016;""Condutor"";""Ileso"";38;""Feminino"";1;0;0;0;-15",516281;-54,"62888;""SR-MT"";""DEL2/5"";""UOP01/MT"""
"183980;405485;2019-01-08;""terça-feira"";""07:00:00"";""MT"";70;321","4;""DOM AQUINO"";""Sim"";""Falta de Atenção à Condução"";1;""Saída de leito carroçável"";""Sem Vítimas"";""Amanhecer"";""Decrescente"";""Céu Claro"";""Simples"";""Curva"";""Não"";327129;""Automóvel"";""I/CHEVROLET CLASSIC LS"";2016;""Condutor"";""Ileso"";38;""Feminino"";1;0;0;0;-15",516281;-54,"62888;""SR-MT"";""DEL2/5"";""UOP01/MT"""
"183980;405485;2019-01-08;""terça-feira"";""07:00:00"";""MT"";70;321","4;""DOM AQUINO"";""Não"";""Desobediência às normas de trânsito pelo condutor"";1;""Saída de leito carroçável"";""Sem Vítimas"";""Amanhecer"";""Decrescente"";""Céu Claro"";""Simples"";""Curva"";""Não"";327129;""Automóvel"";""I/CHEVROLET CLASSIC LS"";2016;""Condutor"";""Ileso"";38;""Feminino"";1;0;0;0;-15",516281;-54,"62888;""SR-MT"";""DEL2/5"";""UOP01/MT"""
"183981;407035;2019-01-08;""terça-feira"";""01:10:00"";""PR"";476;242","6;""LAPA"";""Sim"";""Falta de Atenção à Condução"";2;""Saída de leito carroçável"";""Com Vítimas Feridas"";""Plena Noite"";""Crescente"";""Nublado"";""Simples"";""Curva"";""Não"";327065;""Caminhão"";""IVECO/TECTOR 240E28S"";2014;""Passageiro"";""Lesões Leves"";35;""Masculino"";0;1;0;0;-25",858768;-50,"08609;""SR-PR"";""DEL7/2"";""UOP03/PR"""
"183981;407035;2019-01-08;""terça-feira"";""01:10:00"";""PR"";476;242","6;""LAPA"";""Sim"";""Falta de Atenção à Condução"";1;""Tombamento"";""Com Vítimas Feridas"";""Plena Noite"";""Crescente"";""Nublado"";""Simples"";""Curva"";""Não"";327065;""Caminhão"";""IVECO/TECTOR 240E28S"";2014;""Passageiro"";""Lesões Leves"";35;""Masculino"";0;1;0;0;-25",858768;-50,"08609;""SR-PR"";""DEL7/2"";""UOP03/PR"""
"183981;407034;2019-01-08;""terça-feira"";""01:10:00"";""PR"";476;242","6;""LAPA"";""Sim"";""Falta de Atenção à Condução"";2;""Saída de leito carroçável"";""Com Vítimas Feridas"";""Plena Noite"";""Crescente"";""Nublado"";""Simples"";""Curva"";""Não"";327065;""Caminhão"";""IVECO/TECTOR 240E28S"";2014;""Condutor"";""Ileso"";40;""Masculino"";1;0;0;0;-25",858768;-50,"08609;""SR-PR"";""DEL7/2"";""UOP03/PR"""
"183981;407034;2019-01-08;""terça-feira"";""01:10:00"";""PR"";476;242","6;""LAPA"";""Sim"";""Falta de Atenção à Condução"";1;""Tombamento"";""Com Vítimas Feridas"";""Plena Noite"";""Crescente"";""Nublado"";""Simples"";""Curva"";""Não"";327065;""Caminhão"";""IVECO/TECTOR 240E28S"";2014;""Condutor"";""Ileso"";40;""Masculino"";1;0;0;0;-25",858768;-50,"08609;""SR-PR"";""DEL7/2"";""UOP03/PR"""
"183982;NA;2019-01-07;""segunda-feira"";""16:30:00"";""MT"";364;632;""DIAMANTINO"";""Sim"";""Falta de Atenção à Condução"";1;""Colisão frontal"";""Com Vítimas Fatais"";""Pleno dia"";""Crescente"";""Céu Claro"";""Simples"";""Reta"";""Não"";328062;""Semireboque"";""SR/FACCHINI SRF BO"";2017;""Não Informado"";""Não Informado"";NA;""Não Informado"";0;0;0;0;-14",36684298;-56,"43127441;""SR-MT"";""DEL2/4"";""UOP01/MT""",
"183982;406858;2019-01-07;""segunda-feira"";""16:30:00"";""MT"";364;632;""DIAMANTINO"";""Sim"";""Falta de Atenção à Condução"";1;""Colisão frontal"";""Com Vítimas Fatais"";""Pleno dia"";""Crescente"";""Céu Claro"";""Simples"";""Reta"";""Não"";327068;""Caminhão-trator"";""VW/25.420 CTC 6X2"";2018;""Condutor"";""Ileso"";39;""Masculino"";1;0;0;0;-14",36684298;-56,"43127441;""SR-MT"";""DEL2/4"";""UOP01/MT""",
"183982;405421;2019-01-07;""segunda-feira"";""16:30:00"";""MT"";364;632;""DIAMANTINO"";""Sim"";""Falta de Atenção à Condução"";1;""Colisão frontal"";""Com Vítimas Fatais"";""Pleno dia"";""Crescente"";""Céu Claro"";""Simples"";""Reta"";""Não"";327067;""Caminhonete"";""MMC/L200 TRITON GLX D"";2016;""Condutor"";""Óbito"";35;""Masculino"";0;0;0;1;-14",36684298;-56,"43127441;""SR-MT"";""DEL2/4"";""UOP01/MT""",
"183983;405765;2019-01-08;""terça-feira"";""08:50:00"";""SP"";153;61","3;""SAO JOSE DO RIO PRETO"";""Sim"";""Não guardar distância de segurança"";3;""Queda de ocupante de veículo"";""Com Vítimas Feridas"";""Pleno dia"";""Crescente"";""Céu Claro"";""Dupla"";""Não Informado"";""Sim"";327118;""Automóvel"";""CHEVROLET/CELTA 1.0L LT"";2011;""Condutor"";""Ileso"";34;""Feminino"";1;0;0;0;-20",805029;-49,"355747;""SR-SP"";""DEL6/9"";""UOP01/SP"""
"183983;405765;2019-01-08;""terça-feira"";""08:50:00"";""SP"";153;61","3;""SAO JOSE DO RIO PRETO"";""Sim"";""Não guardar distância de segurança"";2;""Tombamento"";""Com Vítimas Feridas"";""Pleno dia"";""Crescente"";""Céu Claro"";""Dupla"";""Não Informado"";""Sim"";327118;""Automóvel"";""CHEVROLET/CELTA 1.0L LT"";2011;""Condutor"";""Ileso"";34;""Feminino"";1;0;0;0;-20",805029;-49,"355747;""SR-SP"";""DEL6/9"";""UOP01/SP"""
"183983;405765;2019-01-08;""terça-feira"";""08:50:00"";""SP"";153;61","3;""SAO JOSE DO RIO PRETO"";""Sim"";""Não guardar distância de segurança"";1;""Colisão traseira"";""Com Vítimas Feridas"";""Pleno dia"";""Crescente"";""Céu Claro"";""Dupla"";""Não Informado"";""Sim"";327118;""Automóvel"";""CHEVROLET/CELTA 1.0L LT"";2011;""Condutor"";""Ileso"";34;""Feminino"";1;0;0;0;-20",805029;-49,"355747;""SR-SP"";""DEL6/9"";""UOP01/SP"""
"183983;405767;2019-01-08;""terça-feira"";""08:50:00"";""SP"";153;61","3;""SAO JOSE DO RIO PRETO"";""Sim"";""Não guardar distância de segurança"";3;""Queda de ocupante de veículo"";""Com Vítimas Feridas"";""Pleno dia"";""Crescente"";""Céu Claro"";""Dupla"";""Não Informado"";""Sim"";327119;""Motocicleta"";""HONDA/CBX 250 TWISTER"";2002;""Condutor"";""Lesões Leves"";28;""Masculino"";0;1;0;0;-20",805029;-49,"355747;""SR-SP"";""DEL6/9"";""UOP01/SP"""
"183983;405767;2019-01-08;""terça-feira"";""08:50:00"";""SP"";153;61","3;""SAO JOSE DO RIO PRETO"";""Sim"";""Não guardar distância de segurança"";2;""Tombamento"";""Com Vítimas Feridas"";""Pleno dia"";""Crescente"";""Céu Claro"";""Dupla"";""Não Informado"";""Sim"";327119;""Motocicleta"";""HONDA/CBX 250 TWISTER"";2002;""Condutor"";""Lesões Leves"";28;""Masculino"";0;1;0;0;-20",805029;-49,"355747;""SR-SP"";""DEL6/9"";""UOP01/SP"""
"183983;405767;2019-01-08;""terça-feira"";""08:50:00"";""SP"";153;61","3;""SAO JOSE DO RIO PRETO"";""Sim"";""Não guardar distância de segurança"";1;""Colisão traseira"";""Com Vítimas Feridas"";""Pleno dia"";""Crescente"";""Céu Claro"";""Dupla"";""Não Informado"";""Sim"";327119;""Motocicleta"";""HONDA/CBX 250 TWISTER"";2002;""Condutor"";""Lesões Leves"";28;""Masculino"";0;1;0;0;-20",805029;-49,"355747;""SR-SP"";""DEL6/9"";""UOP01/SP"""
"183984;405431;2019-01-08;""terça-feira"";""08:00:00"";""RS"";287;518","7;""SAO BORJA"";""Sim"";""Animais na Pista"";2;""Tombamento"";""Com Vítimas Feridas"";""Pleno dia"";""Crescente"";""Nublado"";""Simples"";""Reta"";""Não"";327066;""Motocicleta"";""HONDA/CBX 250 TWISTER"";2007;""Condutor"";""Lesões Leves"";24;""Masculino"";0;1;0;0;-28",735588;-55,"842415;""SR-RS"";""DEL9/12"";""UOP01/RS"""
"183984;405431;2019-01-08;""terça-feira"";""08:00:00"";""RS"";287;518","7;""SAO BORJA"";""Sim"";""Animais na Pista"";1;""Atropelamento de Animal"";""Com Vítimas Feridas"";""Pleno dia"";""Crescente"";""Nublado"";""Simples"";""Reta"";""Não"";327066;""Motocicleta"";""HONDA/CBX 250 TWISTER"";2007;""Condutor"";""Lesões Leves"";24;""Masculino"";0;1;0;0;-28",735588;-55,"842415;""SR-RS"";""DEL9/12"";""UOP01/RS"""
"183985;NA;2019-01-08;""terça-feira"";""09:10:00"";""PR"";277;234;""FERNANDES PINHEIRO"";""Sim"";""Falta de Atenção à Condução"";2;""Saída de leito carroçável"";""Com Vítimas Feridas"";""Pleno dia"";""Crescente"";""Nublado"";""Simples"";""Interseção de vias"";""Não"";327286;""Semireboque"";""SR/BRUCAL SRSL 3E"";2012;""Não Informado"";""Não Informado"";NA;""Não Informado"";0;0;0;0;-25",46484056;-50,"57453893;""SR-PR"";""DEL7/3"";""UOP04/PR""",
"183985;NA;2019-01-08;""terça-feira"";""09:10:00"";""PR"";277;234;""FERNANDES PINHEIRO"";""Sim"";""Falta de Atenção à Condução"";1;""Colisão transversal"";""Com Vítimas Feridas"";""Pleno dia"";""Crescente"";""Nublado"";""Simples"";""Interseção de vias"";""Não"";327286;""Semireboque"";""SR/BRUCAL SRSL 3E"";2012;""Não Informado"";""Não Informado"";NA;""Não Informado"";0;0;0;0;-25",46484056;-50,"57453893;""SR-PR"";""DEL7/3"";""UOP04/PR""",
"183985;405726;2019-01-08;""terça-feira"";""09:10:00"";""PR"";277;234;""FERNANDES PINHEIRO"";""Sim"";""Falta de Atenção à Condução"";2;""Saída de leito carroçável"";""Com Vítimas Feridas"";""Pleno dia"";""Crescente"";""Nublado"";""Simples"";""Interseção de vias"";""Não"";327097;""Automóvel"";""FORD/KA GL"";2004;""Condutor"";""Lesões Graves"";36;""Masculino"";0;0;1;0;-25",46484056;-50,"57453893;""SR-PR"";""DEL7/3"";""UOP04/PR""",
"183985;405726;2019-01-08;""terça-feira"";""09:10:00"";""PR"";277;234;""FERNANDES PINHEIRO"";""Sim"";""Falta de Atenção à Condução"";1;""Colisão transversal"";""Com Vítimas Feridas"";""Pleno dia"";""Crescente"";""Nublado"";""Simples"";""Interseção de vias"";""Não"";327097;""Automóvel"";""FORD/KA GL"";2004;""Condutor"";""Lesões Graves"";36;""Masculino"";0;0;1;0;-25",46484056;-50,"57453893;""SR-PR"";""DEL7/3"";""UOP04/PR""",
"183985;405727;2019-01-08;""terça-feira"";""09:10:00"";""PR"";277;234;""FERNANDES PINHEIRO"";""Sim"";""Falta de Atenção à Condução"";2;""Saída de leito carroçável"";""Com Vítimas Feridas"";""Pleno dia"";""Crescente"";""Nublado"";""Simples"";""Interseção de vias"";""Não"";327098;""Caminhão-trator"";""VOLVO/FH 460 6X2T"";2012;""Condutor"";""Ileso"";55;""Masculino"";1;0;0;0;-25",46484056;-50,"57453893;""SR-PR"";""DEL7/3"";""UOP04/PR""",