"id;""pesid"";""data_inversa"";""dia_semana"";""horario"";""uf"";""br"";""km"";""municipio"";""causa_principal"";""causa_acidente"";""ordem_tipo_acidente"";""tipo_acidente"";""classificacao_acidente"";""fase_dia"";""sentido_via"";""condicao_metereologica"";""tipo_pista"";""tracado_via"";""uso_solo"";""id_veiculo"";""tipo_veiculo"";""marca"";""ano_fabricacao_veiculo"";""tipo_envolvido"";""estado_fisico"";""idade"";""sexo"";""ilesos"";""feridos_leves"";""feridos_graves"";""mortos"";""latitude"";""longitude"";""regional"";""delegacia"";""uop""",,,
"184006;405513;2019-01-08;""terça-feira"";""10:45:00"";""PR"";476;158","8;""ARAUCARIA"";""Sim"";""Falta de Atenção à Condução"";1;""Colisão transversal"";""Com Vítimas Feridas"";""Pleno dia"";""Crescente"";""Céu Claro"";""Simples"";""Reta"";""Sim"";327137;""Automóvel"";""VW/GOL SPECIAL"";2000;""Condutor"";""Ileso"";29;""Masculino"";1;0;0;0;-25",613539;-49,"424255;""SR-PR"";""DEL7/1"";""UOP04/PR"""
"184006;405511;2019-01-08;""terça-feira"";""10:45:00"";""PR"";476;158","8;""ARAUCARIA"";""Sim"";""Falta de Atenção à Condução"";1;""Colisão transversal"";""Com Vítimas Feridas"";""Pleno dia"";""Crescente"";""Céu Claro"";""Simples"";""Reta"";""Sim"";327136;""Automóvel"";""HYUNDAI/HB20S 1.6A PREM"";2015;""Condutor"";""Ileso"";64;""Feminino"";1;0;0;0;-25",613539;-49,"424255;""SR-PR"";""DEL7/1"";""UOP04/PR"""
"184007;405449;2019-01-08;""terça-feira"";""07:30:00"";""PB"";230;22","8;""JOAO PESSOA"";""Sim"";""Falta de Atenção à Condução"";1;""Colisão traseira"";""Com Vítimas Feridas"";""Pleno dia"";""Decrescente"";""Céu Claro"";""Dupla"";""Reta"";""Sim"";327103;""Ciclomotor"";""TRAXX/JL50 Q2"";NA;""Condutor"";""Lesões Leves"";45;""Masculino"";0;1;0;0;-7",1495;-34,"8517;""SR-PB"";""DEL14/1"";""UOP00/PB"""
"184007;405448;2019-01-08;""terça-feira"";""07:30:00"";""PB"";230;22","8;""JOAO PESSOA"";""Sim"";""Falta de Atenção à Condução"";1;""Colisão traseira"";""Com Vítimas Feridas"";""Pleno dia"";""Decrescente"";""Céu Claro"";""Dupla"";""Reta"";""Sim"";327102;""Caminhão"";""M.BENZ/ATRON 1719"";2013;""Condutor"";""Ileso"";45;""Masculino"";1;0;0;0;-7",1495;-34,"8517;""SR-PB"";""DEL14/1"";""UOP00/PB"""
"184008;NA;2019-01-08;""terça-feira"";""08:45:00"";""SE"";101;47","6;""JAPARATUBA"";""Sim"";""Defeito na Via"";1;""Saída de leito carroçável"";""Sem Vítimas"";""Pleno dia"";""Crescente"";""Nublado"";""Dupla"";""Reta"";""Não"";327161;""Semireboque"";""SR/IDEROL"";1987;""Não Informado"";""Não Informado"";NA;""Não Informado"";0;0;0;0;-10",58858099;-36,"97236836;""SR-SE"";""DEL20/2"";""UOP02/SE"""
"184008;405528;2019-01-08;""terça-feira"";""08:45:00"";""SE"";101;47","6;""JAPARATUBA"";""Sim"";""Defeito na Via"";1;""Saída de leito carroçável"";""Sem Vítimas"";""Pleno dia"";""Crescente"";""Nublado"";""Dupla"";""Reta"";""Não"";327155;""Caminhão-trator"";""M.BENZ/LS 1941"";1991;""Condutor"";""Ileso"";59;""Masculino"";1;0;0;0;-10",58858099;-36,"97236836;""SR-SE"";""DEL20/2"";""UOP02/SE"""
"184009;405671;2019-01-08;""terça-feira"";""10:30:00"";""MS"";163;108","6;""ITAQUIRAI"";""Sim"";""Avarias e/ou desgaste excessivo no pneu"";1;""Saída de leito carroçável"";""Com Vítimas Feridas"";""Pleno dia"";""Crescente"";""Nublado"";""Dupla"";""Reta"";""Não"";327135;""Motocicleta"";""HONDA/CG 150 TITAN ESD"";2005;""Condutor"";""Lesões Leves"";28;""Masculino"";0;1;0;0;-23",212587;-54,"210621;""SR-MS"";""DEL3/09"";""UOP01/MS"""
"184010;405570;2019-01-08;""terça-feira"";""10:57:00"";""PE"";101;68","2;""RECIFE"";""Sim"";""Falta de Atenção à Condução"";1;""Colisão lateral"";""Com Vítimas Feridas"";""Pleno dia"";""Crescente"";""Sol"";""Dupla"";""Rotatória"";""Sim"";327180;""Automóvel"";""FORD/KA SE 1.5 SD B"";2016;""Condutor"";""Lesões Leves"";47;""Masculino"";0;1;0;0;-8",0595;-34,"9458;""SR-PE"";""DEL11/1"";""UOP01/PE"""
"184010;405573;2019-01-08;""terça-feira"";""10:57:00"";""PE"";101;68","2;""RECIFE"";""Sim"";""Falta de Atenção à Condução"";1;""Colisão lateral"";""Com Vítimas Feridas"";""Pleno dia"";""Crescente"";""Sol"";""Dupla"";""Rotatória"";""Sim"";327181;""Ciclomotor"";""I/SHINERAY XY50Q PHOENIX"";2010;""Condutor"";""Lesões Leves"";83;""Masculino"";0;1;0;0;-8",0595;-34,"9458;""SR-PE"";""DEL11/1"";""UOP01/PE"""
"184011;409288;2019-01-08;""terça-feira"";""08:30:00"";""ES"";262;109;""VENDA NOVA DO IMIGRANTE"";""Sim"";""Falta de Atenção à Condução"";1;""Colisão transversal"";""Com Vítimas Feridas"";""Pleno dia"";""Crescente"";""Céu Claro"";""Simples"";""Reta"";""Não"";329873;""Caminhonete"";""FIAT/STRADA WORKING"";2016;""Condutor"";""Ileso"";40;""Masculino"";1;0;0;0;-20",3359;-41,"1728;""SR-ES"";""DEL12/1"";""UOP02/ES""",
"184011;409287;2019-01-08;""terça-feira"";""08:30:00"";""ES"";262;109;""VENDA NOVA DO IMIGRANTE"";""Sim"";""Falta de Atenção à Condução"";1;""Colisão transversal"";""Com Vítimas Feridas"";""Pleno dia"";""Crescente"";""Céu Claro"";""Simples"";""Reta"";""Não"";327272;""Motocicleta"";""HONDA/CG 125 TITAN"";1999;""Condutor"";""Lesões Graves"";26;""Masculino"";0;0;1;0;-20",3359;-41,"1728;""SR-ES"";""DEL12/1"";""UOP02/ES""",
"184012;405788;2019-01-08;""terça-feira"";""07:50:00"";""BA"";101;789","5;""ITAMARAJU"";""Sim"";""Falta de Atenção à Condução"";1;""Colisão transversal"";""Com Vítimas Feridas"";""Pleno dia"";""Crescente"";""Céu Claro"";""Simples"";""Reta"";""Não"";327309;""Motocicleta"";""HONDA/CG 160 START"";2016;""Passageiro"";""Lesões Graves"";27;""Masculino"";0;0;1;0;-16",8698;-39,"5032;""SR-BA"";""DEL10/9"";""UOP01/BA"""
"184012;405787;2019-01-08;""terça-feira"";""07:50:00"";""BA"";101;789","5;""ITAMARAJU"";""Sim"";""Falta de Atenção à Condução"";1;""Colisão transversal"";""Com Vítimas Feridas"";""Pleno dia"";""Crescente"";""Céu Claro"";""Simples"";""Reta"";""Não"";327309;""Motocicleta"";""HONDA/CG 160 START"";2016;""Condutor"";""Lesões Graves"";29;""Masculino"";0;0;1;0;-16",8698;-39,"5032;""SR-BA"";""DEL10/9"";""UOP01/BA"""
"184012;405789;2019-01-08;""terça-feira"";""07:50:00"";""BA"";101;789","5;""ITAMARAJU"";""Sim"";""Falta de Atenção à Condução"";1;""Colisão transversal"";""Com Vítimas Feridas"";""Pleno dia"";""Crescente"";""Céu Claro"";""Simples"";""Reta"";""Não"";327312;""Caminhonete"";""FIAT/STRADA TREK FLEX"";2009;""Condutor"";""Não Informado"";NA;""Não Informado"";0;0;0;0;-16",8698;-39,"5032;""SR-BA"";""DEL10/9"";""UOP01/BA"""
"184013;405794;2019-01-08;""terça-feira"";""09:50:00"";""ES"";259;30","5;""COLATINA"";""Sim"";""Falta de Atenção à Condução"";1;""Colisão traseira"";""Com Vítimas Feridas"";""Pleno dia"";""Crescente"";""Céu Claro"";""Simples"";""Curva"";""Sim"";327318;""Automóvel"";""FORD/KA SE 1.0 HA B"";2017;""Passageiro"";""Lesões Leves"";81;""Feminino"";0;1;0;0;-19",595186;-40,"506504;""SR-ES"";""DEL12/2"";""UOP01/ES"""
"184013;405793;2019-01-08;""terça-feira"";""09:50:00"";""ES"";259;30","5;""COLATINA"";""Sim"";""Falta de Atenção à Condução"";1;""Colisão traseira"";""Com Vítimas Feridas"";""Pleno dia"";""Crescente"";""Céu Claro"";""Simples"";""Curva"";""Sim"";327318;""Automóvel"";""FORD/KA SE 1.0 HA B"";2017;""Condutor"";""Ileso"";55;""Masculino"";1;0;0;0;-19",595186;-40,"506504;""SR-ES"";""DEL12/2"";""UOP01/ES"""
"184013;405792;2019-01-08;""terça-feira"";""09:50:00"";""ES"";259;30","5;""COLATINA"";""Sim"";""Falta de Atenção à Condução"";1;""Colisão traseira"";""Com Vítimas Feridas"";""Pleno dia"";""Crescente"";""Céu Claro"";""Simples"";""Curva"";""Sim"";327201;""Automóvel"";""FIAT/PALIO ED"";1997;""Condutor"";""Ileso"";38;""Feminino"";1;0;0;0;-19",595186;-40,"506504;""SR-ES"";""DEL12/2"";""UOP01/ES"""
"184014;405598;2019-01-08;""terça-feira"";""08:20:00"";""ES"";101;148;""LINHARES"";""Sim"";""Falta de Atenção à Condução"";1;""Colisão lateral"";""Com Vítimas Feridas"";""Pleno dia"";""Decrescente"";""Céu Claro"";""Dupla"";""Reta"";""Sim"";327164;""Motocicleta"";""YAMAHA/YS150 FAZER ED"";2015;""Passageiro"";""Lesões Leves"";22;""Feminino"";0;1;0;0;-19",38600296;-40,"06714236;""SR-ES"";""DEL12/4"";""UOP01/ES""",
"184014;405597;2019-01-08;""terça-feira"";""08:20:00"";""ES"";101;148;""LINHARES"";""Sim"";""Falta de Atenção à Condução"";1;""Colisão lateral"";""Com Vítimas Feridas"";""Pleno dia"";""Decrescente"";""Céu Claro"";""Dupla"";""Reta"";""Sim"";327164;""Motocicleta"";""YAMAHA/YS150 FAZER ED"";2015;""Condutor"";""Ileso"";30;""Masculino"";1;0;0;0;-19",38600296;-40,"06714236;""SR-ES"";""DEL12/4"";""UOP01/ES""",
"184014;405595;2019-01-08;""terça-feira"";""08:20:00"";""ES"";101;148;""LINHARES"";""Sim"";""Falta de Atenção à Condução"";1;""Colisão lateral"";""Com Vítimas Feridas"";""Pleno dia"";""Decrescente"";""Céu Claro"";""Dupla"";""Reta"";""Sim"";327163;""Caminhão"";""FORD/CARGO 2422 E"";2007;""Condutor"";""Ileso"";43;""Masculino"";1;0;0;0;-19",38600296;-40,"06714236;""SR-ES"";""DEL12/4"";""UOP01/ES""",
"184015;NA;2019-01-07;""segunda-feira"";""16:00:00"";""RS"";158;120","9;""PALMEIRA DAS MISSOES"";""Sim"";""Falta de Atenção à Condução"";1;""Colisão lateral"";""Com Vítimas Feridas"";""Pleno dia"";""Crescente"";""Céu Claro"";""Simples"";""Reta"";""Não"";327980;""Semireboque"";""SR/GUERRA AG GR"";2014;""Não Informado"";""Não Informado"";NA;""Não Informado"";0;0;0;0;-28",058661;-53,"375942;""SR-RS"";""DEL08"";""UOP02/RS"""
"184015;406781;2019-01-07;""segunda-feira"";""16:00:00"";""RS"";158;120","9;""PALMEIRA DAS MISSOES"";""Sim"";""Falta de Atenção à Condução"";1;""Colisão lateral"";""Com Vítimas Feridas"";""Pleno dia"";""Crescente"";""Céu Claro"";""Simples"";""Reta"";""Não"";327105;""Caminhonete"";""VW/NOVA SAVEIRO RB MBVS"";2016;""Condutor"";""Lesões Leves"";23;""Masculino"";0;1;0;0;-28",058661;-53,"375942;""SR-RS"";""DEL08"";""UOP02/RS"""
"184015;406783;2019-01-07;""segunda-feira"";""16:00:00"";""RS"";158;120","9;""PALMEIRA DAS MISSOES"";""Sim"";""Falta de Atenção à Condução"";1;""Colisão lateral"";""Com Vítimas Feridas"";""Pleno dia"";""Crescente"";""Céu Claro"";""Simples"";""Reta"";""Não"";327106;""Caminhão-trator"";""IVECO/STRALIS 600S44T"";2013;""Condutor"";""Ileso"";25;""Masculino"";1;0;0;0;-28",058661;-53,"375942;""SR-RS"";""DEL08"";""UOP02/RS"""
"184016;406003;2019-01-04;""sexta-feira"";""10:00:00"";""AM"";230;646;""HUMAITA"";""Sim"";""Falta de Atenção à Condução"";1;""Tombamento"";""Sem Vítimas"";""Pleno dia"";""Crescente"";""Chuva"";""Simples"";""Reta"";""Não"";327449;""Caminhonete"";""MMC/L200 TRITON GLX D"";2017;""Condutor"";""Ileso"";54;""Masculino"";1;0;0;0;-7",55619613;-63,"28823447;""SR-RO"";""DEL21/01"";""UOP03/RO""",
"184017;405558;2019-01-08;""terça-feira"";""11:20:00"";""PE"";232;4","7;""RECIFE"";""Sim"";""Desobediência às normas de trânsito pelo condutor"";2;""Queda de ocupante de veículo"";""Com Vítimas Feridas"";""Pleno dia"";""Decrescente"";""Céu Claro"";""Múltipla"";""Não Informado"";""Sim"";327172;""Motocicleta"";""HONDA/CG150 TITAN MIX KS"";2010;""Condutor"";""Lesões Leves"";39;""Masculino"";0;1;0;0;-8",064473;-34,"936928;""SR-PE"";""DEL11/1"";""UOP01/PE"""
"184017;405558;2019-01-08;""terça-feira"";""11:20:00"";""PE"";232;4","7;""RECIFE"";""Não"";""Falta de Atenção à Condução"";2;""Queda de ocupante de veículo"";""Com Vítimas Feridas"";""Pleno dia"";""Decrescente"";""Céu Claro"";""Múltipla"";""Não Informado"";""Sim"";327172;""Motocicleta"";""HONDA/CG150 TITAN MIX KS"";2010;""Condutor"";""Lesões Leves"";39;""Masculino"";0;1;0;0;-8",064473;-34,"936928;""SR-PE"";""DEL11/1"";""UOP01/PE"""
"184017;405558;2019-01-08;""terça-feira"";""11:20:00"";""PE"";232;4","7;""RECIFE"";""Sim"";""Desobediência às normas de trânsito pelo condutor"";1;""Colisão com objeto estático"";""Com Vítimas Feridas"";""Pleno dia"";""Decrescente"";""Céu Claro"";""Múltipla"";""Não Informado"";""Sim"";327172;""Motocicleta"";""HONDA/CG150 TITAN MIX KS"";2010;""Condutor"";""Lesões Leves"";39;""Masculino"";0;1;0;0;-8",064473;-34,"936928;""SR-PE"";""DEL11/1"";""UOP01/PE"""
"184017;405558;2019-01-08;""terça-feira"";""11:20:00"";""PE"";232;4","7;""RECIFE"";""Não"";""Falta de Atenção à Condução"";1;""Colisão com objeto estático"";""Com Vítimas Feridas"";""Pleno dia"";""Decrescente"";""Céu Claro"";""Múltipla"";""Não Informado"";""Sim"";327172;""Motocicleta"";""HONDA/CG150 TITAN MIX KS"";2010;""Condutor"";""Lesões Leves"";39;""Masculino"";0;1;0;0;-8",064473;-34,"936928;""SR-PE"";""DEL11/1"";""UOP01/PE"""
"184017;405557;2019-01-08;""terça-feira"";""11:20:00"";""PE"";232;4","7;""RECIFE"";""Sim"";""Desobediência às normas de trânsito pelo condutor"";2;""Queda de ocupante de veículo"";""Com Vítimas Feridas"";""Pleno dia"";""Decrescente"";""Céu Claro"";""Múltipla"";""Não Informado"";""Sim"";327171;""Automóvel"";""GM/VECTRA CD"";1998;""Condutor"";""Ileso"";47;""Masculino"";1;0;0;0;-8",064473;-34,"936928;""SR-PE"";""DEL11/1"";""UOP01/PE"""
"184017;405557;2019-01-08;""terça-feira"";""11:20:00"";""PE"";232;4","7;""RECIFE"";""Não"";""Falta de Atenção à Condução"";2;""Queda de ocupante de veículo"";""Com Vítimas Feridas"";""Pleno dia"";""Decrescente"";""Céu Claro"";""Múltipla"";""Não Informado"";""Sim"";327171;""Automóvel"";""GM/VECTRA CD"";1998;""Condutor"";""Ileso"";47;""Masculino"";1;0;0;0;-8",064473;-34,"936928;""SR-PE"";""DEL11/1"";""UOP01/PE"""
"184017;405557;2019-01-08;""terça-feira"";""11:20:00"";""PE"";232;4","7;""RECIFE"";""Sim"";""Desobediência às normas de trânsito pelo condutor"";1;""Colisão com objeto estático"";""Com Vítimas Feridas"";""Pleno dia"";""Decrescente"";""Céu Claro"";""Múltipla"";""Não Informado"";""Sim"";327171;""Automóvel"";""GM/VECTRA CD"";1998;""Condutor"";""Ileso"";47;""Masculino"";1;0;0;0;-8",064473;-34,"936928;""SR-PE"";""DEL11/1"";""UOP01/PE"""
"184017;405557;2019-01-08;""terça-feira"";""11:20:00"";""PE"";232;4","7;""RECIFE"";""Não"";""Falta de Atenção à Condução"";1;""Colisão com objeto estático"";""Com Vítimas Feridas"";""Pleno dia"";""Decrescente"";""Céu Claro"";""Múltipla"";""Não Informado"";""Sim"";327171;""Automóvel"";""GM/VECTRA CD"";1998;""Condutor"";""Ileso"";47;""Masculino"";1;0;0;0;-8",064473;-34,"936928;""SR-PE"";""DEL11/1"";""UOP01/PE"""
"184018;405508;2019-01-08;""terça-feira"";""11:20:00"";""RJ"";101;320;""NITEROI"";""Sim"";""Falta de Atenção à Condução"";1;""Colisão lateral"";""Com Vítimas Feridas"";""Pleno dia"";""Decrescente"";""Céu Claro"";""Dupla"";""Curva"";""Sim"";327122;""Automóvel"";""FIAT/PUNTO HLX 1.8"";2008;""Condutor"";""Ileso"";32;""Masculino"";1;0;0;0;-22",861752;-43,"107143;""SR-RJ"";""DEL5/2"";""UOP01/RJ""",
"184018;405509;2019-01-08;""terça-feira"";""11:20:00"";""RJ"";101;320;""NITEROI"";""Sim"";""Falta de Atenção à Condução"";1;""Colisão lateral"";""Com Vítimas Feridas"";""Pleno dia"";""Decrescente"";""Céu Claro"";""Dupla"";""Curva"";""Sim"";327123;""Motocicleta"";""I/KAWASAKI NINJA ZX 6R"";2010;""Condutor"";""Lesões Leves"";35;""Masculino"";0;1;0;0;-22",861752;-43,"107143;""SR-RJ"";""DEL5/2"";""UOP01/RJ""",
"184019;405470;2019-01-08;""terça-feira"";""12:15:00"";""RS"";386;419","8;""MONTENEGRO"";""Sim"";""Defeito Mecânico no Veículo"";1;""Atropelamento de Pedestre"";""Com Vítimas Feridas"";""Pleno dia"";""Decrescente"";""Céu Claro"";""Dupla"";""Reta"";""Sim"";327156;""Semireboque"";"""";NA;""Pedestre"";""Lesões Graves"";66;""Masculino"";0;0;1;0;-29",81764;-51,"432823;""SR-RS"";""DEL9/4"";""UOP02/RS"""
"184019;405510;2019-01-08;""terça-feira"";""12:15:00"";""RS"";386;419","8;""MONTENEGRO"";""Sim"";""Defeito Mecânico no Veículo"";1;""Atropelamento de Pedestre"";""Com Vítimas Feridas"";""Pleno dia"";""Decrescente"";""Céu Claro"";""Dupla"";""Reta"";""Sim"";327156;""Semireboque"";"""";NA;""Condutor"";""Não Informado"";NA;""Não Informado"";0;0;0;0;-29",81764;-51,"432823;""SR-RS"";""DEL9/4"";""UOP02/RS"""
"184020;405777;2019-01-08;""terça-feira"";""08:40:00"";""RO"";364;345","5;""JI-PARANA"";""Sim"";""Não guardar distância de segurança"";1;""Colisão traseira"";""Com Vítimas Feridas"";""Pleno dia"";""Decrescente"";""Sol"";""Dupla"";""Reta"";""Sim"";327251;""Automóvel"";""RENAULT/LOGAN EXPR 10"";2018;""Condutor"";""Ileso"";34;""Masculino"";1;0;0;0;-10",86786741;-61,"96580887;""SR-RO"";""DEL21/2"";""UOP01/RO"""
"184020;405776;2019-01-08;""terça-feira"";""08:40:00"";""RO"";364;345","5;""JI-PARANA"";""Sim"";""Não guardar distância de segurança"";1;""Colisão traseira"";""Com Vítimas Feridas"";""Pleno dia"";""Decrescente"";""Sol"";""Dupla"";""Reta"";""Sim"";327250;""Motocicleta"";""HONDA/POP 110I"";2016;""Condutor"";""Lesões Leves"";25;""Feminino"";0;1;0;0;-10",86786741;-61,"96580887;""SR-RO"";""DEL21/2"";""UOP01/RO"""
"184021;405613;2019-01-08;""terça-feira"";""12:30:00"";""RJ"";493;2;""ITABORAI"";""Sim"";""Sinalização da via insuficiente ou inadequada"";1;""Colisão frontal"";""Com Vítimas Feridas"";""Pleno dia"";""Crescente"";""Sol"";""Múltipla"";""Curva"";""Sim"";327215;""Caminhão"";""M.BENZ/ATRON 1719"";2013;""Condutor"";""Lesões Graves"";52;""Masculino"";0;0;1;0;-22",759342;-42,"935555;""SR-RJ"";""DEL5/4"";""UOP02/RJ""",
"184021;405611;2019-01-08;""terça-feira"";""12:30:00"";""RJ"";493;2;""ITABORAI"";""Sim"";""Sinalização da via insuficiente ou inadequada"";1;""Colisão frontal"";""Com Vítimas Feridas"";""Pleno dia"";""Crescente"";""Sol"";""Múltipla"";""Curva"";""Sim"";327214;""Ônibus"";""M.BENZ/MPOLO TORINO U"";2014;""Condutor"";""Lesões Graves"";58;""Masculino"";0;0;1;0;-22",759342;-42,"935555;""SR-RJ"";""DEL5/4"";""UOP02/RJ""",
"184022;NA;2019-01-08;""terça-feira"";""12:30:00"";""MG"";40;603;""CONGONHAS"";""Sim"";""Falta de Atenção à Condução"";4;""Capotamento"";""Com Vítimas Feridas"";""Pleno dia"";""Decrescente"";""Céu Claro"";""Simples"";""Curva"";""Não"";327222;""Semireboque"";""REB/ROSSETTI SRBA ST3.25"";2017;""Não Informado"";""Não Informado"";NA;""Não Informado"";0;0;0;0;-20",4505;-43,"8408;""SR-MG"";""DEL5"";""UOP02/MG""",
"184022;NA;2019-01-08;""terça-feira"";""12:30:00"";""MG"";40;603;""CONGONHAS"";""Sim"";""Falta de Atenção à Condução"";3;""Colisão com objeto estático"";""Com Vítimas Feridas"";""Pleno dia"";""Decrescente"";""Céu Claro"";""Simples"";""Curva"";""Não"";327222;""Semireboque"";""REB/ROSSETTI SRBA ST3.25"";2017;""Não Informado"";""Não Informado"";NA;""Não Informado"";0;0;0;0;-20",4505;-43,"8408;""SR-MG"";""DEL5"";""UOP02/MG""",
"184022;NA;2019-01-08;""terça-feira"";""12:30:00"";""MG"";40;603;""CONGONHAS"";""Sim"";""Falta de Atenção à Condução"";2;""Colisão transversal"";""Com Vítimas Feridas"";""Pleno dia"";""Decrescente"";""Céu Claro"";""Simples"";""Curva"";""Não"";327222;""Semireboque"";""REB/ROSSETTI SRBA ST3.25"";2017;""Não Informado"";""Não Informado"";NA;""Não Informado"";0;0;0;0;-20",4505;-43,"8408;""SR-MG"";""DEL5"";""UOP02/MG""",
"184022;NA;2019-01-08;""terça-feira"";""12:30:00"";""MG"";40;603;""CONGONHAS"";""Sim"";""Falta de Atenção à Condução"";1;""Colisão lateral"";""Com Vítimas Feridas"";""Pleno dia"";""Decrescente"";""Céu Claro"";""Simples"";""Curva"";""Não"";327222;""Semireboque"";""REB/ROSSETTI SRBA ST3.25"";2017;""Não Informado"";""Não Informado"";NA;""Não Informado"";0;0;0;0;-20",4505;-43,"8408;""SR-MG"";""DEL5"";""UOP02/MG""",
"184022;405678;2019-01-08;""terça-feira"";""12:30:00"";""MG"";40;603;""CONGONHAS"";""Sim"";""Falta de Atenção à Condução"";4;""Capotamento"";""Com Vítimas Feridas"";""Pleno dia"";""Decrescente"";""Céu Claro"";""Simples"";""Curva"";""Não"";327141;""Automóvel"";""VW/GOL 1.0"";2004;""Condutor"";""Lesões Leves"";56;""Feminino"";0;1;0;0;-20",4505;-43,"8408;""SR-MG"";""DEL5"";""UOP02/MG""",
"184022;405678;2019-01-08;""terça-feira"";""12:30:00"";""MG"";40;603;""CONGONHAS"";""Sim"";""Falta de Atenção à Condução"";3;""Colisão com objeto estático"";""Com Vítimas Feridas"";""Pleno dia"";""Decrescente"";""Céu Claro"";""Simples"";""Curva"";""Não"";327141;""Automóvel"";""VW/GOL 1.0"";2004;""Condutor"";""Lesões Leves"";56;""Feminino"";0;1;0;0;-20",4505;-43,"8408;""SR-MG"";""DEL5"";""UOP02/MG""",
"184022;405678;2019-01-08;""terça-feira"";""12:30:00"";""MG"";40;603;""CONGONHAS"";""Sim"";""Falta de Atenção à Condução"";2;""Colisão transversal"";""Com Vítimas Feridas"";""Pleno dia"";""Decrescente"";""Céu Claro"";""Simples"";""Curva"";""Não"";327141;""Automóvel"";""VW/GOL 1.0"";2004;""Condutor"";""Lesões Leves"";56;""Feminino"";0;1;0;0;-20",4505;-43,"8408;""SR-MG"";""DEL5"";""UOP02/MG""",
"184022;405678;2019-01-08;""terça-feira"";""12:30:00"";""MG"";40;603;""CONGONHAS"";""Sim"";""Falta de Atenção à Condução"";1;""Colisão lateral"";""Com Vítimas Feridas"";""Pleno dia"";""Decrescente"";""Céu Claro"";""Simples"";""Curva"";""Não"";327141;""Automóvel"";""VW/GOL 1.0"";2004;""Condutor"";""Lesões Leves"";56;""Feminino"";0;1;0;0;-20",4505;-43,"8408;""SR-MG"";""DEL5"";""UOP02/MG""",
"184022;405679;2019-01-08;""terça-feira"";""12:30:00"";""MG"";40;603;""CONGONHAS"";""Sim"";""Falta de Atenção à Condução"";4;""Capotamento"";""Com Vítimas Feridas"";""Pleno dia"";""Decrescente"";""Céu Claro"";""Simples"";""Curva"";""Não"";327142;""Caminhão-trator"";""M.BENZ/ATRON 1635 S"";2017;""Condutor"";""Ileso"";36;""Masculino"";1;0;0;0;-20",4505;-43,"8408;""SR-MG"";""DEL5"";""UOP02/MG""",
"184022;405679;2019-01-08;""terça-feira"";""12:30:00"";""MG"";40;603;""CONGONHAS"";""Sim"";""Falta de Atenção à Condução"";3;""Colisão com objeto estático"";""Com Vítimas Feridas"";""Pleno dia"";""Decrescente"";""Céu Claro"";""Simples"";""Curva"";""Não"";327142;""Caminhão-trator"";""M.BENZ/ATRON 1635 S"";2017;""Condutor"";""Ileso"";36;""Masculino"";1;0;0;0;-20",4505;-43,"8408;""SR-MG"";""DEL5"";""UOP02/MG""",
"184022;405679;2019-01-08;""terça-feira"";""12:30:00"";""MG"";40;603;""CONGONHAS"";""Sim"";""Falta de Atenção à Condução"";2;""Colisão transversal"";""Com Vítimas Feridas"";""Pleno dia"";""Decrescente"";""Céu Claro"";""Simples"";""Curva"";""Não"";327142;""Caminhão-trator"";""M.BENZ/ATRON 1635 S"";2017;""Condutor"";""Ileso"";36;""Masculino"";1;0;0;0;-20",4505;-43,"8408;""SR-MG"";""DEL5"";""UOP02/MG""",
"184022;405679;2019-01-08;""terça-feira"";""12:30:00"";""MG"";40;603;""CONGONHAS"";""Sim"";""Falta de Atenção à Condução"";1;""Colisão lateral"";""Com Vítimas Feridas"";""Pleno dia"";""Decrescente"";""Céu Claro"";""Simples"";""Curva"";""Não"";327142;""Caminhão-trator"";""M.BENZ/ATRON 1635 S"";2017;""Condutor"";""Ileso"";36;""Masculino"";1;0;0;0;-20",4505;-43,"8408;""SR-MG"";""DEL5"";""UOP02/MG""",
"184023;405642;2019-01-08;""terça-feira"";""11:09:00"";""BA"";324;544","3;""AMELIA RODRIGUES"";""Não"";""Falta de Atenção à Condução"";1;""Colisão lateral"";""Com Vítimas Feridas"";""Pleno dia"";""Decrescente"";""Céu Claro"";""Dupla"";""Curva"";""Sim"";327134;""Motoneta"";""HONDA/BIZ 100 ES"";2013;""Condutor"";""Lesões Leves"";17;""Masculino"";0;1;0;0;-12",40662656;-38,"75305122;""SR-BA"";""DEL10/1"";""UOP01/BA"""
"184023;405642;2019-01-08;""terça-feira"";""11:09:00"";""BA"";324;544","3;""AMELIA RODRIGUES"";""Sim"";""Desobediência às normas de trânsito pelo condutor"";1;""Colisão lateral"";""Com Vítimas Feridas"";""Pleno dia"";""Decrescente"";""Céu Claro"";""Dupla"";""Curva"";""Sim"";327134;""Motoneta"";""HONDA/BIZ 100 ES"";2013;""Condutor"";""Lesões Leves"";17;""Masculino"";0;1;0;0;-12",40662656;-38,"75305122;""SR-BA"";""DEL10/1"";""UOP01/BA"""