"id;""pesid"";""data_inversa"";""dia_semana"";""horario"";""uf"";""br"";""km"";""municipio"";""causa_principal"";""causa_acidente"";""ordem_tipo_acidente"";""tipo_acidente"";""classificacao_acidente"";""fase_dia"";""sentido_via"";""condicao_metereologica"";""tipo_pista"";""tracado_via"";""uso_solo"";""id_veiculo"";""tipo_veiculo"";""marca"";""ano_fabricacao_veiculo"";""tipo_envolvido"";""estado_fisico"";""idade"";""sexo"";""ilesos"";""feridos_leves"";""feridos_graves"";""mortos"";""latitude"";""longitude"";""regional"";""delegacia"";""uop""",,,
"184037;405646;2019-01-08;""terça-feira"";""11:40:00"";""PE"";101;123;""ESCADA"";""Não"";""Fenômenos da Natureza"";1;""Saída de leito carroçável"";""Com Vítimas Feridas"";""Pleno dia"";""Crescente"";""Chuva"";""Dupla"";""Reta"";""Não"";327177;""Utilitário"";""I/MMC PAJERO HPE 3.2 D"";2013;""Passageiro"";""Lesões Leves"";15;""Feminino"";0;1;0;0;-8",3607;-35,"2105;""SR-PE"";""DEL11/1"";""UOP03/PE""",
"184037;405644;2019-01-08;""terça-feira"";""11:40:00"";""PE"";101;123;""ESCADA"";""Sim"";""Velocidade Incompatível"";2;""Capotamento"";""Com Vítimas Feridas"";""Pleno dia"";""Crescente"";""Chuva"";""Dupla"";""Reta"";""Não"";327177;""Utilitário"";""I/MMC PAJERO HPE 3.2 D"";2013;""Condutor"";""Lesões Leves"";76;""Masculino"";0;1;0;0;-8",3607;-35,"2105;""SR-PE"";""DEL11/1"";""UOP03/PE""",
"184037;405644;2019-01-08;""terça-feira"";""11:40:00"";""PE"";101;123;""ESCADA"";""Não"";""Fenômenos da Natureza"";2;""Capotamento"";""Com Vítimas Feridas"";""Pleno dia"";""Crescente"";""Chuva"";""Dupla"";""Reta"";""Não"";327177;""Utilitário"";""I/MMC PAJERO HPE 3.2 D"";2013;""Condutor"";""Lesões Leves"";76;""Masculino"";0;1;0;0;-8",3607;-35,"2105;""SR-PE"";""DEL11/1"";""UOP03/PE""",
"184037;405644;2019-01-08;""terça-feira"";""11:40:00"";""PE"";101;123;""ESCADA"";""Sim"";""Velocidade Incompatível"";1;""Saída de leito carroçável"";""Com Vítimas Feridas"";""Pleno dia"";""Crescente"";""Chuva"";""Dupla"";""Reta"";""Não"";327177;""Utilitário"";""I/MMC PAJERO HPE 3.2 D"";2013;""Condutor"";""Lesões Leves"";76;""Masculino"";0;1;0;0;-8",3607;-35,"2105;""SR-PE"";""DEL11/1"";""UOP03/PE""",
"184037;405644;2019-01-08;""terça-feira"";""11:40:00"";""PE"";101;123;""ESCADA"";""Não"";""Fenômenos da Natureza"";1;""Saída de leito carroçável"";""Com Vítimas Feridas"";""Pleno dia"";""Crescente"";""Chuva"";""Dupla"";""Reta"";""Não"";327177;""Utilitário"";""I/MMC PAJERO HPE 3.2 D"";2013;""Condutor"";""Lesões Leves"";76;""Masculino"";0;1;0;0;-8",3607;-35,"2105;""SR-PE"";""DEL11/1"";""UOP03/PE""",
"184038;406485;2019-01-08;""terça-feira"";""12:30:00"";""PE"";232;56;""POMBOS"";""Não"";""Pista Escorregadia"";2;""Capotamento"";""Sem Vítimas"";""Pleno dia"";""Decrescente"";""Chuva"";""Dupla"";""Reta"";""Não"";327289;""Automóvel"";""FIAT/MOBI LIKE"";2017;""Condutor"";""Ileso"";59;""Masculino"";1;0;0;0;-8",144629;-35,"390347;""SR-PE"";""DEL11/1"";""UOP04/PE""",
"184038;406485;2019-01-08;""terça-feira"";""12:30:00"";""PE"";232;56;""POMBOS"";""Sim"";""Defeito na Via"";2;""Capotamento"";""Sem Vítimas"";""Pleno dia"";""Decrescente"";""Chuva"";""Dupla"";""Reta"";""Não"";327289;""Automóvel"";""FIAT/MOBI LIKE"";2017;""Condutor"";""Ileso"";59;""Masculino"";1;0;0;0;-8",144629;-35,"390347;""SR-PE"";""DEL11/1"";""UOP04/PE""",
"184038;406485;2019-01-08;""terça-feira"";""12:30:00"";""PE"";232;56;""POMBOS"";""Não"";""Pista Escorregadia"";1;""Saída de leito carroçável"";""Sem Vítimas"";""Pleno dia"";""Decrescente"";""Chuva"";""Dupla"";""Reta"";""Não"";327289;""Automóvel"";""FIAT/MOBI LIKE"";2017;""Condutor"";""Ileso"";59;""Masculino"";1;0;0;0;-8",144629;-35,"390347;""SR-PE"";""DEL11/1"";""UOP04/PE""",
"184038;406485;2019-01-08;""terça-feira"";""12:30:00"";""PE"";232;56;""POMBOS"";""Sim"";""Defeito na Via"";1;""Saída de leito carroçável"";""Sem Vítimas"";""Pleno dia"";""Decrescente"";""Chuva"";""Dupla"";""Reta"";""Não"";327289;""Automóvel"";""FIAT/MOBI LIKE"";2017;""Condutor"";""Ileso"";59;""Masculino"";1;0;0;0;-8",144629;-35,"390347;""SR-PE"";""DEL11/1"";""UOP04/PE""",
"184039;405634;2019-01-08;""terça-feira"";""14:30:00"";""ES"";259;1","6;""JOAO NEIVA"";""Sim"";""Falta de Atenção à Condução"";1;""Colisão traseira"";""Com Vítimas Feridas"";""Pleno dia"";""Crescente"";""Céu Claro"";""Simples"";""Reta"";""Não"";327219;""Motocicleta"";"""";NA;""Condutor"";""Lesões Leves"";23;""Masculino"";0;1;0;0;-19",73798;-40,"377514;""SR-ES"";""DEL12/2"";""UOP01/ES"""
"184039;405629;2019-01-08;""terça-feira"";""14:30:00"";""ES"";259;1","6;""JOAO NEIVA"";""Sim"";""Falta de Atenção à Condução"";1;""Colisão traseira"";""Com Vítimas Feridas"";""Pleno dia"";""Crescente"";""Céu Claro"";""Simples"";""Reta"";""Não"";327216;""Caminhão"";""M.BENZ/710"";2004;""Condutor"";""Ileso"";42;""Masculino"";1;0;0;0;-19",73798;-40,"377514;""SR-ES"";""DEL12/2"";""UOP01/ES"""
"184041;407594;2019-01-08;""terça-feira"";""14:40:00"";""ES"";262;90","9;""DOMINGOS MARTINS"";""Sim"";""Falta de Atenção à Condução"";1;""Colisão transversal"";""Com Vítimas Feridas"";""Pleno dia"";""Crescente"";""Céu Claro"";""Simples"";""Reta"";""Sim"";327218;""Automóvel"";""VW/GOL 16V PLUS"";2005;""Condutor"";""Lesões Graves"";73;""Masculino"";0;0;1;0;-20",3821;-41,"0226;""SR-ES"";""DEL12/1"";""UOP02/ES"""
"184041;407592;2019-01-08;""terça-feira"";""14:40:00"";""ES"";262;90","9;""DOMINGOS MARTINS"";""Sim"";""Falta de Atenção à Condução"";1;""Colisão transversal"";""Com Vítimas Feridas"";""Pleno dia"";""Crescente"";""Céu Claro"";""Simples"";""Reta"";""Sim"";327217;""Caminhonete"";""VW/SAVEIRO 1.6 CE"";2012;""Passageiro"";""Lesões Graves"";83;""Feminino"";0;0;1;0;-20",3821;-41,"0226;""SR-ES"";""DEL12/1"";""UOP02/ES"""
"184041;407590;2019-01-08;""terça-feira"";""14:40:00"";""ES"";262;90","9;""DOMINGOS MARTINS"";""Sim"";""Falta de Atenção à Condução"";1;""Colisão transversal"";""Com Vítimas Feridas"";""Pleno dia"";""Crescente"";""Céu Claro"";""Simples"";""Reta"";""Sim"";327217;""Caminhonete"";""VW/SAVEIRO 1.6 CE"";2012;""Condutor"";""Lesões Leves"";82;""Masculino"";0;1;0;0;-20",3821;-41,"0226;""SR-ES"";""DEL12/1"";""UOP02/ES"""
"184042;406531;2019-01-08;""terça-feira"";""12:40:00"";""PR"";277;489","5;""NOVA LARANJEIRAS"";""Sim"";""Velocidade Incompatível"";3;""Capotamento"";""Com Vítimas Feridas"";""Pleno dia"";""Crescente"";""Chuva"";""Simples"";""Curva"";""Não"";327240;""Automóvel"";""HONDA/CIVIC LXS FLEX"";2008;""Passageiro"";""Lesões Leves"";64;""Feminino"";0;1;0;0;-25",24104713;-52,"63197899;""SR-PR"";""DEL7/4"";""UOP03/PR"""
"184042;406531;2019-01-08;""terça-feira"";""12:40:00"";""PR"";277;489","5;""NOVA LARANJEIRAS"";""Sim"";""Velocidade Incompatível"";2;""Colisão com objeto estático"";""Com Vítimas Feridas"";""Pleno dia"";""Crescente"";""Chuva"";""Simples"";""Curva"";""Não"";327240;""Automóvel"";""HONDA/CIVIC LXS FLEX"";2008;""Passageiro"";""Lesões Leves"";64;""Feminino"";0;1;0;0;-25",24104713;-52,"63197899;""SR-PR"";""DEL7/4"";""UOP03/PR"""
"184042;406531;2019-01-08;""terça-feira"";""12:40:00"";""PR"";277;489","5;""NOVA LARANJEIRAS"";""Sim"";""Velocidade Incompatível"";1;""Saída de leito carroçável"";""Com Vítimas Feridas"";""Pleno dia"";""Crescente"";""Chuva"";""Simples"";""Curva"";""Não"";327240;""Automóvel"";""HONDA/CIVIC LXS FLEX"";2008;""Passageiro"";""Lesões Leves"";64;""Feminino"";0;1;0;0;-25",24104713;-52,"63197899;""SR-PR"";""DEL7/4"";""UOP03/PR"""
"184042;406530;2019-01-08;""terça-feira"";""12:40:00"";""PR"";277;489","5;""NOVA LARANJEIRAS"";""Sim"";""Velocidade Incompatível"";3;""Capotamento"";""Com Vítimas Feridas"";""Pleno dia"";""Crescente"";""Chuva"";""Simples"";""Curva"";""Não"";327240;""Automóvel"";""HONDA/CIVIC LXS FLEX"";2008;""Passageiro"";""Lesões Leves"";17;""Masculino"";0;1;0;0;-25",24104713;-52,"63197899;""SR-PR"";""DEL7/4"";""UOP03/PR"""
"184042;406530;2019-01-08;""terça-feira"";""12:40:00"";""PR"";277;489","5;""NOVA LARANJEIRAS"";""Sim"";""Velocidade Incompatível"";2;""Colisão com objeto estático"";""Com Vítimas Feridas"";""Pleno dia"";""Crescente"";""Chuva"";""Simples"";""Curva"";""Não"";327240;""Automóvel"";""HONDA/CIVIC LXS FLEX"";2008;""Passageiro"";""Lesões Leves"";17;""Masculino"";0;1;0;0;-25",24104713;-52,"63197899;""SR-PR"";""DEL7/4"";""UOP03/PR"""
"184042;406530;2019-01-08;""terça-feira"";""12:40:00"";""PR"";277;489","5;""NOVA LARANJEIRAS"";""Sim"";""Velocidade Incompatível"";1;""Saída de leito carroçável"";""Com Vítimas Feridas"";""Pleno dia"";""Crescente"";""Chuva"";""Simples"";""Curva"";""Não"";327240;""Automóvel"";""HONDA/CIVIC LXS FLEX"";2008;""Passageiro"";""Lesões Leves"";17;""Masculino"";0;1;0;0;-25",24104713;-52,"63197899;""SR-PR"";""DEL7/4"";""UOP03/PR"""
"184042;406532;2019-01-08;""terça-feira"";""12:40:00"";""PR"";277;489","5;""NOVA LARANJEIRAS"";""Sim"";""Velocidade Incompatível"";3;""Capotamento"";""Com Vítimas Feridas"";""Pleno dia"";""Crescente"";""Chuva"";""Simples"";""Curva"";""Não"";327240;""Automóvel"";""HONDA/CIVIC LXS FLEX"";2008;""Passageiro"";""Lesões Graves"";13;""Feminino"";0;0;1;0;-25",24104713;-52,"63197899;""SR-PR"";""DEL7/4"";""UOP03/PR"""
"184042;406532;2019-01-08;""terça-feira"";""12:40:00"";""PR"";277;489","5;""NOVA LARANJEIRAS"";""Sim"";""Velocidade Incompatível"";2;""Colisão com objeto estático"";""Com Vítimas Feridas"";""Pleno dia"";""Crescente"";""Chuva"";""Simples"";""Curva"";""Não"";327240;""Automóvel"";""HONDA/CIVIC LXS FLEX"";2008;""Passageiro"";""Lesões Graves"";13;""Feminino"";0;0;1;0;-25",24104713;-52,"63197899;""SR-PR"";""DEL7/4"";""UOP03/PR"""
"184042;406532;2019-01-08;""terça-feira"";""12:40:00"";""PR"";277;489","5;""NOVA LARANJEIRAS"";""Sim"";""Velocidade Incompatível"";1;""Saída de leito carroçável"";""Com Vítimas Feridas"";""Pleno dia"";""Crescente"";""Chuva"";""Simples"";""Curva"";""Não"";327240;""Automóvel"";""HONDA/CIVIC LXS FLEX"";2008;""Passageiro"";""Lesões Graves"";13;""Feminino"";0;0;1;0;-25",24104713;-52,"63197899;""SR-PR"";""DEL7/4"";""UOP03/PR"""
"184042;406534;2019-01-08;""terça-feira"";""12:40:00"";""PR"";277;489","5;""NOVA LARANJEIRAS"";""Sim"";""Velocidade Incompatível"";3;""Capotamento"";""Com Vítimas Feridas"";""Pleno dia"";""Crescente"";""Chuva"";""Simples"";""Curva"";""Não"";327240;""Automóvel"";""HONDA/CIVIC LXS FLEX"";2008;""Passageiro"";""Lesões Graves"";41;""Feminino"";0;0;1;0;-25",24104713;-52,"63197899;""SR-PR"";""DEL7/4"";""UOP03/PR"""
"184042;406534;2019-01-08;""terça-feira"";""12:40:00"";""PR"";277;489","5;""NOVA LARANJEIRAS"";""Sim"";""Velocidade Incompatível"";2;""Colisão com objeto estático"";""Com Vítimas Feridas"";""Pleno dia"";""Crescente"";""Chuva"";""Simples"";""Curva"";""Não"";327240;""Automóvel"";""HONDA/CIVIC LXS FLEX"";2008;""Passageiro"";""Lesões Graves"";41;""Feminino"";0;0;1;0;-25",24104713;-52,"63197899;""SR-PR"";""DEL7/4"";""UOP03/PR"""
"184042;406534;2019-01-08;""terça-feira"";""12:40:00"";""PR"";277;489","5;""NOVA LARANJEIRAS"";""Sim"";""Velocidade Incompatível"";1;""Saída de leito carroçável"";""Com Vítimas Feridas"";""Pleno dia"";""Crescente"";""Chuva"";""Simples"";""Curva"";""Não"";327240;""Automóvel"";""HONDA/CIVIC LXS FLEX"";2008;""Passageiro"";""Lesões Graves"";41;""Feminino"";0;0;1;0;-25",24104713;-52,"63197899;""SR-PR"";""DEL7/4"";""UOP03/PR"""
"184042;406529;2019-01-08;""terça-feira"";""12:40:00"";""PR"";277;489","5;""NOVA LARANJEIRAS"";""Sim"";""Velocidade Incompatível"";3;""Capotamento"";""Com Vítimas Feridas"";""Pleno dia"";""Crescente"";""Chuva"";""Simples"";""Curva"";""Não"";327240;""Automóvel"";""HONDA/CIVIC LXS FLEX"";2008;""Condutor"";""Lesões Leves"";33;""Masculino"";0;1;0;0;-25",24104713;-52,"63197899;""SR-PR"";""DEL7/4"";""UOP03/PR"""
"184042;406529;2019-01-08;""terça-feira"";""12:40:00"";""PR"";277;489","5;""NOVA LARANJEIRAS"";""Sim"";""Velocidade Incompatível"";2;""Colisão com objeto estático"";""Com Vítimas Feridas"";""Pleno dia"";""Crescente"";""Chuva"";""Simples"";""Curva"";""Não"";327240;""Automóvel"";""HONDA/CIVIC LXS FLEX"";2008;""Condutor"";""Lesões Leves"";33;""Masculino"";0;1;0;0;-25",24104713;-52,"63197899;""SR-PR"";""DEL7/4"";""UOP03/PR"""
"184042;406529;2019-01-08;""terça-feira"";""12:40:00"";""PR"";277;489","5;""NOVA LARANJEIRAS"";""Sim"";""Velocidade Incompatível"";1;""Saída de leito carroçável"";""Com Vítimas Feridas"";""Pleno dia"";""Crescente"";""Chuva"";""Simples"";""Curva"";""Não"";327240;""Automóvel"";""HONDA/CIVIC LXS FLEX"";2008;""Condutor"";""Lesões Leves"";33;""Masculino"";0;1;0;0;-25",24104713;-52,"63197899;""SR-PR"";""DEL7/4"";""UOP03/PR"""
"184043;405638;2019-01-08;""terça-feira"";""14:30:00"";""PR"";277;113;""CAMPO LARGO"";""Sim"";""Velocidade Incompatível"";2;""Colisão com objeto estático"";""Com Vítimas Feridas"";""Pleno dia"";""Decrescente"";""Sol"";""Dupla"";""Reta"";""Sim"";327185;""Automóvel"";""FORD/KA SE 1.5 SD B"";2017;""Condutor"";""Lesões Leves"";40;""Masculino"";0;1;0;0;-25",44692622;-49,"48421627;""SR-PR"";""DEL7/1"";""UOP05/PR""",
"184043;405638;2019-01-08;""terça-feira"";""14:30:00"";""PR"";277;113;""CAMPO LARGO"";""Sim"";""Velocidade Incompatível"";1;""Saída de leito carroçável"";""Com Vítimas Feridas"";""Pleno dia"";""Decrescente"";""Sol"";""Dupla"";""Reta"";""Sim"";327185;""Automóvel"";""FORD/KA SE 1.5 SD B"";2017;""Condutor"";""Lesões Leves"";40;""Masculino"";0;1;0;0;-25",44692622;-49,"48421627;""SR-PR"";""DEL7/1"";""UOP05/PR""",
"184044;405532;2019-01-07;""segunda-feira"";""22:00:00"";""PE"";101;78","7;""JABOATAO DOS GUARARAPES"";""Sim"";""Velocidade Incompatível"";1;""Tombamento"";""Com Vítimas Feridas"";""Pleno dia"";""Decrescente"";""Nublado"";""Simples"";""Curva"";""Não"";327167;""Motocicleta"";""HONDA/CB 250F TWISTER"";2016;""Condutor"";""Lesões Graves"";43;""Masculino"";0;0;1;0;-8",14110243;-34,"94635105;""SR-PE"";""DEL11/1"";""UOP01/PE"""
"184045;405590;2019-01-08;""terça-feira"";""13:55:00"";""RJ"";116;177;""NOVA IGUACU"";""Sim"";""Desobediência às normas de trânsito pelo condutor"";1;""Colisão traseira"";""Com Vítimas Feridas"";""Pleno dia"";""Crescente"";""Céu Claro"";""Dupla"";""Reta"";""Sim"";327194;""Motocicleta"";""HONDA/NXR150 BROS ESD"";2007;""Passageiro"";""Ileso"";20;""Masculino"";1;0;0;0;-22",780552;-43,"392086;""SR-RJ"";""DEL5/1"";""UOP02/RJ""",
"184045;405589;2019-01-08;""terça-feira"";""13:55:00"";""RJ"";116;177;""NOVA IGUACU"";""Sim"";""Desobediência às normas de trânsito pelo condutor"";1;""Colisão traseira"";""Com Vítimas Feridas"";""Pleno dia"";""Crescente"";""Céu Claro"";""Dupla"";""Reta"";""Sim"";327194;""Motocicleta"";""HONDA/NXR150 BROS ESD"";2007;""Condutor"";""Lesões Leves"";20;""Masculino"";0;1;0;0;-22",780552;-43,"392086;""SR-RJ"";""DEL5/1"";""UOP02/RJ""",
"184045;405593;2019-01-08;""terça-feira"";""13:55:00"";""RJ"";116;177;""NOVA IGUACU"";""Sim"";""Desobediência às normas de trânsito pelo condutor"";1;""Colisão traseira"";""Com Vítimas Feridas"";""Pleno dia"";""Crescente"";""Céu Claro"";""Dupla"";""Reta"";""Sim"";327202;""Caminhonete"";""I/M.BENZ 313CDISTREET F"";2017;""Condutor"";""Ileso"";32;""Masculino"";1;0;0;0;-22",780552;-43,"392086;""SR-RJ"";""DEL5/1"";""UOP02/RJ""",
"184046;405566;2019-01-08;""terça-feira"";""08:30:00"";""MG"";381;423;""CAETE"";""Sim"";""Falta de Atenção à Condução"";1;""Colisão frontal"";""Com Vítimas Feridas"";""Pleno dia"";""Crescente"";""Céu Claro"";""Simples"";""Reta"";""Não"";327157;""Caminhonete"";""CHEVROLET/MONTANA LS2"";2017;""Condutor"";""Lesões Leves"";35;""Masculino"";0;1;0;0;-19",77398813;-43,"64977062;""SR-MG"";""DEL4/1"";""UOP01/MG""",
"184046;405567;2019-01-08;""terça-feira"";""08:30:00"";""MG"";381;423;""CAETE"";""Sim"";""Falta de Atenção à Condução"";1;""Colisão frontal"";""Com Vítimas Feridas"";""Pleno dia"";""Crescente"";""Céu Claro"";""Simples"";""Reta"";""Não"";327158;""Automóvel"";""TOYOTA/COROLLA XEI18FLEX"";2008;""Condutor"";""Ileso"";51;""Masculino"";1;0;0;0;-19",77398813;-43,"64977062;""SR-MG"";""DEL4/1"";""UOP01/MG""",
"184047;405564;2019-01-08;""terça-feira"";""08:45:00"";""PR"";153;206","8;""TIBAGI"";""Sim"";""Desobediência às normas de trânsito pelo condutor"";1;""Colisão transversal"";""Com Vítimas Feridas"";""Pleno dia"";""Crescente"";""Céu Claro"";""Simples"";""Curva"";""Sim"";327175;""Motocicleta"";""HONDA/XRE 300"";2018;""Passageiro"";""Lesões Leves"";46;""Feminino"";0;1;0;0;-24",52644715;-50,"44576591;""SR-PR"";""DEL7/3"";""UOP05/PR"""
"184047;405563;2019-01-08;""terça-feira"";""08:45:00"";""PR"";153;206","8;""TIBAGI"";""Sim"";""Desobediência às normas de trânsito pelo condutor"";1;""Colisão transversal"";""Com Vítimas Feridas"";""Pleno dia"";""Crescente"";""Céu Claro"";""Simples"";""Curva"";""Sim"";327175;""Motocicleta"";""HONDA/XRE 300"";2018;""Condutor"";""Lesões Graves"";47;""Masculino"";0;0;1;0;-24",52644715;-50,"44576591;""SR-PR"";""DEL7/3"";""UOP05/PR"""
"184047;405565;2019-01-08;""terça-feira"";""08:45:00"";""PR"";153;206","8;""TIBAGI"";""Sim"";""Desobediência às normas de trânsito pelo condutor"";1;""Colisão transversal"";""Com Vítimas Feridas"";""Pleno dia"";""Crescente"";""Céu Claro"";""Simples"";""Curva"";""Sim"";327176;""Automóvel"";""IMP/FIAT UNO I.E"";NA;""Condutor"";""Não Informado"";NA;""Não Informado"";0;0;0;0;-24",52644715;-50,"44576591;""SR-PR"";""DEL7/3"";""UOP05/PR"""
"184048;NA;2019-01-08;""terça-feira"";""15:00:00"";""PR"";116;119;""CURITIBA"";""Sim"";""Falta de Atenção à Condução"";1;""Colisão lateral"";""Com Vítimas Feridas"";""Pleno dia"";""Decrescente"";""Céu Claro"";""Dupla"";""Reta"";""Sim"";329770;""Semireboque"";""SR/RODOFORTSA SRPL 2E"";2013;""Não Informado"";""Não Informado"";NA;""Não Informado"";0;0;0;0;-25",544559;-49,"30146;""SR-PR"";""DEL7/1"";""UOP06/PR""",
"184048;409156;2019-01-08;""terça-feira"";""15:00:00"";""PR"";116;119;""CURITIBA"";""Sim"";""Falta de Atenção à Condução"";1;""Colisão lateral"";""Com Vítimas Feridas"";""Pleno dia"";""Decrescente"";""Céu Claro"";""Dupla"";""Reta"";""Sim"";329768;""Caminhão-trator"";""IVECO/STRALIS 460S36T"";2012;""Condutor"";""Ileso"";33;""Masculino"";1;0;0;0;-25",544559;-49,"30146;""SR-PR"";""DEL7/1"";""UOP06/PR""",
"184048;409135;2019-01-08;""terça-feira"";""15:00:00"";""PR"";116;119;""CURITIBA"";""Sim"";""Falta de Atenção à Condução"";1;""Colisão lateral"";""Com Vítimas Feridas"";""Pleno dia"";""Decrescente"";""Céu Claro"";""Dupla"";""Reta"";""Sim"";327326;""Motocicleta"";""HONDA/CG 125 FAN KS"";2016;""Condutor"";""Lesões Leves"";61;""Masculino"";0;1;0;0;-25",544559;-49,"30146;""SR-PR"";""DEL7/1"";""UOP06/PR""",
"184051;407152;2019-01-08;""terça-feira"";""00:25:00"";""MG"";381;904;""CAMBUI"";""Sim"";""Velocidade Incompatível"";3;""Tombamento"";""Com Vítimas Feridas"";""Plena Noite"";""Decrescente"";""Ignorado"";""Dupla"";""Reta"";""Não"";327179;""Caminhão"";""M.BENZ/L 1620"";2010;""Pedestre"";""Lesões Graves"";49;""Masculino"";0;0;1;0;-22",6592;-46,"0882;""SR-MG"";""DEL09"";""UOP03/MG""",
"184051;407152;2019-01-08;""terça-feira"";""00:25:00"";""MG"";381;904;""CAMBUI"";""Sim"";""Velocidade Incompatível"";2;""Atropelamento de Pedestre"";""Com Vítimas Feridas"";""Plena Noite"";""Decrescente"";""Ignorado"";""Dupla"";""Reta"";""Não"";327179;""Caminhão"";""M.BENZ/L 1620"";2010;""Pedestre"";""Lesões Graves"";49;""Masculino"";0;0;1;0;-22",6592;-46,"0882;""SR-MG"";""DEL09"";""UOP03/MG""",
"184051;407152;2019-01-08;""terça-feira"";""00:25:00"";""MG"";381;904;""CAMBUI"";""Sim"";""Velocidade Incompatível"";1;""Colisão com objeto estático"";""Com Vítimas Feridas"";""Plena Noite"";""Decrescente"";""Ignorado"";""Dupla"";""Reta"";""Não"";327179;""Caminhão"";""M.BENZ/L 1620"";2010;""Pedestre"";""Lesões Graves"";49;""Masculino"";0;0;1;0;-22",6592;-46,"0882;""SR-MG"";""DEL09"";""UOP03/MG""",
"184051;406940;2019-01-08;""terça-feira"";""00:25:00"";""MG"";381;904;""CAMBUI"";""Sim"";""Velocidade Incompatível"";3;""Tombamento"";""Com Vítimas Feridas"";""Plena Noite"";""Decrescente"";""Ignorado"";""Dupla"";""Reta"";""Não"";327179;""Caminhão"";""M.BENZ/L 1620"";2010;""Condutor"";""Ileso"";26;""Masculino"";1;0;0;0;-22",6592;-46,"0882;""SR-MG"";""DEL09"";""UOP03/MG""",
"184051;406940;2019-01-08;""terça-feira"";""00:25:00"";""MG"";381;904;""CAMBUI"";""Sim"";""Velocidade Incompatível"";2;""Atropelamento de Pedestre"";""Com Vítimas Feridas"";""Plena Noite"";""Decrescente"";""Ignorado"";""Dupla"";""Reta"";""Não"";327179;""Caminhão"";""M.BENZ/L 1620"";2010;""Condutor"";""Ileso"";26;""Masculino"";1;0;0;0;-22",6592;-46,"0882;""SR-MG"";""DEL09"";""UOP03/MG""",
"184051;406940;2019-01-08;""terça-feira"";""00:25:00"";""MG"";381;904;""CAMBUI"";""Sim"";""Velocidade Incompatível"";1;""Colisão com objeto estático"";""Com Vítimas Feridas"";""Plena Noite"";""Decrescente"";""Ignorado"";""Dupla"";""Reta"";""Não"";327179;""Caminhão"";""M.BENZ/L 1620"";2010;""Condutor"";""Ileso"";26;""Masculino"";1;0;0;0;-22",6592;-46,"0882;""SR-MG"";""DEL09"";""UOP03/MG""",
"184052;405763;2019-01-08;""terça-feira"";""09:00:00"";""MA"";402;19","4;""ROSARIO"";""Sim"";""Condutor Dormindo"";2;""Saída de leito carroçável"";""Com Vítimas Feridas"";""Pleno dia"";""Crescente"";""Céu Claro"";""Simples"";""Reta"";""Não"";327184;""Automóvel"";""VW/NOVO GOL TRACK MCV"";2018;""Condutor"";""Ileso"";26;""Masculino"";1;0;0;0;-2",930413;-44,"176132;""SR-MA"";""DEL18/1"";""UOP01/MA"""
"184052;405763;2019-01-08;""terça-feira"";""09:00:00"";""MA"";402;19","4;""ROSARIO"";""Sim"";""Condutor Dormindo"";1;""Colisão lateral"";""Com Vítimas Feridas"";""Pleno dia"";""Crescente"";""Céu Claro"";""Simples"";""Reta"";""Não"";327184;""Automóvel"";""VW/NOVO GOL TRACK MCV"";2018;""Condutor"";""Ileso"";26;""Masculino"";1;0;0;0;-2",930413;-44,"176132;""SR-MA"";""DEL18/1"";""UOP01/MA"""
"184052;405761;2019-01-08;""terça-feira"";""09:00:00"";""MA"";402;19","4;""ROSARIO"";""Sim"";""Condutor Dormindo"";2;""Saída de leito carroçável"";""Com Vítimas Feridas"";""Pleno dia"";""Crescente"";""Céu Claro"";""Simples"";""Reta"";""Não"";327183;""Caminhão"";""M.BENZ/ATRON 2324"";2012;""Condutor"";""Ileso"";27;""Masculino"";1;0;0;0;-2",930413;-44,"176132;""SR-MA"";""DEL18/1"";""UOP01/MA"""
"184052;405761;2019-01-08;""terça-feira"";""09:00:00"";""MA"";402;19","4;""ROSARIO"";""Sim"";""Condutor Dormindo"";1;""Colisão lateral"";""Com Vítimas Feridas"";""Pleno dia"";""Crescente"";""Céu Claro"";""Simples"";""Reta"";""Não"";327183;""Caminhão"";""M.BENZ/ATRON 2324"";2012;""Condutor"";""Ileso"";27;""Masculino"";1;0;0;0;-2",930413;-44,"176132;""SR-MA"";""DEL18/1"";""UOP01/MA"""
"184052;405759;2019-01-08;""terça-feira"";""09:00:00"";""MA"";402;19","4;""ROSARIO"";""Sim"";""Condutor Dormindo"";2;""Saída de leito carroçável"";""Com Vítimas Feridas"";""Pleno dia"";""Crescente"";""Céu Claro"";""Simples"";""Reta"";""Não"";327182;""Automóvel"";""CHEVROLET/CRUZE LT NB"";2013;""Condutor"";""Lesões Graves"";38;""Feminino"";0;0;1;0;-2",930413;-44,"176132;""SR-MA"";""DEL18/1"";""UOP01/MA"""
"184052;405759;2019-01-08;""terça-feira"";""09:00:00"";""MA"";402;19","4;""ROSARIO"";""Sim"";""Condutor Dormindo"";1;""Colisão lateral"";""Com Vítimas Feridas"";""Pleno dia"";""Crescente"";""Céu Claro"";""Simples"";""Reta"";""Não"";327182;""Automóvel"";""CHEVROLET/CRUZE LT NB"";2013;""Condutor"";""Lesões Graves"";38;""Feminino"";0;0;1;0;-2",930413;-44,"176132;""SR-MA"";""DEL18/1"";""UOP01/MA"""
"184053;405633;2019-01-08;""terça-feira"";""16:00:00"";""SC"";282;21","5;""SANTO AMARO DA IMPERATRIZ"";""Sim"";""Mal Súbito"";1;""Colisão lateral"";""Com Vítimas Feridas"";""Pleno dia"";""Decrescente"";""Nublado"";""Simples"";""Reta"";""Sim"";327213;""Utilitário"";""I/AUDI Q3 180CV"";2015;""Condutor"";""Ileso"";29;""Masculino"";1;0;0;0;-27",68907;-48,"717541;""SR-SC"";""DEL8/1"";""UOP02/SC"""