"id;""pesid"";""data_inversa"";""dia_semana"";""horario"";""uf"";""br"";""km"";""municipio"";""causa_principal"";""causa_acidente"";""ordem_tipo_acidente"";""tipo_acidente"";""classificacao_acidente"";""fase_dia"";""sentido_via"";""condicao_metereologica"";""tipo_pista"";""tracado_via"";""uso_solo"";""id_veiculo"";""tipo_veiculo"";""marca"";""ano_fabricacao_veiculo"";""tipo_envolvido"";""estado_fisico"";""idade"";""sexo"";""ilesos"";""feridos_leves"";""feridos_graves"";""mortos"";""latitude"";""longitude"";""regional"";""delegacia"";""uop""",,,
"184106;407355;2019-01-08;""terça-feira"";""19:20:00"";""PR"";376;176","2;""MARINGA"";""Sim"";""Ingestão de Álcool"";1;""Colisão traseira"";""Sem Vítimas"";""Pleno dia"";""Crescente"";""Céu Claro"";""Dupla"";""Reta"";""Sim"";327297;""Automóvel"";""GM/CELTA 5 PORTAS SUPER"";2003;""Condutor"";""Ileso"";41;""Feminino"";1;0;0;0;-23",412691;-51,"931583;""SR-PR"";""DEL7/7"";""UOP04/PR"""
"184106;407359;2019-01-08;""terça-feira"";""19:20:00"";""PR"";376;176","2;""MARINGA"";""Sim"";""Ingestão de Álcool"";1;""Colisão traseira"";""Sem Vítimas"";""Pleno dia"";""Crescente"";""Céu Claro"";""Dupla"";""Reta"";""Sim"";328443;""Automóvel"";""GM/CELTA 2P LIFE"";2011;""Condutor"";""Ileso"";29;""Masculino"";1;0;0;0;-23",412691;-51,"931583;""SR-PR"";""DEL7/7"";""UOP04/PR"""
"184106;407356;2019-01-08;""terça-feira"";""19:20:00"";""PR"";376;176","2;""MARINGA"";""Sim"";""Ingestão de Álcool"";1;""Colisão traseira"";""Sem Vítimas"";""Pleno dia"";""Crescente"";""Céu Claro"";""Dupla"";""Reta"";""Sim"";328444;""Caminhonete"";""VW/SAVEIRO 1.6"";2003;""Condutor"";""Ileso"";54;""Masculino"";1;0;0;0;-23",412691;-51,"931583;""SR-PR"";""DEL7/7"";""UOP04/PR"""
"184107;405772;2019-01-07;""segunda-feira"";""17:15:00"";""MA"";10;273","9;""IMPERATRIZ"";""Sim"";""Não guardar distância de segurança"";2;""Tombamento"";""Com Vítimas Fatais"";""Pleno dia"";""Crescente"";""Céu Claro"";""Simples"";""Reta"";""Não"";327301;""Motocicleta"";""HONDA/CG 160 FAN"";2018;""Passageiro"";""Óbito"";34;""Feminino"";0;0;0;1;-5",339613;-47,"487582;""SR-MA"";""DEL18/4"";""UOP01/MA"""
"184107;405772;2019-01-07;""segunda-feira"";""17:15:00"";""MA"";10;273","9;""IMPERATRIZ"";""Não"";""Velocidade Incompatível"";2;""Tombamento"";""Com Vítimas Fatais"";""Pleno dia"";""Crescente"";""Céu Claro"";""Simples"";""Reta"";""Não"";327301;""Motocicleta"";""HONDA/CG 160 FAN"";2018;""Passageiro"";""Óbito"";34;""Feminino"";0;0;0;1;-5",339613;-47,"487582;""SR-MA"";""DEL18/4"";""UOP01/MA"""
"184107;405772;2019-01-07;""segunda-feira"";""17:15:00"";""MA"";10;273","9;""IMPERATRIZ"";""Não"";""Ultrapassagem Indevida"";2;""Tombamento"";""Com Vítimas Fatais"";""Pleno dia"";""Crescente"";""Céu Claro"";""Simples"";""Reta"";""Não"";327301;""Motocicleta"";""HONDA/CG 160 FAN"";2018;""Passageiro"";""Óbito"";34;""Feminino"";0;0;0;1;-5",339613;-47,"487582;""SR-MA"";""DEL18/4"";""UOP01/MA"""
"184107;405772;2019-01-07;""segunda-feira"";""17:15:00"";""MA"";10;273","9;""IMPERATRIZ"";""Sim"";""Não guardar distância de segurança"";1;""Saída de leito carroçável"";""Com Vítimas Fatais"";""Pleno dia"";""Crescente"";""Céu Claro"";""Simples"";""Reta"";""Não"";327301;""Motocicleta"";""HONDA/CG 160 FAN"";2018;""Passageiro"";""Óbito"";34;""Feminino"";0;0;0;1;-5",339613;-47,"487582;""SR-MA"";""DEL18/4"";""UOP01/MA"""
"184107;405772;2019-01-07;""segunda-feira"";""17:15:00"";""MA"";10;273","9;""IMPERATRIZ"";""Não"";""Velocidade Incompatível"";1;""Saída de leito carroçável"";""Com Vítimas Fatais"";""Pleno dia"";""Crescente"";""Céu Claro"";""Simples"";""Reta"";""Não"";327301;""Motocicleta"";""HONDA/CG 160 FAN"";2018;""Passageiro"";""Óbito"";34;""Feminino"";0;0;0;1;-5",339613;-47,"487582;""SR-MA"";""DEL18/4"";""UOP01/MA"""
"184107;405772;2019-01-07;""segunda-feira"";""17:15:00"";""MA"";10;273","9;""IMPERATRIZ"";""Não"";""Ultrapassagem Indevida"";1;""Saída de leito carroçável"";""Com Vítimas Fatais"";""Pleno dia"";""Crescente"";""Céu Claro"";""Simples"";""Reta"";""Não"";327301;""Motocicleta"";""HONDA/CG 160 FAN"";2018;""Passageiro"";""Óbito"";34;""Feminino"";0;0;0;1;-5",339613;-47,"487582;""SR-MA"";""DEL18/4"";""UOP01/MA"""
"184107;405774;2019-01-07;""segunda-feira"";""17:15:00"";""MA"";10;273","9;""IMPERATRIZ"";""Sim"";""Não guardar distância de segurança"";2;""Tombamento"";""Com Vítimas Fatais"";""Pleno dia"";""Crescente"";""Céu Claro"";""Simples"";""Reta"";""Não"";327301;""Motocicleta"";""HONDA/CG 160 FAN"";2018;""Condutor"";""Lesões Graves"";37;""Masculino"";0;0;1;0;-5",339613;-47,"487582;""SR-MA"";""DEL18/4"";""UOP01/MA"""
"184107;405774;2019-01-07;""segunda-feira"";""17:15:00"";""MA"";10;273","9;""IMPERATRIZ"";""Não"";""Velocidade Incompatível"";2;""Tombamento"";""Com Vítimas Fatais"";""Pleno dia"";""Crescente"";""Céu Claro"";""Simples"";""Reta"";""Não"";327301;""Motocicleta"";""HONDA/CG 160 FAN"";2018;""Condutor"";""Lesões Graves"";37;""Masculino"";0;0;1;0;-5",339613;-47,"487582;""SR-MA"";""DEL18/4"";""UOP01/MA"""
"184107;405774;2019-01-07;""segunda-feira"";""17:15:00"";""MA"";10;273","9;""IMPERATRIZ"";""Não"";""Ultrapassagem Indevida"";2;""Tombamento"";""Com Vítimas Fatais"";""Pleno dia"";""Crescente"";""Céu Claro"";""Simples"";""Reta"";""Não"";327301;""Motocicleta"";""HONDA/CG 160 FAN"";2018;""Condutor"";""Lesões Graves"";37;""Masculino"";0;0;1;0;-5",339613;-47,"487582;""SR-MA"";""DEL18/4"";""UOP01/MA"""
"184107;405774;2019-01-07;""segunda-feira"";""17:15:00"";""MA"";10;273","9;""IMPERATRIZ"";""Sim"";""Não guardar distância de segurança"";1;""Saída de leito carroçável"";""Com Vítimas Fatais"";""Pleno dia"";""Crescente"";""Céu Claro"";""Simples"";""Reta"";""Não"";327301;""Motocicleta"";""HONDA/CG 160 FAN"";2018;""Condutor"";""Lesões Graves"";37;""Masculino"";0;0;1;0;-5",339613;-47,"487582;""SR-MA"";""DEL18/4"";""UOP01/MA"""
"184107;405774;2019-01-07;""segunda-feira"";""17:15:00"";""MA"";10;273","9;""IMPERATRIZ"";""Não"";""Velocidade Incompatível"";1;""Saída de leito carroçável"";""Com Vítimas Fatais"";""Pleno dia"";""Crescente"";""Céu Claro"";""Simples"";""Reta"";""Não"";327301;""Motocicleta"";""HONDA/CG 160 FAN"";2018;""Condutor"";""Lesões Graves"";37;""Masculino"";0;0;1;0;-5",339613;-47,"487582;""SR-MA"";""DEL18/4"";""UOP01/MA"""
"184107;405774;2019-01-07;""segunda-feira"";""17:15:00"";""MA"";10;273","9;""IMPERATRIZ"";""Não"";""Ultrapassagem Indevida"";1;""Saída de leito carroçável"";""Com Vítimas Fatais"";""Pleno dia"";""Crescente"";""Céu Claro"";""Simples"";""Reta"";""Não"";327301;""Motocicleta"";""HONDA/CG 160 FAN"";2018;""Condutor"";""Lesões Graves"";37;""Masculino"";0;0;1;0;-5",339613;-47,"487582;""SR-MA"";""DEL18/4"";""UOP01/MA"""
"184108;407004;2019-01-09;""quarta-feira"";""00:01:00"";""MS"";262;370;""TERENOS"";""Sim"";""Animais na Pista"";1;""Atropelamento de Animal"";""Com Vítimas Feridas"";""Plena Noite"";""Crescente"";""Céu Claro"";""Simples"";""Reta"";""Não"";327314;""Motocicleta"";""YAMAHA/YBR125 FACTOR ED"";2013;""Condutor"";""Lesões Leves"";35;""Masculino"";0;1;0;0;-20",482578;-54,"781143;""SR-MS"";""DEL3/1"";""UOP03/MS""",
"184108;407007;2019-01-09;""quarta-feira"";""00:01:00"";""MS"";262;370;""TERENOS"";""Sim"";""Animais na Pista"";1;""Atropelamento de Animal"";""Com Vítimas Feridas"";""Plena Noite"";""Crescente"";""Céu Claro"";""Simples"";""Reta"";""Não"";327314;""Motocicleta"";""YAMAHA/YBR125 FACTOR ED"";2013;""Passageiro"";""Lesões Leves"";30;""Feminino"";0;1;0;0;-20",482578;-54,"781143;""SR-MS"";""DEL3/1"";""UOP03/MS""",
"184109;407319;2019-01-09;""quarta-feira"";""01:15:00"";""PR"";373;206","7;""IPIRANGA"";""Sim"";""Velocidade Incompatível"";3;""Capotamento"";""Com Vítimas Feridas"";""Plena Noite"";""Crescente"";""Céu Claro"";""Simples"";""Reta"";""Não"";327313;""Automóvel"";""PEUGEOT/206 14 SENSAT FX"";2008;""Condutor"";""Lesões Leves"";24;""Masculino"";0;1;0;0;-25",12679137;-50,"45402527;""SR-PR"";""DEL7/3"";""UOP01/PR"""
"184109;407319;2019-01-09;""quarta-feira"";""01:15:00"";""PR"";373;206","7;""IPIRANGA"";""Não"";""Desobediência às normas de trânsito pelo pedestre"";3;""Capotamento"";""Com Vítimas Feridas"";""Plena Noite"";""Crescente"";""Céu Claro"";""Simples"";""Reta"";""Não"";327313;""Automóvel"";""PEUGEOT/206 14 SENSAT FX"";2008;""Condutor"";""Lesões Leves"";24;""Masculino"";0;1;0;0;-25",12679137;-50,"45402527;""SR-PR"";""DEL7/3"";""UOP01/PR"""
"184109;407319;2019-01-09;""quarta-feira"";""01:15:00"";""PR"";373;206","7;""IPIRANGA"";""Sim"";""Velocidade Incompatível"";2;""Colisão com objeto estático"";""Com Vítimas Feridas"";""Plena Noite"";""Crescente"";""Céu Claro"";""Simples"";""Reta"";""Não"";327313;""Automóvel"";""PEUGEOT/206 14 SENSAT FX"";2008;""Condutor"";""Lesões Leves"";24;""Masculino"";0;1;0;0;-25",12679137;-50,"45402527;""SR-PR"";""DEL7/3"";""UOP01/PR"""
"184109;407319;2019-01-09;""quarta-feira"";""01:15:00"";""PR"";373;206","7;""IPIRANGA"";""Não"";""Desobediência às normas de trânsito pelo pedestre"";2;""Colisão com objeto estático"";""Com Vítimas Feridas"";""Plena Noite"";""Crescente"";""Céu Claro"";""Simples"";""Reta"";""Não"";327313;""Automóvel"";""PEUGEOT/206 14 SENSAT FX"";2008;""Condutor"";""Lesões Leves"";24;""Masculino"";0;1;0;0;-25",12679137;-50,"45402527;""SR-PR"";""DEL7/3"";""UOP01/PR"""
"184109;407319;2019-01-09;""quarta-feira"";""01:15:00"";""PR"";373;206","7;""IPIRANGA"";""Sim"";""Velocidade Incompatível"";1;""Saída de leito carroçável"";""Com Vítimas Feridas"";""Plena Noite"";""Crescente"";""Céu Claro"";""Simples"";""Reta"";""Não"";327313;""Automóvel"";""PEUGEOT/206 14 SENSAT FX"";2008;""Condutor"";""Lesões Leves"";24;""Masculino"";0;1;0;0;-25",12679137;-50,"45402527;""SR-PR"";""DEL7/3"";""UOP01/PR"""
"184109;407319;2019-01-09;""quarta-feira"";""01:15:00"";""PR"";373;206","7;""IPIRANGA"";""Não"";""Desobediência às normas de trânsito pelo pedestre"";1;""Saída de leito carroçável"";""Com Vítimas Feridas"";""Plena Noite"";""Crescente"";""Céu Claro"";""Simples"";""Reta"";""Não"";327313;""Automóvel"";""PEUGEOT/206 14 SENSAT FX"";2008;""Condutor"";""Lesões Leves"";24;""Masculino"";0;1;0;0;-25",12679137;-50,"45402527;""SR-PR"";""DEL7/3"";""UOP01/PR"""
"184109;407338;2019-01-09;""quarta-feira"";""01:15:00"";""PR"";373;206","7;""IPIRANGA"";""Sim"";""Velocidade Incompatível"";3;""Capotamento"";""Com Vítimas Feridas"";""Plena Noite"";""Crescente"";""Céu Claro"";""Simples"";""Reta"";""Não"";327313;""Automóvel"";""PEUGEOT/206 14 SENSAT FX"";2008;""Passageiro"";""Lesões Leves"";23;""Feminino"";0;1;0;0;-25",12679137;-50,"45402527;""SR-PR"";""DEL7/3"";""UOP01/PR"""
"184109;407338;2019-01-09;""quarta-feira"";""01:15:00"";""PR"";373;206","7;""IPIRANGA"";""Não"";""Desobediência às normas de trânsito pelo pedestre"";3;""Capotamento"";""Com Vítimas Feridas"";""Plena Noite"";""Crescente"";""Céu Claro"";""Simples"";""Reta"";""Não"";327313;""Automóvel"";""PEUGEOT/206 14 SENSAT FX"";2008;""Passageiro"";""Lesões Leves"";23;""Feminino"";0;1;0;0;-25",12679137;-50,"45402527;""SR-PR"";""DEL7/3"";""UOP01/PR"""
"184109;407338;2019-01-09;""quarta-feira"";""01:15:00"";""PR"";373;206","7;""IPIRANGA"";""Sim"";""Velocidade Incompatível"";2;""Colisão com objeto estático"";""Com Vítimas Feridas"";""Plena Noite"";""Crescente"";""Céu Claro"";""Simples"";""Reta"";""Não"";327313;""Automóvel"";""PEUGEOT/206 14 SENSAT FX"";2008;""Passageiro"";""Lesões Leves"";23;""Feminino"";0;1;0;0;-25",12679137;-50,"45402527;""SR-PR"";""DEL7/3"";""UOP01/PR"""
"184109;407338;2019-01-09;""quarta-feira"";""01:15:00"";""PR"";373;206","7;""IPIRANGA"";""Não"";""Desobediência às normas de trânsito pelo pedestre"";2;""Colisão com objeto estático"";""Com Vítimas Feridas"";""Plena Noite"";""Crescente"";""Céu Claro"";""Simples"";""Reta"";""Não"";327313;""Automóvel"";""PEUGEOT/206 14 SENSAT FX"";2008;""Passageiro"";""Lesões Leves"";23;""Feminino"";0;1;0;0;-25",12679137;-50,"45402527;""SR-PR"";""DEL7/3"";""UOP01/PR"""
"184109;407338;2019-01-09;""quarta-feira"";""01:15:00"";""PR"";373;206","7;""IPIRANGA"";""Sim"";""Velocidade Incompatível"";1;""Saída de leito carroçável"";""Com Vítimas Feridas"";""Plena Noite"";""Crescente"";""Céu Claro"";""Simples"";""Reta"";""Não"";327313;""Automóvel"";""PEUGEOT/206 14 SENSAT FX"";2008;""Passageiro"";""Lesões Leves"";23;""Feminino"";0;1;0;0;-25",12679137;-50,"45402527;""SR-PR"";""DEL7/3"";""UOP01/PR"""
"184109;407338;2019-01-09;""quarta-feira"";""01:15:00"";""PR"";373;206","7;""IPIRANGA"";""Não"";""Desobediência às normas de trânsito pelo pedestre"";1;""Saída de leito carroçável"";""Com Vítimas Feridas"";""Plena Noite"";""Crescente"";""Céu Claro"";""Simples"";""Reta"";""Não"";327313;""Automóvel"";""PEUGEOT/206 14 SENSAT FX"";2008;""Passageiro"";""Lesões Leves"";23;""Feminino"";0;1;0;0;-25",12679137;-50,"45402527;""SR-PR"";""DEL7/3"";""UOP01/PR"""
"184110;405811;2019-01-09;""quarta-feira"";""00:10:00"";""MG"";356;268;""MURIAE"";""Sim"";""Falta de Atenção à Condução"";1;""Colisão com objeto estático"";""Com Vítimas Feridas"";""Amanhecer"";""Crescente"";""Céu Claro"";""Simples"";""Curva"";""Sim"";327305;""Automóvel"";""VW/UP MOVE SA"";2014;""Condutor"";""Lesões Leves"";41;""Masculino"";0;1;0;0;-21",125526;-42,"375477;""SR-MG"";""DEL4/7"";""UOP02/MG""",
"184111;NA;2019-01-09;""quarta-feira"";""00:55:00"";""PE"";101;68;""RECIFE"";""Sim"";""Falta de Atenção à Condução"";1;""Colisão com objeto estático"";""Com Vítimas Fatais"";""Plena Noite"";""Decrescente"";""Chuva"";""Dupla"";""Reta"";""Sim"";328447;""Semireboque"";""REB/MINUANO"";1971;""Não Informado"";""Não Informado"";NA;""Não Informado"";0;0;0;0;-8",0595;-34,"9458;""SR-PE"";""DEL11/1"";""UOP01/PE""",
"184111;405841;2019-01-09;""quarta-feira"";""00:55:00"";""PE"";101;68;""RECIFE"";""Sim"";""Falta de Atenção à Condução"";1;""Colisão com objeto estático"";""Com Vítimas Fatais"";""Plena Noite"";""Decrescente"";""Chuva"";""Dupla"";""Reta"";""Sim"";327350;""Caminhão-trator"";""VW/18.310 TITAN"";2005;""Condutor"";""Óbito"";29;""Masculino"";0;0;0;1;-8",0595;-34,"9458;""SR-PE"";""DEL11/1"";""UOP01/PE""",
"184112;406430;2019-01-09;""quarta-feira"";""01:20:00"";""MG"";40;65","1;""PARACATU"";""Sim"";""Ultrapassagem Indevida"";2;""Capotamento"";""Com Vítimas Feridas"";""Plena Noite"";""Decrescente"";""Céu Claro"";""Simples"";""Reta"";""Não"";327316;""Automóvel"";""RENAULT/LOGAN EXP 16 SCE"";2018;""Passageiro"";""Lesões Leves"";19;""Masculino"";0;1;0;0;-17",360519;-46,"746902;""SR-MG"";""DEL4/14"";""UOP01/MG"""
"184112;406430;2019-01-09;""quarta-feira"";""01:20:00"";""MG"";40;65","1;""PARACATU"";""Sim"";""Ultrapassagem Indevida"";1;""Saída de leito carroçável"";""Com Vítimas Feridas"";""Plena Noite"";""Decrescente"";""Céu Claro"";""Simples"";""Reta"";""Não"";327316;""Automóvel"";""RENAULT/LOGAN EXP 16 SCE"";2018;""Passageiro"";""Lesões Leves"";19;""Masculino"";0;1;0;0;-17",360519;-46,"746902;""SR-MG"";""DEL4/14"";""UOP01/MG"""
"184112;406425;2019-01-09;""quarta-feira"";""01:20:00"";""MG"";40;65","1;""PARACATU"";""Sim"";""Ultrapassagem Indevida"";2;""Capotamento"";""Com Vítimas Feridas"";""Plena Noite"";""Decrescente"";""Céu Claro"";""Simples"";""Reta"";""Não"";327316;""Automóvel"";""RENAULT/LOGAN EXP 16 SCE"";2018;""Condutor"";""Lesões Leves"";24;""Masculino"";0;1;0;0;-17",360519;-46,"746902;""SR-MG"";""DEL4/14"";""UOP01/MG"""
"184112;406425;2019-01-09;""quarta-feira"";""01:20:00"";""MG"";40;65","1;""PARACATU"";""Sim"";""Ultrapassagem Indevida"";1;""Saída de leito carroçável"";""Com Vítimas Feridas"";""Plena Noite"";""Decrescente"";""Céu Claro"";""Simples"";""Reta"";""Não"";327316;""Automóvel"";""RENAULT/LOGAN EXP 16 SCE"";2018;""Condutor"";""Lesões Leves"";24;""Masculino"";0;1;0;0;-17",360519;-46,"746902;""SR-MG"";""DEL4/14"";""UOP01/MG"""
"184112;406434;2019-01-09;""quarta-feira"";""01:20:00"";""MG"";40;65","1;""PARACATU"";""Sim"";""Ultrapassagem Indevida"";2;""Capotamento"";""Com Vítimas Feridas"";""Plena Noite"";""Decrescente"";""Céu Claro"";""Simples"";""Reta"";""Não"";327316;""Automóvel"";""RENAULT/LOGAN EXP 16 SCE"";2018;""Passageiro"";""Lesões Leves"";24;""Masculino"";0;1;0;0;-17",360519;-46,"746902;""SR-MG"";""DEL4/14"";""UOP01/MG"""
"184112;406434;2019-01-09;""quarta-feira"";""01:20:00"";""MG"";40;65","1;""PARACATU"";""Sim"";""Ultrapassagem Indevida"";1;""Saída de leito carroçável"";""Com Vítimas Feridas"";""Plena Noite"";""Decrescente"";""Céu Claro"";""Simples"";""Reta"";""Não"";327316;""Automóvel"";""RENAULT/LOGAN EXP 16 SCE"";2018;""Passageiro"";""Lesões Leves"";24;""Masculino"";0;1;0;0;-17",360519;-46,"746902;""SR-MG"";""DEL4/14"";""UOP01/MG"""
"184112;406429;2019-01-09;""quarta-feira"";""01:20:00"";""MG"";40;65","1;""PARACATU"";""Sim"";""Ultrapassagem Indevida"";2;""Capotamento"";""Com Vítimas Feridas"";""Plena Noite"";""Decrescente"";""Céu Claro"";""Simples"";""Reta"";""Não"";327316;""Automóvel"";""RENAULT/LOGAN EXP 16 SCE"";2018;""Passageiro"";""Lesões Leves"";27;""Masculino"";0;1;0;0;-17",360519;-46,"746902;""SR-MG"";""DEL4/14"";""UOP01/MG"""
"184112;406429;2019-01-09;""quarta-feira"";""01:20:00"";""MG"";40;65","1;""PARACATU"";""Sim"";""Ultrapassagem Indevida"";1;""Saída de leito carroçável"";""Com Vítimas Feridas"";""Plena Noite"";""Decrescente"";""Céu Claro"";""Simples"";""Reta"";""Não"";327316;""Automóvel"";""RENAULT/LOGAN EXP 16 SCE"";2018;""Passageiro"";""Lesões Leves"";27;""Masculino"";0;1;0;0;-17",360519;-46,"746902;""SR-MG"";""DEL4/14"";""UOP01/MG"""
"184112;406428;2019-01-09;""quarta-feira"";""01:20:00"";""MG"";40;65","1;""PARACATU"";""Sim"";""Ultrapassagem Indevida"";2;""Capotamento"";""Com Vítimas Feridas"";""Plena Noite"";""Decrescente"";""Céu Claro"";""Simples"";""Reta"";""Não"";327316;""Automóvel"";""RENAULT/LOGAN EXP 16 SCE"";2018;""Passageiro"";""Lesões Leves"";27;""Masculino"";0;1;0;0;-17",360519;-46,"746902;""SR-MG"";""DEL4/14"";""UOP01/MG"""
"184112;406428;2019-01-09;""quarta-feira"";""01:20:00"";""MG"";40;65","1;""PARACATU"";""Sim"";""Ultrapassagem Indevida"";1;""Saída de leito carroçável"";""Com Vítimas Feridas"";""Plena Noite"";""Decrescente"";""Céu Claro"";""Simples"";""Reta"";""Não"";327316;""Automóvel"";""RENAULT/LOGAN EXP 16 SCE"";2018;""Passageiro"";""Lesões Leves"";27;""Masculino"";0;1;0;0;-17",360519;-46,"746902;""SR-MG"";""DEL4/14"";""UOP01/MG"""
"184113;407373;2019-01-09;""quarta-feira"";""02:30:00"";""GO"";452;91;""GOIATUBA"";""Sim"";""Velocidade Incompatível"";1;""Capotamento"";""Com Vítimas Feridas"";""Plena Noite"";""Decrescente"";""Céu Claro"";""Simples"";""Reta"";""Não"";327340;""Caminhonete"";""VW/SAVEIRO 1.6 CE"";2010;""Condutor"";""Lesões Graves"";NA;""Masculino"";0;0;1;0;-18",051043;-50,"184875;""SR-GO"";""DEL1/3"";""UOP02/GO""",
"184115;407418;2019-01-09;""quarta-feira"";""04:00:00"";""PR"";277;133","5;""BALSA NOVA"";""Sim"";""Defeito Mecânico no Veículo"";2;""Colisão com objeto estático"";""Com Vítimas Feridas"";""Plena Noite"";""Decrescente"";""Céu Claro"";""Dupla"";""Reta"";""Sim"";327324;""Automóvel"";""FIAT/PALIO FIRE"";2004;""Passageiro"";""Lesões Leves"";58;""Feminino"";0;1;0;0;-25",47181779;-49,"66591538;""SR-PR"";""DEL7/1"";""UOP05/PR"""
"184115;407418;2019-01-09;""quarta-feira"";""04:00:00"";""PR"";277;133","5;""BALSA NOVA"";""Sim"";""Defeito Mecânico no Veículo"";1;""Saída de leito carroçável"";""Com Vítimas Feridas"";""Plena Noite"";""Decrescente"";""Céu Claro"";""Dupla"";""Reta"";""Sim"";327324;""Automóvel"";""FIAT/PALIO FIRE"";2004;""Passageiro"";""Lesões Leves"";58;""Feminino"";0;1;0;0;-25",47181779;-49,"66591538;""SR-PR"";""DEL7/1"";""UOP05/PR"""
"184115;407417;2019-01-09;""quarta-feira"";""04:00:00"";""PR"";277;133","5;""BALSA NOVA"";""Sim"";""Defeito Mecânico no Veículo"";2;""Colisão com objeto estático"";""Com Vítimas Feridas"";""Plena Noite"";""Decrescente"";""Céu Claro"";""Dupla"";""Reta"";""Sim"";327324;""Automóvel"";""FIAT/PALIO FIRE"";2004;""Condutor"";""Lesões Leves"";54;""Masculino"";0;1;0;0;-25",47181779;-49,"66591538;""SR-PR"";""DEL7/1"";""UOP05/PR"""
"184115;407417;2019-01-09;""quarta-feira"";""04:00:00"";""PR"";277;133","5;""BALSA NOVA"";""Sim"";""Defeito Mecânico no Veículo"";1;""Saída de leito carroçável"";""Com Vítimas Feridas"";""Plena Noite"";""Decrescente"";""Céu Claro"";""Dupla"";""Reta"";""Sim"";327324;""Automóvel"";""FIAT/PALIO FIRE"";2004;""Condutor"";""Lesões Leves"";54;""Masculino"";0;1;0;0;-25",47181779;-49,"66591538;""SR-PR"";""DEL7/1"";""UOP05/PR"""
"184115;407420;2019-01-09;""quarta-feira"";""04:00:00"";""PR"";277;133","5;""BALSA NOVA"";""Sim"";""Defeito Mecânico no Veículo"";2;""Colisão com objeto estático"";""Com Vítimas Feridas"";""Plena Noite"";""Decrescente"";""Céu Claro"";""Dupla"";""Reta"";""Sim"";327324;""Automóvel"";""FIAT/PALIO FIRE"";2004;""Passageiro"";""Lesões Leves"";57;""Feminino"";0;1;0;0;-25",47181779;-49,"66591538;""SR-PR"";""DEL7/1"";""UOP05/PR"""
"184115;407420;2019-01-09;""quarta-feira"";""04:00:00"";""PR"";277;133","5;""BALSA NOVA"";""Sim"";""Defeito Mecânico no Veículo"";1;""Saída de leito carroçável"";""Com Vítimas Feridas"";""Plena Noite"";""Decrescente"";""Céu Claro"";""Dupla"";""Reta"";""Sim"";327324;""Automóvel"";""FIAT/PALIO FIRE"";2004;""Passageiro"";""Lesões Leves"";57;""Feminino"";0;1;0;0;-25",47181779;-49,"66591538;""SR-PR"";""DEL7/1"";""UOP05/PR"""
"184116;407290;2019-01-09;""quarta-feira"";""04:00:00"";""GO"";60;137","9;""GOIANIA"";""Sim"";""Condutor Dormindo"";2;""Colisão com objeto estático"";""Sem Vítimas"";""Plena Noite"";""Crescente"";""Céu Claro"";""Dupla"";""Reta"";""Sim"";327327;""Caminhão"";""VOLVO/VM 270 6X2R"";2013;""Condutor"";""Ileso"";44;""Masculino"";1;0;0;0;-16",603;-49,"2023;""SR-GO"";""DEL1/1"";""UOP01/GO"""
"184116;407290;2019-01-09;""quarta-feira"";""04:00:00"";""GO"";60;137","9;""GOIANIA"";""Sim"";""Condutor Dormindo"";1;""Saída de leito carroçável"";""Sem Vítimas"";""Plena Noite"";""Crescente"";""Céu Claro"";""Dupla"";""Reta"";""Sim"";327327;""Caminhão"";""VOLVO/VM 270 6X2R"";2013;""Condutor"";""Ileso"";44;""Masculino"";1;0;0;0;-16",603;-49,"2023;""SR-GO"";""DEL1/1"";""UOP01/GO"""
"184118;407421;2019-01-09;""quarta-feira"";""05:40:00"";""SP"";116;215;""GUARULHOS"";""Sim"";""Falta de Atenção à Condução"";1;""Colisão lateral"";""Com Vítimas Feridas"";""Amanhecer"";""Decrescente"";""Céu Claro"";""Múltipla"";""Reta"";""Não"";327349;""Automóvel"";""NISSAN/VERSA 10"";2017;""Condutor"";""Lesões Leves"";24;""Masculino"";0;1;0;0;-23",45100265;-46,"46379948;""SR-SP"";""DEL6/1"";""UOP01/SP""",
"184118;407340;2019-01-09;""quarta-feira"";""05:40:00"";""SP"";116;215;""GUARULHOS"";""Sim"";""Falta de Atenção à Condução"";1;""Colisão lateral"";""Com Vítimas Feridas"";""Amanhecer"";""Decrescente"";""Céu Claro"";""Múltipla"";""Reta"";""Não"";327348;""Caminhão"";""VW/24.280 CRM 6X2"";2015;""Condutor"";""Ileso"";37;""Masculino"";1;0;0;0;-23",45100265;-46,"46379948;""SR-SP"";""DEL6/1"";""UOP01/SP""",
"184120;NA;2019-01-09;""quarta-feira"";""05:00:00"";""MS"";267;203","2;""NOVA ALVORADA DO SUL"";""Sim"";""Condutor Dormindo"";1;""Colisão frontal"";""Com Vítimas Fatais"";""Amanhecer"";""Crescente"";""Céu Claro"";""Simples"";""Não Informado"";""Não"";327716;""Semireboque"";""SR/RANDON SR CA"";2003;""Não Informado"";""Não Informado"";NA;""Não Informado"";0;0;0;0;-21",58944676;-53,"98784637;""SR-MS"";""DEL2"";""UOP03/MS"""