"id;""pesid"";""data_inversa"";""dia_semana"";""horario"";""uf"";""br"";""km"";""municipio"";""causa_principal"";""causa_acidente"";""ordem_tipo_acidente"";""tipo_acidente"";""classificacao_acidente"";""fase_dia"";""sentido_via"";""condicao_metereologica"";""tipo_pista"";""tracado_via"";""uso_solo"";""id_veiculo"";""tipo_veiculo"";""marca"";""ano_fabricacao_veiculo"";""tipo_envolvido"";""estado_fisico"";""idade"";""sexo"";""ilesos"";""feridos_leves"";""feridos_graves"";""mortos"";""latitude"";""longitude"";""regional"";""delegacia"";""uop""",,,
"184120;NA;2019-01-09;""quarta-feira"";""05:00:00"";""MS"";267;203","2;""NOVA ALVORADA DO SUL"";""Sim"";""Condutor Dormindo"";1;""Colisão frontal"";""Com Vítimas Fatais"";""Amanhecer"";""Crescente"";""Céu Claro"";""Simples"";""Não Informado"";""Não"";327717;""Semireboque"";""SR/RANDON SR CA"";2003;""Não Informado"";""Não Informado"";NA;""Não Informado"";0;0;0;0;-21",58944676;-53,"98784637;""SR-MS"";""DEL2"";""UOP03/MS"""
"184120;406442;2019-01-09;""quarta-feira"";""05:00:00"";""MS"";267;203","2;""NOVA ALVORADA DO SUL"";""Sim"";""Condutor Dormindo"";1;""Colisão frontal"";""Com Vítimas Fatais"";""Amanhecer"";""Crescente"";""Céu Claro"";""Simples"";""Não Informado"";""Não"";327394;""Caminhão-trator"";""M.BENZ/LS 1938"";2002;""Condutor"";""Ileso"";39;""Masculino"";1;0;0;0;-21",58944676;-53,"98784637;""SR-MS"";""DEL2"";""UOP03/MS"""
"184120;406444;2019-01-09;""quarta-feira"";""05:00:00"";""MS"";267;203","2;""NOVA ALVORADA DO SUL"";""Sim"";""Condutor Dormindo"";1;""Colisão frontal"";""Com Vítimas Fatais"";""Amanhecer"";""Crescente"";""Céu Claro"";""Simples"";""Não Informado"";""Não"";327393;""Caminhão"";""VW/8.150E DELIVERY"";2008;""Passageiro"";""Lesões Leves"";23;""Masculino"";0;1;0;0;-21",58944676;-53,"98784637;""SR-MS"";""DEL2"";""UOP03/MS"""
"184120;405922;2019-01-09;""quarta-feira"";""05:00:00"";""MS"";267;203","2;""NOVA ALVORADA DO SUL"";""Sim"";""Condutor Dormindo"";1;""Colisão frontal"";""Com Vítimas Fatais"";""Amanhecer"";""Crescente"";""Céu Claro"";""Simples"";""Não Informado"";""Não"";327393;""Caminhão"";""VW/8.150E DELIVERY"";2008;""Condutor"";""Óbito"";31;""Masculino"";0;0;0;1;-21",58944676;-53,"98784637;""SR-MS"";""DEL2"";""UOP03/MS"""
"184122;407873;2019-01-09;""quarta-feira"";""07:30:00"";""SC"";101;333","7;""TUBARAO"";""Sim"";""Desobediência às normas de trânsito pelo condutor"";1;""Colisão transversal"";""Com Vítimas Feridas"";""Pleno dia"";""Crescente"";""Sol"";""Dupla"";""Viaduto"";""Sim"";327392;""Motocicleta"";""HONDA/CG 150 TITAN KS"";2005;""Condutor"";""Lesões Graves"";22;""Masculino"";0;0;1;0;-28",4674;-49,"0071;""SR-SC"";""DEL8/2"";""UOP01/SC"""
"184122;407872;2019-01-09;""quarta-feira"";""07:30:00"";""SC"";101;333","7;""TUBARAO"";""Sim"";""Desobediência às normas de trânsito pelo condutor"";1;""Colisão transversal"";""Com Vítimas Feridas"";""Pleno dia"";""Crescente"";""Sol"";""Dupla"";""Viaduto"";""Sim"";327391;""Automóvel"";""FIAT/STILO FLEX"";2006;""Condutor"";""Ileso"";36;""Masculino"";1;0;0;0;-28",4674;-49,"0071;""SR-SC"";""DEL8/2"";""UOP01/SC"""
"184123;405894;2019-01-09;""quarta-feira"";""07:00:00"";""PR"";277;79","4;""CURITIBA"";""Sim"";""Defeito Mecânico no Veículo"";2;""Colisão com objeto estático"";""Com Vítimas Feridas"";""Pleno dia"";""Crescente"";""Céu Claro"";""Dupla"";""Reta"";""Sim"";327365;""Automóvel"";""I/CHEV SONIC LT HB MT"";2013;""Condutor"";""Lesões Leves"";64;""Feminino"";0;1;0;0;-25",47865093;-49,"20186281;""SR-PR"";""DEL7/1"";""UOP01/PR"""
"184123;405894;2019-01-09;""quarta-feira"";""07:00:00"";""PR"";277;79","4;""CURITIBA"";""Não"";""Falta de Atenção à Condução"";2;""Colisão com objeto estático"";""Com Vítimas Feridas"";""Pleno dia"";""Crescente"";""Céu Claro"";""Dupla"";""Reta"";""Sim"";327365;""Automóvel"";""I/CHEV SONIC LT HB MT"";2013;""Condutor"";""Lesões Leves"";64;""Feminino"";0;1;0;0;-25",47865093;-49,"20186281;""SR-PR"";""DEL7/1"";""UOP01/PR"""
"184123;405894;2019-01-09;""quarta-feira"";""07:00:00"";""PR"";277;79","4;""CURITIBA"";""Sim"";""Defeito Mecânico no Veículo"";1;""Colisão com objeto estático"";""Com Vítimas Feridas"";""Pleno dia"";""Crescente"";""Céu Claro"";""Dupla"";""Reta"";""Sim"";327365;""Automóvel"";""I/CHEV SONIC LT HB MT"";2013;""Condutor"";""Lesões Leves"";64;""Feminino"";0;1;0;0;-25",47865093;-49,"20186281;""SR-PR"";""DEL7/1"";""UOP01/PR"""
"184123;405894;2019-01-09;""quarta-feira"";""07:00:00"";""PR"";277;79","4;""CURITIBA"";""Não"";""Falta de Atenção à Condução"";1;""Colisão com objeto estático"";""Com Vítimas Feridas"";""Pleno dia"";""Crescente"";""Céu Claro"";""Dupla"";""Reta"";""Sim"";327365;""Automóvel"";""I/CHEV SONIC LT HB MT"";2013;""Condutor"";""Lesões Leves"";64;""Feminino"";0;1;0;0;-25",47865093;-49,"20186281;""SR-PR"";""DEL7/1"";""UOP01/PR"""
"184124;407815;2019-01-09;""quarta-feira"";""07:40:00"";""SP"";116;145","4;""SAO JOSE DOS CAMPOS"";""Sim"";""Não guardar distância de segurança"";2;""Tombamento"";""Com Vítimas Feridas"";""Pleno dia"";""Crescente"";""Céu Claro"";""Múltipla"";""Reta"";""Sim"";327338;""Motocicleta"";""HONDA/CG 125 FAN KS"";2009;""Passageiro"";""Lesões Leves"";24;""Feminino"";0;1;0;0;-23",187023;-45,"854885;""SR-SP"";""DEL6/2"";""UOP01/SP"""
"184124;407815;2019-01-09;""quarta-feira"";""07:40:00"";""SP"";116;145","4;""SAO JOSE DOS CAMPOS"";""Sim"";""Não guardar distância de segurança"";1;""Colisão traseira"";""Com Vítimas Feridas"";""Pleno dia"";""Crescente"";""Céu Claro"";""Múltipla"";""Reta"";""Sim"";327338;""Motocicleta"";""HONDA/CG 125 FAN KS"";2009;""Passageiro"";""Lesões Leves"";24;""Feminino"";0;1;0;0;-23",187023;-45,"854885;""SR-SP"";""DEL6/2"";""UOP01/SP"""
"184124;407809;2019-01-09;""quarta-feira"";""07:40:00"";""SP"";116;145","4;""SAO JOSE DOS CAMPOS"";""Sim"";""Não guardar distância de segurança"";2;""Tombamento"";""Com Vítimas Feridas"";""Pleno dia"";""Crescente"";""Céu Claro"";""Múltipla"";""Reta"";""Sim"";327338;""Motocicleta"";""HONDA/CG 125 FAN KS"";2009;""Condutor"";""Lesões Leves"";26;""Masculino"";0;1;0;0;-23",187023;-45,"854885;""SR-SP"";""DEL6/2"";""UOP01/SP"""
"184124;407809;2019-01-09;""quarta-feira"";""07:40:00"";""SP"";116;145","4;""SAO JOSE DOS CAMPOS"";""Sim"";""Não guardar distância de segurança"";1;""Colisão traseira"";""Com Vítimas Feridas"";""Pleno dia"";""Crescente"";""Céu Claro"";""Múltipla"";""Reta"";""Sim"";327338;""Motocicleta"";""HONDA/CG 125 FAN KS"";2009;""Condutor"";""Lesões Leves"";26;""Masculino"";0;1;0;0;-23",187023;-45,"854885;""SR-SP"";""DEL6/2"";""UOP01/SP"""
"184124;407817;2019-01-09;""quarta-feira"";""07:40:00"";""SP"";116;145","4;""SAO JOSE DOS CAMPOS"";""Sim"";""Não guardar distância de segurança"";2;""Tombamento"";""Com Vítimas Feridas"";""Pleno dia"";""Crescente"";""Céu Claro"";""Múltipla"";""Reta"";""Sim"";327339;""Motocicleta"";""HONDA/CB 300R"";2015;""Condutor"";""Ileso"";24;""Feminino"";1;0;0;0;-23",187023;-45,"854885;""SR-SP"";""DEL6/2"";""UOP01/SP"""
"184124;407817;2019-01-09;""quarta-feira"";""07:40:00"";""SP"";116;145","4;""SAO JOSE DOS CAMPOS"";""Sim"";""Não guardar distância de segurança"";1;""Colisão traseira"";""Com Vítimas Feridas"";""Pleno dia"";""Crescente"";""Céu Claro"";""Múltipla"";""Reta"";""Sim"";327339;""Motocicleta"";""HONDA/CB 300R"";2015;""Condutor"";""Ileso"";24;""Feminino"";1;0;0;0;-23",187023;-45,"854885;""SR-SP"";""DEL6/2"";""UOP01/SP"""
"184125;405847;2019-01-09;""quarta-feira"";""07:45:00"";""SP"";116;145","2;""SAO JOSE DOS CAMPOS"";""Sim"";""Falta de Atenção à Condução"";1;""Colisão lateral"";""Com Vítimas Feridas"";""Pleno dia"";""Crescente"";""Céu Claro"";""Dupla"";""Reta"";""Sim"";327356;""Motocicleta"";""HONDA/CG 125 TITAN KS"";2002;""Condutor"";""Lesões Leves"";NA;""Masculino"";0;1;0;0;-23",187023;-45,"854885;""SR-SP"";""DEL6/2"";""UOP01/SP"""
"184125;405846;2019-01-09;""quarta-feira"";""07:45:00"";""SP"";116;145","2;""SAO JOSE DOS CAMPOS"";""Sim"";""Falta de Atenção à Condução"";1;""Colisão lateral"";""Com Vítimas Feridas"";""Pleno dia"";""Crescente"";""Céu Claro"";""Dupla"";""Reta"";""Sim"";327355;""Automóvel"";""FIAT/UNO MILLE ECONOMY"";2008;""Condutor"";""Ileso"";38;""Masculino"";1;0;0;0;-23",187023;-45,"854885;""SR-SP"";""DEL6/2"";""UOP01/SP"""
"184126;405928;2019-01-09;""quarta-feira"";""08:00:00"";""MG"";50;72;""UBERLANDIA"";""Sim"";""Falta de Atenção à Condução"";2;""Colisão traseira"";""Com Vítimas Feridas"";""Pleno dia"";""Decrescente"";""Céu Claro"";""Dupla"";""Reta"";""Sim"";327383;""Automóvel"";""RENAULT/SANDERO EXP 16"";2010;""Condutor"";""Ileso"";39;""Masculino"";1;0;0;0;-18",9051;-48,"2318;""SR-MG"";""DEL4/15"";""UOP01/MG""",
"184126;405928;2019-01-09;""quarta-feira"";""08:00:00"";""MG"";50;72;""UBERLANDIA"";""Sim"";""Falta de Atenção à Condução"";1;""Colisão traseira"";""Com Vítimas Feridas"";""Pleno dia"";""Decrescente"";""Céu Claro"";""Dupla"";""Reta"";""Sim"";327383;""Automóvel"";""RENAULT/SANDERO EXP 16"";2010;""Condutor"";""Ileso"";39;""Masculino"";1;0;0;0;-18",9051;-48,"2318;""SR-MG"";""DEL4/15"";""UOP01/MG""",
"184126;405925;2019-01-09;""quarta-feira"";""08:00:00"";""MG"";50;72;""UBERLANDIA"";""Sim"";""Falta de Atenção à Condução"";2;""Colisão traseira"";""Com Vítimas Feridas"";""Pleno dia"";""Decrescente"";""Céu Claro"";""Dupla"";""Reta"";""Sim"";327381;""Camioneta"";""FORD/ECOSPORT TITNAT 2.0"";2017;""Condutor"";""Ileso"";31;""Feminino"";1;0;0;0;-18",9051;-48,"2318;""SR-MG"";""DEL4/15"";""UOP01/MG""",
"184126;405925;2019-01-09;""quarta-feira"";""08:00:00"";""MG"";50;72;""UBERLANDIA"";""Sim"";""Falta de Atenção à Condução"";1;""Colisão traseira"";""Com Vítimas Feridas"";""Pleno dia"";""Decrescente"";""Céu Claro"";""Dupla"";""Reta"";""Sim"";327381;""Camioneta"";""FORD/ECOSPORT TITNAT 2.0"";2017;""Condutor"";""Ileso"";31;""Feminino"";1;0;0;0;-18",9051;-48,"2318;""SR-MG"";""DEL4/15"";""UOP01/MG""",
"184126;405926;2019-01-09;""quarta-feira"";""08:00:00"";""MG"";50;72;""UBERLANDIA"";""Sim"";""Falta de Atenção à Condução"";2;""Colisão traseira"";""Com Vítimas Feridas"";""Pleno dia"";""Decrescente"";""Céu Claro"";""Dupla"";""Reta"";""Sim"";327382;""Motocicleta"";""HONDA/CG150 TITAN MIX KS"";2009;""Condutor"";""Lesões Leves"";27;""Masculino"";0;1;0;0;-18",9051;-48,"2318;""SR-MG"";""DEL4/15"";""UOP01/MG""",
"184126;405926;2019-01-09;""quarta-feira"";""08:00:00"";""MG"";50;72;""UBERLANDIA"";""Sim"";""Falta de Atenção à Condução"";1;""Colisão traseira"";""Com Vítimas Feridas"";""Pleno dia"";""Decrescente"";""Céu Claro"";""Dupla"";""Reta"";""Sim"";327382;""Motocicleta"";""HONDA/CG150 TITAN MIX KS"";2009;""Condutor"";""Lesões Leves"";27;""Masculino"";0;1;0;0;-18",9051;-48,"2318;""SR-MG"";""DEL4/15"";""UOP01/MG""",
"184128;406246;2019-01-09;""quarta-feira"";""07:50:00"";""MG"";40;531;""BELO HORIZONTE"";""Sim"";""Falta de Atenção à Condução"";1;""Colisão lateral"";""Com Vítimas Feridas"";""Pleno dia"";""Crescente"";""Céu Claro"";""Dupla"";""Reta"";""Sim"";327386;""Motocicleta"";""YAMAHA/FACTOR YBR125 ED"";2009;""Condutor"";""Lesões Leves"";41;""Feminino"";0;1;0;0;-19",9243;-44,"0151;""SR-MG"";""DEL4/1"";""UOP03/MG""",
"184128;406256;2019-01-09;""quarta-feira"";""07:50:00"";""MG"";40;531;""BELO HORIZONTE"";""Sim"";""Falta de Atenção à Condução"";1;""Colisão lateral"";""Com Vítimas Feridas"";""Pleno dia"";""Crescente"";""Céu Claro"";""Dupla"";""Reta"";""Sim"";327387;""Automóvel"";""FIAT/IDEA ATTRACTIVE 1.4"";2014;""Condutor"";""Ileso"";61;""Masculino"";1;0;0;0;-19",9243;-44,"0151;""SR-MG"";""DEL4/1"";""UOP03/MG""",
"184129;406284;2019-01-09;""quarta-feira"";""07:50:00"";""GO"";40;7;""LUZIANIA"";""Sim"";""Falta de Atenção à Condução"";2;""Saída de leito carroçável"";""Com Vítimas Feridas"";""Pleno dia"";""Decrescente"";""Céu Claro"";""Dupla"";""Reta"";""Sim"";327569;""Motocicleta"";""HONDA/CG 150 TITAN ESD"";2009;""Condutor"";""Lesões Leves"";26;""Masculino"";0;1;0;0;-16",108482;-47,"972524;""SR-DF"";""UOP01/DF"";""""",
"184129;406284;2019-01-09;""quarta-feira"";""07:50:00"";""GO"";40;7;""LUZIANIA"";""Sim"";""Falta de Atenção à Condução"";1;""Colisão transversal"";""Com Vítimas Feridas"";""Pleno dia"";""Decrescente"";""Céu Claro"";""Dupla"";""Reta"";""Sim"";327569;""Motocicleta"";""HONDA/CG 150 TITAN ESD"";2009;""Condutor"";""Lesões Leves"";26;""Masculino"";0;1;0;0;-16",108482;-47,"972524;""SR-DF"";""UOP01/DF"";""""",
"184129;406283;2019-01-09;""quarta-feira"";""07:50:00"";""GO"";40;7;""LUZIANIA"";""Sim"";""Falta de Atenção à Condução"";2;""Saída de leito carroçável"";""Com Vítimas Feridas"";""Pleno dia"";""Decrescente"";""Céu Claro"";""Dupla"";""Reta"";""Sim"";327568;""Motocicleta"";""YAMAHA/FAZER YS250"";2008;""Condutor"";""Lesões Leves"";37;""Masculino"";0;1;0;0;-16",108482;-47,"972524;""SR-DF"";""UOP01/DF"";""""",
"184129;406283;2019-01-09;""quarta-feira"";""07:50:00"";""GO"";40;7;""LUZIANIA"";""Sim"";""Falta de Atenção à Condução"";1;""Colisão transversal"";""Com Vítimas Feridas"";""Pleno dia"";""Decrescente"";""Céu Claro"";""Dupla"";""Reta"";""Sim"";327568;""Motocicleta"";""YAMAHA/FAZER YS250"";2008;""Condutor"";""Lesões Leves"";37;""Masculino"";0;1;0;0;-16",108482;-47,"972524;""SR-DF"";""UOP01/DF"";""""",
"184129;406281;2019-01-09;""quarta-feira"";""07:50:00"";""GO"";40;7;""LUZIANIA"";""Sim"";""Falta de Atenção à Condução"";2;""Saída de leito carroçável"";""Com Vítimas Feridas"";""Pleno dia"";""Decrescente"";""Céu Claro"";""Dupla"";""Reta"";""Sim"";327567;""Automóvel"";""FIAT/PALIO FIRE FLEX"";2006;""Condutor"";""Ileso"";52;""Feminino"";1;0;0;0;-16",108482;-47,"972524;""SR-DF"";""UOP01/DF"";""""",
"184129;406281;2019-01-09;""quarta-feira"";""07:50:00"";""GO"";40;7;""LUZIANIA"";""Sim"";""Falta de Atenção à Condução"";1;""Colisão transversal"";""Com Vítimas Feridas"";""Pleno dia"";""Decrescente"";""Céu Claro"";""Dupla"";""Reta"";""Sim"";327567;""Automóvel"";""FIAT/PALIO FIRE FLEX"";2006;""Condutor"";""Ileso"";52;""Feminino"";1;0;0;0;-16",108482;-47,"972524;""SR-DF"";""UOP01/DF"";""""",
"184131;412120;2019-01-09;""quarta-feira"";""07:40:00"";""RN"";304;298","9;""MACAIBA"";""Sim"";""Desobediência às normas de trânsito pelo condutor"";1;""Colisão transversal"";""Com Vítimas Feridas"";""Pleno dia"";""Crescente"";""Nublado"";""Dupla"";""Reta"";""Não"";327583;""Automóvel"";""FORD/FIESTA GL"";2001;""Condutor"";""Não Informado"";NA;""Não Informado"";0;0;0;0;-5",865341;-35,"340694;""SR-RN"";""DEL15/1"";""UOP02/RN"""
"184131;412119;2019-01-09;""quarta-feira"";""07:40:00"";""RN"";304;298","9;""MACAIBA"";""Sim"";""Desobediência às normas de trânsito pelo condutor"";1;""Colisão transversal"";""Com Vítimas Feridas"";""Pleno dia"";""Crescente"";""Nublado"";""Dupla"";""Reta"";""Não"";327584;""Motocicleta"";""HONDA/CG 150 TITAN KS"";2005;""Condutor"";""Lesões Leves"";24;""Masculino"";0;1;0;0;-5",865341;-35,"340694;""SR-RN"";""DEL15/1"";""UOP02/RN"""
"184133;407952;2019-01-09;""quarta-feira"";""08:10:00"";""PR"";277;593;""CASCAVEL"";""Sim"";""Não guardar distância de segurança"";1;""Colisão traseira"";""Com Vítimas Feridas"";""Pleno dia"";""Crescente"";""Sol"";""Simples"";""Interseção de vias"";""Sim"";327543;""Automóvel"";""HONDA/CIVIC LXS FLEX"";2008;""Passageiro"";""Lesões Leves"";27;""Feminino"";0;1;0;0;-24",98061737;-53,"48233765;""SR-PR"";""DEL7/4"";""UOP01/PR""",
"184133;407951;2019-01-09;""quarta-feira"";""08:10:00"";""PR"";277;593;""CASCAVEL"";""Sim"";""Não guardar distância de segurança"";1;""Colisão traseira"";""Com Vítimas Feridas"";""Pleno dia"";""Crescente"";""Sol"";""Simples"";""Interseção de vias"";""Sim"";327543;""Automóvel"";""HONDA/CIVIC LXS FLEX"";2008;""Condutor"";""Ileso"";32;""Masculino"";1;0;0;0;-24",98061737;-53,"48233765;""SR-PR"";""DEL7/4"";""UOP01/PR""",
"184133;407949;2019-01-09;""quarta-feira"";""08:10:00"";""PR"";277;593;""CASCAVEL"";""Sim"";""Não guardar distância de segurança"";1;""Colisão traseira"";""Com Vítimas Feridas"";""Pleno dia"";""Crescente"";""Sol"";""Simples"";""Interseção de vias"";""Sim"";327542;""Automóvel"";""RENAULT/SANDERO EXP 16"";2011;""Condutor"";""Ileso"";39;""Feminino"";1;0;0;0;-24",98061737;-53,"48233765;""SR-PR"";""DEL7/4"";""UOP01/PR""",
"184134;408479;2019-01-08;""terça-feira"";""12:25:00"";""PI"";230;309;""FLORIANO"";""Sim"";""Falta de Atenção à Condução"";1;""Colisão transversal"";""Com Vítimas Feridas"";""Pleno dia"";""Crescente"";""Céu Claro"";""Simples"";""Reta"";""Não"";327345;""Motoneta"";""HONDA/BIZ 100 ES"";2012;""Condutor"";""Lesões Graves"";39;""Masculino"";0;0;1;0;-6",76962511;-43,"0083847;""SR-PI"";""DEL17/3"";""UOP01/PI""",
"184134;408478;2019-01-08;""terça-feira"";""12:25:00"";""PI"";230;309;""FLORIANO"";""Sim"";""Falta de Atenção à Condução"";1;""Colisão transversal"";""Com Vítimas Feridas"";""Pleno dia"";""Crescente"";""Céu Claro"";""Simples"";""Reta"";""Não"";327344;""Automóvel"";""VW/GOL 1.0"";2012;""Condutor"";""Ileso"";19;""Masculino"";1;0;0;0;-6",76962511;-43,"0083847;""SR-PI"";""DEL17/3"";""UOP01/PI""",
"184135;408692;2019-01-09;""quarta-feira"";""05:30:00"";""SC"";282;247","3;""SAO JOSE DO CERRITO"";""Sim"";""Falta de Atenção à Condução"";1;""Colisão com objeto estático"";""Com Vítimas Feridas"";""Plena Noite"";""Decrescente"";""Nublado"";""Simples"";""Curva"";""Não"";327352;""Automóvel"";""GM/VECTRA GLS"";1997;""Condutor"";""Lesões Leves"";54;""Masculino"";0;1;0;0;-27",719036;-50,"527447;""SR-SC"";""DEL8/5"";""UOP02/SC"""
"184136;406047;2019-01-09;""quarta-feira"";""08:30:00"";""SC"";101;463;""PASSO DE TORRES"";""Sim"";""Defeito Mecânico no Veículo"";2;""Capotamento"";""Com Vítimas Feridas"";""Pleno dia"";""Decrescente"";""Nublado"";""Dupla"";""Reta"";""Não"";327476;""Automóvel"";""HYUNDAI/HB20 1.0M 1.0 M"";2013;""Passageiro"";""Lesões Leves"";33;""Masculino"";0;1;0;0;-29",2923;-49,"7617;""SR-RS"";""DEL9/3"";""UOP03/RS""",
"184136;406047;2019-01-09;""quarta-feira"";""08:30:00"";""SC"";101;463;""PASSO DE TORRES"";""Sim"";""Defeito Mecânico no Veículo"";1;""Saída de leito carroçável"";""Com Vítimas Feridas"";""Pleno dia"";""Decrescente"";""Nublado"";""Dupla"";""Reta"";""Não"";327476;""Automóvel"";""HYUNDAI/HB20 1.0M 1.0 M"";2013;""Passageiro"";""Lesões Leves"";33;""Masculino"";0;1;0;0;-29",2923;-49,"7617;""SR-RS"";""DEL9/3"";""UOP03/RS""",
"184136;406046;2019-01-09;""quarta-feira"";""08:30:00"";""SC"";101;463;""PASSO DE TORRES"";""Sim"";""Defeito Mecânico no Veículo"";2;""Capotamento"";""Com Vítimas Feridas"";""Pleno dia"";""Decrescente"";""Nublado"";""Dupla"";""Reta"";""Não"";327476;""Automóvel"";""HYUNDAI/HB20 1.0M 1.0 M"";2013;""Passageiro"";""Lesões Leves"";31;""Masculino"";0;1;0;0;-29",2923;-49,"7617;""SR-RS"";""DEL9/3"";""UOP03/RS""",
"184136;406046;2019-01-09;""quarta-feira"";""08:30:00"";""SC"";101;463;""PASSO DE TORRES"";""Sim"";""Defeito Mecânico no Veículo"";1;""Saída de leito carroçável"";""Com Vítimas Feridas"";""Pleno dia"";""Decrescente"";""Nublado"";""Dupla"";""Reta"";""Não"";327476;""Automóvel"";""HYUNDAI/HB20 1.0M 1.0 M"";2013;""Passageiro"";""Lesões Leves"";31;""Masculino"";0;1;0;0;-29",2923;-49,"7617;""SR-RS"";""DEL9/3"";""UOP03/RS""",
"184136;406053;2019-01-09;""quarta-feira"";""08:30:00"";""SC"";101;463;""PASSO DE TORRES"";""Sim"";""Defeito Mecânico no Veículo"";2;""Capotamento"";""Com Vítimas Feridas"";""Pleno dia"";""Decrescente"";""Nublado"";""Dupla"";""Reta"";""Não"";327476;""Automóvel"";""HYUNDAI/HB20 1.0M 1.0 M"";2013;""Passageiro"";""Ileso"";34;""Feminino"";1;0;0;0;-29",2923;-49,"7617;""SR-RS"";""DEL9/3"";""UOP03/RS""",
"184136;406053;2019-01-09;""quarta-feira"";""08:30:00"";""SC"";101;463;""PASSO DE TORRES"";""Sim"";""Defeito Mecânico no Veículo"";1;""Saída de leito carroçável"";""Com Vítimas Feridas"";""Pleno dia"";""Decrescente"";""Nublado"";""Dupla"";""Reta"";""Não"";327476;""Automóvel"";""HYUNDAI/HB20 1.0M 1.0 M"";2013;""Passageiro"";""Ileso"";34;""Feminino"";1;0;0;0;-29",2923;-49,"7617;""SR-RS"";""DEL9/3"";""UOP03/RS""",
"184136;406050;2019-01-09;""quarta-feira"";""08:30:00"";""SC"";101;463;""PASSO DE TORRES"";""Sim"";""Defeito Mecânico no Veículo"";2;""Capotamento"";""Com Vítimas Feridas"";""Pleno dia"";""Decrescente"";""Nublado"";""Dupla"";""Reta"";""Não"";327476;""Automóvel"";""HYUNDAI/HB20 1.0M 1.0 M"";2013;""Passageiro"";""Ileso"";33;""Masculino"";1;0;0;0;-29",2923;-49,"7617;""SR-RS"";""DEL9/3"";""UOP03/RS""",
"184136;406050;2019-01-09;""quarta-feira"";""08:30:00"";""SC"";101;463;""PASSO DE TORRES"";""Sim"";""Defeito Mecânico no Veículo"";1;""Saída de leito carroçável"";""Com Vítimas Feridas"";""Pleno dia"";""Decrescente"";""Nublado"";""Dupla"";""Reta"";""Não"";327476;""Automóvel"";""HYUNDAI/HB20 1.0M 1.0 M"";2013;""Passageiro"";""Ileso"";33;""Masculino"";1;0;0;0;-29",2923;-49,"7617;""SR-RS"";""DEL9/3"";""UOP03/RS""",
"184136;406044;2019-01-09;""quarta-feira"";""08:30:00"";""SC"";101;463;""PASSO DE TORRES"";""Sim"";""Defeito Mecânico no Veículo"";2;""Capotamento"";""Com Vítimas Feridas"";""Pleno dia"";""Decrescente"";""Nublado"";""Dupla"";""Reta"";""Não"";327476;""Automóvel"";""HYUNDAI/HB20 1.0M 1.0 M"";2013;""Condutor"";""Ileso"";32;""Feminino"";1;0;0;0;-29",2923;-49,"7617;""SR-RS"";""DEL9/3"";""UOP03/RS""",
"184136;406044;2019-01-09;""quarta-feira"";""08:30:00"";""SC"";101;463;""PASSO DE TORRES"";""Sim"";""Defeito Mecânico no Veículo"";1;""Saída de leito carroçável"";""Com Vítimas Feridas"";""Pleno dia"";""Decrescente"";""Nublado"";""Dupla"";""Reta"";""Não"";327476;""Automóvel"";""HYUNDAI/HB20 1.0M 1.0 M"";2013;""Condutor"";""Ileso"";32;""Feminino"";1;0;0;0;-29",2923;-49,"7617;""SR-RS"";""DEL9/3"";""UOP03/RS""",
"184139;405888;2019-01-09;""quarta-feira"";""08:35:00"";""ES"";101;278","5;""SERRA"";""Sim"";""Desobediência às normas de trânsito pelo condutor"";3;""Queda de ocupante de veículo"";""Com Vítimas Feridas"";""Pleno dia"";""Crescente"";""Sol"";""Dupla"";""Reta"";""Não"";327366;""Motocicleta"";""HONDA/CG 150 TITAN KS"";2008;""Condutor"";""Lesões Graves"";28;""Masculino"";0;0;1;0;-20",21765902;-40,"33440655;""SR-ES"";""DEL12/2"";""UOP01/ES"""
"184139;405888;2019-01-09;""quarta-feira"";""08:35:00"";""ES"";101;278","5;""SERRA"";""Sim"";""Desobediência às normas de trânsito pelo condutor"";2;""Tombamento"";""Com Vítimas Feridas"";""Pleno dia"";""Crescente"";""Sol"";""Dupla"";""Reta"";""Não"";327366;""Motocicleta"";""HONDA/CG 150 TITAN KS"";2008;""Condutor"";""Lesões Graves"";28;""Masculino"";0;0;1;0;-20",21765902;-40,"33440655;""SR-ES"";""DEL12/2"";""UOP01/ES"""
"184139;405888;2019-01-09;""quarta-feira"";""08:35:00"";""ES"";101;278","5;""SERRA"";""Sim"";""Desobediência às normas de trânsito pelo condutor"";1;""Colisão lateral"";""Com Vítimas Feridas"";""Pleno dia"";""Crescente"";""Sol"";""Dupla"";""Reta"";""Não"";327366;""Motocicleta"";""HONDA/CG 150 TITAN KS"";2008;""Condutor"";""Lesões Graves"";28;""Masculino"";0;0;1;0;-20",21765902;-40,"33440655;""SR-ES"";""DEL12/2"";""UOP01/ES"""
"184139;405890;2019-01-09;""quarta-feira"";""08:35:00"";""ES"";101;278","5;""SERRA"";""Sim"";""Desobediência às normas de trânsito pelo condutor"";3;""Queda de ocupante de veículo"";""Com Vítimas Feridas"";""Pleno dia"";""Crescente"";""Sol"";""Dupla"";""Reta"";""Não"";327367;""Ônibus"";""VW/MPOLO TORINO U"";2014;""Condutor"";""Ileso"";42;""Masculino"";1;0;0;0;-20",21765902;-40,"33440655;""SR-ES"";""DEL12/2"";""UOP01/ES"""
"184139;405890;2019-01-09;""quarta-feira"";""08:35:00"";""ES"";101;278","5;""SERRA"";""Sim"";""Desobediência às normas de trânsito pelo condutor"";2;""Tombamento"";""Com Vítimas Feridas"";""Pleno dia"";""Crescente"";""Sol"";""Dupla"";""Reta"";""Não"";327367;""Ônibus"";""VW/MPOLO TORINO U"";2014;""Condutor"";""Ileso"";42;""Masculino"";1;0;0;0;-20",21765902;-40,"33440655;""SR-ES"";""DEL12/2"";""UOP01/ES"""