"id;""pesid"";""data_inversa"";""dia_semana"";""horario"";""uf"";""br"";""km"";""municipio"";""causa_principal"";""causa_acidente"";""ordem_tipo_acidente"";""tipo_acidente"";""classificacao_acidente"";""fase_dia"";""sentido_via"";""condicao_metereologica"";""tipo_pista"";""tracado_via"";""uso_solo"";""id_veiculo"";""tipo_veiculo"";""marca"";""ano_fabricacao_veiculo"";""tipo_envolvido"";""estado_fisico"";""idade"";""sexo"";""ilesos"";""feridos_leves"";""feridos_graves"";""mortos"";""latitude"";""longitude"";""regional"";""delegacia"";""uop""",,,
"184176;406340;2019-01-09;""quarta-feira"";""08:00:00"";""BA"";415;54","8;""ITABUNA"";""Sim"";""Falta de Atenção do Pedestre"";1;""Atropelamento de Pedestre"";""Com Vítimas Feridas"";""Pleno dia"";""Crescente"";""Céu Claro"";""Simples"";""Reta"";""Sim"";327617;""Automóvel"";""TOYOTA/ETIOS SD X"";2015;""Pedestre"";""Lesões Leves"";11;""Masculino"";0;1;0;0;-14",814651;-39,"296741;""SR-BA"";""DEL10/5"";""UOP01/BA"""
"184176;406361;2019-01-09;""quarta-feira"";""08:00:00"";""BA"";415;54","8;""ITABUNA"";""Sim"";""Falta de Atenção do Pedestre"";1;""Atropelamento de Pedestre"";""Com Vítimas Feridas"";""Pleno dia"";""Crescente"";""Céu Claro"";""Simples"";""Reta"";""Sim"";327617;""Automóvel"";""TOYOTA/ETIOS SD X"";2015;""Testemunha"";""Não Informado"";NA;""Não Informado"";0;0;0;0;-14",814651;-39,"296741;""SR-BA"";""DEL10/5"";""UOP01/BA"""
"184176;406336;2019-01-09;""quarta-feira"";""08:00:00"";""BA"";415;54","8;""ITABUNA"";""Sim"";""Falta de Atenção do Pedestre"";1;""Atropelamento de Pedestre"";""Com Vítimas Feridas"";""Pleno dia"";""Crescente"";""Céu Claro"";""Simples"";""Reta"";""Sim"";327617;""Automóvel"";""TOYOTA/ETIOS SD X"";2015;""Condutor"";""Ileso"";61;""Masculino"";1;0;0;0;-14",814651;-39,"296741;""SR-BA"";""DEL10/5"";""UOP01/BA"""
"184176;406337;2019-01-09;""quarta-feira"";""08:00:00"";""BA"";415;54","8;""ITABUNA"";""Sim"";""Falta de Atenção do Pedestre"";1;""Atropelamento de Pedestre"";""Com Vítimas Feridas"";""Pleno dia"";""Crescente"";""Céu Claro"";""Simples"";""Reta"";""Sim"";327617;""Automóvel"";""TOYOTA/ETIOS SD X"";2015;""Passageiro"";""Ileso"";51;""Feminino"";1;0;0;0;-14",814651;-39,"296741;""SR-BA"";""DEL10/5"";""UOP01/BA"""
"184177;NA;2019-01-09;""quarta-feira"";""11:50:00"";""MT"";70;8","3;""BARRA DO GARCAS"";""Sim"";""Falta de Atenção à Condução"";1;""Saída de leito carroçável"";""Com Vítimas Feridas"";""Pleno dia"";""Decrescente"";""Sol"";""Simples"";""Não Informado"";""Não"";328160;""Reboque"";""R/GUERRA AG DL"";2012;""Não Informado"";""Não Informado"";NA;""Não Informado"";0;0;0;0;-15",878259;-52,"325825;""SR-MT"";""DEL2/8"";""UOP01/MT"""
"184177;NA;2019-01-09;""quarta-feira"";""11:50:00"";""MT"";70;8","3;""BARRA DO GARCAS"";""Sim"";""Falta de Atenção à Condução"";1;""Saída de leito carroçável"";""Com Vítimas Feridas"";""Pleno dia"";""Decrescente"";""Sol"";""Simples"";""Não Informado"";""Não"";328161;""Semireboque"";""SR/GUERRA AG BS"";2012;""Não Informado"";""Não Informado"";NA;""Não Informado"";0;0;0;0;-15",878259;-52,"325825;""SR-MT"";""DEL2/8"";""UOP01/MT"""
"184177;NA;2019-01-09;""quarta-feira"";""11:50:00"";""MT"";70;8","3;""BARRA DO GARCAS"";""Sim"";""Falta de Atenção à Condução"";1;""Saída de leito carroçável"";""Com Vítimas Feridas"";""Pleno dia"";""Decrescente"";""Sol"";""Simples"";""Não Informado"";""Não"";328159;""Semireboque"";""SR/GUERRA AG BS"";2012;""Não Informado"";""Não Informado"";NA;""Não Informado"";0;0;0;0;-15",878259;-52,"325825;""SR-MT"";""DEL2/8"";""UOP01/MT"""
"184177;406367;2019-01-09;""quarta-feira"";""11:50:00"";""MT"";70;8","3;""BARRA DO GARCAS"";""Sim"";""Falta de Atenção à Condução"";1;""Saída de leito carroçável"";""Com Vítimas Feridas"";""Pleno dia"";""Decrescente"";""Sol"";""Simples"";""Não Informado"";""Não"";327670;""Caminhão-trator"";""VOLVO/FH 460 6X4T"";2012;""Condutor"";""Lesões Leves"";32;""Masculino"";0;1;0;0;-15",878259;-52,"325825;""SR-MT"";""DEL2/8"";""UOP01/MT"""
"184177;406364;2019-01-09;""quarta-feira"";""11:50:00"";""MT"";70;8","3;""BARRA DO GARCAS"";""Sim"";""Falta de Atenção à Condução"";1;""Saída de leito carroçável"";""Com Vítimas Feridas"";""Pleno dia"";""Decrescente"";""Sol"";""Simples"";""Não Informado"";""Não"";327667;""Automóvel"";""CHEVROLET/ONIX 1.0MT LT"";2014;""Condutor"";""Lesões Leves"";34;""Masculino"";0;1;0;0;-15",878259;-52,"325825;""SR-MT"";""DEL2/8"";""UOP01/MT"""
"184178;406064;2019-01-09;""quarta-feira"";""10:30:00"";""PB"";230;462","2;""SOUSA"";""Sim"";""Desobediência às normas de trânsito pelo condutor"";2;""Tombamento"";""Com Vítimas Feridas"";""Pleno dia"";""Decrescente"";""Nublado"";""Simples"";""Reta"";""Sim"";327464;""Motocicleta"";""HONDA/NXR160 BROS ESDD"";2015;""Condutor"";""Lesões Graves"";43;""Masculino"";0;0;1;0;-6",7768;-38,"215;""SR-PB"";""DEL14/3"";""UOP03/PB"""
"184178;406064;2019-01-09;""quarta-feira"";""10:30:00"";""PB"";230;462","2;""SOUSA"";""Não"";""Falta de Atenção à Condução"";2;""Tombamento"";""Com Vítimas Feridas"";""Pleno dia"";""Decrescente"";""Nublado"";""Simples"";""Reta"";""Sim"";327464;""Motocicleta"";""HONDA/NXR160 BROS ESDD"";2015;""Condutor"";""Lesões Graves"";43;""Masculino"";0;0;1;0;-6",7768;-38,"215;""SR-PB"";""DEL14/3"";""UOP03/PB"""
"184178;406064;2019-01-09;""quarta-feira"";""10:30:00"";""PB"";230;462","2;""SOUSA"";""Sim"";""Desobediência às normas de trânsito pelo condutor"";1;""Colisão transversal"";""Com Vítimas Feridas"";""Pleno dia"";""Decrescente"";""Nublado"";""Simples"";""Reta"";""Sim"";327464;""Motocicleta"";""HONDA/NXR160 BROS ESDD"";2015;""Condutor"";""Lesões Graves"";43;""Masculino"";0;0;1;0;-6",7768;-38,"215;""SR-PB"";""DEL14/3"";""UOP03/PB"""
"184178;406064;2019-01-09;""quarta-feira"";""10:30:00"";""PB"";230;462","2;""SOUSA"";""Não"";""Falta de Atenção à Condução"";1;""Colisão transversal"";""Com Vítimas Feridas"";""Pleno dia"";""Decrescente"";""Nublado"";""Simples"";""Reta"";""Sim"";327464;""Motocicleta"";""HONDA/NXR160 BROS ESDD"";2015;""Condutor"";""Lesões Graves"";43;""Masculino"";0;0;1;0;-6",7768;-38,"215;""SR-PB"";""DEL14/3"";""UOP03/PB"""
"184178;406063;2019-01-09;""quarta-feira"";""10:30:00"";""PB"";230;462","2;""SOUSA"";""Sim"";""Desobediência às normas de trânsito pelo condutor"";2;""Tombamento"";""Com Vítimas Feridas"";""Pleno dia"";""Decrescente"";""Nublado"";""Simples"";""Reta"";""Sim"";327463;""Automóvel"";""GM/CORSA SEDAN PREMIUM"";2011;""Condutor"";""Ileso"";26;""Masculino"";1;0;0;0;-6",7768;-38,"215;""SR-PB"";""DEL14/3"";""UOP03/PB"""
"184178;406063;2019-01-09;""quarta-feira"";""10:30:00"";""PB"";230;462","2;""SOUSA"";""Não"";""Falta de Atenção à Condução"";2;""Tombamento"";""Com Vítimas Feridas"";""Pleno dia"";""Decrescente"";""Nublado"";""Simples"";""Reta"";""Sim"";327463;""Automóvel"";""GM/CORSA SEDAN PREMIUM"";2011;""Condutor"";""Ileso"";26;""Masculino"";1;0;0;0;-6",7768;-38,"215;""SR-PB"";""DEL14/3"";""UOP03/PB"""
"184178;406063;2019-01-09;""quarta-feira"";""10:30:00"";""PB"";230;462","2;""SOUSA"";""Sim"";""Desobediência às normas de trânsito pelo condutor"";1;""Colisão transversal"";""Com Vítimas Feridas"";""Pleno dia"";""Decrescente"";""Nublado"";""Simples"";""Reta"";""Sim"";327463;""Automóvel"";""GM/CORSA SEDAN PREMIUM"";2011;""Condutor"";""Ileso"";26;""Masculino"";1;0;0;0;-6",7768;-38,"215;""SR-PB"";""DEL14/3"";""UOP03/PB"""
"184178;406063;2019-01-09;""quarta-feira"";""10:30:00"";""PB"";230;462","2;""SOUSA"";""Não"";""Falta de Atenção à Condução"";1;""Colisão transversal"";""Com Vítimas Feridas"";""Pleno dia"";""Decrescente"";""Nublado"";""Simples"";""Reta"";""Sim"";327463;""Automóvel"";""GM/CORSA SEDAN PREMIUM"";2011;""Condutor"";""Ileso"";26;""Masculino"";1;0;0;0;-6",7768;-38,"215;""SR-PB"";""DEL14/3"";""UOP03/PB"""
"184179;406184;2019-01-09;""quarta-feira"";""13:20:00"";""SP"";381;58","8;""MAIRIPORA"";""Sim"";""Não guardar distância de segurança"";1;""Colisão traseira"";""Com Vítimas Feridas"";""Pleno dia"";""Crescente"";""Céu Claro"";""Dupla"";""Reta"";""Não"";327467;""Automóvel"";""VW/UP HIGH MA"";2014;""Passageiro"";""Lesões Leves"";67;""Feminino"";0;1;0;0;-23",279867;-46,"586505;""SR-SP"";""DEL6/3"";""UOP02/SP"""
"184179;406184;2019-01-09;""quarta-feira"";""13:20:00"";""SP"";381;58","8;""MAIRIPORA"";""Não"";""Falta de Atenção à Condução"";1;""Colisão traseira"";""Com Vítimas Feridas"";""Pleno dia"";""Crescente"";""Céu Claro"";""Dupla"";""Reta"";""Não"";327467;""Automóvel"";""VW/UP HIGH MA"";2014;""Passageiro"";""Lesões Leves"";67;""Feminino"";0;1;0;0;-23",279867;-46,"586505;""SR-SP"";""DEL6/3"";""UOP02/SP"""
"184179;406187;2019-01-09;""quarta-feira"";""13:20:00"";""SP"";381;58","8;""MAIRIPORA"";""Sim"";""Não guardar distância de segurança"";1;""Colisão traseira"";""Com Vítimas Feridas"";""Pleno dia"";""Crescente"";""Céu Claro"";""Dupla"";""Reta"";""Não"";327467;""Automóvel"";""VW/UP HIGH MA"";2014;""Passageiro"";""Lesões Leves"";17;""Feminino"";0;1;0;0;-23",279867;-46,"586505;""SR-SP"";""DEL6/3"";""UOP02/SP"""
"184179;406187;2019-01-09;""quarta-feira"";""13:20:00"";""SP"";381;58","8;""MAIRIPORA"";""Não"";""Falta de Atenção à Condução"";1;""Colisão traseira"";""Com Vítimas Feridas"";""Pleno dia"";""Crescente"";""Céu Claro"";""Dupla"";""Reta"";""Não"";327467;""Automóvel"";""VW/UP HIGH MA"";2014;""Passageiro"";""Lesões Leves"";17;""Feminino"";0;1;0;0;-23",279867;-46,"586505;""SR-SP"";""DEL6/3"";""UOP02/SP"""
"184179;406188;2019-01-09;""quarta-feira"";""13:20:00"";""SP"";381;58","8;""MAIRIPORA"";""Sim"";""Não guardar distância de segurança"";1;""Colisão traseira"";""Com Vítimas Feridas"";""Pleno dia"";""Crescente"";""Céu Claro"";""Dupla"";""Reta"";""Não"";327468;""Caminhão"";""IVECO/VERTIS 90V16"";2011;""Condutor"";""Ileso"";52;""Masculino"";1;0;0;0;-23",279867;-46,"586505;""SR-SP"";""DEL6/3"";""UOP02/SP"""
"184179;406188;2019-01-09;""quarta-feira"";""13:20:00"";""SP"";381;58","8;""MAIRIPORA"";""Não"";""Falta de Atenção à Condução"";1;""Colisão traseira"";""Com Vítimas Feridas"";""Pleno dia"";""Crescente"";""Céu Claro"";""Dupla"";""Reta"";""Não"";327468;""Caminhão"";""IVECO/VERTIS 90V16"";2011;""Condutor"";""Ileso"";52;""Masculino"";1;0;0;0;-23",279867;-46,"586505;""SR-SP"";""DEL6/3"";""UOP02/SP"""
"184179;406181;2019-01-09;""quarta-feira"";""13:20:00"";""SP"";381;58","8;""MAIRIPORA"";""Sim"";""Não guardar distância de segurança"";1;""Colisão traseira"";""Com Vítimas Feridas"";""Pleno dia"";""Crescente"";""Céu Claro"";""Dupla"";""Reta"";""Não"";327467;""Automóvel"";""VW/UP HIGH MA"";2014;""Condutor"";""Lesões Leves"";74;""Masculino"";0;1;0;0;-23",279867;-46,"586505;""SR-SP"";""DEL6/3"";""UOP02/SP"""
"184179;406181;2019-01-09;""quarta-feira"";""13:20:00"";""SP"";381;58","8;""MAIRIPORA"";""Não"";""Falta de Atenção à Condução"";1;""Colisão traseira"";""Com Vítimas Feridas"";""Pleno dia"";""Crescente"";""Céu Claro"";""Dupla"";""Reta"";""Não"";327467;""Automóvel"";""VW/UP HIGH MA"";2014;""Condutor"";""Lesões Leves"";74;""Masculino"";0;1;0;0;-23",279867;-46,"586505;""SR-SP"";""DEL6/3"";""UOP02/SP"""
"184180;406296;2019-01-09;""quarta-feira"";""11:00:00"";""RO"";364;239","3;""CACOAL"";""Sim"";""Desobediência às normas de trânsito pelo condutor"";1;""Colisão traseira"";""Com Vítimas Feridas"";""Pleno dia"";""Crescente"";""Nublado"";""Simples"";""Curva"";""Sim"";327475;""Motoneta"";""HONDA/C100 BIZ ES"";2005;""Condutor"";""Lesões Graves"";21;""Masculino"";0;0;1;0;-11",434251;-61,"462673;""SR-RO"";""DEL21/2"";""UOP02/RO"""
"184180;406297;2019-01-09;""quarta-feira"";""11:00:00"";""RO"";364;239","3;""CACOAL"";""Sim"";""Desobediência às normas de trânsito pelo condutor"";1;""Colisão traseira"";""Com Vítimas Feridas"";""Pleno dia"";""Crescente"";""Nublado"";""Simples"";""Curva"";""Sim"";327644;""Caminhonete"";""CHEVROLET/S10 LTZ DD4A"";2018;""Condutor"";""Ileso"";53;""Masculino"";1;0;0;0;-11",434251;-61,"462673;""SR-RO"";""DEL21/2"";""UOP02/RO"""
"184181;406089;2019-01-09;""quarta-feira"";""13:20:00"";""RS"";290;64","7;""GRAVATAI"";""Sim"";""Velocidade Incompatível"";2;""Capotamento"";""Com Vítimas Feridas"";""Pleno dia"";""Decrescente"";""Céu Claro"";""Dupla"";""Reta"";""Não"";327435;""Camioneta"";""I/HYUNDAI IX35 2.0"";2011;""Passageiro"";""Lesões Leves"";39;""Feminino"";0;1;0;0;-29",940449;-50,"895531;""SR-RS"";""DEL9/3"";""UOP02/RS"""
"184181;406089;2019-01-09;""quarta-feira"";""13:20:00"";""RS"";290;64","7;""GRAVATAI"";""Sim"";""Velocidade Incompatível"";1;""Saída de leito carroçável"";""Com Vítimas Feridas"";""Pleno dia"";""Decrescente"";""Céu Claro"";""Dupla"";""Reta"";""Não"";327435;""Camioneta"";""I/HYUNDAI IX35 2.0"";2011;""Passageiro"";""Lesões Leves"";39;""Feminino"";0;1;0;0;-29",940449;-50,"895531;""SR-RS"";""DEL9/3"";""UOP02/RS"""
"184181;405987;2019-01-09;""quarta-feira"";""13:20:00"";""RS"";290;64","7;""GRAVATAI"";""Sim"";""Velocidade Incompatível"";2;""Capotamento"";""Com Vítimas Feridas"";""Pleno dia"";""Decrescente"";""Céu Claro"";""Dupla"";""Reta"";""Não"";327435;""Camioneta"";""I/HYUNDAI IX35 2.0"";2011;""Condutor"";""Lesões Leves"";45;""Masculino"";0;1;0;0;-29",940449;-50,"895531;""SR-RS"";""DEL9/3"";""UOP02/RS"""
"184181;405987;2019-01-09;""quarta-feira"";""13:20:00"";""RS"";290;64","7;""GRAVATAI"";""Sim"";""Velocidade Incompatível"";1;""Saída de leito carroçável"";""Com Vítimas Feridas"";""Pleno dia"";""Decrescente"";""Céu Claro"";""Dupla"";""Reta"";""Não"";327435;""Camioneta"";""I/HYUNDAI IX35 2.0"";2011;""Condutor"";""Lesões Leves"";45;""Masculino"";0;1;0;0;-29",940449;-50,"895531;""SR-RS"";""DEL9/3"";""UOP02/RS"""
"184181;406090;2019-01-09;""quarta-feira"";""13:20:00"";""RS"";290;64","7;""GRAVATAI"";""Sim"";""Velocidade Incompatível"";2;""Capotamento"";""Com Vítimas Feridas"";""Pleno dia"";""Decrescente"";""Céu Claro"";""Dupla"";""Reta"";""Não"";327435;""Camioneta"";""I/HYUNDAI IX35 2.0"";2011;""Passageiro"";""Lesões Leves"";12;""Masculino"";0;1;0;0;-29",940449;-50,"895531;""SR-RS"";""DEL9/3"";""UOP02/RS"""
"184181;406090;2019-01-09;""quarta-feira"";""13:20:00"";""RS"";290;64","7;""GRAVATAI"";""Sim"";""Velocidade Incompatível"";1;""Saída de leito carroçável"";""Com Vítimas Feridas"";""Pleno dia"";""Decrescente"";""Céu Claro"";""Dupla"";""Reta"";""Não"";327435;""Camioneta"";""I/HYUNDAI IX35 2.0"";2011;""Passageiro"";""Lesões Leves"";12;""Masculino"";0;1;0;0;-29",940449;-50,"895531;""SR-RS"";""DEL9/3"";""UOP02/RS"""
"184182;NA;2019-01-05;""sábado"";""10:50:00"";""MG"";381;376;""SAO GONCALO DO RIO ABAIXO"";""Sim"";""Carga excessiva e/ou mal acondicionada"";1;""Derramamento de carga"";""Sem Vítimas"";""Pleno dia"";""Decrescente"";""Céu Claro"";""Simples"";""Curva"";""Não"";328772;""Semireboque"";""SR/RANDON SR FG"";1998;""Não Informado"";""Não Informado"";NA;""Não Informado"";0;0;0;0;-19",85068565;-43,"21781158;""SR-MG"";""DEL4/1"";""UOP01/MG""",
"184182;407792;2019-01-05;""sábado"";""10:50:00"";""MG"";381;376;""SAO GONCALO DO RIO ABAIXO"";""Sim"";""Carga excessiva e/ou mal acondicionada"";1;""Derramamento de carga"";""Sem Vítimas"";""Pleno dia"";""Decrescente"";""Céu Claro"";""Simples"";""Curva"";""Não"";327431;""Caminhão-trator"";""SCANIA/R 440 A6X2"";2016;""Condutor"";""Ileso"";38;""Masculino"";1;0;0;0;-19",85068565;-43,"21781158;""SR-MG"";""DEL4/1"";""UOP01/MG""",
"184183;406202;2019-01-09;""quarta-feira"";""12:40:00"";""PA"";230;113;""MARABA"";""Sim"";""Falta de Atenção à Condução"";1;""Colisão traseira"";""Sem Vítimas"";""Pleno dia"";""Crescente"";""Céu Claro"";""Simples"";""Rotatória"";""Sim"";327482;""Caminhonete"";""I/VW AMAROK CD 4X4 SE"";2017;""Passageiro"";""Ileso"";42;""Masculino"";1;0;0;0;-5",36128815;-49,"07854926;""SR-PA"";""DEL19/3"";""UOP01/PA""",
"184183;406200;2019-01-09;""quarta-feira"";""12:40:00"";""PA"";230;113;""MARABA"";""Sim"";""Falta de Atenção à Condução"";1;""Colisão traseira"";""Sem Vítimas"";""Pleno dia"";""Crescente"";""Céu Claro"";""Simples"";""Rotatória"";""Sim"";327482;""Caminhonete"";""I/VW AMAROK CD 4X4 SE"";2017;""Passageiro"";""Ileso"";33;""Masculino"";1;0;0;0;-5",36128815;-49,"07854926;""SR-PA"";""DEL19/3"";""UOP01/PA""",
"184183;406199;2019-01-09;""quarta-feira"";""12:40:00"";""PA"";230;113;""MARABA"";""Sim"";""Falta de Atenção à Condução"";1;""Colisão traseira"";""Sem Vítimas"";""Pleno dia"";""Crescente"";""Céu Claro"";""Simples"";""Rotatória"";""Sim"";327482;""Caminhonete"";""I/VW AMAROK CD 4X4 SE"";2017;""Condutor"";""Ileso"";29;""Masculino"";1;0;0;0;-5",36128815;-49,"07854926;""SR-PA"";""DEL19/3"";""UOP01/PA""",
"184183;406058;2019-01-09;""quarta-feira"";""12:40:00"";""PA"";230;113;""MARABA"";""Sim"";""Falta de Atenção à Condução"";1;""Colisão traseira"";""Sem Vítimas"";""Pleno dia"";""Crescente"";""Céu Claro"";""Simples"";""Rotatória"";""Sim"";327481;""Automóvel"";""FIAT/PALIO FIRE WAY"";2016;""Condutor"";""Ileso"";30;""Masculino"";1;0;0;0;-5",36128815;-49,"07854926;""SR-PA"";""DEL19/3"";""UOP01/PA""",
"184184;406347;2019-01-09;""quarta-feira"";""08:00:00"";""MS"";158;1;""CASSILANDIA"";""Sim"";""Defeito Mecânico no Veículo"";1;""Incêndio"";""Sem Vítimas"";""Pleno dia"";""Crescente"";""Céu Claro"";""Simples"";""Não Informado"";""Sim"";327487;""Automóvel"";""VW/VOYAGE GLS"";1989;""Condutor"";""Não Informado"";NA;""Não Informado"";0;0;0;0;-19",119783;-51,"73276;""SR-MS"";""DEL3/8"";""UOP01/MS""",
"184186;407762;2019-01-09;""quarta-feira"";""14:15:00"";""MG"";459;92","9;""POUSO ALEGRE"";""Sim"";""Velocidade Incompatível"";2;""Saída de leito carroçável"";""Com Vítimas Feridas"";""Pleno dia"";""Crescente"";""Céu Claro"";""Simples"";""Curva"";""Não"";327609;""Automóvel"";""VW/NOVO GOL 1.6"";2012;""Condutor"";""Lesões Leves"";88;""Masculino"";0;1;0;0;-22",173647;-46,"001644;""SR-MG"";""DEL13"";""UOP01/MG"""
"184186;407762;2019-01-09;""quarta-feira"";""14:15:00"";""MG"";459;92","9;""POUSO ALEGRE"";""Não"";""Falta de Atenção à Condução"";2;""Saída de leito carroçável"";""Com Vítimas Feridas"";""Pleno dia"";""Crescente"";""Céu Claro"";""Simples"";""Curva"";""Não"";327609;""Automóvel"";""VW/NOVO GOL 1.6"";2012;""Condutor"";""Lesões Leves"";88;""Masculino"";0;1;0;0;-22",173647;-46,"001644;""SR-MG"";""DEL13"";""UOP01/MG"""
"184186;407762;2019-01-09;""quarta-feira"";""14:15:00"";""MG"";459;92","9;""POUSO ALEGRE"";""Sim"";""Velocidade Incompatível"";1;""Colisão lateral"";""Com Vítimas Feridas"";""Pleno dia"";""Crescente"";""Céu Claro"";""Simples"";""Curva"";""Não"";327609;""Automóvel"";""VW/NOVO GOL 1.6"";2012;""Condutor"";""Lesões Leves"";88;""Masculino"";0;1;0;0;-22",173647;-46,"001644;""SR-MG"";""DEL13"";""UOP01/MG"""
"184186;407762;2019-01-09;""quarta-feira"";""14:15:00"";""MG"";459;92","9;""POUSO ALEGRE"";""Não"";""Falta de Atenção à Condução"";1;""Colisão lateral"";""Com Vítimas Feridas"";""Pleno dia"";""Crescente"";""Céu Claro"";""Simples"";""Curva"";""Não"";327609;""Automóvel"";""VW/NOVO GOL 1.6"";2012;""Condutor"";""Lesões Leves"";88;""Masculino"";0;1;0;0;-22",173647;-46,"001644;""SR-MG"";""DEL13"";""UOP01/MG"""
"184186;407763;2019-01-09;""quarta-feira"";""14:15:00"";""MG"";459;92","9;""POUSO ALEGRE"";""Sim"";""Velocidade Incompatível"";2;""Saída de leito carroçável"";""Com Vítimas Feridas"";""Pleno dia"";""Crescente"";""Céu Claro"";""Simples"";""Curva"";""Não"";327610;""Caminhonete"";""CHEVROLET/MONTANA LS"";2014;""Condutor"";""Lesões Leves"";27;""Masculino"";0;1;0;0;-22",173647;-46,"001644;""SR-MG"";""DEL13"";""UOP01/MG"""
"184186;407763;2019-01-09;""quarta-feira"";""14:15:00"";""MG"";459;92","9;""POUSO ALEGRE"";""Não"";""Falta de Atenção à Condução"";2;""Saída de leito carroçável"";""Com Vítimas Feridas"";""Pleno dia"";""Crescente"";""Céu Claro"";""Simples"";""Curva"";""Não"";327610;""Caminhonete"";""CHEVROLET/MONTANA LS"";2014;""Condutor"";""Lesões Leves"";27;""Masculino"";0;1;0;0;-22",173647;-46,"001644;""SR-MG"";""DEL13"";""UOP01/MG"""
"184186;407763;2019-01-09;""quarta-feira"";""14:15:00"";""MG"";459;92","9;""POUSO ALEGRE"";""Sim"";""Velocidade Incompatível"";1;""Colisão lateral"";""Com Vítimas Feridas"";""Pleno dia"";""Crescente"";""Céu Claro"";""Simples"";""Curva"";""Não"";327610;""Caminhonete"";""CHEVROLET/MONTANA LS"";2014;""Condutor"";""Lesões Leves"";27;""Masculino"";0;1;0;0;-22",173647;-46,"001644;""SR-MG"";""DEL13"";""UOP01/MG"""
"184186;407763;2019-01-09;""quarta-feira"";""14:15:00"";""MG"";459;92","9;""POUSO ALEGRE"";""Não"";""Falta de Atenção à Condução"";1;""Colisão lateral"";""Com Vítimas Feridas"";""Pleno dia"";""Crescente"";""Céu Claro"";""Simples"";""Curva"";""Não"";327610;""Caminhonete"";""CHEVROLET/MONTANA LS"";2014;""Condutor"";""Lesões Leves"";27;""Masculino"";0;1;0;0;-22",173647;-46,"001644;""SR-MG"";""DEL13"";""UOP01/MG"""
"184187;406311;2019-01-09;""quarta-feira"";""13:20:00"";""SP"";153;110","6;""JOSE BONIFACIO"";""Sim"";""Desobediência às normas de trânsito pelo condutor"";1;""Capotamento"";""Com Vítimas Feridas"";""Pleno dia"";""Crescente"";""Céu Claro"";""Simples"";""Reta"";""Não"";327651;""Automóvel"";""FIAT/UNO ELECTRONIC"";1993;""Condutor"";""Lesões Leves"";39;""Masculino"";0;1;0;0;-21",088455;-49,"674664;""SR-SP"";""DEL6/9"";""UOP01/SP"""
"184188;406029;2019-01-09;""quarta-feira"";""13:30:00"";""RS"";285;673","5;""SAO BORJA"";""Sim"";""Falta de Atenção à Condução"";2;""Danos eventuais"";""Sem Vítimas"";""Pleno dia"";""Crescente"";""Chuva"";""Simples"";""Reta"";""Não"";327442;""Automóvel"";""FORD/KA SE 1.0 HA C"";2018;""Condutor"";""Ileso"";24;""Feminino"";1;0;0;0;-28",664228;-55,"987453;""SR-RS"";""DEL9/12"";""UOP01/RS"""
"184188;406029;2019-01-09;""quarta-feira"";""13:30:00"";""RS"";285;673","5;""SAO BORJA"";""Sim"";""Falta de Atenção à Condução"";1;""Saída de leito carroçável"";""Sem Vítimas"";""Pleno dia"";""Crescente"";""Chuva"";""Simples"";""Reta"";""Não"";327442;""Automóvel"";""FORD/KA SE 1.0 HA C"";2018;""Condutor"";""Ileso"";24;""Feminino"";1;0;0;0;-28",664228;-55,"987453;""SR-RS"";""DEL9/12"";""UOP01/RS"""
"184189;406140;2019-01-09;""quarta-feira"";""11:20:00"";""SC"";101;406","2;""ARARANGUA"";""Sim"";""Falta de Atenção à Condução"";1;""Colisão traseira"";""Sem Vítimas"";""Pleno dia"";""Crescente"";""Céu Claro"";""Dupla"";""Reta"";""Não"";327483;""Automóvel"";""VW/NOVO GOL 1.0 CITY"";2013;""Condutor"";""Ileso"";60;""Masculino"";1;0;0;0;-28",9026;-49,"4766;""SR-SC"";""DEL8/2"";""UOP02/SC"""
"184189;406142;2019-01-09;""quarta-feira"";""11:20:00"";""SC"";101;406","2;""ARARANGUA"";""Sim"";""Falta de Atenção à Condução"";1;""Colisão traseira"";""Sem Vítimas"";""Pleno dia"";""Crescente"";""Céu Claro"";""Dupla"";""Reta"";""Não"";327484;""Caminhonete"";""FIAT/STRADA WORKING"";2011;""Condutor"";""Ileso"";30;""Masculino"";1;0;0;0;-28",9026;-49,"4766;""SR-SC"";""DEL8/2"";""UOP02/SC"""
"184191;408103;2019-01-09;""quarta-feira"";""12:50:00"";""RJ"";101;402;""ITAGUAI"";""Sim"";""Carga excessiva e/ou mal acondicionada"";1;""Tombamento"";""Com Vítimas Feridas"";""Pleno dia"";""Crescente"";""Sol"";""Dupla"";""Reta"";""Não"";327441;""Caminhão"";""M.BENZ/L 708 E"";1988;""Condutor"";""Lesões Leves"";67;""Masculino"";0;1;0;0;-22",854378;-43,"784405;""SR-RJ"";""DEL5/3"";""UOP01/RJ""",
"184191;408104;2019-01-09;""quarta-feira"";""12:50:00"";""RJ"";101;402;""ITAGUAI"";""Sim"";""Carga excessiva e/ou mal acondicionada"";1;""Tombamento"";""Com Vítimas Feridas"";""Pleno dia"";""Crescente"";""Sol"";""Dupla"";""Reta"";""Não"";327441;""Caminhão"";""M.BENZ/L 708 E"";1988;""Passageiro"";""Lesões Leves"";58;""Masculino"";0;1;0;0;-22",854378;-43,"784405;""SR-RJ"";""DEL5/3"";""UOP01/RJ""",