"id;""pesid"";""data_inversa"";""dia_semana"";""horario"";""uf"";""br"";""km"";""municipio"";""causa_principal"";""causa_acidente"";""ordem_tipo_acidente"";""tipo_acidente"";""classificacao_acidente"";""fase_dia"";""sentido_via"";""condicao_metereologica"";""tipo_pista"";""tracado_via"";""uso_solo"";""id_veiculo"";""tipo_veiculo"";""marca"";""ano_fabricacao_veiculo"";""tipo_envolvido"";""estado_fisico"";""idade"";""sexo"";""ilesos"";""feridos_leves"";""feridos_graves"";""mortos"";""latitude"";""longitude"";""regional"";""delegacia"";""uop""",,,
"184225;407433;2019-01-09;""quarta-feira"";""17:40:00"";""GO"";40;1","8;""VALPARAISO DE GOIAS"";""Sim"";""Falta de Atenção do Pedestre"";2;""Tombamento"";""Com Vítimas Feridas"";""Pleno dia"";""Crescente"";""Sol"";""Dupla"";""Reta"";""Sim"";327647;""Motocicleta"";""HONDA/CG 125 FAN KS"";2011;""Condutor"";""Ileso"";30;""Masculino"";1;0;0;0;-16",067129;-47,"984235;""SR-DF"";""UOP01/DF"";"""""
"184225;407433;2019-01-09;""quarta-feira"";""17:40:00"";""GO"";40;1","8;""VALPARAISO DE GOIAS"";""Não"";""Falta de Atenção à Condução"";2;""Tombamento"";""Com Vítimas Feridas"";""Pleno dia"";""Crescente"";""Sol"";""Dupla"";""Reta"";""Sim"";327647;""Motocicleta"";""HONDA/CG 125 FAN KS"";2011;""Condutor"";""Ileso"";30;""Masculino"";1;0;0;0;-16",067129;-47,"984235;""SR-DF"";""UOP01/DF"";"""""
"184225;407433;2019-01-09;""quarta-feira"";""17:40:00"";""GO"";40;1","8;""VALPARAISO DE GOIAS"";""Sim"";""Falta de Atenção do Pedestre"";1;""Atropelamento de Pedestre"";""Com Vítimas Feridas"";""Pleno dia"";""Crescente"";""Sol"";""Dupla"";""Reta"";""Sim"";327647;""Motocicleta"";""HONDA/CG 125 FAN KS"";2011;""Condutor"";""Ileso"";30;""Masculino"";1;0;0;0;-16",067129;-47,"984235;""SR-DF"";""UOP01/DF"";"""""
"184225;407433;2019-01-09;""quarta-feira"";""17:40:00"";""GO"";40;1","8;""VALPARAISO DE GOIAS"";""Não"";""Falta de Atenção à Condução"";1;""Atropelamento de Pedestre"";""Com Vítimas Feridas"";""Pleno dia"";""Crescente"";""Sol"";""Dupla"";""Reta"";""Sim"";327647;""Motocicleta"";""HONDA/CG 125 FAN KS"";2011;""Condutor"";""Ileso"";30;""Masculino"";1;0;0;0;-16",067129;-47,"984235;""SR-DF"";""UOP01/DF"";"""""
"184226;410181;2019-01-09;""quarta-feira"";""16:30:00"";""BA"";367;23;""PORTO SEGURO"";""Sim"";""Ingestão de Álcool"";1;""Colisão lateral"";""Sem Vítimas"";""Pleno dia"";""Crescente"";""Céu Claro"";""Simples"";""Reta"";""Sim"";327508;""Caminhonete"";""CHEVROLET/MONTANA LS1"";2018;""Condutor"";""Ileso"";71;""Masculino"";1;0;0;0;-16",435177;-39,"072018;""SR-BA"";""DEL10/9"";""UOP01/BA""",
"184226;410183;2019-01-09;""quarta-feira"";""16:30:00"";""BA"";367;23;""PORTO SEGURO"";""Sim"";""Ingestão de Álcool"";1;""Colisão lateral"";""Sem Vítimas"";""Pleno dia"";""Crescente"";""Céu Claro"";""Simples"";""Reta"";""Sim"";330557;""Ciclomotor"";""I/HUARI MARVA 50 VIP"";NA;""Condutor"";""Ileso"";24;""Masculino"";1;0;0;0;-16",435177;-39,"072018;""SR-BA"";""DEL10/9"";""UOP01/BA""",
"184227;406154;2019-01-09;""quarta-feira"";""14:00:00"";""RJ"";116;310;""ITATIAIA"";""Sim"";""Avarias e/ou desgaste excessivo no pneu"";1;""Queda de ocupante de veículo"";""Com Vítimas Feridas"";""Pleno dia"";""Decrescente"";""Céu Claro"";""Dupla"";""Reta"";""Sim"";327511;""Motoneta"";""YAMAHA/T115 CRYPTON K"";NA;""Condutor"";""Lesões Graves"";43;""Masculino"";0;0;1;0;-22",459236;-44,"434776;""SR-RJ"";""DEL5/7"";""UOP03/RJ""",
"184227;406158;2019-01-09;""quarta-feira"";""14:00:00"";""RJ"";116;310;""ITATIAIA"";""Sim"";""Avarias e/ou desgaste excessivo no pneu"";1;""Queda de ocupante de veículo"";""Com Vítimas Feridas"";""Pleno dia"";""Decrescente"";""Céu Claro"";""Dupla"";""Reta"";""Sim"";327511;""Motoneta"";""YAMAHA/T115 CRYPTON K"";NA;""Passageiro"";""Lesões Graves"";34;""Feminino"";0;0;1;0;-22",459236;-44,"434776;""SR-RJ"";""DEL5/7"";""UOP03/RJ""",
"184228;406112;2019-01-09;""quarta-feira"";""15:40:00"";""PR"";277;561","5;""CASCAVEL"";""Sim"";""Ultrapassagem Indevida"";1;""Capotamento"";""Com Vítimas Feridas"";""Pleno dia"";""Decrescente"";""Nublado"";""Simples"";""Reta"";""Não"";327509;""Automóvel"";""FORD/FIESTA SEDAN1.6FLEX"";2011;""Condutor"";""Lesões Leves"";44;""Masculino"";0;1;0;0;-25",05625848;-53,"22529242;""SR-PR"";""DEL7/4"";""UOP02/PR"""
"184228;406113;2019-01-09;""quarta-feira"";""15:40:00"";""PR"";277;561","5;""CASCAVEL"";""Sim"";""Ultrapassagem Indevida"";1;""Capotamento"";""Com Vítimas Feridas"";""Pleno dia"";""Decrescente"";""Nublado"";""Simples"";""Reta"";""Não"";327509;""Automóvel"";""FORD/FIESTA SEDAN1.6FLEX"";2011;""Passageiro"";""Não Informado"";NA;""Não Informado"";0;0;0;0;-25",05625848;-53,"22529242;""SR-PR"";""DEL7/4"";""UOP02/PR"""
"184230;406234;2019-01-09;""quarta-feira"";""17:50:00"";""DF"";80;10;""BRASILIA"";""Sim"";""Não guardar distância de segurança"";1;""Colisão traseira"";""Com Vítimas Feridas"";""Pleno dia"";""Crescente"";""Céu Claro"";""Dupla"";""Rotatória"";""Não"";327599;""Automóvel"";""CHEVROLET/ONIX 1.0MT LT"";2014;""Passageiro"";""Ileso"";32;""Feminino"";1;0;0;0;-15",731;-48,"168938;""SR-DF"";""UOP06/DF"";""""",
"184230;406233;2019-01-09;""quarta-feira"";""17:50:00"";""DF"";80;10;""BRASILIA"";""Sim"";""Não guardar distância de segurança"";1;""Colisão traseira"";""Com Vítimas Feridas"";""Pleno dia"";""Crescente"";""Céu Claro"";""Dupla"";""Rotatória"";""Não"";327599;""Automóvel"";""CHEVROLET/ONIX 1.0MT LT"";2014;""Condutor"";""Lesões Leves"";32;""Masculino"";0;1;0;0;-15",731;-48,"168938;""SR-DF"";""UOP06/DF"";""""",
"184230;406231;2019-01-09;""quarta-feira"";""17:50:00"";""DF"";80;10;""BRASILIA"";""Sim"";""Não guardar distância de segurança"";1;""Colisão traseira"";""Com Vítimas Feridas"";""Pleno dia"";""Crescente"";""Céu Claro"";""Dupla"";""Rotatória"";""Não"";327598;""Automóvel"";""VW/GOL 1.0"";2008;""Condutor"";""Ileso"";27;""Masculino"";1;0;0;0;-15",731;-48,"168938;""SR-DF"";""UOP06/DF"";""""",
"184231;406153;2019-01-09;""quarta-feira"";""14:00:00"";""SC"";101;214","3;""PALHOCA"";""Sim"";""Desobediência às normas de trânsito pelo condutor"";1;""Colisão traseira"";""Com Vítimas Feridas"";""Pleno dia"";""Decrescente"";""Céu Claro"";""Múltipla"";""Reta"";""Sim"";327519;""Automóvel"";""RENAULT/SANDERO GTL 16HP"";2012;""Passageiro"";""Lesões Leves"";21;""Feminino"";0;1;0;0;-27",652;-48,"676;""SR-SC"";""DEL8/1"";""UOP02/SC"""
"184231;406148;2019-01-09;""quarta-feira"";""14:00:00"";""SC"";101;214","3;""PALHOCA"";""Sim"";""Desobediência às normas de trânsito pelo condutor"";1;""Colisão traseira"";""Com Vítimas Feridas"";""Pleno dia"";""Decrescente"";""Céu Claro"";""Múltipla"";""Reta"";""Sim"";327519;""Automóvel"";""RENAULT/SANDERO GTL 16HP"";2012;""Condutor"";""Ileso"";20;""Masculino"";1;0;0;0;-27",652;-48,"676;""SR-SC"";""DEL8/1"";""UOP02/SC"""
"184231;406147;2019-01-09;""quarta-feira"";""14:00:00"";""SC"";101;214","3;""PALHOCA"";""Sim"";""Desobediência às normas de trânsito pelo condutor"";1;""Colisão traseira"";""Com Vítimas Feridas"";""Pleno dia"";""Decrescente"";""Céu Claro"";""Múltipla"";""Reta"";""Sim"";327518;""Automóvel"";""I/KIA CERATO EX3 1.6MTNB"";2011;""Condutor"";""Ileso"";47;""Masculino"";1;0;0;0;-27",652;-48,"676;""SR-SC"";""DEL8/1"";""UOP02/SC"""
"184234;NA;2019-01-09;""quarta-feira"";""17:30:00"";""SP"";116;487;""CAJATI"";""Sim"";""Não guardar distância de segurança"";3;""Tombamento"";""Com Vítimas Feridas"";""Pleno dia"";""Decrescente"";""Sol"";""Dupla"";""Reta"";""Não"";328088;""Semireboque"";""SR/FACCHINI SRF CF"";2007;""Não Informado"";""Não Informado"";NA;""Não Informado"";0;0;0;0;-24",72694309;-48,"0909133;""SR-SP"";""DEL6/5"";""UOP02/SP""",
"184234;NA;2019-01-09;""quarta-feira"";""17:30:00"";""SP"";116;487;""CAJATI"";""Não"";""Velocidade Incompatível"";3;""Tombamento"";""Com Vítimas Feridas"";""Pleno dia"";""Decrescente"";""Sol"";""Dupla"";""Reta"";""Não"";328088;""Semireboque"";""SR/FACCHINI SRF CF"";2007;""Não Informado"";""Não Informado"";NA;""Não Informado"";0;0;0;0;-24",72694309;-48,"0909133;""SR-SP"";""DEL6/5"";""UOP02/SP""",
"184234;NA;2019-01-09;""quarta-feira"";""17:30:00"";""SP"";116;487;""CAJATI"";""Sim"";""Não guardar distância de segurança"";2;""Saída de leito carroçável"";""Com Vítimas Feridas"";""Pleno dia"";""Decrescente"";""Sol"";""Dupla"";""Reta"";""Não"";328088;""Semireboque"";""SR/FACCHINI SRF CF"";2007;""Não Informado"";""Não Informado"";NA;""Não Informado"";0;0;0;0;-24",72694309;-48,"0909133;""SR-SP"";""DEL6/5"";""UOP02/SP""",
"184234;NA;2019-01-09;""quarta-feira"";""17:30:00"";""SP"";116;487;""CAJATI"";""Não"";""Velocidade Incompatível"";2;""Saída de leito carroçável"";""Com Vítimas Feridas"";""Pleno dia"";""Decrescente"";""Sol"";""Dupla"";""Reta"";""Não"";328088;""Semireboque"";""SR/FACCHINI SRF CF"";2007;""Não Informado"";""Não Informado"";NA;""Não Informado"";0;0;0;0;-24",72694309;-48,"0909133;""SR-SP"";""DEL6/5"";""UOP02/SP""",
"184234;NA;2019-01-09;""quarta-feira"";""17:30:00"";""SP"";116;487;""CAJATI"";""Sim"";""Não guardar distância de segurança"";1;""Colisão traseira"";""Com Vítimas Feridas"";""Pleno dia"";""Decrescente"";""Sol"";""Dupla"";""Reta"";""Não"";328088;""Semireboque"";""SR/FACCHINI SRF CF"";2007;""Não Informado"";""Não Informado"";NA;""Não Informado"";0;0;0;0;-24",72694309;-48,"0909133;""SR-SP"";""DEL6/5"";""UOP02/SP""",
"184234;NA;2019-01-09;""quarta-feira"";""17:30:00"";""SP"";116;487;""CAJATI"";""Não"";""Velocidade Incompatível"";1;""Colisão traseira"";""Com Vítimas Feridas"";""Pleno dia"";""Decrescente"";""Sol"";""Dupla"";""Reta"";""Não"";328088;""Semireboque"";""SR/FACCHINI SRF CF"";2007;""Não Informado"";""Não Informado"";NA;""Não Informado"";0;0;0;0;-24",72694309;-48,"0909133;""SR-SP"";""DEL6/5"";""UOP02/SP""",
"184234;406889;2019-01-09;""quarta-feira"";""17:30:00"";""SP"";116;487;""CAJATI"";""Sim"";""Não guardar distância de segurança"";3;""Tombamento"";""Com Vítimas Feridas"";""Pleno dia"";""Decrescente"";""Sol"";""Dupla"";""Reta"";""Não"";328083;""Caminhão-trator"";""SCANIA/T124 GA4X2NZ 420"";2000;""Condutor"";""Ileso"";31;""Masculino"";1;0;0;0;-24",72694309;-48,"0909133;""SR-SP"";""DEL6/5"";""UOP02/SP""",
"184234;406889;2019-01-09;""quarta-feira"";""17:30:00"";""SP"";116;487;""CAJATI"";""Não"";""Velocidade Incompatível"";3;""Tombamento"";""Com Vítimas Feridas"";""Pleno dia"";""Decrescente"";""Sol"";""Dupla"";""Reta"";""Não"";328083;""Caminhão-trator"";""SCANIA/T124 GA4X2NZ 420"";2000;""Condutor"";""Ileso"";31;""Masculino"";1;0;0;0;-24",72694309;-48,"0909133;""SR-SP"";""DEL6/5"";""UOP02/SP""",
"184234;406889;2019-01-09;""quarta-feira"";""17:30:00"";""SP"";116;487;""CAJATI"";""Sim"";""Não guardar distância de segurança"";2;""Saída de leito carroçável"";""Com Vítimas Feridas"";""Pleno dia"";""Decrescente"";""Sol"";""Dupla"";""Reta"";""Não"";328083;""Caminhão-trator"";""SCANIA/T124 GA4X2NZ 420"";2000;""Condutor"";""Ileso"";31;""Masculino"";1;0;0;0;-24",72694309;-48,"0909133;""SR-SP"";""DEL6/5"";""UOP02/SP""",
"184234;406889;2019-01-09;""quarta-feira"";""17:30:00"";""SP"";116;487;""CAJATI"";""Não"";""Velocidade Incompatível"";2;""Saída de leito carroçável"";""Com Vítimas Feridas"";""Pleno dia"";""Decrescente"";""Sol"";""Dupla"";""Reta"";""Não"";328083;""Caminhão-trator"";""SCANIA/T124 GA4X2NZ 420"";2000;""Condutor"";""Ileso"";31;""Masculino"";1;0;0;0;-24",72694309;-48,"0909133;""SR-SP"";""DEL6/5"";""UOP02/SP""",
"184234;406889;2019-01-09;""quarta-feira"";""17:30:00"";""SP"";116;487;""CAJATI"";""Sim"";""Não guardar distância de segurança"";1;""Colisão traseira"";""Com Vítimas Feridas"";""Pleno dia"";""Decrescente"";""Sol"";""Dupla"";""Reta"";""Não"";328083;""Caminhão-trator"";""SCANIA/T124 GA4X2NZ 420"";2000;""Condutor"";""Ileso"";31;""Masculino"";1;0;0;0;-24",72694309;-48,"0909133;""SR-SP"";""DEL6/5"";""UOP02/SP""",
"184234;406889;2019-01-09;""quarta-feira"";""17:30:00"";""SP"";116;487;""CAJATI"";""Não"";""Velocidade Incompatível"";1;""Colisão traseira"";""Com Vítimas Feridas"";""Pleno dia"";""Decrescente"";""Sol"";""Dupla"";""Reta"";""Não"";328083;""Caminhão-trator"";""SCANIA/T124 GA4X2NZ 420"";2000;""Condutor"";""Ileso"";31;""Masculino"";1;0;0;0;-24",72694309;-48,"0909133;""SR-SP"";""DEL6/5"";""UOP02/SP""",
"184234;406198;2019-01-09;""quarta-feira"";""17:30:00"";""SP"";116;487;""CAJATI"";""Sim"";""Não guardar distância de segurança"";3;""Tombamento"";""Com Vítimas Feridas"";""Pleno dia"";""Decrescente"";""Sol"";""Dupla"";""Reta"";""Não"";327566;""Automóvel"";""PEUGEOT/206 SW16 ESCA FX"";2006;""Passageiro"";""Lesões Graves"";42;""Feminino"";0;0;1;0;-24",72694309;-48,"0909133;""SR-SP"";""DEL6/5"";""UOP02/SP""",
"184234;406198;2019-01-09;""quarta-feira"";""17:30:00"";""SP"";116;487;""CAJATI"";""Não"";""Velocidade Incompatível"";3;""Tombamento"";""Com Vítimas Feridas"";""Pleno dia"";""Decrescente"";""Sol"";""Dupla"";""Reta"";""Não"";327566;""Automóvel"";""PEUGEOT/206 SW16 ESCA FX"";2006;""Passageiro"";""Lesões Graves"";42;""Feminino"";0;0;1;0;-24",72694309;-48,"0909133;""SR-SP"";""DEL6/5"";""UOP02/SP""",
"184234;406198;2019-01-09;""quarta-feira"";""17:30:00"";""SP"";116;487;""CAJATI"";""Sim"";""Não guardar distância de segurança"";2;""Saída de leito carroçável"";""Com Vítimas Feridas"";""Pleno dia"";""Decrescente"";""Sol"";""Dupla"";""Reta"";""Não"";327566;""Automóvel"";""PEUGEOT/206 SW16 ESCA FX"";2006;""Passageiro"";""Lesões Graves"";42;""Feminino"";0;0;1;0;-24",72694309;-48,"0909133;""SR-SP"";""DEL6/5"";""UOP02/SP""",
"184234;406198;2019-01-09;""quarta-feira"";""17:30:00"";""SP"";116;487;""CAJATI"";""Não"";""Velocidade Incompatível"";2;""Saída de leito carroçável"";""Com Vítimas Feridas"";""Pleno dia"";""Decrescente"";""Sol"";""Dupla"";""Reta"";""Não"";327566;""Automóvel"";""PEUGEOT/206 SW16 ESCA FX"";2006;""Passageiro"";""Lesões Graves"";42;""Feminino"";0;0;1;0;-24",72694309;-48,"0909133;""SR-SP"";""DEL6/5"";""UOP02/SP""",
"184234;406198;2019-01-09;""quarta-feira"";""17:30:00"";""SP"";116;487;""CAJATI"";""Sim"";""Não guardar distância de segurança"";1;""Colisão traseira"";""Com Vítimas Feridas"";""Pleno dia"";""Decrescente"";""Sol"";""Dupla"";""Reta"";""Não"";327566;""Automóvel"";""PEUGEOT/206 SW16 ESCA FX"";2006;""Passageiro"";""Lesões Graves"";42;""Feminino"";0;0;1;0;-24",72694309;-48,"0909133;""SR-SP"";""DEL6/5"";""UOP02/SP""",
"184234;406198;2019-01-09;""quarta-feira"";""17:30:00"";""SP"";116;487;""CAJATI"";""Não"";""Velocidade Incompatível"";1;""Colisão traseira"";""Com Vítimas Feridas"";""Pleno dia"";""Decrescente"";""Sol"";""Dupla"";""Reta"";""Não"";327566;""Automóvel"";""PEUGEOT/206 SW16 ESCA FX"";2006;""Passageiro"";""Lesões Graves"";42;""Feminino"";0;0;1;0;-24",72694309;-48,"0909133;""SR-SP"";""DEL6/5"";""UOP02/SP""",
"184234;406189;2019-01-09;""quarta-feira"";""17:30:00"";""SP"";116;487;""CAJATI"";""Sim"";""Não guardar distância de segurança"";3;""Tombamento"";""Com Vítimas Feridas"";""Pleno dia"";""Decrescente"";""Sol"";""Dupla"";""Reta"";""Não"";327566;""Automóvel"";""PEUGEOT/206 SW16 ESCA FX"";2006;""Condutor"";""Lesões Graves"";44;""Masculino"";0;0;1;0;-24",72694309;-48,"0909133;""SR-SP"";""DEL6/5"";""UOP02/SP""",
"184234;406189;2019-01-09;""quarta-feira"";""17:30:00"";""SP"";116;487;""CAJATI"";""Não"";""Velocidade Incompatível"";3;""Tombamento"";""Com Vítimas Feridas"";""Pleno dia"";""Decrescente"";""Sol"";""Dupla"";""Reta"";""Não"";327566;""Automóvel"";""PEUGEOT/206 SW16 ESCA FX"";2006;""Condutor"";""Lesões Graves"";44;""Masculino"";0;0;1;0;-24",72694309;-48,"0909133;""SR-SP"";""DEL6/5"";""UOP02/SP""",
"184234;406189;2019-01-09;""quarta-feira"";""17:30:00"";""SP"";116;487;""CAJATI"";""Sim"";""Não guardar distância de segurança"";2;""Saída de leito carroçável"";""Com Vítimas Feridas"";""Pleno dia"";""Decrescente"";""Sol"";""Dupla"";""Reta"";""Não"";327566;""Automóvel"";""PEUGEOT/206 SW16 ESCA FX"";2006;""Condutor"";""Lesões Graves"";44;""Masculino"";0;0;1;0;-24",72694309;-48,"0909133;""SR-SP"";""DEL6/5"";""UOP02/SP""",
"184234;406189;2019-01-09;""quarta-feira"";""17:30:00"";""SP"";116;487;""CAJATI"";""Não"";""Velocidade Incompatível"";2;""Saída de leito carroçável"";""Com Vítimas Feridas"";""Pleno dia"";""Decrescente"";""Sol"";""Dupla"";""Reta"";""Não"";327566;""Automóvel"";""PEUGEOT/206 SW16 ESCA FX"";2006;""Condutor"";""Lesões Graves"";44;""Masculino"";0;0;1;0;-24",72694309;-48,"0909133;""SR-SP"";""DEL6/5"";""UOP02/SP""",
"184234;406189;2019-01-09;""quarta-feira"";""17:30:00"";""SP"";116;487;""CAJATI"";""Sim"";""Não guardar distância de segurança"";1;""Colisão traseira"";""Com Vítimas Feridas"";""Pleno dia"";""Decrescente"";""Sol"";""Dupla"";""Reta"";""Não"";327566;""Automóvel"";""PEUGEOT/206 SW16 ESCA FX"";2006;""Condutor"";""Lesões Graves"";44;""Masculino"";0;0;1;0;-24",72694309;-48,"0909133;""SR-SP"";""DEL6/5"";""UOP02/SP""",
"184234;406189;2019-01-09;""quarta-feira"";""17:30:00"";""SP"";116;487;""CAJATI"";""Não"";""Velocidade Incompatível"";1;""Colisão traseira"";""Com Vítimas Feridas"";""Pleno dia"";""Decrescente"";""Sol"";""Dupla"";""Reta"";""Não"";327566;""Automóvel"";""PEUGEOT/206 SW16 ESCA FX"";2006;""Condutor"";""Lesões Graves"";44;""Masculino"";0;0;1;0;-24",72694309;-48,"0909133;""SR-SP"";""DEL6/5"";""UOP02/SP""",
"184235;407057;2019-01-09;""quarta-feira"";""16:20:00"";""BA"";367;38","5;""PORTO SEGURO"";""Sim"";""Desobediência às normas de trânsito pelo condutor"";1;""Colisão frontal"";""Com Vítimas Feridas"";""Pleno dia"";""Crescente"";""Sol"";""Simples"";""Reta"";""Não"";327534;""Automóvel"";""GM/CELTA 2P LIFE"";2008;""Condutor"";""Lesões Graves"";22;""Masculino"";0;0;1;0;-16",395948;-39,"193439;""SR-BA"";""DEL10/9"";""UOP01/BA"""
"184235;407058;2019-01-09;""quarta-feira"";""16:20:00"";""BA"";367;38","5;""PORTO SEGURO"";""Sim"";""Desobediência às normas de trânsito pelo condutor"";1;""Colisão frontal"";""Com Vítimas Feridas"";""Pleno dia"";""Crescente"";""Sol"";""Simples"";""Reta"";""Não"";328212;""Caminhão"";""M.BENZ/L 2213"";1978;""Condutor"";""Ileso"";30;""Masculino"";1;0;0;0;-16",395948;-39,"193439;""SR-BA"";""DEL10/9"";""UOP01/BA"""
"184237;406238;2019-01-09;""quarta-feira"";""14:10:00"";""MT"";163;83","1;""RONDONOPOLIS"";""Sim"";""Falta de Atenção à Condução"";1;""Capotamento"";""Com Vítimas Feridas"";""Pleno dia"";""Decrescente"";""Chuva"";""Dupla"";""Curva"";""Não"";327600;""Automóvel"";""VW/GOL 1.0"";2012;""Passageiro"";""Lesões Leves"";33;""Masculino"";0;1;0;0;-16",795879;-54,"675625;""SR-MT"";""DEL2/2"";""UOP02/MT"""
"184237;406237;2019-01-09;""quarta-feira"";""14:10:00"";""MT"";163;83","1;""RONDONOPOLIS"";""Sim"";""Falta de Atenção à Condução"";1;""Capotamento"";""Com Vítimas Feridas"";""Pleno dia"";""Decrescente"";""Chuva"";""Dupla"";""Curva"";""Não"";327600;""Automóvel"";""VW/GOL 1.0"";2012;""Condutor"";""Lesões Leves"";30;""Masculino"";0;1;0;0;-16",795879;-54,"675625;""SR-MT"";""DEL2/2"";""UOP02/MT"""
"184238;408246;2019-01-09;""quarta-feira"";""18:00:00"";""SP"";116;278;""EMBU DAS ARTES"";""Sim"";""Falta de Atenção do Pedestre"";1;""Colisão traseira"";""Com Vítimas Feridas"";""Anoitecer"";""Crescente"";""Céu Claro"";""Dupla"";""Reta"";""Sim"";329138;""Motocicleta"";""YAMAHA/LANDER XTZ250"";2006;""Condutor"";""Lesões Leves"";36;""Masculino"";0;1;0;0;-23",6891667;-46,"8618638;""SR-SP"";""DEL6/4"";""UOP01/SP""",
"184238;408245;2019-01-09;""quarta-feira"";""18:00:00"";""SP"";116;278;""EMBU DAS ARTES"";""Sim"";""Falta de Atenção do Pedestre"";1;""Colisão traseira"";""Com Vítimas Feridas"";""Anoitecer"";""Crescente"";""Céu Claro"";""Dupla"";""Reta"";""Sim"";327682;""Utilitário"";""I/TOYOTA HILUX SWSRXA4FD"";2016;""Condutor"";""Ileso"";69;""Masculino"";1;0;0;0;-23",6891667;-46,"8618638;""SR-SP"";""DEL6/4"";""UOP01/SP""",
"184239;406162;2019-01-09;""quarta-feira"";""15:00:00"";""BA"";116;367;""SERRINHA"";""Sim"";""Falta de Atenção à Condução"";1;""Colisão traseira"";""Sem Vítimas"";""Pleno dia"";""Decrescente"";""Sol"";""Simples"";""Reta"";""Não"";327551;""Automóvel"";""VW/NOVO GOL TL MBV"";2017;""Condutor"";""Ileso"";32;""Masculino"";1;0;0;0;-11",69191076;-38,"98601532;""SR-BA"";""DEL10/2"";""UOP01/BA""",
"184239;406161;2019-01-09;""quarta-feira"";""15:00:00"";""BA"";116;367;""SERRINHA"";""Sim"";""Falta de Atenção à Condução"";1;""Colisão traseira"";""Sem Vítimas"";""Pleno dia"";""Decrescente"";""Sol"";""Simples"";""Reta"";""Não"";327550;""Automóvel"";""FIAT/SIENA ESSENCE 1.6"";2014;""Condutor"";""Ileso"";28;""Masculino"";1;0;0;0;-11",69191076;-38,"98601532;""SR-BA"";""DEL10/2"";""UOP01/BA""",
"184240;406305;2019-01-09;""quarta-feira"";""18:30:00"";""MG"";40;387","8;""CURVELO"";""Sim"";""Ultrapassagem Indevida"";1;""Colisão frontal"";""Com Vítimas Feridas"";""Pleno dia"";""Decrescente"";""Céu Claro"";""Simples"";""Reta"";""Não"";327640;""Caminhonete"";""FIAT/TORO FREEDOM MT D4"";2017;""Passageiro"";""Lesões Graves"";36;""Masculino"";0;0;1;0;-18",922731;-44,"683674;""SR-MG"";""DEL4/2"";""UOP01/MG"""
"184240;406303;2019-01-09;""quarta-feira"";""18:30:00"";""MG"";40;387","8;""CURVELO"";""Sim"";""Ultrapassagem Indevida"";1;""Colisão frontal"";""Com Vítimas Feridas"";""Pleno dia"";""Decrescente"";""Céu Claro"";""Simples"";""Reta"";""Não"";327640;""Caminhonete"";""FIAT/TORO FREEDOM MT D4"";2017;""Passageiro"";""Lesões Leves"";25;""Masculino"";0;1;0;0;-18",922731;-44,"683674;""SR-MG"";""DEL4/2"";""UOP01/MG"""
"184240;406304;2019-01-09;""quarta-feira"";""18:30:00"";""MG"";40;387","8;""CURVELO"";""Sim"";""Ultrapassagem Indevida"";1;""Colisão frontal"";""Com Vítimas Feridas"";""Pleno dia"";""Decrescente"";""Céu Claro"";""Simples"";""Reta"";""Não"";327640;""Caminhonete"";""FIAT/TORO FREEDOM MT D4"";2017;""Passageiro"";""Lesões Leves"";25;""Masculino"";0;1;0;0;-18",922731;-44,"683674;""SR-MG"";""DEL4/2"";""UOP01/MG"""
"184240;406302;2019-01-09;""quarta-feira"";""18:30:00"";""MG"";40;387","8;""CURVELO"";""Sim"";""Ultrapassagem Indevida"";1;""Colisão frontal"";""Com Vítimas Feridas"";""Pleno dia"";""Decrescente"";""Céu Claro"";""Simples"";""Reta"";""Não"";327640;""Caminhonete"";""FIAT/TORO FREEDOM MT D4"";2017;""Condutor"";""Lesões Leves"";45;""Masculino"";0;1;0;0;-18",922731;-44,"683674;""SR-MG"";""DEL4/2"";""UOP01/MG"""
"184240;406301;2019-01-09;""quarta-feira"";""18:30:00"";""MG"";40;387","8;""CURVELO"";""Sim"";""Ultrapassagem Indevida"";1;""Colisão frontal"";""Com Vítimas Feridas"";""Pleno dia"";""Decrescente"";""Céu Claro"";""Simples"";""Reta"";""Não"";327639;""Automóvel"";""TOYOTA/ETIOS HB XS 15 AT"";2017;""Condutor"";""Lesões Graves"";30;""Masculino"";0;0;1;0;-18",922731;-44,"683674;""SR-MG"";""DEL4/2"";""UOP01/MG"""
"184241;406259;2019-01-09;""quarta-feira"";""17:30:00"";""MG"";381;270;""CORONEL FABRICIANO"";""Sim"";""Desobediência às normas de trânsito pelo condutor"";3;""Capotamento"";""Com Vítimas Feridas"";""Pleno dia"";""Decrescente"";""Céu Claro"";""Simples"";""Reta"";""Não"";327571;""Automóvel"";""FIAT/PALIO ELX FLEX"";2004;""Passageiro"";""Lesões Leves"";27;""Masculino"";0;1;0;0;-19",52589885;-42,"66514778;""SR-MG"";""DEL4/3"";""UOP02/MG""",
"184241;406259;2019-01-09;""quarta-feira"";""17:30:00"";""MG"";381;270;""CORONEL FABRICIANO"";""Sim"";""Desobediência às normas de trânsito pelo condutor"";2;""Saída de leito carroçável"";""Com Vítimas Feridas"";""Pleno dia"";""Decrescente"";""Céu Claro"";""Simples"";""Reta"";""Não"";327571;""Automóvel"";""FIAT/PALIO ELX FLEX"";2004;""Passageiro"";""Lesões Leves"";27;""Masculino"";0;1;0;0;-19",52589885;-42,"66514778;""SR-MG"";""DEL4/3"";""UOP02/MG""",