"id;""pesid"";""data_inversa"";""dia_semana"";""horario"";""uf"";""br"";""km"";""municipio"";""causa_principal"";""causa_acidente"";""ordem_tipo_acidente"";""tipo_acidente"";""classificacao_acidente"";""fase_dia"";""sentido_via"";""condicao_metereologica"";""tipo_pista"";""tracado_via"";""uso_solo"";""id_veiculo"";""tipo_veiculo"";""marca"";""ano_fabricacao_veiculo"";""tipo_envolvido"";""estado_fisico"";""idade"";""sexo"";""ilesos"";""feridos_leves"";""feridos_graves"";""mortos"";""latitude"";""longitude"";""regional"";""delegacia"";""uop""",,,
"184289;408172;2019-01-09;""quarta-feira"";""22:10:00"";""AL"";101;182;""JUNQUEIRO"";""Sim"";""Agressão Externa"";2;""Tombamento"";""Sem Vítimas"";""Plena Noite"";""Crescente"";""Céu Claro"";""Dupla"";""Reta"";""Não"";328942;""Caminhão"";""VW/8.150E DELIVERY"";2009;""Condutor"";""Ileso"";36;""Masculino"";1;0;0;0;-9",899678;-36,"283047;""SR-AL"";""DEL13/2"";""UOP02/AL""",
"184289;408172;2019-01-09;""quarta-feira"";""22:10:00"";""AL"";101;182;""JUNQUEIRO"";""Sim"";""Agressão Externa"";1;""Saída de leito carroçável"";""Sem Vítimas"";""Plena Noite"";""Crescente"";""Céu Claro"";""Dupla"";""Reta"";""Não"";328942;""Caminhão"";""VW/8.150E DELIVERY"";2009;""Condutor"";""Ileso"";36;""Masculino"";1;0;0;0;-9",899678;-36,"283047;""SR-AL"";""DEL13/2"";""UOP02/AL""",
"184290;406320;2019-01-10;""quinta-feira"";""00:30:00"";""CE"";20;306","2;""CANINDE"";""Sim"";""Ingestão de Álcool"";1;""Colisão traseira"";""Sem Vítimas"";""Plena Noite"";""Decrescente"";""Nublado"";""Simples"";""Reta"";""Sim"";327657;""Automóvel"";""GM/CELTA 4P SPIRIT"";2010;""Condutor"";""Ileso"";31;""Masculino"";1;0;0;0;-4",34944;-39,"299339;""SR-CE"";""DEL16/2"";""UOP01/CE"""
"184290;406318;2019-01-10;""quinta-feira"";""00:30:00"";""CE"";20;306","2;""CANINDE"";""Sim"";""Ingestão de Álcool"";1;""Colisão traseira"";""Sem Vítimas"";""Plena Noite"";""Decrescente"";""Nublado"";""Simples"";""Reta"";""Sim"";327656;""Motocicleta"";""YAMAHA/XT 660R"";2016;""Condutor"";""Ileso"";38;""Masculino"";1;0;0;0;-4",34944;-39,"299339;""SR-CE"";""DEL16/2"";""UOP01/CE"""
"184291;407796;2019-01-10;""quinta-feira"";""01:40:00"";""PR"";376;187","5;""MARIALVA"";""Sim"";""Falta de Atenção à Condução"";1;""Colisão traseira"";""Com Vítimas Feridas"";""Plena Noite"";""Decrescente"";""Céu Claro"";""Dupla"";""Reta"";""Não"";327654;""Automóvel"";""I/FORD FUSION"";2007;""Condutor"";""Lesões Leves"";28;""Masculino"";0;1;0;0;-23",458345;-51,"841714;""SR-PR"";""DEL7/7"";""UOP04/PR"""
"184291;407852;2019-01-10;""quinta-feira"";""01:40:00"";""PR"";376;187","5;""MARIALVA"";""Sim"";""Falta de Atenção à Condução"";1;""Colisão traseira"";""Com Vítimas Feridas"";""Plena Noite"";""Decrescente"";""Céu Claro"";""Dupla"";""Reta"";""Não"";327654;""Automóvel"";""I/FORD FUSION"";2007;""Passageiro"";""Lesões Leves"";24;""Feminino"";0;1;0;0;-23",458345;-51,"841714;""SR-PR"";""DEL7/7"";""UOP04/PR"""
"184291;407855;2019-01-10;""quinta-feira"";""01:40:00"";""PR"";376;187","5;""MARIALVA"";""Sim"";""Falta de Atenção à Condução"";1;""Colisão traseira"";""Com Vítimas Feridas"";""Plena Noite"";""Decrescente"";""Céu Claro"";""Dupla"";""Reta"";""Não"";327654;""Automóvel"";""I/FORD FUSION"";2007;""Passageiro"";""Lesões Leves"";60;""Feminino"";0;1;0;0;-23",458345;-51,"841714;""SR-PR"";""DEL7/7"";""UOP04/PR"""
"184291;407854;2019-01-10;""quinta-feira"";""01:40:00"";""PR"";376;187","5;""MARIALVA"";""Sim"";""Falta de Atenção à Condução"";1;""Colisão traseira"";""Com Vítimas Feridas"";""Plena Noite"";""Decrescente"";""Céu Claro"";""Dupla"";""Reta"";""Não"";327654;""Automóvel"";""I/FORD FUSION"";2007;""Passageiro"";""Ileso"";29;""Masculino"";1;0;0;0;-23",458345;-51,"841714;""SR-PR"";""DEL7/7"";""UOP04/PR"""
"184291;407785;2019-01-10;""quinta-feira"";""01:40:00"";""PR"";376;187","5;""MARIALVA"";""Sim"";""Falta de Atenção à Condução"";1;""Colisão traseira"";""Com Vítimas Feridas"";""Plena Noite"";""Decrescente"";""Céu Claro"";""Dupla"";""Reta"";""Não"";327653;""Micro-ônibus"";""RENAULT/MASTER MINIBUS16"";2003;""Condutor"";""Não Informado"";NA;""Não Informado"";0;0;0;0;-23",458345;-51,"841714;""SR-PR"";""DEL7/7"";""UOP04/PR"""
"184292;408326;2019-01-10;""quinta-feira"";""01:50:00"";""ES"";101;296;""CARIACICA"";""Sim"";""Velocidade Incompatível"";2;""Tombamento"";""Sem Vítimas"";""Plena Noite"";""Crescente"";""Garoa/Chuvisco"";""Múltipla"";""Curva"";""Sim"";327655;""Automóvel"";""FORD/KA SE 1.0 HA B"";2018;""Condutor"";""Ileso"";28;""Masculino"";1;0;0;0;-20",34355148;-40,"40708132;""SR-ES"";""DEL12/1"";""UOP01/ES""",
"184292;408326;2019-01-10;""quinta-feira"";""01:50:00"";""ES"";101;296;""CARIACICA"";""Sim"";""Velocidade Incompatível"";1;""Colisão com objeto estático"";""Sem Vítimas"";""Plena Noite"";""Crescente"";""Garoa/Chuvisco"";""Múltipla"";""Curva"";""Sim"";327655;""Automóvel"";""FORD/KA SE 1.0 HA B"";2018;""Condutor"";""Ileso"";28;""Masculino"";1;0;0;0;-20",34355148;-40,"40708132;""SR-ES"";""DEL12/1"";""UOP01/ES""",
"184294;406967;2019-01-09;""quarta-feira"";""23:40:00"";""BA"";116;893","7;""CANDIDO SALES"";""Sim"";""Condutor Dormindo"";1;""Capotamento"";""Com Vítimas Feridas"";""Plena Noite"";""Decrescente"";""Céu Claro"";""Simples"";""Reta"";""Não"";327814;""Automóvel"";""HONDA/CITY LX FLEX"";2010;""Passageiro"";""Lesões Leves"";34;""Feminino"";0;1;0;0;-15",38601297;-41,"20152594;""SR-BA"";""DEL10/8"";""UOP03/BA"""
"184294;406980;2019-01-09;""quarta-feira"";""23:40:00"";""BA"";116;893","7;""CANDIDO SALES"";""Sim"";""Condutor Dormindo"";1;""Capotamento"";""Com Vítimas Feridas"";""Plena Noite"";""Decrescente"";""Céu Claro"";""Simples"";""Reta"";""Não"";327814;""Automóvel"";""HONDA/CITY LX FLEX"";2010;""Passageiro"";""Lesões Graves"";8;""Feminino"";0;0;1;0;-15",38601297;-41,"20152594;""SR-BA"";""DEL10/8"";""UOP03/BA"""
"184294;406962;2019-01-09;""quarta-feira"";""23:40:00"";""BA"";116;893","7;""CANDIDO SALES"";""Sim"";""Condutor Dormindo"";1;""Capotamento"";""Com Vítimas Feridas"";""Plena Noite"";""Decrescente"";""Céu Claro"";""Simples"";""Reta"";""Não"";327814;""Automóvel"";""HONDA/CITY LX FLEX"";2010;""Condutor"";""Lesões Leves"";30;""Masculino"";0;1;0;0;-15",38601297;-41,"20152594;""SR-BA"";""DEL10/8"";""UOP03/BA"""
"184295;406371;2019-01-10;""quinta-feira"";""00:20:00"";""CE"";20;306","1;""CANINDE"";""Sim"";""Desobediência às normas de trânsito pelo condutor"";1;""Queda de ocupante de veículo"";""Com Vítimas Feridas"";""Plena Noite"";""Decrescente"";""Céu Claro"";""Simples"";""Interseção de vias"";""Sim"";327673;""Motocicleta"";""HONDA/CG 150 FAN ESI"";2013;""Condutor"";""Lesões Leves"";24;""Masculino"";0;1;0;0;-4",34944;-39,"299339;""SR-CE"";""DEL16/2"";""UOP01/CE"""
"184296;407819;2019-01-10;""quinta-feira"";""03:55:00"";""RS"";392;352","2;""SANTA MARIA"";""Sim"";""Falta de Atenção à Condução"";1;""Colisão transversal"";""Com Vítimas Feridas"";""Plena Noite"";""Decrescente"";""Nublado"";""Simples"";""Não Informado"";""Sim"";327726;""Motocicleta"";""HONDA/CG 125 FAN KS"";2015;""Condutor"";""Lesões Graves"";33;""Masculino"";0;0;1;0;-29",720404;-53,"807632;""SR-RS"";""DEL9/9"";""UOP01/RS"""
"184296;407818;2019-01-10;""quinta-feira"";""03:55:00"";""RS"";392;352","2;""SANTA MARIA"";""Sim"";""Falta de Atenção à Condução"";1;""Colisão transversal"";""Com Vítimas Feridas"";""Plena Noite"";""Decrescente"";""Nublado"";""Simples"";""Não Informado"";""Sim"";327725;""Automóvel"";""FORD/KA GL"";2000;""Condutor"";""Não Informado"";NA;""Não Informado"";0;0;0;0;-29",720404;-53,"807632;""SR-RS"";""DEL9/9"";""UOP01/RS"""
"184297;406366;2019-01-10;""quinta-feira"";""04:20:00"";""RS"";116;253;""SAPUCAIA DO SUL"";""Sim"";""Desobediência às normas de trânsito pelo condutor"";1;""Colisão frontal"";""Com Vítimas Fatais"";""Plena Noite"";""Crescente"";""Nublado"";""Dupla"";""Reta"";""Sim"";327669;""Caminhonete"";""HYUNDAI/HR HDB"";2008;""Passageiro"";""Lesões Leves"";31;""Masculino"";0;1;0;0;-29",817963;-51,"169994;""SR-RS"";""DEL9/1"";""UOP02/RS""",
"184297;406365;2019-01-10;""quinta-feira"";""04:20:00"";""RS"";116;253;""SAPUCAIA DO SUL"";""Sim"";""Desobediência às normas de trânsito pelo condutor"";1;""Colisão frontal"";""Com Vítimas Fatais"";""Plena Noite"";""Crescente"";""Nublado"";""Dupla"";""Reta"";""Sim"";327669;""Caminhonete"";""HYUNDAI/HR HDB"";2008;""Condutor"";""Lesões Graves"";44;""Masculino"";0;0;1;0;-29",817963;-51,"169994;""SR-RS"";""DEL9/1"";""UOP02/RS""",
"184297;406362;2019-01-10;""quinta-feira"";""04:20:00"";""RS"";116;253;""SAPUCAIA DO SUL"";""Sim"";""Desobediência às normas de trânsito pelo condutor"";1;""Colisão frontal"";""Com Vítimas Fatais"";""Plena Noite"";""Crescente"";""Nublado"";""Dupla"";""Reta"";""Sim"";327668;""Automóvel"";""GM/CORSA WIND"";1997;""Condutor"";""Óbito"";27;""Masculino"";0;0;0;1;-29",817963;-51,"169994;""SR-RS"";""DEL9/1"";""UOP02/RS""",
"184298;406360;2019-01-10;""quinta-feira"";""03:50:00"";""RN"";101;126","3;""SAO JOSE DE MIPIBU"";""Sim"";""Animais na Pista"";1;""Atropelamento de Animal"";""Com Vítimas Feridas"";""Plena Noite"";""Decrescente"";""Céu Claro"";""Dupla"";""Reta"";""Não"";327666;""Camioneta"";""VW/KOMBI"";2009;""Condutor"";""Lesões Leves"";49;""Masculino"";0;1;0;0;-6",086887;-35,"234379;""SR-RN"";""DEL15/1"";""UOP01/RN"""
"184299;407898;2019-01-10;""quinta-feira"";""04:15:00"";""SE"";235;46","7;""ITABAIANA"";""Sim"";""Desobediência às normas de trânsito pelo pedestre"";1;""Atropelamento de Pedestre"";""Com Vítimas Fatais"";""Amanhecer"";""Crescente"";""Céu Claro"";""Simples"";""Reta"";""Não"";327677;""Caminhão"";"""";NA;""Pedestre"";""Óbito"";29;""Masculino"";0;0;0;1;-10",739394;-37,"405602;""SR-SE"";""DEL20/1"";""UOP02/SE"""
"184299;407894;2019-01-10;""quinta-feira"";""04:15:00"";""SE"";235;46","7;""ITABAIANA"";""Sim"";""Desobediência às normas de trânsito pelo pedestre"";1;""Atropelamento de Pedestre"";""Com Vítimas Fatais"";""Amanhecer"";""Crescente"";""Céu Claro"";""Simples"";""Reta"";""Não"";327677;""Caminhão"";"""";NA;""Condutor"";""Não Informado"";NA;""Não Informado"";0;0;0;0;-10",739394;-37,"405602;""SR-SE"";""DEL20/1"";""UOP02/SE"""
"184300;406339;2019-01-09;""quarta-feira"";""21:40:00"";""CE"";116;110","1;""MORADA NOVA"";""Sim"";""Falta de Atenção à Condução"";1;""Colisão traseira"";""Sem Vítimas"";""Plena Noite"";""Crescente"";""Garoa/Chuvisco"";""Simples"";""Reta"";""Não"";327662;""Caminhão"";""M.BENZ/L 1214"";1993;""Condutor"";""Ileso"";52;""Masculino"";1;0;0;0;-4",590173;-38,"214588;""SR-CE"";""DEL16/3"";""UOP02/CE"""
"184300;406338;2019-01-09;""quarta-feira"";""21:40:00"";""CE"";116;110","1;""MORADA NOVA"";""Sim"";""Falta de Atenção à Condução"";1;""Colisão traseira"";""Sem Vítimas"";""Plena Noite"";""Crescente"";""Garoa/Chuvisco"";""Simples"";""Reta"";""Não"";327661;""Automóvel"";""RENAULT/CLIO AUT 1.0 H"";2005;""Condutor"";""Ileso"";33;""Masculino"";1;0;0;0;-4",590173;-38,"214588;""SR-CE"";""DEL16/3"";""UOP02/CE"""
"184301;408055;2019-01-10;""quinta-feira"";""06:40:00"";""ES"";101;125;""SOORETAMA"";""Sim"";""Falta de Atenção à Condução"";1;""Queda de ocupante de veículo"";""Com Vítimas Feridas"";""Pleno dia"";""Crescente"";""Céu Claro"";""Dupla"";""Reta"";""Não"";327675;""Motoneta"";""HONDA/BIZ 100 ES"";2014;""Condutor"";""Lesões Leves"";40;""Feminino"";0;1;0;0;-19",1868951;-40,"09500536;""SR-ES"";""DEL12/4"";""UOP01/ES""",
"184302;406378;2019-01-10;""quinta-feira"";""06:45:00"";""ES"";101;255","5;""SERRA"";""Sim"";""Desobediência às normas de trânsito pelo condutor"";1;""Colisão transversal"";""Com Vítimas Feridas"";""Pleno dia"";""Decrescente"";""Céu Claro"";""Simples"";""Reta"";""Sim"";327671;""Automóvel"";""GM/CORSA WIND"";1995;""Passageiro"";""Lesões Graves"";45;""Feminino"";0;0;1;0;-20",11734143;-40,"31474059;""SR-ES"";""DEL12/2"";""UOP01/ES"""
"184302;406373;2019-01-10;""quinta-feira"";""06:45:00"";""ES"";101;255","5;""SERRA"";""Sim"";""Desobediência às normas de trânsito pelo condutor"";1;""Colisão transversal"";""Com Vítimas Feridas"";""Pleno dia"";""Decrescente"";""Céu Claro"";""Simples"";""Reta"";""Sim"";327671;""Automóvel"";""GM/CORSA WIND"";1995;""Testemunha"";""Não Informado"";NA;""Não Informado"";0;0;0;0;-20",11734143;-40,"31474059;""SR-ES"";""DEL12/2"";""UOP01/ES"""
"184302;406373;2019-01-10;""quinta-feira"";""06:45:00"";""ES"";101;255","5;""SERRA"";""Sim"";""Desobediência às normas de trânsito pelo condutor"";1;""Colisão transversal"";""Com Vítimas Feridas"";""Pleno dia"";""Decrescente"";""Céu Claro"";""Simples"";""Reta"";""Sim"";327672;""Utilitário"";""I/TOYOTA HILUX SWSRXA4FD"";2016;""Testemunha"";""Não Informado"";NA;""Não Informado"";0;0;0;0;-20",11734143;-40,"31474059;""SR-ES"";""DEL12/2"";""UOP01/ES"""
"184302;406370;2019-01-10;""quinta-feira"";""06:45:00"";""ES"";101;255","5;""SERRA"";""Sim"";""Desobediência às normas de trânsito pelo condutor"";1;""Colisão transversal"";""Com Vítimas Feridas"";""Pleno dia"";""Decrescente"";""Céu Claro"";""Simples"";""Reta"";""Sim"";327672;""Utilitário"";""I/TOYOTA HILUX SWSRXA4FD"";2016;""Condutor"";""Ileso"";70;""Masculino"";1;0;0;0;-20",11734143;-40,"31474059;""SR-ES"";""DEL12/2"";""UOP01/ES"""
"184302;406368;2019-01-10;""quinta-feira"";""06:45:00"";""ES"";101;255","5;""SERRA"";""Sim"";""Desobediência às normas de trânsito pelo condutor"";1;""Colisão transversal"";""Com Vítimas Feridas"";""Pleno dia"";""Decrescente"";""Céu Claro"";""Simples"";""Reta"";""Sim"";327671;""Automóvel"";""GM/CORSA WIND"";1995;""Condutor"";""Ileso"";50;""Masculino"";1;0;0;0;-20",11734143;-40,"31474059;""SR-ES"";""DEL12/2"";""UOP01/ES"""
"184303;407824;2019-01-10;""quinta-feira"";""06:20:00"";""PE"";232;63;""POMBOS"";""Sim"";""Velocidade Incompatível"";1;""Capotamento"";""Com Vítimas Feridas"";""Amanhecer"";""Decrescente"";""Céu Claro"";""Dupla"";""Reta"";""Não"";327683;""Automóvel"";""FIAT/SIENA ATTRACTIV 1.4"";2012;""Condutor"";""Lesões Graves"";56;""Masculino"";0;0;1;0;-8",147123;-35,"398911;""SR-PE"";""DEL11/1"";""UOP04/PE""",
"184305;406584;2019-01-10;""quinta-feira"";""07:50:00"";""ES"";101;297;""CARIACICA"";""Sim"";""Não guardar distância de segurança"";1;""Colisão traseira"";""Com Vítimas Feridas"";""Pleno dia"";""Crescente"";""Céu Claro"";""Dupla"";""Reta"";""Sim"";327686;""Motocicleta"";""HONDA/CB 300R"";2010;""Condutor"";""Lesões Leves"";25;""Masculino"";0;1;0;0;-20",34784597;-40,"41166306;""SR-ES"";""DEL12/1"";""UOP01/ES""",
"184305;406596;2019-01-10;""quinta-feira"";""07:50:00"";""ES"";101;297;""CARIACICA"";""Sim"";""Não guardar distância de segurança"";1;""Colisão traseira"";""Com Vítimas Feridas"";""Pleno dia"";""Crescente"";""Céu Claro"";""Dupla"";""Reta"";""Sim"";327687;""Caminhão"";""VW/8.140"";1999;""Condutor"";""Ileso"";NA;""Masculino"";1;0;0;0;-20",34784597;-40,"41166306;""SR-ES"";""DEL12/1"";""UOP01/ES""",
"184306;406464;2019-01-10;""quinta-feira"";""08:20:00"";""PR"";376;279;""MARILANDIA DO SUL"";""Sim"";""Ultrapassagem Indevida"";1;""Colisão frontal"";""Com Vítimas Fatais"";""Pleno dia"";""Crescente"";""Chuva"";""Simples"";""Não Informado"";""Não"";327710;""Caminhonete"";""GM/S10 ADVANTAGE D"";2007;""Condutor"";""Lesões Graves"";36;""Masculino"";0;0;1;0;-23",80384345;-51,"26199245;""SR-PR"";""DEL7/7"";""UOP02/PR""",
"184306;406464;2019-01-10;""quinta-feira"";""08:20:00"";""PR"";376;279;""MARILANDIA DO SUL"";""Não"";""Desobediência às normas de trânsito pelo condutor"";1;""Colisão frontal"";""Com Vítimas Fatais"";""Pleno dia"";""Crescente"";""Chuva"";""Simples"";""Não Informado"";""Não"";327710;""Caminhonete"";""GM/S10 ADVANTAGE D"";2007;""Condutor"";""Lesões Graves"";36;""Masculino"";0;0;1;0;-23",80384345;-51,"26199245;""SR-PR"";""DEL7/7"";""UOP02/PR""",
"184306;406465;2019-01-10;""quinta-feira"";""08:20:00"";""PR"";376;279;""MARILANDIA DO SUL"";""Sim"";""Ultrapassagem Indevida"";1;""Colisão frontal"";""Com Vítimas Fatais"";""Pleno dia"";""Crescente"";""Chuva"";""Simples"";""Não Informado"";""Não"";327710;""Caminhonete"";""GM/S10 ADVANTAGE D"";2007;""Passageiro"";""Lesões Graves"";36;""Feminino"";0;0;1;0;-23",80384345;-51,"26199245;""SR-PR"";""DEL7/7"";""UOP02/PR""",
"184306;406465;2019-01-10;""quinta-feira"";""08:20:00"";""PR"";376;279;""MARILANDIA DO SUL"";""Não"";""Desobediência às normas de trânsito pelo condutor"";1;""Colisão frontal"";""Com Vítimas Fatais"";""Pleno dia"";""Crescente"";""Chuva"";""Simples"";""Não Informado"";""Não"";327710;""Caminhonete"";""GM/S10 ADVANTAGE D"";2007;""Passageiro"";""Lesões Graves"";36;""Feminino"";0;0;1;0;-23",80384345;-51,"26199245;""SR-PR"";""DEL7/7"";""UOP02/PR""",
"184306;406427;2019-01-10;""quinta-feira"";""08:20:00"";""PR"";376;279;""MARILANDIA DO SUL"";""Sim"";""Ultrapassagem Indevida"";1;""Colisão frontal"";""Com Vítimas Fatais"";""Pleno dia"";""Crescente"";""Chuva"";""Simples"";""Não Informado"";""Não"";327709;""Automóvel"";""VW/GOL ROLLING STONES"";1995;""Passageiro"";""Óbito"";66;""Feminino"";0;0;0;1;-23",80384345;-51,"26199245;""SR-PR"";""DEL7/7"";""UOP02/PR""",
"184306;406427;2019-01-10;""quinta-feira"";""08:20:00"";""PR"";376;279;""MARILANDIA DO SUL"";""Não"";""Desobediência às normas de trânsito pelo condutor"";1;""Colisão frontal"";""Com Vítimas Fatais"";""Pleno dia"";""Crescente"";""Chuva"";""Simples"";""Não Informado"";""Não"";327709;""Automóvel"";""VW/GOL ROLLING STONES"";1995;""Passageiro"";""Óbito"";66;""Feminino"";0;0;0;1;-23",80384345;-51,"26199245;""SR-PR"";""DEL7/7"";""UOP02/PR""",
"184306;406462;2019-01-10;""quinta-feira"";""08:20:00"";""PR"";376;279;""MARILANDIA DO SUL"";""Sim"";""Ultrapassagem Indevida"";1;""Colisão frontal"";""Com Vítimas Fatais"";""Pleno dia"";""Crescente"";""Chuva"";""Simples"";""Não Informado"";""Não"";327709;""Automóvel"";""VW/GOL ROLLING STONES"";1995;""Testemunha"";""Não Informado"";NA;""Não Informado"";0;0;0;0;-23",80384345;-51,"26199245;""SR-PR"";""DEL7/7"";""UOP02/PR""",
"184306;406462;2019-01-10;""quinta-feira"";""08:20:00"";""PR"";376;279;""MARILANDIA DO SUL"";""Não"";""Desobediência às normas de trânsito pelo condutor"";1;""Colisão frontal"";""Com Vítimas Fatais"";""Pleno dia"";""Crescente"";""Chuva"";""Simples"";""Não Informado"";""Não"";327709;""Automóvel"";""VW/GOL ROLLING STONES"";1995;""Testemunha"";""Não Informado"";NA;""Não Informado"";0;0;0;0;-23",80384345;-51,"26199245;""SR-PR"";""DEL7/7"";""UOP02/PR""",
"184306;406462;2019-01-10;""quinta-feira"";""08:20:00"";""PR"";376;279;""MARILANDIA DO SUL"";""Sim"";""Ultrapassagem Indevida"";1;""Colisão frontal"";""Com Vítimas Fatais"";""Pleno dia"";""Crescente"";""Chuva"";""Simples"";""Não Informado"";""Não"";327710;""Caminhonete"";""GM/S10 ADVANTAGE D"";2007;""Testemunha"";""Não Informado"";NA;""Não Informado"";0;0;0;0;-23",80384345;-51,"26199245;""SR-PR"";""DEL7/7"";""UOP02/PR""",
"184306;406462;2019-01-10;""quinta-feira"";""08:20:00"";""PR"";376;279;""MARILANDIA DO SUL"";""Não"";""Desobediência às normas de trânsito pelo condutor"";1;""Colisão frontal"";""Com Vítimas Fatais"";""Pleno dia"";""Crescente"";""Chuva"";""Simples"";""Não Informado"";""Não"";327710;""Caminhonete"";""GM/S10 ADVANTAGE D"";2007;""Testemunha"";""Não Informado"";NA;""Não Informado"";0;0;0;0;-23",80384345;-51,"26199245;""SR-PR"";""DEL7/7"";""UOP02/PR""",
"184306;406426;2019-01-10;""quinta-feira"";""08:20:00"";""PR"";376;279;""MARILANDIA DO SUL"";""Sim"";""Ultrapassagem Indevida"";1;""Colisão frontal"";""Com Vítimas Fatais"";""Pleno dia"";""Crescente"";""Chuva"";""Simples"";""Não Informado"";""Não"";327709;""Automóvel"";""VW/GOL ROLLING STONES"";1995;""Condutor"";""Óbito"";64;""Masculino"";0;0;0;1;-23",80384345;-51,"26199245;""SR-PR"";""DEL7/7"";""UOP02/PR""",
"184306;406426;2019-01-10;""quinta-feira"";""08:20:00"";""PR"";376;279;""MARILANDIA DO SUL"";""Não"";""Desobediência às normas de trânsito pelo condutor"";1;""Colisão frontal"";""Com Vítimas Fatais"";""Pleno dia"";""Crescente"";""Chuva"";""Simples"";""Não Informado"";""Não"";327709;""Automóvel"";""VW/GOL ROLLING STONES"";1995;""Condutor"";""Óbito"";64;""Masculino"";0;0;0;1;-23",80384345;-51,"26199245;""SR-PR"";""DEL7/7"";""UOP02/PR""",
"184307;406659;2019-01-10;""quinta-feira"";""07:43:00"";""PR"";369;147;""LONDRINA"";""Sim"";""Não guardar distância de segurança"";1;""Colisão traseira"";""Com Vítimas Feridas"";""Pleno dia"";""Crescente"";""Sol"";""Dupla"";""Reta"";""Não"";327722;""Motocicleta"";""HONDA/CG 150 TITAN EX"";2014;""Condutor"";""Lesões Leves"";55;""Masculino"";0;1;0;0;-23",29306743;-51,"13721073;""SR-PR"";""DEL7/7"";""UOP01/PR""",
"184307;406661;2019-01-10;""quinta-feira"";""07:43:00"";""PR"";369;147;""LONDRINA"";""Sim"";""Não guardar distância de segurança"";1;""Colisão traseira"";""Com Vítimas Feridas"";""Pleno dia"";""Crescente"";""Sol"";""Dupla"";""Reta"";""Não"";327723;""Automóvel"";""TOYOTA/BANDEIRANTE"";1981;""Condutor"";""Ileso"";45;""Masculino"";1;0;0;0;-23",29306743;-51,"13721073;""SR-PR"";""DEL7/7"";""UOP01/PR""",
"184308;406572;2019-01-10;""quinta-feira"";""06:45:00"";""MG"";40;523;""RIBEIRAO DAS NEVES"";""Sim"";""Não guardar distância de segurança"";1;""Colisão traseira"";""Com Vítimas Feridas"";""Pleno dia"";""Crescente"";""Sol"";""Dupla"";""Reta"";""Sim"";327732;""Motocicleta"";""HONDA/CG 150 TITAN KS"";2007;""Condutor"";""Lesões Graves"";24;""Masculino"";0;0;1;0;-19",879;-44,"051;""SR-MG"";""DEL4/1"";""UOP03/MG""",
"184308;406616;2019-01-10;""quinta-feira"";""06:45:00"";""MG"";40;523;""RIBEIRAO DAS NEVES"";""Sim"";""Não guardar distância de segurança"";1;""Colisão traseira"";""Com Vítimas Feridas"";""Pleno dia"";""Crescente"";""Sol"";""Dupla"";""Reta"";""Sim"";327732;""Motocicleta"";""HONDA/CG 150 TITAN KS"";2007;""Testemunha"";""Não Informado"";NA;""Não Informado"";0;0;0;0;-19",879;-44,"051;""SR-MG"";""DEL4/1"";""UOP03/MG""",
"184308;406616;2019-01-10;""quinta-feira"";""06:45:00"";""MG"";40;523;""RIBEIRAO DAS NEVES"";""Sim"";""Não guardar distância de segurança"";1;""Colisão traseira"";""Com Vítimas Feridas"";""Pleno dia"";""Crescente"";""Sol"";""Dupla"";""Reta"";""Sim"";327733;""Automóvel"";""GM/CORSA WIND"";1998;""Testemunha"";""Não Informado"";NA;""Não Informado"";0;0;0;0;-19",879;-44,"051;""SR-MG"";""DEL4/1"";""UOP03/MG""",
"184308;406580;2019-01-10;""quinta-feira"";""06:45:00"";""MG"";40;523;""RIBEIRAO DAS NEVES"";""Sim"";""Não guardar distância de segurança"";1;""Colisão traseira"";""Com Vítimas Feridas"";""Pleno dia"";""Crescente"";""Sol"";""Dupla"";""Reta"";""Sim"";327733;""Automóvel"";""GM/CORSA WIND"";1998;""Condutor"";""Ileso"";36;""Masculino"";1;0;0;0;-19",879;-44,"051;""SR-MG"";""DEL4/1"";""UOP03/MG""",
"184309;409264;2019-01-10;""quinta-feira"";""08:30:00"";""MG"";40;447","4;""CAETANOPOLIS"";""Sim"";""Condutor Dormindo"";2;""Capotamento"";""Com Vítimas Fatais"";""Pleno dia"";""Decrescente"";""Céu Claro"";""Dupla"";""Reta"";""Não"";327755;""Caminhonete"";""I/TOYOTA HILUX CD4X4 SRV"";2013;""Passageiro"";""Lesões Leves"";87;""Masculino"";0;1;0;0;-19",3089;-44,"3729;""SR-MG"";""DEL4/2"";""UOP01/MG"""
"184309;409264;2019-01-10;""quinta-feira"";""08:30:00"";""MG"";40;447","4;""CAETANOPOLIS"";""Sim"";""Condutor Dormindo"";1;""Saída de leito carroçável"";""Com Vítimas Fatais"";""Pleno dia"";""Decrescente"";""Céu Claro"";""Dupla"";""Reta"";""Não"";327755;""Caminhonete"";""I/TOYOTA HILUX CD4X4 SRV"";2013;""Passageiro"";""Lesões Leves"";87;""Masculino"";0;1;0;0;-19",3089;-44,"3729;""SR-MG"";""DEL4/2"";""UOP01/MG"""