"id;""pesid"";""data_inversa"";""dia_semana"";""horario"";""uf"";""br"";""km"";""municipio"";""causa_principal"";""causa_acidente"";""ordem_tipo_acidente"";""tipo_acidente"";""classificacao_acidente"";""fase_dia"";""sentido_via"";""condicao_metereologica"";""tipo_pista"";""tracado_via"";""uso_solo"";""id_veiculo"";""tipo_veiculo"";""marca"";""ano_fabricacao_veiculo"";""tipo_envolvido"";""estado_fisico"";""idade"";""sexo"";""ilesos"";""feridos_leves"";""feridos_graves"";""mortos"";""latitude"";""longitude"";""regional"";""delegacia"";""uop""",,,
"184349;408532;2019-01-10;""quinta-feira"";""12:20:00"";""GO"";20;54;""FORMOSA"";""Sim"";""Não guardar distância de segurança"";1;""Colisão traseira"";""Com Vítimas Feridas"";""Pleno dia"";""Decrescente"";""Chuva"";""Simples"";""Não Informado"";""Não"";327791;""Automóvel"";""FIAT/PALIO ATTRACTIV 1.4"";2011;""Passageiro"";""Lesões Leves"";35;""Feminino"";0;1;0;0;-15",298045;-47,"148319;""SR-DF"";""UOP01/DEL02/DF"";""""",
"184349;408532;2019-01-10;""quinta-feira"";""12:20:00"";""GO"";20;54;""FORMOSA"";""Não"";""Pista Escorregadia"";1;""Colisão traseira"";""Com Vítimas Feridas"";""Pleno dia"";""Decrescente"";""Chuva"";""Simples"";""Não Informado"";""Não"";327791;""Automóvel"";""FIAT/PALIO ATTRACTIV 1.4"";2011;""Passageiro"";""Lesões Leves"";35;""Feminino"";0;1;0;0;-15",298045;-47,"148319;""SR-DF"";""UOP01/DEL02/DF"";""""",
"184350;406603;2019-01-10;""quinta-feira"";""12:35:00"";""RJ"";116;224","4;""PIRAI"";""Sim"";""Defeito Mecânico no Veículo"";2;""Colisão com objeto estático"";""Sem Vítimas"";""Pleno dia"";""Decrescente"";""Céu Claro"";""Simples"";""Reta"";""Não"";327818;""Caminhão"";""M.BENZ/LK 1113"";1977;""Condutor"";""Ileso"";35;""Masculino"";1;0;0;0;-22",679905;-43,"814217;""SR-RJ"";""DEL5/7"";""UOP01/RJ"""
"184350;406603;2019-01-10;""quinta-feira"";""12:35:00"";""RJ"";116;224","4;""PIRAI"";""Sim"";""Defeito Mecânico no Veículo"";1;""Tombamento"";""Sem Vítimas"";""Pleno dia"";""Decrescente"";""Céu Claro"";""Simples"";""Reta"";""Não"";327818;""Caminhão"";""M.BENZ/LK 1113"";1977;""Condutor"";""Ileso"";35;""Masculino"";1;0;0;0;-22",679905;-43,"814217;""SR-RJ"";""DEL5/7"";""UOP01/RJ"""
"184351;406609;2019-01-10;""quinta-feira"";""12:30:00"";""MG"";40;532","9;""BELO HORIZONTE"";""Sim"";""Falta de Atenção à Condução"";2;""Colisão com objeto estático"";""Com Vítimas Feridas"";""Pleno dia"";""Crescente"";""Céu Claro"";""Dupla"";""Reta"";""Sim"";327821;""Automóvel"";""FIAT/PALIO WEEKEND ELX"";2001;""Passageiro"";""Lesões Leves"";76;""Masculino"";0;1;0;0;-19",92596933;-44,"00929928;""SR-MG"";""DEL4/1"";""UOP03/MG"""
"184351;406609;2019-01-10;""quinta-feira"";""12:30:00"";""MG"";40;532","9;""BELO HORIZONTE"";""Sim"";""Falta de Atenção à Condução"";1;""Colisão traseira"";""Com Vítimas Feridas"";""Pleno dia"";""Crescente"";""Céu Claro"";""Dupla"";""Reta"";""Sim"";327821;""Automóvel"";""FIAT/PALIO WEEKEND ELX"";2001;""Passageiro"";""Lesões Leves"";76;""Masculino"";0;1;0;0;-19",92596933;-44,"00929928;""SR-MG"";""DEL4/1"";""UOP03/MG"""
"184351;406595;2019-01-10;""quinta-feira"";""12:30:00"";""MG"";40;532","9;""BELO HORIZONTE"";""Sim"";""Falta de Atenção à Condução"";2;""Colisão com objeto estático"";""Com Vítimas Feridas"";""Pleno dia"";""Crescente"";""Céu Claro"";""Dupla"";""Reta"";""Sim"";327821;""Automóvel"";""FIAT/PALIO WEEKEND ELX"";2001;""Condutor"";""Ileso"";48;""Masculino"";1;0;0;0;-19",92596933;-44,"00929928;""SR-MG"";""DEL4/1"";""UOP03/MG"""
"184351;406595;2019-01-10;""quinta-feira"";""12:30:00"";""MG"";40;532","9;""BELO HORIZONTE"";""Sim"";""Falta de Atenção à Condução"";1;""Colisão traseira"";""Com Vítimas Feridas"";""Pleno dia"";""Crescente"";""Céu Claro"";""Dupla"";""Reta"";""Sim"";327821;""Automóvel"";""FIAT/PALIO WEEKEND ELX"";2001;""Condutor"";""Ileso"";48;""Masculino"";1;0;0;0;-19",92596933;-44,"00929928;""SR-MG"";""DEL4/1"";""UOP03/MG"""
"184351;406586;2019-01-10;""quinta-feira"";""12:30:00"";""MG"";40;532","9;""BELO HORIZONTE"";""Sim"";""Falta de Atenção à Condução"";2;""Colisão com objeto estático"";""Com Vítimas Feridas"";""Pleno dia"";""Crescente"";""Céu Claro"";""Dupla"";""Reta"";""Sim"";327820;""Automóvel"";""FIAT/PUNTO ESSENCE 1.6"";2010;""Passageiro"";""Lesões Leves"";51;""Feminino"";0;1;0;0;-19",92596933;-44,"00929928;""SR-MG"";""DEL4/1"";""UOP03/MG"""
"184351;406586;2019-01-10;""quinta-feira"";""12:30:00"";""MG"";40;532","9;""BELO HORIZONTE"";""Sim"";""Falta de Atenção à Condução"";1;""Colisão traseira"";""Com Vítimas Feridas"";""Pleno dia"";""Crescente"";""Céu Claro"";""Dupla"";""Reta"";""Sim"";327820;""Automóvel"";""FIAT/PUNTO ESSENCE 1.6"";2010;""Passageiro"";""Lesões Leves"";51;""Feminino"";0;1;0;0;-19",92596933;-44,"00929928;""SR-MG"";""DEL4/1"";""UOP03/MG"""
"184351;406585;2019-01-10;""quinta-feira"";""12:30:00"";""MG"";40;532","9;""BELO HORIZONTE"";""Sim"";""Falta de Atenção à Condução"";2;""Colisão com objeto estático"";""Com Vítimas Feridas"";""Pleno dia"";""Crescente"";""Céu Claro"";""Dupla"";""Reta"";""Sim"";327820;""Automóvel"";""FIAT/PUNTO ESSENCE 1.6"";2010;""Condutor"";""Ileso"";44;""Masculino"";1;0;0;0;-19",92596933;-44,"00929928;""SR-MG"";""DEL4/1"";""UOP03/MG"""
"184351;406585;2019-01-10;""quinta-feira"";""12:30:00"";""MG"";40;532","9;""BELO HORIZONTE"";""Sim"";""Falta de Atenção à Condução"";1;""Colisão traseira"";""Com Vítimas Feridas"";""Pleno dia"";""Crescente"";""Céu Claro"";""Dupla"";""Reta"";""Sim"";327820;""Automóvel"";""FIAT/PUNTO ESSENCE 1.6"";2010;""Condutor"";""Ileso"";44;""Masculino"";1;0;0;0;-19",92596933;-44,"00929928;""SR-MG"";""DEL4/1"";""UOP03/MG"""
"184351;406583;2019-01-10;""quinta-feira"";""12:30:00"";""MG"";40;532","9;""BELO HORIZONTE"";""Sim"";""Falta de Atenção à Condução"";2;""Colisão com objeto estático"";""Com Vítimas Feridas"";""Pleno dia"";""Crescente"";""Céu Claro"";""Dupla"";""Reta"";""Sim"";327819;""Automóvel"";""HONDA/CIVIC LX"";2005;""Condutor"";""Ileso"";25;""Masculino"";1;0;0;0;-19",92596933;-44,"00929928;""SR-MG"";""DEL4/1"";""UOP03/MG"""
"184351;406583;2019-01-10;""quinta-feira"";""12:30:00"";""MG"";40;532","9;""BELO HORIZONTE"";""Sim"";""Falta de Atenção à Condução"";1;""Colisão traseira"";""Com Vítimas Feridas"";""Pleno dia"";""Crescente"";""Céu Claro"";""Dupla"";""Reta"";""Sim"";327819;""Automóvel"";""HONDA/CIVIC LX"";2005;""Condutor"";""Ileso"";25;""Masculino"";1;0;0;0;-19",92596933;-44,"00929928;""SR-MG"";""DEL4/1"";""UOP03/MG"""
"184352;406670;2019-01-10;""quinta-feira"";""12:40:00"";""MG"";40;515;""RIBEIRAO DAS NEVES"";""Sim"";""Falta de Atenção à Condução"";1;""Colisão frontal"";""Com Vítimas Feridas"";""Pleno dia"";""Crescente"";""Sol"";""Dupla"";""Reta"";""Sim"";327876;""Bicicleta"";""CALOI/MONDO"";NA;""Condutor"";""Lesões Graves"";35;""Masculino"";0;0;1;0;-19",819;-44,"0869;""SR-MG"";""DEL4/1"";""UOP03/MG""",
"184352;406669;2019-01-10;""quinta-feira"";""12:40:00"";""MG"";40;515;""RIBEIRAO DAS NEVES"";""Sim"";""Falta de Atenção à Condução"";1;""Colisão frontal"";""Com Vítimas Feridas"";""Pleno dia"";""Crescente"";""Sol"";""Dupla"";""Reta"";""Sim"";327822;""Automóvel"";""FORD/FIESTA SEDAN1.6FLEX"";2009;""Condutor"";""Ileso"";70;""Masculino"";1;0;0;0;-19",819;-44,"0869;""SR-MG"";""DEL4/1"";""UOP03/MG""",
"184353;406494;2019-01-10;""quinta-feira"";""12:48:00"";""RJ"";40;124;""DUQUE DE CAXIAS"";""Sim"";""Não guardar distância de segurança"";1;""Colisão traseira"";""Com Vítimas Feridas"";""Pleno dia"";""Decrescente"";""Sol"";""Múltipla"";""Reta"";""Sim"";327785;""Motocicleta"";""HONDA/CB 300R"";2011;""Condutor"";""Lesões Leves"";23;""Masculino"";0;1;0;0;-22",8147;-43,"2881;""SR-RJ"";""DEL5/1"";""UOP01/RJ""",
"184353;406493;2019-01-10;""quinta-feira"";""12:48:00"";""RJ"";40;124;""DUQUE DE CAXIAS"";""Sim"";""Não guardar distância de segurança"";1;""Colisão traseira"";""Com Vítimas Feridas"";""Pleno dia"";""Decrescente"";""Sol"";""Múltipla"";""Reta"";""Sim"";327784;""Automóvel"";""VW/POLO SEDAN 1.6"";2011;""Condutor"";""Ileso"";45;""Masculino"";1;0;0;0;-22",8147;-43,"2881;""SR-RJ"";""DEL5/1"";""UOP01/RJ""",
"184354;406467;2019-01-10;""quinta-feira"";""12:40:00"";""SP"";153;178;""LINS"";""Sim"";""Pista Escorregadia"";2;""Queda de ocupante de veículo"";""Com Vítimas Feridas"";""Pleno dia"";""Decrescente"";""Sol"";""Simples"";""Interseção de vias"";""Não"";327749;""Motocicleta"";""HONDA/CG 160 FAN"";2017;""Condutor"";""Lesões Leves"";24;""Masculino"";0;1;0;0;-21",664663;-49,"789581;""SR-SP"";""DEL6/07"";""UOP01/SP""",
"184354;406467;2019-01-10;""quinta-feira"";""12:40:00"";""SP"";153;178;""LINS"";""Sim"";""Pista Escorregadia"";1;""Tombamento"";""Com Vítimas Feridas"";""Pleno dia"";""Decrescente"";""Sol"";""Simples"";""Interseção de vias"";""Não"";327749;""Motocicleta"";""HONDA/CG 160 FAN"";2017;""Condutor"";""Lesões Leves"";24;""Masculino"";0;1;0;0;-21",664663;-49,"789581;""SR-SP"";""DEL6/07"";""UOP01/SP""",
"184355;407991;2019-01-10;""quinta-feira"";""12:00:00"";""MG"";116;675;""MIRADOURO"";""Sim"";""Falta de Atenção à Condução"";1;""Capotamento"";""Com Vítimas Feridas"";""Pleno dia"";""Decrescente"";""Céu Claro"";""Simples"";""Curva"";""Sim"";327754;""Automóvel"";""VW/FUSCA 1300"";1973;""Passageiro"";""Lesões Leves"";23;""Feminino"";0;1;0;0;-20",889471;-42,"339582;""SR-MG"";""DEL4/7"";""UOP03/MG""",
"184355;407989;2019-01-10;""quinta-feira"";""12:00:00"";""MG"";116;675;""MIRADOURO"";""Sim"";""Falta de Atenção à Condução"";1;""Capotamento"";""Com Vítimas Feridas"";""Pleno dia"";""Decrescente"";""Céu Claro"";""Simples"";""Curva"";""Sim"";327754;""Automóvel"";""VW/FUSCA 1300"";1973;""Condutor"";""Lesões Leves"";29;""Masculino"";0;1;0;0;-20",889471;-42,"339582;""SR-MG"";""DEL4/7"";""UOP03/MG""",
"184356;406691;2019-01-10;""quinta-feira"";""11:20:00"";""RR"";401;1;""BOA VISTA"";""Não"";""Sinalização da via insuficiente ou inadequada"";1;""Colisão transversal"";""Com Vítimas Feridas"";""Pleno dia"";""Crescente"";""Céu Claro"";""Múltipla"";""Reta"";""Sim"";327884;""Automóvel"";""FIAT/SIENA FIRE FLEX"";2007;""Condutor"";""Lesões Leves"";28;""Feminino"";0;1;0;0;2",802294;-60,"682434;""SR-RR"";""UOP01/RR"";""""",
"184356;406691;2019-01-10;""quinta-feira"";""11:20:00"";""RR"";401;1;""BOA VISTA"";""Sim"";""Falta de Atenção à Condução"";1;""Colisão transversal"";""Com Vítimas Feridas"";""Pleno dia"";""Crescente"";""Céu Claro"";""Múltipla"";""Reta"";""Sim"";327884;""Automóvel"";""FIAT/SIENA FIRE FLEX"";2007;""Condutor"";""Lesões Leves"";28;""Feminino"";0;1;0;0;2",802294;-60,"682434;""SR-RR"";""UOP01/RR"";""""",
"184356;408456;2019-01-10;""quinta-feira"";""11:20:00"";""RR"";401;1;""BOA VISTA"";""Não"";""Sinalização da via insuficiente ou inadequada"";1;""Colisão transversal"";""Com Vítimas Feridas"";""Pleno dia"";""Crescente"";""Céu Claro"";""Múltipla"";""Reta"";""Sim"";327886;""Motoneta"";""HONDA/BIZ 110I"";2016;""Passageiro"";""Lesões Leves"";NA;""Feminino"";0;1;0;0;2",802294;-60,"682434;""SR-RR"";""UOP01/RR"";""""",
"184356;408456;2019-01-10;""quinta-feira"";""11:20:00"";""RR"";401;1;""BOA VISTA"";""Sim"";""Falta de Atenção à Condução"";1;""Colisão transversal"";""Com Vítimas Feridas"";""Pleno dia"";""Crescente"";""Céu Claro"";""Múltipla"";""Reta"";""Sim"";327886;""Motoneta"";""HONDA/BIZ 110I"";2016;""Passageiro"";""Lesões Leves"";NA;""Feminino"";0;1;0;0;2",802294;-60,"682434;""SR-RR"";""UOP01/RR"";""""",
"184356;406699;2019-01-10;""quinta-feira"";""11:20:00"";""RR"";401;1;""BOA VISTA"";""Não"";""Sinalização da via insuficiente ou inadequada"";1;""Colisão transversal"";""Com Vítimas Feridas"";""Pleno dia"";""Crescente"";""Céu Claro"";""Múltipla"";""Reta"";""Sim"";327886;""Motoneta"";""HONDA/BIZ 110I"";2016;""Condutor"";""Lesões Leves"";27;""Feminino"";0;1;0;0;2",802294;-60,"682434;""SR-RR"";""UOP01/RR"";""""",
"184356;406699;2019-01-10;""quinta-feira"";""11:20:00"";""RR"";401;1;""BOA VISTA"";""Sim"";""Falta de Atenção à Condução"";1;""Colisão transversal"";""Com Vítimas Feridas"";""Pleno dia"";""Crescente"";""Céu Claro"";""Múltipla"";""Reta"";""Sim"";327886;""Motoneta"";""HONDA/BIZ 110I"";2016;""Condutor"";""Lesões Leves"";27;""Feminino"";0;1;0;0;2",802294;-60,"682434;""SR-RR"";""UOP01/RR"";""""",
"184356;406696;2019-01-10;""quinta-feira"";""11:20:00"";""RR"";401;1;""BOA VISTA"";""Não"";""Sinalização da via insuficiente ou inadequada"";1;""Colisão transversal"";""Com Vítimas Feridas"";""Pleno dia"";""Crescente"";""Céu Claro"";""Múltipla"";""Reta"";""Sim"";327885;""Caminhão"";""IVECO/EUROCARGO 260E25N"";2011;""Condutor"";""Ileso"";40;""Masculino"";1;0;0;0;2",802294;-60,"682434;""SR-RR"";""UOP01/RR"";""""",
"184356;406696;2019-01-10;""quinta-feira"";""11:20:00"";""RR"";401;1;""BOA VISTA"";""Sim"";""Falta de Atenção à Condução"";1;""Colisão transversal"";""Com Vítimas Feridas"";""Pleno dia"";""Crescente"";""Céu Claro"";""Múltipla"";""Reta"";""Sim"";327885;""Caminhão"";""IVECO/EUROCARGO 260E25N"";2011;""Condutor"";""Ileso"";40;""Masculino"";1;0;0;0;2",802294;-60,"682434;""SR-RR"";""UOP01/RR"";""""",
"184356;406694;2019-01-10;""quinta-feira"";""11:20:00"";""RR"";401;1;""BOA VISTA"";""Não"";""Sinalização da via insuficiente ou inadequada"";1;""Colisão transversal"";""Com Vítimas Feridas"";""Pleno dia"";""Crescente"";""Céu Claro"";""Múltipla"";""Reta"";""Sim"";327884;""Automóvel"";""FIAT/SIENA FIRE FLEX"";2007;""Passageiro"";""Ileso"";28;""Feminino"";1;0;0;0;2",802294;-60,"682434;""SR-RR"";""UOP01/RR"";""""",
"184356;406694;2019-01-10;""quinta-feira"";""11:20:00"";""RR"";401;1;""BOA VISTA"";""Sim"";""Falta de Atenção à Condução"";1;""Colisão transversal"";""Com Vítimas Feridas"";""Pleno dia"";""Crescente"";""Céu Claro"";""Múltipla"";""Reta"";""Sim"";327884;""Automóvel"";""FIAT/SIENA FIRE FLEX"";2007;""Passageiro"";""Ileso"";28;""Feminino"";1;0;0;0;2",802294;-60,"682434;""SR-RR"";""UOP01/RR"";""""",
"184360;406481;2019-01-10;""quinta-feira"";""13:30:00"";""RS"";290;507;""ROSARIO DO SUL"";""Sim"";""Defeito Mecânico no Veículo"";1;""Incêndio"";""Sem Vítimas"";""Pleno dia"";""Decrescente"";""Céu Claro"";""Simples"";""Reta"";""Não"";327769;""Caminhão"";""VW/24.280 CRM 6X2"";2015;""Condutor"";""Ileso"";36;""Masculino"";1;0;0;0;-30",156145;-55,"167656;""SR-RS"";""DEL9/11"";""UOP02/RS""",
"184360;406482;2019-01-10;""quinta-feira"";""13:30:00"";""RS"";290;507;""ROSARIO DO SUL"";""Sim"";""Defeito Mecânico no Veículo"";1;""Incêndio"";""Sem Vítimas"";""Pleno dia"";""Decrescente"";""Céu Claro"";""Simples"";""Reta"";""Não"";327769;""Caminhão"";""VW/24.280 CRM 6X2"";2015;""Passageiro"";""Ileso"";36;""Feminino"";1;0;0;0;-30",156145;-55,"167656;""SR-RS"";""DEL9/11"";""UOP02/RS""",
"184361;407455;2019-01-10;""quinta-feira"";""11:50:00"";""PR"";476;348","5;""PAULA FREITAS"";""Sim"";""Falta de Atenção à Condução"";2;""Colisão com objeto estático"";""Com Vítimas Feridas"";""Pleno dia"";""Decrescente"";""Nublado"";""Simples"";""Curva"";""Não"";327760;""Automóvel"";""VW/GOL 1.6 POWER"";2006;""Passageiro"";""Lesões Leves"";35;""Feminino"";0;1;0;0;-26",181463;-50,"960186;""SR-PR"";""DEL7/2"";""UOP02/PR"""
"184361;407455;2019-01-10;""quinta-feira"";""11:50:00"";""PR"";476;348","5;""PAULA FREITAS"";""Sim"";""Falta de Atenção à Condução"";1;""Colisão frontal"";""Com Vítimas Feridas"";""Pleno dia"";""Decrescente"";""Nublado"";""Simples"";""Curva"";""Não"";327760;""Automóvel"";""VW/GOL 1.6 POWER"";2006;""Passageiro"";""Lesões Leves"";35;""Feminino"";0;1;0;0;-26",181463;-50,"960186;""SR-PR"";""DEL7/2"";""UOP02/PR"""
"184361;407457;2019-01-10;""quinta-feira"";""11:50:00"";""PR"";476;348","5;""PAULA FREITAS"";""Sim"";""Falta de Atenção à Condução"";2;""Colisão com objeto estático"";""Com Vítimas Feridas"";""Pleno dia"";""Decrescente"";""Nublado"";""Simples"";""Curva"";""Não"";327761;""Automóvel"";""NISSAN/VERSA 16 SL"";2015;""Passageiro"";""Lesões Leves"";25;""Feminino"";0;1;0;0;-26",181463;-50,"960186;""SR-PR"";""DEL7/2"";""UOP02/PR"""
"184361;407457;2019-01-10;""quinta-feira"";""11:50:00"";""PR"";476;348","5;""PAULA FREITAS"";""Sim"";""Falta de Atenção à Condução"";1;""Colisão frontal"";""Com Vítimas Feridas"";""Pleno dia"";""Decrescente"";""Nublado"";""Simples"";""Curva"";""Não"";327761;""Automóvel"";""NISSAN/VERSA 16 SL"";2015;""Passageiro"";""Lesões Leves"";25;""Feminino"";0;1;0;0;-26",181463;-50,"960186;""SR-PR"";""DEL7/2"";""UOP02/PR"""
"184361;407456;2019-01-10;""quinta-feira"";""11:50:00"";""PR"";476;348","5;""PAULA FREITAS"";""Sim"";""Falta de Atenção à Condução"";2;""Colisão com objeto estático"";""Com Vítimas Feridas"";""Pleno dia"";""Decrescente"";""Nublado"";""Simples"";""Curva"";""Não"";327761;""Automóvel"";""NISSAN/VERSA 16 SL"";2015;""Condutor"";""Ileso"";30;""Masculino"";1;0;0;0;-26",181463;-50,"960186;""SR-PR"";""DEL7/2"";""UOP02/PR"""
"184361;407456;2019-01-10;""quinta-feira"";""11:50:00"";""PR"";476;348","5;""PAULA FREITAS"";""Sim"";""Falta de Atenção à Condução"";1;""Colisão frontal"";""Com Vítimas Feridas"";""Pleno dia"";""Decrescente"";""Nublado"";""Simples"";""Curva"";""Não"";327761;""Automóvel"";""NISSAN/VERSA 16 SL"";2015;""Condutor"";""Ileso"";30;""Masculino"";1;0;0;0;-26",181463;-50,"960186;""SR-PR"";""DEL7/2"";""UOP02/PR"""
"184361;407454;2019-01-10;""quinta-feira"";""11:50:00"";""PR"";476;348","5;""PAULA FREITAS"";""Sim"";""Falta de Atenção à Condução"";2;""Colisão com objeto estático"";""Com Vítimas Feridas"";""Pleno dia"";""Decrescente"";""Nublado"";""Simples"";""Curva"";""Não"";327760;""Automóvel"";""VW/GOL 1.6 POWER"";2006;""Condutor"";""Ileso"";39;""Masculino"";1;0;0;0;-26",181463;-50,"960186;""SR-PR"";""DEL7/2"";""UOP02/PR"""
"184361;407454;2019-01-10;""quinta-feira"";""11:50:00"";""PR"";476;348","5;""PAULA FREITAS"";""Sim"";""Falta de Atenção à Condução"";1;""Colisão frontal"";""Com Vítimas Feridas"";""Pleno dia"";""Decrescente"";""Nublado"";""Simples"";""Curva"";""Não"";327760;""Automóvel"";""VW/GOL 1.6 POWER"";2006;""Condutor"";""Ileso"";39;""Masculino"";1;0;0;0;-26",181463;-50,"960186;""SR-PR"";""DEL7/2"";""UOP02/PR"""
"184364;406711;2019-01-10;""quinta-feira"";""14:30:00"";""MG"";40;517","1;""RIBEIRAO DAS NEVES"";""Sim"";""Falta de Atenção à Condução"";3;""Queda de ocupante de veículo"";""Com Vítimas Feridas"";""Pleno dia"";""Decrescente"";""Céu Claro"";""Dupla"";""Reta"";""Sim"";327824;""Motocicleta"";""HONDA/CB 300R"";2009;""Condutor"";""Lesões Graves"";25;""Masculino"";0;0;1;0;-19",82743903;-44,"08371633;""SR-MG"";""DEL4/1"";""UOP03/MG"""
"184364;406711;2019-01-10;""quinta-feira"";""14:30:00"";""MG"";40;517","1;""RIBEIRAO DAS NEVES"";""Sim"";""Falta de Atenção à Condução"";2;""Saída de leito carroçável"";""Com Vítimas Feridas"";""Pleno dia"";""Decrescente"";""Céu Claro"";""Dupla"";""Reta"";""Sim"";327824;""Motocicleta"";""HONDA/CB 300R"";2009;""Condutor"";""Lesões Graves"";25;""Masculino"";0;0;1;0;-19",82743903;-44,"08371633;""SR-MG"";""DEL4/1"";""UOP03/MG"""
"184364;406711;2019-01-10;""quinta-feira"";""14:30:00"";""MG"";40;517","1;""RIBEIRAO DAS NEVES"";""Sim"";""Falta de Atenção à Condução"";1;""Colisão lateral"";""Com Vítimas Feridas"";""Pleno dia"";""Decrescente"";""Céu Claro"";""Dupla"";""Reta"";""Sim"";327824;""Motocicleta"";""HONDA/CB 300R"";2009;""Condutor"";""Lesões Graves"";25;""Masculino"";0;0;1;0;-19",82743903;-44,"08371633;""SR-MG"";""DEL4/1"";""UOP03/MG"""
"184364;406710;2019-01-10;""quinta-feira"";""14:30:00"";""MG"";40;517","1;""RIBEIRAO DAS NEVES"";""Sim"";""Falta de Atenção à Condução"";3;""Queda de ocupante de veículo"";""Com Vítimas Feridas"";""Pleno dia"";""Decrescente"";""Céu Claro"";""Dupla"";""Reta"";""Sim"";327823;""Caminhão"";""M.BENZ/L 1614"";1990;""Condutor"";""Ileso"";39;""Masculino"";1;0;0;0;-19",82743903;-44,"08371633;""SR-MG"";""DEL4/1"";""UOP03/MG"""
"184364;406710;2019-01-10;""quinta-feira"";""14:30:00"";""MG"";40;517","1;""RIBEIRAO DAS NEVES"";""Sim"";""Falta de Atenção à Condução"";2;""Saída de leito carroçável"";""Com Vítimas Feridas"";""Pleno dia"";""Decrescente"";""Céu Claro"";""Dupla"";""Reta"";""Sim"";327823;""Caminhão"";""M.BENZ/L 1614"";1990;""Condutor"";""Ileso"";39;""Masculino"";1;0;0;0;-19",82743903;-44,"08371633;""SR-MG"";""DEL4/1"";""UOP03/MG"""
"184364;406710;2019-01-10;""quinta-feira"";""14:30:00"";""MG"";40;517","1;""RIBEIRAO DAS NEVES"";""Sim"";""Falta de Atenção à Condução"";1;""Colisão lateral"";""Com Vítimas Feridas"";""Pleno dia"";""Decrescente"";""Céu Claro"";""Dupla"";""Reta"";""Sim"";327823;""Caminhão"";""M.BENZ/L 1614"";1990;""Condutor"";""Ileso"";39;""Masculino"";1;0;0;0;-19",82743903;-44,"08371633;""SR-MG"";""DEL4/1"";""UOP03/MG"""
"184365;406521;2019-01-10;""quinta-feira"";""13:30:00"";""MG"";381;523;""BRUMADINHO"";""Sim"";""Não guardar distância de segurança"";1;""Colisão traseira"";""Sem Vítimas"";""Pleno dia"";""Decrescente"";""Sol"";""Dupla"";""Não Informado"";""Não"";327778;""Caminhonete"";""VW/SAVEIRO CE CROSS MA"";2014;""Condutor"";""Ileso"";62;""Masculino"";1;0;0;0;-20",1375;-44,"3159;""SR-MG"";""DEL4/4"";""UOP03/MG""",
"184365;406523;2019-01-10;""quinta-feira"";""13:30:00"";""MG"";381;523;""BRUMADINHO"";""Sim"";""Não guardar distância de segurança"";1;""Colisão traseira"";""Sem Vítimas"";""Pleno dia"";""Decrescente"";""Sol"";""Dupla"";""Não Informado"";""Não"";327779;""Caminhão"";""SCANIA/P 250 B6X2"";2018;""Condutor"";""Ileso"";66;""Masculino"";1;0;0;0;-20",1375;-44,"3159;""SR-MG"";""DEL4/4"";""UOP03/MG""",
"184366;408380;2019-01-10;""quinta-feira"";""11:00:00"";""MG"";262;579;""CORREGO DANTA"";""Sim"";""Desobediência às normas de trânsito pelo condutor"";1;""Colisão transversal"";""Com Vítimas Feridas"";""Pleno dia"";""Decrescente"";""Sol"";""Simples"";""Reta"";""Não"";327770;""Caminhonete"";""VW/NOVA SAVEIRO RB MBVS"";2016;""Condutor"";""Lesões Leves"";31;""Masculino"";0;1;0;0;-19",657564;-46,"068436;""SR-MG"";""DEL4/8"";""UOP02/MG""",
"184366;408380;2019-01-10;""quinta-feira"";""11:00:00"";""MG"";262;579;""CORREGO DANTA"";""Não"";""Falta de Atenção à Condução"";1;""Colisão transversal"";""Com Vítimas Feridas"";""Pleno dia"";""Decrescente"";""Sol"";""Simples"";""Reta"";""Não"";327770;""Caminhonete"";""VW/NOVA SAVEIRO RB MBVS"";2016;""Condutor"";""Lesões Leves"";31;""Masculino"";0;1;0;0;-19",657564;-46,"068436;""SR-MG"";""DEL4/8"";""UOP02/MG""",
"184366;408388;2019-01-10;""quinta-feira"";""11:00:00"";""MG"";262;579;""CORREGO DANTA"";""Sim"";""Desobediência às normas de trânsito pelo condutor"";1;""Colisão transversal"";""Com Vítimas Feridas"";""Pleno dia"";""Decrescente"";""Sol"";""Simples"";""Reta"";""Não"";327771;""Caminhão"";""FORD/CARGO 2422 T"";2005;""Condutor"";""Ileso"";39;""Masculino"";1;0;0;0;-19",657564;-46,"068436;""SR-MG"";""DEL4/8"";""UOP02/MG""",
"184366;408388;2019-01-10;""quinta-feira"";""11:00:00"";""MG"";262;579;""CORREGO DANTA"";""Não"";""Falta de Atenção à Condução"";1;""Colisão transversal"";""Com Vítimas Feridas"";""Pleno dia"";""Decrescente"";""Sol"";""Simples"";""Reta"";""Não"";327771;""Caminhão"";""FORD/CARGO 2422 T"";2005;""Condutor"";""Ileso"";39;""Masculino"";1;0;0;0;-19",657564;-46,"068436;""SR-MG"";""DEL4/8"";""UOP02/MG""",
"184367;406705;2019-01-10;""quinta-feira"";""10:45:00"";""MG"";381;451","3;""SANTA LUZIA"";""Sim"";""Falta de Atenção à Condução"";3;""Queda de ocupante de veículo"";""Com Vítimas Feridas"";""Pleno dia"";""Decrescente"";""Céu Claro"";""Simples"";""Reta"";""Sim"";327790;""Automóvel"";""FIAT/PALIO WK ADVEN FLEX"";2009;""Condutor"";""Ileso"";68;""Masculino"";1;0;0;0;-19",8236638;-43,"83035302;""SR-MG"";""DEL4/1"";""UOP01/MG"""