"id;""pesid"";""data_inversa"";""dia_semana"";""horario"";""uf"";""br"";""km"";""municipio"";""causa_principal"";""causa_acidente"";""ordem_tipo_acidente"";""tipo_acidente"";""classificacao_acidente"";""fase_dia"";""sentido_via"";""condicao_metereologica"";""tipo_pista"";""tracado_via"";""uso_solo"";""id_veiculo"";""tipo_veiculo"";""marca"";""ano_fabricacao_veiculo"";""tipo_envolvido"";""estado_fisico"";""idade"";""sexo"";""ilesos"";""feridos_leves"";""feridos_graves"";""mortos"";""latitude"";""longitude"";""regional"";""delegacia"";""uop""",,,
"184380;406686;2019-01-10;""quinta-feira"";""13:50:00"";""PR"";476;242","5;""LAPA"";""Não"";""Falta de Atenção à Condução"";2;""Derramamento de carga"";""Com Vítimas Feridas"";""Pleno dia"";""Crescente"";""Nublado"";""Simples"";""Curva"";""Não"";327863;""Caminhão-trator"";""SCANIA/R124 GA4X2NZ 420"";2007;""Condutor"";""Ileso"";32;""Masculino"";1;0;0;0;-25",85991868;-50,"09040356;""SR-PR"";""DEL7/2"";""UOP03/PR"""
"184380;406686;2019-01-10;""quinta-feira"";""13:50:00"";""PR"";476;242","5;""LAPA"";""Não"";""Pista Escorregadia"";2;""Derramamento de carga"";""Com Vítimas Feridas"";""Pleno dia"";""Crescente"";""Nublado"";""Simples"";""Curva"";""Não"";327863;""Caminhão-trator"";""SCANIA/R124 GA4X2NZ 420"";2007;""Condutor"";""Ileso"";32;""Masculino"";1;0;0;0;-25",85991868;-50,"09040356;""SR-PR"";""DEL7/2"";""UOP03/PR"""
"184380;406686;2019-01-10;""quinta-feira"";""13:50:00"";""PR"";476;242","5;""LAPA"";""Não"";""Desobediência às normas de trânsito pelo condutor"";2;""Derramamento de carga"";""Com Vítimas Feridas"";""Pleno dia"";""Crescente"";""Nublado"";""Simples"";""Curva"";""Não"";327863;""Caminhão-trator"";""SCANIA/R124 GA4X2NZ 420"";2007;""Condutor"";""Ileso"";32;""Masculino"";1;0;0;0;-25",85991868;-50,"09040356;""SR-PR"";""DEL7/2"";""UOP03/PR"""
"184381;406565;2019-01-10;""quinta-feira"";""16:05:00"";""SC"";470;46","4;""BLUMENAU"";""Sim"";""Agressão Externa"";1;""Danos eventuais"";""Com Vítimas Feridas"";""Pleno dia"";""Decrescente"";""Chuva"";""Simples"";""Reta"";""Não"";327840;""Motoneta"";""HONDA/C100 BIZ"";1999;""Condutor"";""Lesões Leves"";46;""Masculino"";0;1;0;0;-26",860388;-49,"037617;""SR-SC"";""DEL8/4"";""UOP01/SC"""
"184383;406610;2019-01-10;""quinta-feira"";""09:50:00"";""SC"";101;309","6;""LAGUNA"";""Sim"";""Não guardar distância de segurança"";1;""Colisão traseira"";""Com Vítimas Feridas"";""Pleno dia"";""Crescente"";""Céu Claro"";""Dupla"";""Reta"";""Não"";327855;""Motocicleta"";""HONDA/CG 150 TITAN KS"";2005;""Condutor"";""Lesões Leves"";21;""Masculino"";0;1;0;0;-28",4168;-48,"7952;""SR-SC"";""DEL8/2"";""UOP03/SC"""
"184383;406606;2019-01-10;""quinta-feira"";""09:50:00"";""SC"";101;309","6;""LAGUNA"";""Sim"";""Não guardar distância de segurança"";1;""Colisão traseira"";""Com Vítimas Feridas"";""Pleno dia"";""Crescente"";""Céu Claro"";""Dupla"";""Reta"";""Não"";327807;""Automóvel"";""I/KIA SPORTAGE LX 2.0 G2"";2007;""Passageiro"";""Ileso"";46;""Feminino"";1;0;0;0;-28",4168;-48,"7952;""SR-SC"";""DEL8/2"";""UOP03/SC"""
"184383;406602;2019-01-10;""quinta-feira"";""09:50:00"";""SC"";101;309","6;""LAGUNA"";""Sim"";""Não guardar distância de segurança"";1;""Colisão traseira"";""Com Vítimas Feridas"";""Pleno dia"";""Crescente"";""Céu Claro"";""Dupla"";""Reta"";""Não"";327807;""Automóvel"";""I/KIA SPORTAGE LX 2.0 G2"";2007;""Passageiro"";""Ileso"";22;""Masculino"";1;0;0;0;-28",4168;-48,"7952;""SR-SC"";""DEL8/2"";""UOP03/SC"""
"184383;406601;2019-01-10;""quinta-feira"";""09:50:00"";""SC"";101;309","6;""LAGUNA"";""Sim"";""Não guardar distância de segurança"";1;""Colisão traseira"";""Com Vítimas Feridas"";""Pleno dia"";""Crescente"";""Céu Claro"";""Dupla"";""Reta"";""Não"";327807;""Automóvel"";""I/KIA SPORTAGE LX 2.0 G2"";2007;""Passageiro"";""Ileso"";81;""Masculino"";1;0;0;0;-28",4168;-48,"7952;""SR-SC"";""DEL8/2"";""UOP03/SC"""
"184383;406598;2019-01-10;""quinta-feira"";""09:50:00"";""SC"";101;309","6;""LAGUNA"";""Sim"";""Não guardar distância de segurança"";1;""Colisão traseira"";""Com Vítimas Feridas"";""Pleno dia"";""Crescente"";""Céu Claro"";""Dupla"";""Reta"";""Não"";327807;""Automóvel"";""I/KIA SPORTAGE LX 2.0 G2"";2007;""Condutor"";""Ileso"";43;""Masculino"";1;0;0;0;-28",4168;-48,"7952;""SR-SC"";""DEL8/2"";""UOP03/SC"""
"184384;406617;2019-01-10;""quinta-feira"";""16:20:00"";""PR"";272;405","5;""JANIOPOLIS"";""Sim"";""Velocidade Incompatível"";1;""Colisão traseira"";""Com Vítimas Feridas"";""Pleno dia"";""Crescente"";""Nublado"";""Simples"";""Não Informado"";""Não"";327860;""Caminhão"";""FORD/CARGO 1615"";1987;""Condutor"";""Ileso"";42;""Masculino"";1;0;0;0;-24",130026;-52,"770565;""SR-PR"";""DEL7/4"";""UOP05/PR"""
"184384;406617;2019-01-10;""quinta-feira"";""16:20:00"";""PR"";272;405","5;""JANIOPOLIS"";""Não"";""Não guardar distância de segurança"";1;""Colisão traseira"";""Com Vítimas Feridas"";""Pleno dia"";""Crescente"";""Nublado"";""Simples"";""Não Informado"";""Não"";327860;""Caminhão"";""FORD/CARGO 1615"";1987;""Condutor"";""Ileso"";42;""Masculino"";1;0;0;0;-24",130026;-52,"770565;""SR-PR"";""DEL7/4"";""UOP05/PR"""
"184384;406613;2019-01-10;""quinta-feira"";""16:20:00"";""PR"";272;405","5;""JANIOPOLIS"";""Sim"";""Velocidade Incompatível"";1;""Colisão traseira"";""Com Vítimas Feridas"";""Pleno dia"";""Crescente"";""Nublado"";""Simples"";""Não Informado"";""Não"";327856;""Caminhonete"";""I/GM SILVERADO 4.1"";1997;""Condutor"";""Lesões Leves"";36;""Masculino"";0;1;0;0;-24",130026;-52,"770565;""SR-PR"";""DEL7/4"";""UOP05/PR"""
"184384;406613;2019-01-10;""quinta-feira"";""16:20:00"";""PR"";272;405","5;""JANIOPOLIS"";""Não"";""Não guardar distância de segurança"";1;""Colisão traseira"";""Com Vítimas Feridas"";""Pleno dia"";""Crescente"";""Nublado"";""Simples"";""Não Informado"";""Não"";327856;""Caminhonete"";""I/GM SILVERADO 4.1"";1997;""Condutor"";""Lesões Leves"";36;""Masculino"";0;1;0;0;-24",130026;-52,"770565;""SR-PR"";""DEL7/4"";""UOP05/PR"""
"184385;NA;2019-01-10;""quinta-feira"";""13:20:00"";""PA"";230;596","7;""VITORIA DO XINGU"";""Sim"";""Falta de Atenção à Condução"";1;""Tombamento"";""Com Vítimas Feridas"";""Pleno dia"";""Decrescente"";""Céu Claro"";""Simples"";""Curva"";""Não"";327829;""Semireboque"";""SR/GUERRA AG GR"";2015;""Não Informado"";""Não Informado"";NA;""Não Informado"";0;0;0;0;-3",08954998;-51,"89788133;""SR-PA"";""DEL19/4"";""UOP01/PA"""
"184385;406676;2019-01-10;""quinta-feira"";""13:20:00"";""PA"";230;596","7;""VITORIA DO XINGU"";""Sim"";""Falta de Atenção à Condução"";1;""Tombamento"";""Com Vítimas Feridas"";""Pleno dia"";""Decrescente"";""Céu Claro"";""Simples"";""Curva"";""Não"";327808;""Caminhão-trator"";""VOLVO/NH12380 4X2T"";2002;""Passageiro"";""Lesões Leves"";NA;""Feminino"";0;1;0;0;-3",08954998;-51,"89788133;""SR-PA"";""DEL19/4"";""UOP01/PA"""
"184385;406675;2019-01-10;""quinta-feira"";""13:20:00"";""PA"";230;596","7;""VITORIA DO XINGU"";""Sim"";""Falta de Atenção à Condução"";1;""Tombamento"";""Com Vítimas Feridas"";""Pleno dia"";""Decrescente"";""Céu Claro"";""Simples"";""Curva"";""Não"";327808;""Caminhão-trator"";""VOLVO/NH12380 4X2T"";2002;""Condutor"";""Ileso"";35;""Masculino"";1;0;0;0;-3",08954998;-51,"89788133;""SR-PA"";""DEL19/4"";""UOP01/PA"""
"184386;406730;2019-01-10;""quinta-feira"";""15:55:00"";""SP"";116;447","3;""REGISTRO"";""Sim"";""Agressão Externa"";2;""Colisão com objeto estático"";""Sem Vítimas"";""Pleno dia"";""Decrescente"";""Céu Claro"";""Dupla"";""Reta"";""Sim"";327833;""Automóvel"";""FIAT/PALIO WK TREKK 1.6"";2012;""Testemunha"";""Não Informado"";NA;""Não Informado"";0;0;0;0;-24",53025821;-47,"85575867;""SR-SP"";""DEL6/5"";""UOP01/SP"""
"184386;406730;2019-01-10;""quinta-feira"";""15:55:00"";""SP"";116;447","3;""REGISTRO"";""Sim"";""Agressão Externa"";1;""Saída de leito carroçável"";""Sem Vítimas"";""Pleno dia"";""Decrescente"";""Céu Claro"";""Dupla"";""Reta"";""Sim"";327833;""Automóvel"";""FIAT/PALIO WK TREKK 1.6"";2012;""Testemunha"";""Não Informado"";NA;""Não Informado"";0;0;0;0;-24",53025821;-47,"85575867;""SR-SP"";""DEL6/5"";""UOP01/SP"""
"184386;406728;2019-01-10;""quinta-feira"";""15:55:00"";""SP"";116;447","3;""REGISTRO"";""Sim"";""Agressão Externa"";2;""Colisão com objeto estático"";""Sem Vítimas"";""Pleno dia"";""Decrescente"";""Céu Claro"";""Dupla"";""Reta"";""Sim"";327833;""Automóvel"";""FIAT/PALIO WK TREKK 1.6"";2012;""Condutor"";""Ileso"";37;""Masculino"";1;0;0;0;-24",53025821;-47,"85575867;""SR-SP"";""DEL6/5"";""UOP01/SP"""
"184386;406728;2019-01-10;""quinta-feira"";""15:55:00"";""SP"";116;447","3;""REGISTRO"";""Sim"";""Agressão Externa"";1;""Saída de leito carroçável"";""Sem Vítimas"";""Pleno dia"";""Decrescente"";""Céu Claro"";""Dupla"";""Reta"";""Sim"";327833;""Automóvel"";""FIAT/PALIO WK TREKK 1.6"";2012;""Condutor"";""Ileso"";37;""Masculino"";1;0;0;0;-24",53025821;-47,"85575867;""SR-SP"";""DEL6/5"";""UOP01/SP"""
"184387;408316;2019-01-10;""quinta-feira"";""08:30:00"";""SC"";116;6;""MAFRA"";""Sim"";""Desobediência às normas de trânsito pelo condutor"";1;""Colisão transversal"";""Com Vítimas Feridas"";""Pleno dia"";""Crescente"";""Céu Claro"";""Simples"";""Não Informado"";""Sim"";327810;""Motocicleta"";""YAMAHA/YS150 FAZER SED"";2015;""Condutor"";""Lesões Leves"";53;""Masculino"";0;1;0;0;-26",14646;-49,"823074;""SR-SC"";""DEL8/6"";""UOP01/SC""",
"184387;408311;2019-01-10;""quinta-feira"";""08:30:00"";""SC"";116;6;""MAFRA"";""Sim"";""Desobediência às normas de trânsito pelo condutor"";1;""Colisão transversal"";""Com Vítimas Feridas"";""Pleno dia"";""Crescente"";""Céu Claro"";""Simples"";""Não Informado"";""Sim"";327811;""Automóvel"";""I/NISSAN TIIDA 18SL FLEX"";2010;""Condutor"";""Ileso"";31;""Masculino"";1;0;0;0;-26",14646;-49,"823074;""SR-SC"";""DEL8/6"";""UOP01/SC""",
"184389;408483;2019-01-10;""quinta-feira"";""17:07:00"";""MG"";381;498","5;""BETIM"";""Sim"";""Falta de Atenção à Condução"";3;""Queda de ocupante de veículo"";""Com Vítimas Fatais"";""Pleno dia"";""Crescente"";""Sol"";""Dupla"";""Curva"";""Sim"";329303;""Motocicleta"";""HONDA/CG 160 TITAN EX"";2016;""Condutor"";""Lesões Leves"";31;""Masculino"";0;1;0;0;-19",9954;-44,"208;""SR-MG"";""DEL4/1"";""UOP03/MG"""
"184389;408483;2019-01-10;""quinta-feira"";""17:07:00"";""MG"";381;498","5;""BETIM"";""Sim"";""Falta de Atenção à Condução"";2;""Tombamento"";""Com Vítimas Fatais"";""Pleno dia"";""Crescente"";""Sol"";""Dupla"";""Curva"";""Sim"";329303;""Motocicleta"";""HONDA/CG 160 TITAN EX"";2016;""Condutor"";""Lesões Leves"";31;""Masculino"";0;1;0;0;-19",9954;-44,"208;""SR-MG"";""DEL4/1"";""UOP03/MG"""
"184389;408483;2019-01-10;""quinta-feira"";""17:07:00"";""MG"";381;498","5;""BETIM"";""Sim"";""Falta de Atenção à Condução"";1;""Colisão traseira"";""Com Vítimas Fatais"";""Pleno dia"";""Crescente"";""Sol"";""Dupla"";""Curva"";""Sim"";329303;""Motocicleta"";""HONDA/CG 160 TITAN EX"";2016;""Condutor"";""Lesões Leves"";31;""Masculino"";0;1;0;0;-19",9954;-44,"208;""SR-MG"";""DEL4/1"";""UOP03/MG"""
"184389;406624;2019-01-10;""quinta-feira"";""17:07:00"";""MG"";381;498","5;""BETIM"";""Sim"";""Falta de Atenção à Condução"";3;""Queda de ocupante de veículo"";""Com Vítimas Fatais"";""Pleno dia"";""Crescente"";""Sol"";""Dupla"";""Curva"";""Sim"";327873;""Motocicleta"";""HONDA/XRE 300"";2015;""Condutor"";""Óbito"";20;""Masculino"";0;0;0;1;-19",9954;-44,"208;""SR-MG"";""DEL4/1"";""UOP03/MG"""
"184389;406624;2019-01-10;""quinta-feira"";""17:07:00"";""MG"";381;498","5;""BETIM"";""Sim"";""Falta de Atenção à Condução"";2;""Tombamento"";""Com Vítimas Fatais"";""Pleno dia"";""Crescente"";""Sol"";""Dupla"";""Curva"";""Sim"";327873;""Motocicleta"";""HONDA/XRE 300"";2015;""Condutor"";""Óbito"";20;""Masculino"";0;0;0;1;-19",9954;-44,"208;""SR-MG"";""DEL4/1"";""UOP03/MG"""
"184389;406624;2019-01-10;""quinta-feira"";""17:07:00"";""MG"";381;498","5;""BETIM"";""Sim"";""Falta de Atenção à Condução"";1;""Colisão traseira"";""Com Vítimas Fatais"";""Pleno dia"";""Crescente"";""Sol"";""Dupla"";""Curva"";""Sim"";327873;""Motocicleta"";""HONDA/XRE 300"";2015;""Condutor"";""Óbito"";20;""Masculino"";0;0;0;1;-19",9954;-44,"208;""SR-MG"";""DEL4/1"";""UOP03/MG"""
"184390;406547;2019-01-10;""quinta-feira"";""13:30:00"";""PR"";153;174;""VENTANIA"";""Sim"";""Avarias e/ou desgaste excessivo no pneu"";3;""Tombamento"";""Com Vítimas Feridas"";""Pleno dia"";""Decrescente"";""Sol"";""Simples"";""Reta"";""Não"";327815;""Automóvel"";""GM/CLASSIC LIFE"";2004;""Passageiro"";""Lesões Leves"";1;""Feminino"";0;1;0;0;-24",239725;-50,"235832;""SR-PR"";""DEL7/3"";""UOP05/PR""",
"184390;406547;2019-01-10;""quinta-feira"";""13:30:00"";""PR"";153;174;""VENTANIA"";""Sim"";""Avarias e/ou desgaste excessivo no pneu"";2;""Colisão com objeto estático"";""Com Vítimas Feridas"";""Pleno dia"";""Decrescente"";""Sol"";""Simples"";""Reta"";""Não"";327815;""Automóvel"";""GM/CLASSIC LIFE"";2004;""Passageiro"";""Lesões Leves"";1;""Feminino"";0;1;0;0;-24",239725;-50,"235832;""SR-PR"";""DEL7/3"";""UOP05/PR""",
"184390;406547;2019-01-10;""quinta-feira"";""13:30:00"";""PR"";153;174;""VENTANIA"";""Sim"";""Avarias e/ou desgaste excessivo no pneu"";1;""Saída de leito carroçável"";""Com Vítimas Feridas"";""Pleno dia"";""Decrescente"";""Sol"";""Simples"";""Reta"";""Não"";327815;""Automóvel"";""GM/CLASSIC LIFE"";2004;""Passageiro"";""Lesões Leves"";1;""Feminino"";0;1;0;0;-24",239725;-50,"235832;""SR-PR"";""DEL7/3"";""UOP05/PR""",
"184390;406549;2019-01-10;""quinta-feira"";""13:30:00"";""PR"";153;174;""VENTANIA"";""Sim"";""Avarias e/ou desgaste excessivo no pneu"";3;""Tombamento"";""Com Vítimas Feridas"";""Pleno dia"";""Decrescente"";""Sol"";""Simples"";""Reta"";""Não"";327815;""Automóvel"";""GM/CLASSIC LIFE"";2004;""Passageiro"";""Lesões Leves"";1;""Feminino"";0;1;0;0;-24",239725;-50,"235832;""SR-PR"";""DEL7/3"";""UOP05/PR""",
"184390;406549;2019-01-10;""quinta-feira"";""13:30:00"";""PR"";153;174;""VENTANIA"";""Sim"";""Avarias e/ou desgaste excessivo no pneu"";2;""Colisão com objeto estático"";""Com Vítimas Feridas"";""Pleno dia"";""Decrescente"";""Sol"";""Simples"";""Reta"";""Não"";327815;""Automóvel"";""GM/CLASSIC LIFE"";2004;""Passageiro"";""Lesões Leves"";1;""Feminino"";0;1;0;0;-24",239725;-50,"235832;""SR-PR"";""DEL7/3"";""UOP05/PR""",
"184390;406549;2019-01-10;""quinta-feira"";""13:30:00"";""PR"";153;174;""VENTANIA"";""Sim"";""Avarias e/ou desgaste excessivo no pneu"";1;""Saída de leito carroçável"";""Com Vítimas Feridas"";""Pleno dia"";""Decrescente"";""Sol"";""Simples"";""Reta"";""Não"";327815;""Automóvel"";""GM/CLASSIC LIFE"";2004;""Passageiro"";""Lesões Leves"";1;""Feminino"";0;1;0;0;-24",239725;-50,"235832;""SR-PR"";""DEL7/3"";""UOP05/PR""",
"184390;406545;2019-01-10;""quinta-feira"";""13:30:00"";""PR"";153;174;""VENTANIA"";""Sim"";""Avarias e/ou desgaste excessivo no pneu"";3;""Tombamento"";""Com Vítimas Feridas"";""Pleno dia"";""Decrescente"";""Sol"";""Simples"";""Reta"";""Não"";327815;""Automóvel"";""GM/CLASSIC LIFE"";2004;""Passageiro"";""Lesões Leves"";1;""Feminino"";0;1;0;0;-24",239725;-50,"235832;""SR-PR"";""DEL7/3"";""UOP05/PR""",
"184390;406545;2019-01-10;""quinta-feira"";""13:30:00"";""PR"";153;174;""VENTANIA"";""Sim"";""Avarias e/ou desgaste excessivo no pneu"";2;""Colisão com objeto estático"";""Com Vítimas Feridas"";""Pleno dia"";""Decrescente"";""Sol"";""Simples"";""Reta"";""Não"";327815;""Automóvel"";""GM/CLASSIC LIFE"";2004;""Passageiro"";""Lesões Leves"";1;""Feminino"";0;1;0;0;-24",239725;-50,"235832;""SR-PR"";""DEL7/3"";""UOP05/PR""",
"184390;406545;2019-01-10;""quinta-feira"";""13:30:00"";""PR"";153;174;""VENTANIA"";""Sim"";""Avarias e/ou desgaste excessivo no pneu"";1;""Saída de leito carroçável"";""Com Vítimas Feridas"";""Pleno dia"";""Decrescente"";""Sol"";""Simples"";""Reta"";""Não"";327815;""Automóvel"";""GM/CLASSIC LIFE"";2004;""Passageiro"";""Lesões Leves"";1;""Feminino"";0;1;0;0;-24",239725;-50,"235832;""SR-PR"";""DEL7/3"";""UOP05/PR""",
"184390;406542;2019-01-10;""quinta-feira"";""13:30:00"";""PR"";153;174;""VENTANIA"";""Sim"";""Avarias e/ou desgaste excessivo no pneu"";3;""Tombamento"";""Com Vítimas Feridas"";""Pleno dia"";""Decrescente"";""Sol"";""Simples"";""Reta"";""Não"";327815;""Automóvel"";""GM/CLASSIC LIFE"";2004;""Condutor"";""Lesões Leves"";51;""Masculino"";0;1;0;0;-24",239725;-50,"235832;""SR-PR"";""DEL7/3"";""UOP05/PR""",
"184390;406542;2019-01-10;""quinta-feira"";""13:30:00"";""PR"";153;174;""VENTANIA"";""Sim"";""Avarias e/ou desgaste excessivo no pneu"";2;""Colisão com objeto estático"";""Com Vítimas Feridas"";""Pleno dia"";""Decrescente"";""Sol"";""Simples"";""Reta"";""Não"";327815;""Automóvel"";""GM/CLASSIC LIFE"";2004;""Condutor"";""Lesões Leves"";51;""Masculino"";0;1;0;0;-24",239725;-50,"235832;""SR-PR"";""DEL7/3"";""UOP05/PR""",
"184390;406542;2019-01-10;""quinta-feira"";""13:30:00"";""PR"";153;174;""VENTANIA"";""Sim"";""Avarias e/ou desgaste excessivo no pneu"";1;""Saída de leito carroçável"";""Com Vítimas Feridas"";""Pleno dia"";""Decrescente"";""Sol"";""Simples"";""Reta"";""Não"";327815;""Automóvel"";""GM/CLASSIC LIFE"";2004;""Condutor"";""Lesões Leves"";51;""Masculino"";0;1;0;0;-24",239725;-50,"235832;""SR-PR"";""DEL7/3"";""UOP05/PR""",
"184391;406646;2019-01-10;""quinta-feira"";""16:15:00"";""MS"";163;463","1;""CAMPO GRANDE"";""Sim"";""Falta de Atenção à Condução"";1;""Colisão traseira"";""Com Vítimas Feridas"";""Pleno dia"";""Crescente"";""Sol"";""Simples"";""Reta"";""Não"";327853;""Automóvel"";""NISSAN/GRAND LIVINA 18SL"";2012;""Passageiro"";""Lesões Leves"";4;""Feminino"";0;1;0;0;-20",61093419;-54,"57698822;""SR-MS"";""DEL3/1"";""UOP01/MS"""
"184391;406646;2019-01-10;""quinta-feira"";""16:15:00"";""MS"";163;463","1;""CAMPO GRANDE"";""Não"";""Velocidade Incompatível"";1;""Colisão traseira"";""Com Vítimas Feridas"";""Pleno dia"";""Crescente"";""Sol"";""Simples"";""Reta"";""Não"";327853;""Automóvel"";""NISSAN/GRAND LIVINA 18SL"";2012;""Passageiro"";""Lesões Leves"";4;""Feminino"";0;1;0;0;-20",61093419;-54,"57698822;""SR-MS"";""DEL3/1"";""UOP01/MS"""
"184391;406664;2019-01-10;""quinta-feira"";""16:15:00"";""MS"";163;463","1;""CAMPO GRANDE"";""Sim"";""Falta de Atenção à Condução"";1;""Colisão traseira"";""Com Vítimas Feridas"";""Pleno dia"";""Crescente"";""Sol"";""Simples"";""Reta"";""Não"";327853;""Automóvel"";""NISSAN/GRAND LIVINA 18SL"";2012;""Passageiro"";""Lesões Leves"";26;""Feminino"";0;1;0;0;-20",61093419;-54,"57698822;""SR-MS"";""DEL3/1"";""UOP01/MS"""
"184391;406664;2019-01-10;""quinta-feira"";""16:15:00"";""MS"";163;463","1;""CAMPO GRANDE"";""Não"";""Velocidade Incompatível"";1;""Colisão traseira"";""Com Vítimas Feridas"";""Pleno dia"";""Crescente"";""Sol"";""Simples"";""Reta"";""Não"";327853;""Automóvel"";""NISSAN/GRAND LIVINA 18SL"";2012;""Passageiro"";""Lesões Leves"";26;""Feminino"";0;1;0;0;-20",61093419;-54,"57698822;""SR-MS"";""DEL3/1"";""UOP01/MS"""
"184391;406629;2019-01-10;""quinta-feira"";""16:15:00"";""MS"";163;463","1;""CAMPO GRANDE"";""Sim"";""Falta de Atenção à Condução"";1;""Colisão traseira"";""Com Vítimas Feridas"";""Pleno dia"";""Crescente"";""Sol"";""Simples"";""Reta"";""Não"";327853;""Automóvel"";""NISSAN/GRAND LIVINA 18SL"";2012;""Passageiro"";""Lesões Leves"";1;""Masculino"";0;1;0;0;-20",61093419;-54,"57698822;""SR-MS"";""DEL3/1"";""UOP01/MS"""
"184391;406629;2019-01-10;""quinta-feira"";""16:15:00"";""MS"";163;463","1;""CAMPO GRANDE"";""Não"";""Velocidade Incompatível"";1;""Colisão traseira"";""Com Vítimas Feridas"";""Pleno dia"";""Crescente"";""Sol"";""Simples"";""Reta"";""Não"";327853;""Automóvel"";""NISSAN/GRAND LIVINA 18SL"";2012;""Passageiro"";""Lesões Leves"";1;""Masculino"";0;1;0;0;-20",61093419;-54,"57698822;""SR-MS"";""DEL3/1"";""UOP01/MS"""
"184391;406653;2019-01-10;""quinta-feira"";""16:15:00"";""MS"";163;463","1;""CAMPO GRANDE"";""Sim"";""Falta de Atenção à Condução"";1;""Colisão traseira"";""Com Vítimas Feridas"";""Pleno dia"";""Crescente"";""Sol"";""Simples"";""Reta"";""Não"";327853;""Automóvel"";""NISSAN/GRAND LIVINA 18SL"";2012;""Passageiro"";""Ileso"";25;""Masculino"";1;0;0;0;-20",61093419;-54,"57698822;""SR-MS"";""DEL3/1"";""UOP01/MS"""
"184391;406653;2019-01-10;""quinta-feira"";""16:15:00"";""MS"";163;463","1;""CAMPO GRANDE"";""Não"";""Velocidade Incompatível"";1;""Colisão traseira"";""Com Vítimas Feridas"";""Pleno dia"";""Crescente"";""Sol"";""Simples"";""Reta"";""Não"";327853;""Automóvel"";""NISSAN/GRAND LIVINA 18SL"";2012;""Passageiro"";""Ileso"";25;""Masculino"";1;0;0;0;-20",61093419;-54,"57698822;""SR-MS"";""DEL3/1"";""UOP01/MS"""
"184391;406650;2019-01-10;""quinta-feira"";""16:15:00"";""MS"";163;463","1;""CAMPO GRANDE"";""Sim"";""Falta de Atenção à Condução"";1;""Colisão traseira"";""Com Vítimas Feridas"";""Pleno dia"";""Crescente"";""Sol"";""Simples"";""Reta"";""Não"";327853;""Automóvel"";""NISSAN/GRAND LIVINA 18SL"";2012;""Passageiro"";""Ileso"";31;""Masculino"";1;0;0;0;-20",61093419;-54,"57698822;""SR-MS"";""DEL3/1"";""UOP01/MS"""
"184391;406650;2019-01-10;""quinta-feira"";""16:15:00"";""MS"";163;463","1;""CAMPO GRANDE"";""Não"";""Velocidade Incompatível"";1;""Colisão traseira"";""Com Vítimas Feridas"";""Pleno dia"";""Crescente"";""Sol"";""Simples"";""Reta"";""Não"";327853;""Automóvel"";""NISSAN/GRAND LIVINA 18SL"";2012;""Passageiro"";""Ileso"";31;""Masculino"";1;0;0;0;-20",61093419;-54,"57698822;""SR-MS"";""DEL3/1"";""UOP01/MS"""
"184391;406643;2019-01-10;""quinta-feira"";""16:15:00"";""MS"";163;463","1;""CAMPO GRANDE"";""Sim"";""Falta de Atenção à Condução"";1;""Colisão traseira"";""Com Vítimas Feridas"";""Pleno dia"";""Crescente"";""Sol"";""Simples"";""Reta"";""Não"";327853;""Automóvel"";""NISSAN/GRAND LIVINA 18SL"";2012;""Passageiro"";""Ileso"";17;""Masculino"";1;0;0;0;-20",61093419;-54,"57698822;""SR-MS"";""DEL3/1"";""UOP01/MS"""
"184391;406643;2019-01-10;""quinta-feira"";""16:15:00"";""MS"";163;463","1;""CAMPO GRANDE"";""Não"";""Velocidade Incompatível"";1;""Colisão traseira"";""Com Vítimas Feridas"";""Pleno dia"";""Crescente"";""Sol"";""Simples"";""Reta"";""Não"";327853;""Automóvel"";""NISSAN/GRAND LIVINA 18SL"";2012;""Passageiro"";""Ileso"";17;""Masculino"";1;0;0;0;-20",61093419;-54,"57698822;""SR-MS"";""DEL3/1"";""UOP01/MS"""
"184391;406636;2019-01-10;""quinta-feira"";""16:15:00"";""MS"";163;463","1;""CAMPO GRANDE"";""Sim"";""Falta de Atenção à Condução"";1;""Colisão traseira"";""Com Vítimas Feridas"";""Pleno dia"";""Crescente"";""Sol"";""Simples"";""Reta"";""Não"";327853;""Automóvel"";""NISSAN/GRAND LIVINA 18SL"";2012;""Passageiro"";""Lesões Leves"";40;""Feminino"";0;1;0;0;-20",61093419;-54,"57698822;""SR-MS"";""DEL3/1"";""UOP01/MS"""
"184391;406636;2019-01-10;""quinta-feira"";""16:15:00"";""MS"";163;463","1;""CAMPO GRANDE"";""Não"";""Velocidade Incompatível"";1;""Colisão traseira"";""Com Vítimas Feridas"";""Pleno dia"";""Crescente"";""Sol"";""Simples"";""Reta"";""Não"";327853;""Automóvel"";""NISSAN/GRAND LIVINA 18SL"";2012;""Passageiro"";""Lesões Leves"";40;""Feminino"";0;1;0;0;-20",61093419;-54,"57698822;""SR-MS"";""DEL3/1"";""UOP01/MS"""
"184391;406625;2019-01-10;""quinta-feira"";""16:15:00"";""MS"";163;463","1;""CAMPO GRANDE"";""Sim"";""Falta de Atenção à Condução"";1;""Colisão traseira"";""Com Vítimas Feridas"";""Pleno dia"";""Crescente"";""Sol"";""Simples"";""Reta"";""Não"";327853;""Automóvel"";""NISSAN/GRAND LIVINA 18SL"";2012;""Condutor"";""Ileso"";40;""Masculino"";1;0;0;0;-20",61093419;-54,"57698822;""SR-MS"";""DEL3/1"";""UOP01/MS"""