"id;""pesid"";""data_inversa"";""dia_semana"";""horario"";""uf"";""br"";""km"";""municipio"";""causa_principal"";""causa_acidente"";""ordem_tipo_acidente"";""tipo_acidente"";""classificacao_acidente"";""fase_dia"";""sentido_via"";""condicao_metereologica"";""tipo_pista"";""tracado_via"";""uso_solo"";""id_veiculo"";""tipo_veiculo"";""marca"";""ano_fabricacao_veiculo"";""tipo_envolvido"";""estado_fisico"";""idade"";""sexo"";""ilesos"";""feridos_leves"";""feridos_graves"";""mortos"";""latitude"";""longitude"";""regional"";""delegacia"";""uop""",,,
"184391;406625;2019-01-10;""quinta-feira"";""16:15:00"";""MS"";163;463","1;""CAMPO GRANDE"";""Não"";""Velocidade Incompatível"";1;""Colisão traseira"";""Com Vítimas Feridas"";""Pleno dia"";""Crescente"";""Sol"";""Simples"";""Reta"";""Não"";327853;""Automóvel"";""NISSAN/GRAND LIVINA 18SL"";2012;""Condutor"";""Ileso"";40;""Masculino"";1;0;0;0;-20",61093419;-54,"57698822;""SR-MS"";""DEL3/1"";""UOP01/MS"""
"184391;406621;2019-01-10;""quinta-feira"";""16:15:00"";""MS"";163;463","1;""CAMPO GRANDE"";""Sim"";""Falta de Atenção à Condução"";1;""Colisão traseira"";""Com Vítimas Feridas"";""Pleno dia"";""Crescente"";""Sol"";""Simples"";""Reta"";""Não"";327854;""Caminhão"";""VW/13.180 CNM"";2010;""Condutor"";""Ileso"";45;""Masculino"";1;0;0;0;-20",61093419;-54,"57698822;""SR-MS"";""DEL3/1"";""UOP01/MS"""
"184391;406621;2019-01-10;""quinta-feira"";""16:15:00"";""MS"";163;463","1;""CAMPO GRANDE"";""Não"";""Velocidade Incompatível"";1;""Colisão traseira"";""Com Vítimas Feridas"";""Pleno dia"";""Crescente"";""Sol"";""Simples"";""Reta"";""Não"";327854;""Caminhão"";""VW/13.180 CNM"";2010;""Condutor"";""Ileso"";45;""Masculino"";1;0;0;0;-20",61093419;-54,"57698822;""SR-MS"";""DEL3/1"";""UOP01/MS"""
"184392;406566;2019-01-10;""quinta-feira"";""17:00:00"";""RS"";116;240;""NOVO HAMBURGO"";""Sim"";""Não guardar distância de segurança"";1;""Colisão lateral"";""Com Vítimas Feridas"";""Pleno dia"";""Decrescente"";""Céu Claro"";""Simples"";""Reta"";""Sim"";327828;""Automóvel"";""I/VW JETTA"";2008;""Condutor"";""Ileso"";30;""Feminino"";1;0;0;0;-29",705002;-51,"14677;""SR-RS"";""DEL9/1"";""UOP02/RS""",
"184392;406564;2019-01-10;""quinta-feira"";""17:00:00"";""RS"";116;240;""NOVO HAMBURGO"";""Sim"";""Não guardar distância de segurança"";1;""Colisão lateral"";""Com Vítimas Feridas"";""Pleno dia"";""Decrescente"";""Céu Claro"";""Simples"";""Reta"";""Sim"";327827;""Motocicleta"";""HONDA/CG150 START"";2015;""Condutor"";""Lesões Leves"";34;""Masculino"";0;1;0;0;-29",705002;-51,"14677;""SR-RS"";""DEL9/1"";""UOP02/RS""",
"184393;406620;2019-01-10;""quinta-feira"";""16:00:00"";""PE"";101;44","9;""IGARASSU"";""Sim"";""Falta de Atenção à Condução"";2;""Tombamento"";""Com Vítimas Feridas"";""Pleno dia"";""Decrescente"";""Sol"";""Múltipla"";""Reta"";""Sim"";327857;""Automóvel"";""NISSAN/KICKS SV CVT"";2017;""Condutor"";""Ileso"";42;""Feminino"";1;0;0;0;-7",864;-34,"9073;""SR-PE"";""DEL11/1"";""UOP02/PE"""
"184393;406620;2019-01-10;""quinta-feira"";""16:00:00"";""PE"";101;44","9;""IGARASSU"";""Sim"";""Falta de Atenção à Condução"";1;""Colisão traseira"";""Com Vítimas Feridas"";""Pleno dia"";""Decrescente"";""Sol"";""Múltipla"";""Reta"";""Sim"";327857;""Automóvel"";""NISSAN/KICKS SV CVT"";2017;""Condutor"";""Ileso"";42;""Feminino"";1;0;0;0;-7",864;-34,"9073;""SR-PE"";""DEL11/1"";""UOP02/PE"""
"184393;406622;2019-01-10;""quinta-feira"";""16:00:00"";""PE"";101;44","9;""IGARASSU"";""Sim"";""Falta de Atenção à Condução"";2;""Tombamento"";""Com Vítimas Feridas"";""Pleno dia"";""Decrescente"";""Sol"";""Múltipla"";""Reta"";""Sim"";327858;""Motocicleta"";""HONDA/CG 150 FAN ESI"";2011;""Condutor"";""Lesões Leves"";NA;""Masculino"";0;1;0;0;-7",864;-34,"9073;""SR-PE"";""DEL11/1"";""UOP02/PE"""
"184393;406622;2019-01-10;""quinta-feira"";""16:00:00"";""PE"";101;44","9;""IGARASSU"";""Sim"";""Falta de Atenção à Condução"";1;""Colisão traseira"";""Com Vítimas Feridas"";""Pleno dia"";""Decrescente"";""Sol"";""Múltipla"";""Reta"";""Sim"";327858;""Motocicleta"";""HONDA/CG 150 FAN ESI"";2011;""Condutor"";""Lesões Leves"";NA;""Masculino"";0;1;0;0;-7",864;-34,"9073;""SR-PE"";""DEL11/1"";""UOP02/PE"""
"184394;406745;2019-01-10;""quinta-feira"";""15:15:00"";""BA"";367;26","3;""PORTO SEGURO"";""Não"";""Velocidade Incompatível"";3;""Queda de ocupante de veículo"";""Com Vítimas Feridas"";""Pleno dia"";""Crescente"";""Céu Claro"";""Simples"";""Reta"";""Sim"";327850;""Automóvel"";""VW/FOX 1.0 GII"";2012;""Testemunha"";""Não Informado"";NA;""Não Informado"";0;0;0;0;-16",4307;-39,"095634;""SR-BA"";""DEL10/9"";""UOP01/BA"""
"184394;406745;2019-01-10;""quinta-feira"";""15:15:00"";""BA"";367;26","3;""PORTO SEGURO"";""Sim"";""Falta de Atenção à Condução"";3;""Queda de ocupante de veículo"";""Com Vítimas Feridas"";""Pleno dia"";""Crescente"";""Céu Claro"";""Simples"";""Reta"";""Sim"";327850;""Automóvel"";""VW/FOX 1.0 GII"";2012;""Testemunha"";""Não Informado"";NA;""Não Informado"";0;0;0;0;-16",4307;-39,"095634;""SR-BA"";""DEL10/9"";""UOP01/BA"""
"184394;406745;2019-01-10;""quinta-feira"";""15:15:00"";""BA"";367;26","3;""PORTO SEGURO"";""Não"";""Velocidade Incompatível"";2;""Tombamento"";""Com Vítimas Feridas"";""Pleno dia"";""Crescente"";""Céu Claro"";""Simples"";""Reta"";""Sim"";327850;""Automóvel"";""VW/FOX 1.0 GII"";2012;""Testemunha"";""Não Informado"";NA;""Não Informado"";0;0;0;0;-16",4307;-39,"095634;""SR-BA"";""DEL10/9"";""UOP01/BA"""
"184394;406745;2019-01-10;""quinta-feira"";""15:15:00"";""BA"";367;26","3;""PORTO SEGURO"";""Sim"";""Falta de Atenção à Condução"";2;""Tombamento"";""Com Vítimas Feridas"";""Pleno dia"";""Crescente"";""Céu Claro"";""Simples"";""Reta"";""Sim"";327850;""Automóvel"";""VW/FOX 1.0 GII"";2012;""Testemunha"";""Não Informado"";NA;""Não Informado"";0;0;0;0;-16",4307;-39,"095634;""SR-BA"";""DEL10/9"";""UOP01/BA"""
"184394;406745;2019-01-10;""quinta-feira"";""15:15:00"";""BA"";367;26","3;""PORTO SEGURO"";""Não"";""Velocidade Incompatível"";1;""Colisão transversal"";""Com Vítimas Feridas"";""Pleno dia"";""Crescente"";""Céu Claro"";""Simples"";""Reta"";""Sim"";327850;""Automóvel"";""VW/FOX 1.0 GII"";2012;""Testemunha"";""Não Informado"";NA;""Não Informado"";0;0;0;0;-16",4307;-39,"095634;""SR-BA"";""DEL10/9"";""UOP01/BA"""
"184394;406745;2019-01-10;""quinta-feira"";""15:15:00"";""BA"";367;26","3;""PORTO SEGURO"";""Sim"";""Falta de Atenção à Condução"";1;""Colisão transversal"";""Com Vítimas Feridas"";""Pleno dia"";""Crescente"";""Céu Claro"";""Simples"";""Reta"";""Sim"";327850;""Automóvel"";""VW/FOX 1.0 GII"";2012;""Testemunha"";""Não Informado"";NA;""Não Informado"";0;0;0;0;-16",4307;-39,"095634;""SR-BA"";""DEL10/9"";""UOP01/BA"""
"184394;406745;2019-01-10;""quinta-feira"";""15:15:00"";""BA"";367;26","3;""PORTO SEGURO"";""Não"";""Velocidade Incompatível"";3;""Queda de ocupante de veículo"";""Com Vítimas Feridas"";""Pleno dia"";""Crescente"";""Céu Claro"";""Simples"";""Reta"";""Sim"";327849;""Motocicleta"";""HONDA/CG 125 FAN ES"";2011;""Testemunha"";""Não Informado"";NA;""Não Informado"";0;0;0;0;-16",4307;-39,"095634;""SR-BA"";""DEL10/9"";""UOP01/BA"""
"184394;406745;2019-01-10;""quinta-feira"";""15:15:00"";""BA"";367;26","3;""PORTO SEGURO"";""Sim"";""Falta de Atenção à Condução"";3;""Queda de ocupante de veículo"";""Com Vítimas Feridas"";""Pleno dia"";""Crescente"";""Céu Claro"";""Simples"";""Reta"";""Sim"";327849;""Motocicleta"";""HONDA/CG 125 FAN ES"";2011;""Testemunha"";""Não Informado"";NA;""Não Informado"";0;0;0;0;-16",4307;-39,"095634;""SR-BA"";""DEL10/9"";""UOP01/BA"""
"184394;406745;2019-01-10;""quinta-feira"";""15:15:00"";""BA"";367;26","3;""PORTO SEGURO"";""Não"";""Velocidade Incompatível"";2;""Tombamento"";""Com Vítimas Feridas"";""Pleno dia"";""Crescente"";""Céu Claro"";""Simples"";""Reta"";""Sim"";327849;""Motocicleta"";""HONDA/CG 125 FAN ES"";2011;""Testemunha"";""Não Informado"";NA;""Não Informado"";0;0;0;0;-16",4307;-39,"095634;""SR-BA"";""DEL10/9"";""UOP01/BA"""
"184394;406745;2019-01-10;""quinta-feira"";""15:15:00"";""BA"";367;26","3;""PORTO SEGURO"";""Sim"";""Falta de Atenção à Condução"";2;""Tombamento"";""Com Vítimas Feridas"";""Pleno dia"";""Crescente"";""Céu Claro"";""Simples"";""Reta"";""Sim"";327849;""Motocicleta"";""HONDA/CG 125 FAN ES"";2011;""Testemunha"";""Não Informado"";NA;""Não Informado"";0;0;0;0;-16",4307;-39,"095634;""SR-BA"";""DEL10/9"";""UOP01/BA"""
"184394;406745;2019-01-10;""quinta-feira"";""15:15:00"";""BA"";367;26","3;""PORTO SEGURO"";""Não"";""Velocidade Incompatível"";1;""Colisão transversal"";""Com Vítimas Feridas"";""Pleno dia"";""Crescente"";""Céu Claro"";""Simples"";""Reta"";""Sim"";327849;""Motocicleta"";""HONDA/CG 125 FAN ES"";2011;""Testemunha"";""Não Informado"";NA;""Não Informado"";0;0;0;0;-16",4307;-39,"095634;""SR-BA"";""DEL10/9"";""UOP01/BA"""
"184394;406745;2019-01-10;""quinta-feira"";""15:15:00"";""BA"";367;26","3;""PORTO SEGURO"";""Sim"";""Falta de Atenção à Condução"";1;""Colisão transversal"";""Com Vítimas Feridas"";""Pleno dia"";""Crescente"";""Céu Claro"";""Simples"";""Reta"";""Sim"";327849;""Motocicleta"";""HONDA/CG 125 FAN ES"";2011;""Testemunha"";""Não Informado"";NA;""Não Informado"";0;0;0;0;-16",4307;-39,"095634;""SR-BA"";""DEL10/9"";""UOP01/BA"""
"184394;406592;2019-01-10;""quinta-feira"";""15:15:00"";""BA"";367;26","3;""PORTO SEGURO"";""Não"";""Velocidade Incompatível"";3;""Queda de ocupante de veículo"";""Com Vítimas Feridas"";""Pleno dia"";""Crescente"";""Céu Claro"";""Simples"";""Reta"";""Sim"";327850;""Automóvel"";""VW/FOX 1.0 GII"";2012;""Condutor"";""Ileso"";37;""Masculino"";1;0;0;0;-16",4307;-39,"095634;""SR-BA"";""DEL10/9"";""UOP01/BA"""
"184394;406592;2019-01-10;""quinta-feira"";""15:15:00"";""BA"";367;26","3;""PORTO SEGURO"";""Sim"";""Falta de Atenção à Condução"";3;""Queda de ocupante de veículo"";""Com Vítimas Feridas"";""Pleno dia"";""Crescente"";""Céu Claro"";""Simples"";""Reta"";""Sim"";327850;""Automóvel"";""VW/FOX 1.0 GII"";2012;""Condutor"";""Ileso"";37;""Masculino"";1;0;0;0;-16",4307;-39,"095634;""SR-BA"";""DEL10/9"";""UOP01/BA"""
"184394;406592;2019-01-10;""quinta-feira"";""15:15:00"";""BA"";367;26","3;""PORTO SEGURO"";""Não"";""Velocidade Incompatível"";2;""Tombamento"";""Com Vítimas Feridas"";""Pleno dia"";""Crescente"";""Céu Claro"";""Simples"";""Reta"";""Sim"";327850;""Automóvel"";""VW/FOX 1.0 GII"";2012;""Condutor"";""Ileso"";37;""Masculino"";1;0;0;0;-16",4307;-39,"095634;""SR-BA"";""DEL10/9"";""UOP01/BA"""
"184394;406592;2019-01-10;""quinta-feira"";""15:15:00"";""BA"";367;26","3;""PORTO SEGURO"";""Sim"";""Falta de Atenção à Condução"";2;""Tombamento"";""Com Vítimas Feridas"";""Pleno dia"";""Crescente"";""Céu Claro"";""Simples"";""Reta"";""Sim"";327850;""Automóvel"";""VW/FOX 1.0 GII"";2012;""Condutor"";""Ileso"";37;""Masculino"";1;0;0;0;-16",4307;-39,"095634;""SR-BA"";""DEL10/9"";""UOP01/BA"""
"184394;406592;2019-01-10;""quinta-feira"";""15:15:00"";""BA"";367;26","3;""PORTO SEGURO"";""Não"";""Velocidade Incompatível"";1;""Colisão transversal"";""Com Vítimas Feridas"";""Pleno dia"";""Crescente"";""Céu Claro"";""Simples"";""Reta"";""Sim"";327850;""Automóvel"";""VW/FOX 1.0 GII"";2012;""Condutor"";""Ileso"";37;""Masculino"";1;0;0;0;-16",4307;-39,"095634;""SR-BA"";""DEL10/9"";""UOP01/BA"""
"184394;406592;2019-01-10;""quinta-feira"";""15:15:00"";""BA"";367;26","3;""PORTO SEGURO"";""Sim"";""Falta de Atenção à Condução"";1;""Colisão transversal"";""Com Vítimas Feridas"";""Pleno dia"";""Crescente"";""Céu Claro"";""Simples"";""Reta"";""Sim"";327850;""Automóvel"";""VW/FOX 1.0 GII"";2012;""Condutor"";""Ileso"";37;""Masculino"";1;0;0;0;-16",4307;-39,"095634;""SR-BA"";""DEL10/9"";""UOP01/BA"""
"184394;406591;2019-01-10;""quinta-feira"";""15:15:00"";""BA"";367;26","3;""PORTO SEGURO"";""Não"";""Velocidade Incompatível"";3;""Queda de ocupante de veículo"";""Com Vítimas Feridas"";""Pleno dia"";""Crescente"";""Céu Claro"";""Simples"";""Reta"";""Sim"";327849;""Motocicleta"";""HONDA/CG 125 FAN ES"";2011;""Condutor"";""Lesões Graves"";22;""Masculino"";0;0;1;0;-16",4307;-39,"095634;""SR-BA"";""DEL10/9"";""UOP01/BA"""
"184394;406591;2019-01-10;""quinta-feira"";""15:15:00"";""BA"";367;26","3;""PORTO SEGURO"";""Sim"";""Falta de Atenção à Condução"";3;""Queda de ocupante de veículo"";""Com Vítimas Feridas"";""Pleno dia"";""Crescente"";""Céu Claro"";""Simples"";""Reta"";""Sim"";327849;""Motocicleta"";""HONDA/CG 125 FAN ES"";2011;""Condutor"";""Lesões Graves"";22;""Masculino"";0;0;1;0;-16",4307;-39,"095634;""SR-BA"";""DEL10/9"";""UOP01/BA"""
"184394;406591;2019-01-10;""quinta-feira"";""15:15:00"";""BA"";367;26","3;""PORTO SEGURO"";""Não"";""Velocidade Incompatível"";2;""Tombamento"";""Com Vítimas Feridas"";""Pleno dia"";""Crescente"";""Céu Claro"";""Simples"";""Reta"";""Sim"";327849;""Motocicleta"";""HONDA/CG 125 FAN ES"";2011;""Condutor"";""Lesões Graves"";22;""Masculino"";0;0;1;0;-16",4307;-39,"095634;""SR-BA"";""DEL10/9"";""UOP01/BA"""
"184394;406591;2019-01-10;""quinta-feira"";""15:15:00"";""BA"";367;26","3;""PORTO SEGURO"";""Sim"";""Falta de Atenção à Condução"";2;""Tombamento"";""Com Vítimas Feridas"";""Pleno dia"";""Crescente"";""Céu Claro"";""Simples"";""Reta"";""Sim"";327849;""Motocicleta"";""HONDA/CG 125 FAN ES"";2011;""Condutor"";""Lesões Graves"";22;""Masculino"";0;0;1;0;-16",4307;-39,"095634;""SR-BA"";""DEL10/9"";""UOP01/BA"""
"184394;406591;2019-01-10;""quinta-feira"";""15:15:00"";""BA"";367;26","3;""PORTO SEGURO"";""Não"";""Velocidade Incompatível"";1;""Colisão transversal"";""Com Vítimas Feridas"";""Pleno dia"";""Crescente"";""Céu Claro"";""Simples"";""Reta"";""Sim"";327849;""Motocicleta"";""HONDA/CG 125 FAN ES"";2011;""Condutor"";""Lesões Graves"";22;""Masculino"";0;0;1;0;-16",4307;-39,"095634;""SR-BA"";""DEL10/9"";""UOP01/BA"""
"184394;406591;2019-01-10;""quinta-feira"";""15:15:00"";""BA"";367;26","3;""PORTO SEGURO"";""Sim"";""Falta de Atenção à Condução"";1;""Colisão transversal"";""Com Vítimas Feridas"";""Pleno dia"";""Crescente"";""Céu Claro"";""Simples"";""Reta"";""Sim"";327849;""Motocicleta"";""HONDA/CG 125 FAN ES"";2011;""Condutor"";""Lesões Graves"";22;""Masculino"";0;0;1;0;-16",4307;-39,"095634;""SR-BA"";""DEL10/9"";""UOP01/BA"""
"184394;406749;2019-01-10;""quinta-feira"";""15:15:00"";""BA"";367;26","3;""PORTO SEGURO"";""Não"";""Velocidade Incompatível"";3;""Queda de ocupante de veículo"";""Com Vítimas Feridas"";""Pleno dia"";""Crescente"";""Céu Claro"";""Simples"";""Reta"";""Sim"";327850;""Automóvel"";""VW/FOX 1.0 GII"";2012;""Passageiro"";""Ileso"";40;""Feminino"";1;0;0;0;-16",4307;-39,"095634;""SR-BA"";""DEL10/9"";""UOP01/BA"""
"184394;406749;2019-01-10;""quinta-feira"";""15:15:00"";""BA"";367;26","3;""PORTO SEGURO"";""Sim"";""Falta de Atenção à Condução"";3;""Queda de ocupante de veículo"";""Com Vítimas Feridas"";""Pleno dia"";""Crescente"";""Céu Claro"";""Simples"";""Reta"";""Sim"";327850;""Automóvel"";""VW/FOX 1.0 GII"";2012;""Passageiro"";""Ileso"";40;""Feminino"";1;0;0;0;-16",4307;-39,"095634;""SR-BA"";""DEL10/9"";""UOP01/BA"""
"184394;406749;2019-01-10;""quinta-feira"";""15:15:00"";""BA"";367;26","3;""PORTO SEGURO"";""Não"";""Velocidade Incompatível"";2;""Tombamento"";""Com Vítimas Feridas"";""Pleno dia"";""Crescente"";""Céu Claro"";""Simples"";""Reta"";""Sim"";327850;""Automóvel"";""VW/FOX 1.0 GII"";2012;""Passageiro"";""Ileso"";40;""Feminino"";1;0;0;0;-16",4307;-39,"095634;""SR-BA"";""DEL10/9"";""UOP01/BA"""
"184394;406749;2019-01-10;""quinta-feira"";""15:15:00"";""BA"";367;26","3;""PORTO SEGURO"";""Sim"";""Falta de Atenção à Condução"";2;""Tombamento"";""Com Vítimas Feridas"";""Pleno dia"";""Crescente"";""Céu Claro"";""Simples"";""Reta"";""Sim"";327850;""Automóvel"";""VW/FOX 1.0 GII"";2012;""Passageiro"";""Ileso"";40;""Feminino"";1;0;0;0;-16",4307;-39,"095634;""SR-BA"";""DEL10/9"";""UOP01/BA"""
"184394;406749;2019-01-10;""quinta-feira"";""15:15:00"";""BA"";367;26","3;""PORTO SEGURO"";""Não"";""Velocidade Incompatível"";1;""Colisão transversal"";""Com Vítimas Feridas"";""Pleno dia"";""Crescente"";""Céu Claro"";""Simples"";""Reta"";""Sim"";327850;""Automóvel"";""VW/FOX 1.0 GII"";2012;""Passageiro"";""Ileso"";40;""Feminino"";1;0;0;0;-16",4307;-39,"095634;""SR-BA"";""DEL10/9"";""UOP01/BA"""
"184394;406749;2019-01-10;""quinta-feira"";""15:15:00"";""BA"";367;26","3;""PORTO SEGURO"";""Sim"";""Falta de Atenção à Condução"";1;""Colisão transversal"";""Com Vítimas Feridas"";""Pleno dia"";""Crescente"";""Céu Claro"";""Simples"";""Reta"";""Sim"";327850;""Automóvel"";""VW/FOX 1.0 GII"";2012;""Passageiro"";""Ileso"";40;""Feminino"";1;0;0;0;-16",4307;-39,"095634;""SR-BA"";""DEL10/9"";""UOP01/BA"""
"184395;406721;2019-01-10;""quinta-feira"";""17:45:00"";""RJ"";116;285","8;""BARRA MANSA"";""Sim"";""Falta de Atenção à Condução"";2;""Colisão com objeto estático"";""Com Vítimas Fatais"";""Pleno dia"";""Crescente"";""Sol"";""Dupla"";""Reta"";""Não"";327932;""Automóvel"";""RENAULT/SANDERO EXP1016V"";2010;""Condutor"";""Óbito"";60;""Masculino"";0;0;0;1;-22",47671322;-44,"26940918;""SR-RJ"";""DEL5/7"";""UOP02/RJ"""
"184395;406721;2019-01-10;""quinta-feira"";""17:45:00"";""RJ"";116;285","8;""BARRA MANSA"";""Sim"";""Falta de Atenção à Condução"";1;""Colisão lateral"";""Com Vítimas Fatais"";""Pleno dia"";""Crescente"";""Sol"";""Dupla"";""Reta"";""Não"";327932;""Automóvel"";""RENAULT/SANDERO EXP1016V"";2010;""Condutor"";""Óbito"";60;""Masculino"";0;0;0;1;-22",47671322;-44,"26940918;""SR-RJ"";""DEL5/7"";""UOP02/RJ"""
"184395;406732;2019-01-10;""quinta-feira"";""17:45:00"";""RJ"";116;285","8;""BARRA MANSA"";""Sim"";""Falta de Atenção à Condução"";2;""Colisão com objeto estático"";""Com Vítimas Fatais"";""Pleno dia"";""Crescente"";""Sol"";""Dupla"";""Reta"";""Não"";327933;""Outros"";"""";NA;""Condutor"";""Ileso"";NA;""Ignorado"";1;0;0;0;-22",47671322;-44,"26940918;""SR-RJ"";""DEL5/7"";""UOP02/RJ"""
"184395;406732;2019-01-10;""quinta-feira"";""17:45:00"";""RJ"";116;285","8;""BARRA MANSA"";""Sim"";""Falta de Atenção à Condução"";1;""Colisão lateral"";""Com Vítimas Fatais"";""Pleno dia"";""Crescente"";""Sol"";""Dupla"";""Reta"";""Não"";327933;""Outros"";"""";NA;""Condutor"";""Ileso"";NA;""Ignorado"";1;0;0;0;-22",47671322;-44,"26940918;""SR-RJ"";""DEL5/7"";""UOP02/RJ"""
"184395;406731;2019-01-10;""quinta-feira"";""17:45:00"";""RJ"";116;285","8;""BARRA MANSA"";""Sim"";""Falta de Atenção à Condução"";2;""Colisão com objeto estático"";""Com Vítimas Fatais"";""Pleno dia"";""Crescente"";""Sol"";""Dupla"";""Reta"";""Não"";327932;""Automóvel"";""RENAULT/SANDERO EXP1016V"";2010;""Passageiro"";""Lesões Leves"";30;""Feminino"";0;1;0;0;-22",47671322;-44,"26940918;""SR-RJ"";""DEL5/7"";""UOP02/RJ"""
"184395;406731;2019-01-10;""quinta-feira"";""17:45:00"";""RJ"";116;285","8;""BARRA MANSA"";""Sim"";""Falta de Atenção à Condução"";1;""Colisão lateral"";""Com Vítimas Fatais"";""Pleno dia"";""Crescente"";""Sol"";""Dupla"";""Reta"";""Não"";327932;""Automóvel"";""RENAULT/SANDERO EXP1016V"";2010;""Passageiro"";""Lesões Leves"";30;""Feminino"";0;1;0;0;-22",47671322;-44,"26940918;""SR-RJ"";""DEL5/7"";""UOP02/RJ"""
"184395;406729;2019-01-10;""quinta-feira"";""17:45:00"";""RJ"";116;285","8;""BARRA MANSA"";""Sim"";""Falta de Atenção à Condução"";2;""Colisão com objeto estático"";""Com Vítimas Fatais"";""Pleno dia"";""Crescente"";""Sol"";""Dupla"";""Reta"";""Não"";327932;""Automóvel"";""RENAULT/SANDERO EXP1016V"";2010;""Passageiro"";""Lesões Leves"";53;""Feminino"";0;1;0;0;-22",47671322;-44,"26940918;""SR-RJ"";""DEL5/7"";""UOP02/RJ"""
"184395;406729;2019-01-10;""quinta-feira"";""17:45:00"";""RJ"";116;285","8;""BARRA MANSA"";""Sim"";""Falta de Atenção à Condução"";1;""Colisão lateral"";""Com Vítimas Fatais"";""Pleno dia"";""Crescente"";""Sol"";""Dupla"";""Reta"";""Não"";327932;""Automóvel"";""RENAULT/SANDERO EXP1016V"";2010;""Passageiro"";""Lesões Leves"";53;""Feminino"";0;1;0;0;-22",47671322;-44,"26940918;""SR-RJ"";""DEL5/7"";""UOP02/RJ"""
"184396;406660;2019-01-10;""quinta-feira"";""17:50:00"";""PR"";376;177;""MARINGA"";""Sim"";""Falta de Atenção à Condução"";1;""Colisão lateral"";""Com Vítimas Feridas"";""Pleno dia"";""Crescente"";""Nublado"";""Dupla"";""Reta"";""Sim"";327888;""Motocicleta"";""HONDA/CG 125 FAN"";2005;""Condutor"";""Lesões Leves"";37;""Masculino"";0;1;0;0;-23",412691;-51,"931583;""SR-PR"";""DEL7/7"";""UOP04/PR""",
"184396;406658;2019-01-10;""quinta-feira"";""17:50:00"";""PR"";376;177;""MARINGA"";""Sim"";""Falta de Atenção à Condução"";1;""Colisão lateral"";""Com Vítimas Feridas"";""Pleno dia"";""Crescente"";""Nublado"";""Dupla"";""Reta"";""Sim"";327887;""Automóvel"";""I/FIAT SIENA EL FLEX"";2010;""Condutor"";""Ileso"";29;""Feminino"";1;0;0;0;-23",412691;-51,"931583;""SR-PR"";""DEL7/7"";""UOP04/PR""",
"184397;406640;2019-01-10;""quinta-feira"";""17:40:00"";""RS"";116;165","1;""CAXIAS DO SUL"";""Sim"";""Falta de Atenção à Condução"";1;""Colisão com objeto estático"";""Com Vítimas Feridas"";""Pleno dia"";""Decrescente"";""Céu Claro"";""Simples"";""Curva"";""Não"";327878;""Motocicleta"";""HONDA/CG 150 TITAN ESD"";2004;""Condutor"";""Lesões Leves"";59;""Masculino"";0;1;0;0;-29",259678;-51,"157455;""SR-RS"";""DEL9/5"";""UOP02/RS"""
"184398;411031;2019-01-10;""quinta-feira"";""15:50:00"";""RO"";364;429;""JARU"";""Sim"";""Falta de Atenção à Condução"";1;""Saída de leito carroçável"";""Sem Vítimas"";""Pleno dia"";""Decrescente"";""Nublado"";""Simples"";""Reta"";""Não"";327901;""Caminhão"";""M.BENZ/ATRON 2324"";2013;""Condutor"";""Ileso"";61;""Masculino"";1;0;0;0;-10",416249;-62,"502705;""SR-RO"";""DEL21/3"";""UOP02/RO""",
"184400;406561;2019-01-03;""quinta-feira"";""03:00:00"";""MG"";40;253;""SAO GONCALO DO ABAETE"";""Sim"";""Defeito Mecânico no Veículo"";1;""Incêndio"";""Sem Vítimas"";""Plena Noite"";""Decrescente"";""Nublado"";""Simples"";""Reta"";""Não"";327825;""Ônibus"";""MBENZ/MPOLO PARADISO R"";2010;""Passageiro"";""Ileso"";65;""Masculino"";1;0;0;0;-18",127632;-45,"418228;""SR-MG"";""DEL4/14"";""UOP02/MG""",
"184400;406557;2019-01-03;""quinta-feira"";""03:00:00"";""MG"";40;253;""SAO GONCALO DO ABAETE"";""Sim"";""Defeito Mecânico no Veículo"";1;""Incêndio"";""Sem Vítimas"";""Plena Noite"";""Decrescente"";""Nublado"";""Simples"";""Reta"";""Não"";327825;""Ônibus"";""MBENZ/MPOLO PARADISO R"";2010;""Condutor"";""Ileso"";45;""Masculino"";1;0;0;0;-18",127632;-45,"418228;""SR-MG"";""DEL4/14"";""UOP02/MG""",
"184401;406758;2019-01-10;""quinta-feira"";""18:00:00"";""MG"";40;480","8;""SETE LAGOAS"";""Sim"";""Avarias e/ou desgaste excessivo no pneu"";2;""Colisão com objeto estático"";""Com Vítimas Feridas"";""Pleno dia"";""Decrescente"";""Céu Claro"";""Dupla"";""Reta"";""Não"";327845;""Automóvel"";""FIAT/PALIO FIRE ECONOMY"";2011;""Condutor"";""Lesões Leves"";33;""Masculino"";0;1;0;0;-19",5541;-44,"2429;""SR-MG"";""DEL4/2"";""UOP01/MG"""
"184401;406758;2019-01-10;""quinta-feira"";""18:00:00"";""MG"";40;480","8;""SETE LAGOAS"";""Sim"";""Avarias e/ou desgaste excessivo no pneu"";1;""Saída de leito carroçável"";""Com Vítimas Feridas"";""Pleno dia"";""Decrescente"";""Céu Claro"";""Dupla"";""Reta"";""Não"";327845;""Automóvel"";""FIAT/PALIO FIRE ECONOMY"";2011;""Condutor"";""Lesões Leves"";33;""Masculino"";0;1;0;0;-19",5541;-44,"2429;""SR-MG"";""DEL4/2"";""UOP01/MG"""