"id;""pesid"";""data_inversa"";""dia_semana"";""horario"";""uf"";""br"";""km"";""municipio"";""causa_principal"";""causa_acidente"";""ordem_tipo_acidente"";""tipo_acidente"";""classificacao_acidente"";""fase_dia"";""sentido_via"";""condicao_metereologica"";""tipo_pista"";""tracado_via"";""uso_solo"";""id_veiculo"";""tipo_veiculo"";""marca"";""ano_fabricacao_veiculo"";""tipo_envolvido"";""estado_fisico"";""idade"";""sexo"";""ilesos"";""feridos_leves"";""feridos_graves"";""mortos"";""latitude"";""longitude"";""regional"";""delegacia"";""uop""",,,
"184456;408314;2019-01-10;""quinta-feira"";""23:45:00"";""BA"";116;620","7;""JAGUAQUARA"";""Não"";""Objeto estático sobre o leito carroçável"";1;""Colisão com objeto estático"";""Sem Vítimas"";""Plena Noite"";""Decrescente"";""Nublado"";""Simples"";""Reta"";""Não"";327949;""Automóvel"";""GM/KADETT IPANEMA GL"";1996;""Passageiro"";""Ileso"";33;""Masculino"";1;0;0;0;-13",41410402;-40,"02587557;""SR-BA"";""DEL10/3"";""UOP01/BA"""
"184456;408309;2019-01-10;""quinta-feira"";""23:45:00"";""BA"";116;620","7;""JAGUAQUARA"";""Sim"";""Defeito na Via"";1;""Colisão com objeto estático"";""Sem Vítimas"";""Plena Noite"";""Decrescente"";""Nublado"";""Simples"";""Reta"";""Não"";327949;""Automóvel"";""GM/KADETT IPANEMA GL"";1996;""Condutor"";""Ileso"";53;""Masculino"";1;0;0;0;-13",41410402;-40,"02587557;""SR-BA"";""DEL10/3"";""UOP01/BA"""
"184456;408309;2019-01-10;""quinta-feira"";""23:45:00"";""BA"";116;620","7;""JAGUAQUARA"";""Não"";""Objeto estático sobre o leito carroçável"";1;""Colisão com objeto estático"";""Sem Vítimas"";""Plena Noite"";""Decrescente"";""Nublado"";""Simples"";""Reta"";""Não"";327949;""Automóvel"";""GM/KADETT IPANEMA GL"";1996;""Condutor"";""Ileso"";53;""Masculino"";1;0;0;0;-13",41410402;-40,"02587557;""SR-BA"";""DEL10/3"";""UOP01/BA"""
"184456;408312;2019-01-10;""quinta-feira"";""23:45:00"";""BA"";116;620","7;""JAGUAQUARA"";""Sim"";""Defeito na Via"";1;""Colisão com objeto estático"";""Sem Vítimas"";""Plena Noite"";""Decrescente"";""Nublado"";""Simples"";""Reta"";""Não"";327949;""Automóvel"";""GM/KADETT IPANEMA GL"";1996;""Passageiro"";""Ileso"";24;""Masculino"";1;0;0;0;-13",41410402;-40,"02587557;""SR-BA"";""DEL10/3"";""UOP01/BA"""
"184456;408312;2019-01-10;""quinta-feira"";""23:45:00"";""BA"";116;620","7;""JAGUAQUARA"";""Não"";""Objeto estático sobre o leito carroçável"";1;""Colisão com objeto estático"";""Sem Vítimas"";""Plena Noite"";""Decrescente"";""Nublado"";""Simples"";""Reta"";""Não"";327949;""Automóvel"";""GM/KADETT IPANEMA GL"";1996;""Passageiro"";""Ileso"";24;""Masculino"";1;0;0;0;-13",41410402;-40,"02587557;""SR-BA"";""DEL10/3"";""UOP01/BA"""
"184457;408287;2019-01-10;""quinta-feira"";""20:30:00"";""RJ"";465;14;""SEROPEDICA"";""Sim"";""Falta de Atenção à Condução"";1;""Colisão frontal"";""Com Vítimas Feridas"";""Plena Noite"";""Decrescente"";""Céu Claro"";""Simples"";""Reta"";""Sim"";327931;""Motocicleta"";""HONDA/CB 300R"";2011;""Passageiro"";""Lesões Leves"";30;""Feminino"";0;1;0;0;-22",804979;-43,"638828;""SR-RJ"";""DEL5/1"";""UOP03/RJ""",
"184457;408286;2019-01-10;""quinta-feira"";""20:30:00"";""RJ"";465;14;""SEROPEDICA"";""Sim"";""Falta de Atenção à Condução"";1;""Colisão frontal"";""Com Vítimas Feridas"";""Plena Noite"";""Decrescente"";""Céu Claro"";""Simples"";""Reta"";""Sim"";327931;""Motocicleta"";""HONDA/CB 300R"";2011;""Condutor"";""Lesões Leves"";30;""Masculino"";0;1;0;0;-22",804979;-43,"638828;""SR-RJ"";""DEL5/1"";""UOP03/RJ""",
"184457;408280;2019-01-10;""quinta-feira"";""20:30:00"";""RJ"";465;14;""SEROPEDICA"";""Sim"";""Falta de Atenção à Condução"";1;""Colisão frontal"";""Com Vítimas Feridas"";""Plena Noite"";""Decrescente"";""Céu Claro"";""Simples"";""Reta"";""Sim"";327930;""Automóvel"";""FIAT/UNO MILLE WAY ECON"";2010;""Condutor"";""Ileso"";26;""Masculino"";1;0;0;0;-22",804979;-43,"638828;""SR-RJ"";""DEL5/1"";""UOP03/RJ""",
"184458;407312;2019-01-11;""sexta-feira"";""01:48:00"";""PR"";369;149","4;""LONDRINA"";""Sim"";""Desobediência às normas de trânsito pelo condutor"";1;""Colisão transversal"";""Com Vítimas Feridas"";""Plena Noite"";""Crescente"";""Céu Claro"";""Dupla"";""Interseção de vias"";""Sim"";327936;""Motocicleta"";""HONDA/CG 150 TITAN KS"";2004;""Condutor"";""Lesões Leves"";19;""Masculino"";0;1;0;0;-23",29290976;-51,"15450561;""SR-PR"";""DEL7/7"";""UOP01/PR"""
"184458;407313;2019-01-11;""sexta-feira"";""01:48:00"";""PR"";369;149","4;""LONDRINA"";""Sim"";""Desobediência às normas de trânsito pelo condutor"";1;""Colisão transversal"";""Com Vítimas Feridas"";""Plena Noite"";""Crescente"";""Céu Claro"";""Dupla"";""Interseção de vias"";""Sim"";327937;""Camioneta"";""FORD/ECOSPORT XLT1.6FLEX"";2006;""Condutor"";""Ileso"";28;""Masculino"";1;0;0;0;-23",29290976;-51,"15450561;""SR-PR"";""DEL7/7"";""UOP01/PR"""
"184460;406764;2019-01-11;""sexta-feira"";""04:30:00"";""MG"";50;190","7;""UBERABA"";""Sim"";""Desobediência às normas de trânsito pelo pedestre"";1;""Atropelamento de Pedestre"";""Com Vítimas Fatais"";""Plena Noite"";""Crescente"";""Céu Claro"";""Dupla"";""Reta"";""Não"";327969;""Caminhão"";"""";NA;""Pedestre"";""Óbito"";NA;""Ignorado"";0;0;0;1;-19",862;-47,"8656;""SR-MG"";""DEL13"";""UOP01/MG"""
"184460;406769;2019-01-11;""sexta-feira"";""04:30:00"";""MG"";50;190","7;""UBERABA"";""Sim"";""Desobediência às normas de trânsito pelo pedestre"";1;""Atropelamento de Pedestre"";""Com Vítimas Fatais"";""Plena Noite"";""Crescente"";""Céu Claro"";""Dupla"";""Reta"";""Não"";327969;""Caminhão"";"""";NA;""Condutor"";""Não Informado"";NA;""Não Informado"";0;0;0;0;-19",862;-47,"8656;""SR-MG"";""DEL13"";""UOP01/MG"""
"184461;NA;2019-01-11;""sexta-feira"";""04:00:00"";""PE"";101;68","5;""RECIFE"";""Sim"";""Falta de Atenção à Condução"";1;""Saída de leito carroçável"";""Com Vítimas Feridas"";""Plena Noite"";""Decrescente"";""Chuva"";""Dupla"";""Não Informado"";""Sim"";329256;""Semireboque"";""SR/METALESP SILOCAR BD22"";2005;""Não Informado"";""Não Informado"";NA;""Não Informado"";0;0;0;0;-8",0595;-34,"9458;""SR-PE"";""DEL11/1"";""UOP01/PE"""
"184461;NA;2019-01-11;""sexta-feira"";""04:00:00"";""PE"";101;68","5;""RECIFE"";""Sim"";""Falta de Atenção à Condução"";1;""Saída de leito carroçável"";""Com Vítimas Feridas"";""Plena Noite"";""Decrescente"";""Chuva"";""Dupla"";""Não Informado"";""Sim"";329260;""Semireboque"";""SR/METALESP SILOCAR BT22"";2005;""Não Informado"";""Não Informado"";NA;""Não Informado"";0;0;0;0;-8",0595;-34,"9458;""SR-PE"";""DEL11/1"";""UOP01/PE"""
"184461;408406;2019-01-11;""sexta-feira"";""04:00:00"";""PE"";101;68","5;""RECIFE"";""Sim"";""Falta de Atenção à Condução"";1;""Saída de leito carroçável"";""Com Vítimas Feridas"";""Plena Noite"";""Decrescente"";""Chuva"";""Dupla"";""Não Informado"";""Sim"";327977;""Caminhão-trator"";""IVECO/STRALIS 570S41T"";2010;""Condutor"";""Lesões Leves"";42;""Masculino"";0;1;0;0;-8",0595;-34,"9458;""SR-PE"";""DEL11/1"";""UOP01/PE"""
"184463;408278;2019-01-11;""sexta-feira"";""06:15:00"";""SC"";282;5;""SAO JOSE"";""Sim"";""Não guardar distância de segurança"";1;""Colisão traseira"";""Com Vítimas Feridas"";""Pleno dia"";""Decrescente"";""Céu Claro"";""Dupla"";""Reta"";""Não"";329101;""Motocicleta"";""KAWASAKI/NINJA 250R"";2012;""Condutor"";""Lesões Leves"";38;""Masculino"";0;1;0;0;-27",588425;-48,"612919;""SR-SC"";""DEL8/1"";""UOP01/SC""",
"184463;408279;2019-01-11;""sexta-feira"";""06:15:00"";""SC"";282;5;""SAO JOSE"";""Sim"";""Não guardar distância de segurança"";1;""Colisão traseira"";""Com Vítimas Feridas"";""Pleno dia"";""Decrescente"";""Céu Claro"";""Dupla"";""Reta"";""Não"";329102;""Automóvel"";""VW/GOL"";2018;""Condutor"";""Ileso"";58;""Masculino"";1;0;0;0;-27",588425;-48,"612919;""SR-SC"";""DEL8/1"";""UOP01/SC""",
"184464;407518;2019-01-10;""quinta-feira"";""22:15:00"";""BA"";101;739","6;""ITABELA"";""Sim"";""Velocidade Incompatível"";2;""Saída de leito carroçável"";""Com Vítimas Feridas"";""Plena Noite"";""Decrescente"";""Céu Claro"";""Simples"";""Não Informado"";""Não"";327963;""Caminhão"";""VW/24.250 CNC 6X2"";2011;""Condutor"";""Lesões Leves"";24;""Masculino"";0;1;0;0;-16",5271;-39,"5673;""SR-BA"";""DEL10/9"";""UOP01/BA"""
"184464;407518;2019-01-10;""quinta-feira"";""22:15:00"";""BA"";101;739","6;""ITABELA"";""Sim"";""Velocidade Incompatível"";1;""Tombamento"";""Com Vítimas Feridas"";""Plena Noite"";""Decrescente"";""Céu Claro"";""Simples"";""Não Informado"";""Não"";327963;""Caminhão"";""VW/24.250 CNC 6X2"";2011;""Condutor"";""Lesões Leves"";24;""Masculino"";0;1;0;0;-16",5271;-39,"5673;""SR-BA"";""DEL10/9"";""UOP01/BA"""
"184465;406771;2019-01-08;""terça-feira"";""05:45:00"";""SC"";101;187","5;""BIGUACU"";""Sim"";""Ingestão de Álcool"";1;""Saída de leito carroçável"";""Sem Vítimas"";""Amanhecer"";""Crescente"";""Nublado"";""Dupla"";""Reta"";""Sim"";327966;""Automóvel"";""PEUGEOT/206 14 SENSAT FX"";2007;""Condutor"";""Ileso"";39;""Masculino"";1;0;0;0;-27",4514;-48,"6336;""SR-SC"";""DEL8/1"";""UOP01/SC"""
"184466;409609;2019-01-11;""sexta-feira"";""06:45:00"";""PR"";277;726","4;""FOZ DO IGUACU"";""Sim"";""Falta de Atenção à Condução"";1;""Colisão transversal"";""Com Vítimas Feridas"";""Pleno dia"";""Crescente"";""Céu Claro"";""Dupla"";""Rotatória"";""Sim"";330142;""Motoneta"";""I/LEOPARD MC 110 EVO"";2012;""Condutor"";""Lesões Leves"";27;""Masculino"";0;1;0;0;-25",51014376;-54,"55870628;""SR-PR"";""DEL7/5"";""UOP03/PR"""
"184466;409605;2019-01-11;""sexta-feira"";""06:45:00"";""PR"";277;726","4;""FOZ DO IGUACU"";""Sim"";""Falta de Atenção à Condução"";1;""Colisão transversal"";""Com Vítimas Feridas"";""Pleno dia"";""Crescente"";""Céu Claro"";""Dupla"";""Rotatória"";""Sim"";328263;""Automóvel"";""IMP/TOYOTA"";2002;""Condutor"";""Ileso"";40;""Feminino"";1;0;0;0;-25",51014376;-54,"55870628;""SR-PR"";""DEL7/5"";""UOP03/PR"""
"184467;NA;2019-01-11;""sexta-feira"";""02:30:00"";""MT"";70;62;""BARRA DO GARCAS"";""Sim"";""Desobediência às normas de trânsito pelo condutor"";1;""Colisão lateral"";""Sem Vítimas"";""Plena Noite"";""Crescente"";""Céu Claro"";""Simples"";""Não Informado"";""Não"";327991;""Reboque"";""R/FACCHINI RE DL"";2018;""Não Informado"";""Não Informado"";NA;""Não Informado"";0;0;0;0;-15",70628567;-52,"71570398;""SR-MT"";""DEL2/8"";""UOP01/MT""",
"184467;NA;2019-01-11;""sexta-feira"";""02:30:00"";""MT"";70;62;""BARRA DO GARCAS"";""Não"";""Ultrapassagem Indevida"";1;""Colisão lateral"";""Sem Vítimas"";""Plena Noite"";""Crescente"";""Céu Claro"";""Simples"";""Não Informado"";""Não"";327991;""Reboque"";""R/FACCHINI RE DL"";2018;""Não Informado"";""Não Informado"";NA;""Não Informado"";0;0;0;0;-15",70628567;-52,"71570398;""SR-MT"";""DEL2/8"";""UOP01/MT""",
"184467;NA;2019-01-11;""sexta-feira"";""02:30:00"";""MT"";70;62;""BARRA DO GARCAS"";""Sim"";""Desobediência às normas de trânsito pelo condutor"";1;""Colisão lateral"";""Sem Vítimas"";""Plena Noite"";""Crescente"";""Céu Claro"";""Simples"";""Não Informado"";""Não"";327986;""Semireboque"";""SR/FACCHINI SRF RT"";2018;""Não Informado"";""Não Informado"";NA;""Não Informado"";0;0;0;0;-15",70628567;-52,"71570398;""SR-MT"";""DEL2/8"";""UOP01/MT""",
"184467;NA;2019-01-11;""sexta-feira"";""02:30:00"";""MT"";70;62;""BARRA DO GARCAS"";""Não"";""Ultrapassagem Indevida"";1;""Colisão lateral"";""Sem Vítimas"";""Plena Noite"";""Crescente"";""Céu Claro"";""Simples"";""Não Informado"";""Não"";327986;""Semireboque"";""SR/FACCHINI SRF RT"";2018;""Não Informado"";""Não Informado"";NA;""Não Informado"";0;0;0;0;-15",70628567;-52,"71570398;""SR-MT"";""DEL2/8"";""UOP01/MT""",
"184467;NA;2019-01-11;""sexta-feira"";""02:30:00"";""MT"";70;62;""BARRA DO GARCAS"";""Sim"";""Desobediência às normas de trânsito pelo condutor"";1;""Colisão lateral"";""Sem Vítimas"";""Plena Noite"";""Crescente"";""Céu Claro"";""Simples"";""Não Informado"";""Não"";327988;""Semireboque"";""SR/FACCHINI SRF RT"";2018;""Não Informado"";""Não Informado"";NA;""Não Informado"";0;0;0;0;-15",70628567;-52,"71570398;""SR-MT"";""DEL2/8"";""UOP01/MT""",
"184467;NA;2019-01-11;""sexta-feira"";""02:30:00"";""MT"";70;62;""BARRA DO GARCAS"";""Não"";""Ultrapassagem Indevida"";1;""Colisão lateral"";""Sem Vítimas"";""Plena Noite"";""Crescente"";""Céu Claro"";""Simples"";""Não Informado"";""Não"";327988;""Semireboque"";""SR/FACCHINI SRF RT"";2018;""Não Informado"";""Não Informado"";NA;""Não Informado"";0;0;0;0;-15",70628567;-52,"71570398;""SR-MT"";""DEL2/8"";""UOP01/MT""",
"184467;406777;2019-01-11;""sexta-feira"";""02:30:00"";""MT"";70;62;""BARRA DO GARCAS"";""Sim"";""Desobediência às normas de trânsito pelo condutor"";1;""Colisão lateral"";""Sem Vítimas"";""Plena Noite"";""Crescente"";""Céu Claro"";""Simples"";""Não Informado"";""Não"";327972;""Ônibus"";""MBENZ/MPOLO PARADISO LD"";2015;""Condutor"";""Ileso"";37;""Masculino"";1;0;0;0;-15",70628567;-52,"71570398;""SR-MT"";""DEL2/8"";""UOP01/MT""",
"184467;406777;2019-01-11;""sexta-feira"";""02:30:00"";""MT"";70;62;""BARRA DO GARCAS"";""Não"";""Ultrapassagem Indevida"";1;""Colisão lateral"";""Sem Vítimas"";""Plena Noite"";""Crescente"";""Céu Claro"";""Simples"";""Não Informado"";""Não"";327972;""Ônibus"";""MBENZ/MPOLO PARADISO LD"";2015;""Condutor"";""Ileso"";37;""Masculino"";1;0;0;0;-15",70628567;-52,"71570398;""SR-MT"";""DEL2/8"";""UOP01/MT""",
"184467;406778;2019-01-11;""sexta-feira"";""02:30:00"";""MT"";70;62;""BARRA DO GARCAS"";""Sim"";""Desobediência às normas de trânsito pelo condutor"";1;""Colisão lateral"";""Sem Vítimas"";""Plena Noite"";""Crescente"";""Céu Claro"";""Simples"";""Não Informado"";""Não"";327973;""Caminhão-trator"";""SCANIA/R 440 A6X4"";2013;""Condutor"";""Ileso"";46;""Masculino"";1;0;0;0;-15",70628567;-52,"71570398;""SR-MT"";""DEL2/8"";""UOP01/MT""",
"184467;406778;2019-01-11;""sexta-feira"";""02:30:00"";""MT"";70;62;""BARRA DO GARCAS"";""Não"";""Ultrapassagem Indevida"";1;""Colisão lateral"";""Sem Vítimas"";""Plena Noite"";""Crescente"";""Céu Claro"";""Simples"";""Não Informado"";""Não"";327973;""Caminhão-trator"";""SCANIA/R 440 A6X4"";2013;""Condutor"";""Ileso"";46;""Masculino"";1;0;0;0;-15",70628567;-52,"71570398;""SR-MT"";""DEL2/8"";""UOP01/MT""",
"184468;408207;2019-01-11;""sexta-feira"";""07:00:00"";""PR"";277;613","1;""CEU AZUL"";""Sim"";""Ultrapassagem Indevida"";1;""Saída de leito carroçável"";""Com Vítimas Feridas"";""Pleno dia"";""Crescente"";""Céu Claro"";""Simples"";""Reta"";""Não"";327983;""Automóvel"";""I/FORD FOCUS HC FLEX"";2012;""Condutor"";""Lesões Leves"";52;""Feminino"";0;1;0;0;-25",061493;-53,"64838;""SR-PR"";""DEL7/5"";""UOP02/PR"""
"184468;408210;2019-01-11;""sexta-feira"";""07:00:00"";""PR"";277;613","1;""CEU AZUL"";""Sim"";""Ultrapassagem Indevida"";1;""Saída de leito carroçável"";""Com Vítimas Feridas"";""Pleno dia"";""Crescente"";""Céu Claro"";""Simples"";""Reta"";""Não"";327983;""Automóvel"";""I/FORD FOCUS HC FLEX"";2012;""Passageiro"";""Lesões Leves"";24;""Feminino"";0;1;0;0;-25",061493;-53,"64838;""SR-PR"";""DEL7/5"";""UOP02/PR"""
"184469;406776;2019-01-07;""segunda-feira"";""21:50:00"";""PR"";277;50;""SAO JOSE DOS PINHAIS"";""Sim"";""Falta de Atenção do Pedestre"";1;""Atropelamento de Pedestre"";""Com Vítimas Feridas"";""Plena Noite"";""Decrescente"";""Garoa/Chuvisco"";""Dupla"";""Reta"";""Não"";327978;""Ônibus"";"""";NA;""Pedestre"";""Lesões Leves"";NA;""Masculino"";0;1;0;0;-25",59338634;-48,"90913859;""SR-PR"";""DEL7/1"";""UOP06/PR""",
"184469;406779;2019-01-07;""segunda-feira"";""21:50:00"";""PR"";277;50;""SAO JOSE DOS PINHAIS"";""Sim"";""Falta de Atenção do Pedestre"";1;""Atropelamento de Pedestre"";""Com Vítimas Feridas"";""Plena Noite"";""Decrescente"";""Garoa/Chuvisco"";""Dupla"";""Reta"";""Não"";327978;""Ônibus"";"""";NA;""Condutor"";""Não Informado"";NA;""Não Informado"";0;0;0;0;-25",59338634;-48,"90913859;""SR-PR"";""DEL7/1"";""UOP06/PR""",
"184470;408322;2019-01-11;""sexta-feira"";""06:00:00"";""CE"";304;92;""ARACATI"";""Sim"";""Falta de Atenção à Condução"";1;""Colisão transversal"";""Com Vítimas Feridas"";""Pleno dia"";""Crescente"";""Sol"";""Simples"";""Reta"";""Não"";329208;""Ciclomotor"";""I/SHINERAY XY 50 Q"";2013;""Condutor"";""Lesões Leves"";44;""Masculino"";0;1;0;0;-4",813123;-37,"490311;""SR-CE"";""DEL16/3"";""UOP03/CE""",
"184470;408319;2019-01-11;""sexta-feira"";""06:00:00"";""CE"";304;92;""ARACATI"";""Sim"";""Falta de Atenção à Condução"";1;""Colisão transversal"";""Com Vítimas Feridas"";""Pleno dia"";""Crescente"";""Sol"";""Simples"";""Reta"";""Não"";327979;""Caminhonete"";""FIAT/STRADA WORKING"";2001;""Condutor"";""Ileso"";61;""Masculino"";1;0;0;0;-4",813123;-37,"490311;""SR-CE"";""DEL16/3"";""UOP03/CE""",
"184471;406819;2019-01-11;""sexta-feira"";""07:40:00"";""SP"";116;18","2;""LAVRINHAS"";""Sim"";""Falta de Atenção à Condução"";3;""Queda de ocupante de veículo"";""Com Vítimas Feridas"";""Pleno dia"";""Crescente"";""Sol"";""Dupla"";""Reta"";""Não"";328030;""Bicicleta"";""I/BASHAN KELT RUSH"";NA;""Condutor"";""Lesões Graves"";51;""Feminino"";0;0;1;0;-22",558407;-44,"856655;""SR-SP"";""DEL6/8"";""UOP01/SP"""
"184471;406819;2019-01-11;""sexta-feira"";""07:40:00"";""SP"";116;18","2;""LAVRINHAS"";""Sim"";""Falta de Atenção à Condução"";2;""Tombamento"";""Com Vítimas Feridas"";""Pleno dia"";""Crescente"";""Sol"";""Dupla"";""Reta"";""Não"";328030;""Bicicleta"";""I/BASHAN KELT RUSH"";NA;""Condutor"";""Lesões Graves"";51;""Feminino"";0;0;1;0;-22",558407;-44,"856655;""SR-SP"";""DEL6/8"";""UOP01/SP"""
"184471;406819;2019-01-11;""sexta-feira"";""07:40:00"";""SP"";116;18","2;""LAVRINHAS"";""Sim"";""Falta de Atenção à Condução"";1;""Colisão lateral"";""Com Vítimas Feridas"";""Pleno dia"";""Crescente"";""Sol"";""Dupla"";""Reta"";""Não"";328030;""Bicicleta"";""I/BASHAN KELT RUSH"";NA;""Condutor"";""Lesões Graves"";51;""Feminino"";0;0;1;0;-22",558407;-44,"856655;""SR-SP"";""DEL6/8"";""UOP01/SP"""
"184471;406821;2019-01-11;""sexta-feira"";""07:40:00"";""SP"";116;18","2;""LAVRINHAS"";""Sim"";""Falta de Atenção à Condução"";3;""Queda de ocupante de veículo"";""Com Vítimas Feridas"";""Pleno dia"";""Crescente"";""Sol"";""Dupla"";""Reta"";""Não"";328030;""Bicicleta"";""I/BASHAN KELT RUSH"";NA;""Testemunha"";""Não Informado"";NA;""Não Informado"";0;0;0;0;-22",558407;-44,"856655;""SR-SP"";""DEL6/8"";""UOP01/SP"""
"184471;406821;2019-01-11;""sexta-feira"";""07:40:00"";""SP"";116;18","2;""LAVRINHAS"";""Sim"";""Falta de Atenção à Condução"";2;""Tombamento"";""Com Vítimas Feridas"";""Pleno dia"";""Crescente"";""Sol"";""Dupla"";""Reta"";""Não"";328030;""Bicicleta"";""I/BASHAN KELT RUSH"";NA;""Testemunha"";""Não Informado"";NA;""Não Informado"";0;0;0;0;-22",558407;-44,"856655;""SR-SP"";""DEL6/8"";""UOP01/SP"""
"184471;406821;2019-01-11;""sexta-feira"";""07:40:00"";""SP"";116;18","2;""LAVRINHAS"";""Sim"";""Falta de Atenção à Condução"";1;""Colisão lateral"";""Com Vítimas Feridas"";""Pleno dia"";""Crescente"";""Sol"";""Dupla"";""Reta"";""Não"";328030;""Bicicleta"";""I/BASHAN KELT RUSH"";NA;""Testemunha"";""Não Informado"";NA;""Não Informado"";0;0;0;0;-22",558407;-44,"856655;""SR-SP"";""DEL6/8"";""UOP01/SP"""
"184472;413723;2019-01-07;""segunda-feira"";""17:20:00"";""CE"";222;7","4;""CAUCAIA"";""Sim"";""Falta de Atenção à Condução"";1;""Colisão lateral"";""Com Vítimas Feridas"";""Pleno dia"";""Decrescente"";""Céu Claro"";""Dupla"";""Retorno Regulamentado"";""Sim"";327982;""Motocicleta"";""HONDA/NXR160 BROS ESDD"";2018;""Condutor"";""Lesões Leves"";31;""Masculino"";0;1;0;0;-3",749515;-38,"629959;""SR-CE"";""DEL16/1"";""UOP01/CE"""
"184472;413722;2019-01-07;""segunda-feira"";""17:20:00"";""CE"";222;7","4;""CAUCAIA"";""Sim"";""Falta de Atenção à Condução"";1;""Colisão lateral"";""Com Vítimas Feridas"";""Pleno dia"";""Decrescente"";""Céu Claro"";""Dupla"";""Retorno Regulamentado"";""Sim"";327981;""Caminhão"";""VW/24.280 CRM 6X2"";2018;""Condutor"";""Ileso"";34;""Masculino"";1;0;0;0;-3",749515;-38,"629959;""SR-CE"";""DEL16/1"";""UOP01/CE"""
"184473;410530;2019-01-11;""sexta-feira"";""07:40:00"";""MG"";381;766","5;""CAMPANHA"";""Sim"";""Falta de Atenção à Condução"";1;""Queda de ocupante de veículo"";""Com Vítimas Feridas"";""Pleno dia"";""Decrescente"";""Céu Claro"";""Dupla"";""Curva"";""Não"";328046;""Motocicleta"";""HONDA/CG 160 FAN"";2017;""Pedestre"";""Lesões Graves"";53;""Masculino"";0;0;1;0;-21",7486;-45,"3881;""SR-MG"";""DEL09"";""UOP02/MG"""
"184473;410536;2019-01-11;""sexta-feira"";""07:40:00"";""MG"";381;766","5;""CAMPANHA"";""Sim"";""Falta de Atenção à Condução"";1;""Queda de ocupante de veículo"";""Com Vítimas Feridas"";""Pleno dia"";""Decrescente"";""Céu Claro"";""Dupla"";""Curva"";""Não"";328046;""Motocicleta"";""HONDA/CG 160 FAN"";2017;""Condutor"";""Lesões Graves"";44;""Masculino"";0;0;1;0;-21",7486;-45,"3881;""SR-MG"";""DEL09"";""UOP02/MG"""
"184474;407183;2019-01-11;""sexta-feira"";""07:45:00"";""RS"";290;107","2;""ELDORADO DO SUL"";""Sim"";""Falta de Atenção à Condução"";1;""Colisão transversal"";""Com Vítimas Feridas"";""Pleno dia"";""Decrescente"";""Céu Claro"";""Simples"";""Rotatória"";""Sim"";328317;""Motocicleta"";""KASINSKI/MIRAGE 250"";2006;""Condutor"";""Lesões Leves"";48;""Masculino"";0;1;0;0;-30",00327881;-51,"30587339;""SR-RS"";""DEL9/2"";""UOP01/RS"""
"184474;407181;2019-01-11;""sexta-feira"";""07:45:00"";""RS"";290;107","2;""ELDORADO DO SUL"";""Sim"";""Falta de Atenção à Condução"";1;""Colisão transversal"";""Com Vítimas Feridas"";""Pleno dia"";""Decrescente"";""Céu Claro"";""Simples"";""Rotatória"";""Sim"";328316;""Automóvel"";""FIAT/UNO MILLE FIRE FLEX"";2007;""Condutor"";""Ileso"";61;""Masculino"";1;0;0;0;-30",00327881;-51,"30587339;""SR-RS"";""DEL9/2"";""UOP01/RS"""
"184475;407040;2019-01-11;""sexta-feira"";""07:30:00"";""MG"";381;738","8;""TRES CORACOES"";""Sim"";""Velocidade Incompatível"";1;""Saída de leito carroçável"";""Com Vítimas Feridas"";""Amanhecer"";""Decrescente"";""Céu Claro"";""Dupla"";""Curva"";""Não"";328071;""Automóvel"";""NISSAN/VERSA 16SL CVT"";2018;""Passageiro"";""Lesões Leves"";61;""Feminino"";0;1;0;0;-21",5826;-45,"2396;""SR-MG"";""DEL09"";""UOP02/MG"""
"184475;406932;2019-01-11;""sexta-feira"";""07:30:00"";""MG"";381;738","8;""TRES CORACOES"";""Sim"";""Velocidade Incompatível"";1;""Saída de leito carroçável"";""Com Vítimas Feridas"";""Amanhecer"";""Decrescente"";""Céu Claro"";""Dupla"";""Curva"";""Não"";328071;""Automóvel"";""NISSAN/VERSA 16SL CVT"";2018;""Condutor"";""Ileso"";47;""Masculino"";1;0;0;0;-21",5826;-45,"2396;""SR-MG"";""DEL09"";""UOP02/MG"""
"184476;NA;2019-01-07;""segunda-feira"";""18:00:00"";""SC"";280;206;""MAFRA"";""Sim"";""Falta de Atenção à Condução"";1;""Tombamento"";""Sem Vítimas"";""Pleno dia"";""Decrescente"";""Céu Claro"";""Simples"";""Reta"";""Não"";328054;""Semireboque"";""SR/LIBRELATO SRCD 2E"";2005;""Não Informado"";""Não Informado"";NA;""Não Informado"";0;0;0;0;-26",161243;-50,"131409;""SR-SC"";""DEL8/6"";""UOP01/SC""",
"184476;NA;2019-01-07;""segunda-feira"";""18:00:00"";""SC"";280;206;""MAFRA"";""Sim"";""Falta de Atenção à Condução"";1;""Tombamento"";""Sem Vítimas"";""Pleno dia"";""Decrescente"";""Céu Claro"";""Simples"";""Reta"";""Não"";328111;""Semireboque"";""SR/LIBRELATO SRCT 2E"";2005;""Não Informado"";""Não Informado"";NA;""Não Informado"";0;0;0;0;-26",161243;-50,"131409;""SR-SC"";""DEL8/6"";""UOP01/SC""",
"184476;406917;2019-01-07;""segunda-feira"";""18:00:00"";""SC"";280;206;""MAFRA"";""Sim"";""Falta de Atenção à Condução"";1;""Tombamento"";""Sem Vítimas"";""Pleno dia"";""Decrescente"";""Céu Claro"";""Simples"";""Reta"";""Não"";327987;""Caminhão-trator"";""VOLVO/FH 540 6X4T"";2018;""Condutor"";""Ileso"";42;""Masculino"";1;0;0;0;-26",161243;-50,"131409;""SR-SC"";""DEL8/6"";""UOP01/SC""",