"id;""pesid"";""data_inversa"";""dia_semana"";""horario"";""uf"";""br"";""km"";""municipio"";""causa_principal"";""causa_acidente"";""ordem_tipo_acidente"";""tipo_acidente"";""classificacao_acidente"";""fase_dia"";""sentido_via"";""condicao_metereologica"";""tipo_pista"";""tracado_via"";""uso_solo"";""id_veiculo"";""tipo_veiculo"";""marca"";""ano_fabricacao_veiculo"";""tipo_envolvido"";""estado_fisico"";""idade"";""sexo"";""ilesos"";""feridos_leves"";""feridos_graves"";""mortos"";""latitude"";""longitude"";""regional"";""delegacia"";""uop""",,,
"184477;406927;2019-01-11;""sexta-feira"";""07:20:00"";""RS"";116;256;""ESTEIO"";""Sim"";""Desobediência às normas de trânsito pelo condutor"";1;""Colisão traseira"";""Com Vítimas Feridas"";""Pleno dia"";""Decrescente"";""Céu Claro"";""Dupla"";""Reta"";""Sim"";328077;""Motocicleta"";""KAWASAKI/NINJA 300 ABS"";2014;""Condutor"";""Lesões Leves"";22;""Masculino"";0;1;0;0;-29",843962;-51,"177292;""SR-RS"";""DEL9/1"";""UOP02/RS""",
"184477;406927;2019-01-11;""sexta-feira"";""07:20:00"";""RS"";116;256;""ESTEIO"";""Não"";""Não guardar distância de segurança"";1;""Colisão traseira"";""Com Vítimas Feridas"";""Pleno dia"";""Decrescente"";""Céu Claro"";""Dupla"";""Reta"";""Sim"";328077;""Motocicleta"";""KAWASAKI/NINJA 300 ABS"";2014;""Condutor"";""Lesões Leves"";22;""Masculino"";0;1;0;0;-29",843962;-51,"177292;""SR-RS"";""DEL9/1"";""UOP02/RS""",
"184477;406928;2019-01-11;""sexta-feira"";""07:20:00"";""RS"";116;256;""ESTEIO"";""Sim"";""Desobediência às normas de trânsito pelo condutor"";1;""Colisão traseira"";""Com Vítimas Feridas"";""Pleno dia"";""Decrescente"";""Céu Claro"";""Dupla"";""Reta"";""Sim"";328078;""Automóvel"";""PEUGEOT/208 ACT PACK MT"";2016;""Condutor"";""Ileso"";24;""Masculino"";1;0;0;0;-29",843962;-51,"177292;""SR-RS"";""DEL9/1"";""UOP02/RS""",
"184477;406928;2019-01-11;""sexta-feira"";""07:20:00"";""RS"";116;256;""ESTEIO"";""Não"";""Não guardar distância de segurança"";1;""Colisão traseira"";""Com Vítimas Feridas"";""Pleno dia"";""Decrescente"";""Céu Claro"";""Dupla"";""Reta"";""Sim"";328078;""Automóvel"";""PEUGEOT/208 ACT PACK MT"";2016;""Condutor"";""Ileso"";24;""Masculino"";1;0;0;0;-29",843962;-51,"177292;""SR-RS"";""DEL9/1"";""UOP02/RS""",
"184479;NA;2019-01-11;""sexta-feira"";""05:15:00"";""PR"";476;284","2;""SAO MATEUS DO SUL"";""Sim"";""Ingestão de Álcool"";1;""Colisão frontal"";""Com Vítimas Feridas"";""Plena Noite"";""Crescente"";""Nublado"";""Simples"";""Reta"";""Não"";329317;""Semireboque"";""SR/FACCHINI SRF TA"";2017;""Não Informado"";""Não Informado"";NA;""Não Informado"";0;0;0;0;-25",899374;-50,"439541;""SR-PR"";""DEL7/2"";""UOP03/PR"""
"184479;NA;2019-01-11;""sexta-feira"";""05:15:00"";""PR"";476;284","2;""SAO MATEUS DO SUL"";""Sim"";""Ingestão de Álcool"";1;""Colisão frontal"";""Com Vítimas Feridas"";""Plena Noite"";""Crescente"";""Nublado"";""Simples"";""Reta"";""Não"";329319;""Semireboque"";""SR/FACCHINI SRF TA"";2017;""Não Informado"";""Não Informado"";NA;""Não Informado"";0;0;0;0;-25",899374;-50,"439541;""SR-PR"";""DEL7/2"";""UOP03/PR"""
"184479;408515;2019-01-11;""sexta-feira"";""05:15:00"";""PR"";476;284","2;""SAO MATEUS DO SUL"";""Sim"";""Ingestão de Álcool"";1;""Colisão frontal"";""Com Vítimas Feridas"";""Plena Noite"";""Crescente"";""Nublado"";""Simples"";""Reta"";""Não"";327995;""Automóvel"";""GM/KADETT SL"";1992;""Condutor"";""Lesões Graves"";31;""Masculino"";0;0;1;0;-25",899374;-50,"439541;""SR-PR"";""DEL7/2"";""UOP03/PR"""
"184479;408518;2019-01-11;""sexta-feira"";""05:15:00"";""PR"";476;284","2;""SAO MATEUS DO SUL"";""Sim"";""Ingestão de Álcool"";1;""Colisão frontal"";""Com Vítimas Feridas"";""Plena Noite"";""Crescente"";""Nublado"";""Simples"";""Reta"";""Não"";327996;""Caminhão-trator"";""VOLVO/FH 540 6X4T"";2018;""Condutor"";""Ileso"";42;""Masculino"";1;0;0;0;-25",899374;-50,"439541;""SR-PR"";""DEL7/2"";""UOP03/PR"""
"184480;406910;2019-01-07;""segunda-feira"";""17:50:00"";""PR"";376;538;""PALMEIRA"";""Sim"";""Defeito Mecânico no Veículo"";1;""Capotamento"";""Com Vítimas Feridas"";""Pleno dia"";""Crescente"";""Garoa/Chuvisco"";""Múltipla"";""Reta"";""Não"";327990;""Caminhonete"";""FIAT/FIORINO FLEX"";2013;""Condutor"";""Lesões Leves"";36;""Masculino"";0;1;0;0;-25",34697849;-49,"84332919;""SR-PR"";""DEL7/1"";""UOP05/PR""",
"184481;406866;2019-01-11;""sexta-feira"";""07:40:00"";""PR"";116;115;""CURITIBA"";""Sim"";""Falta de Atenção à Condução"";1;""Queda de ocupante de veículo"";""Com Vítimas Feridas"";""Pleno dia"";""Crescente"";""Céu Claro"";""Dupla"";""Reta"";""Sim"";328063;""Motocicleta"";""YAMAHA/FACTOR YBR125 K"";2010;""Condutor"";""Lesões Graves"";33;""Masculino"";0;0;1;0;-25",54956593;-49,"30458069;""SR-PR"";""DEL7/1"";""UOP01/PR""",
"184482;406900;2019-01-11;""sexta-feira"";""08:10:00"";""RS"";290;75","6;""GRAVATAI"";""Sim"";""Defeito Mecânico no Veículo"";1;""Saída de leito carroçável"";""Sem Vítimas"";""Pleno dia"";""Crescente"";""Nublado"";""Dupla"";""Curva"";""Não"";328050;""Automóvel"";""I/CITROEN C4 20GLX5P F"";2009;""Condutor"";""Ileso"";33;""Feminino"";1;0;0;0;-29",95521;-51,"006855;""SR-RS"";""DEL9/1"";""UOP01/RS"""
"184483;406930;2019-01-08;""terça-feira"";""04:50:00"";""MG"";40;750;""SANTOS DUMONT"";""Sim"";""Condutor Dormindo"";2;""Derramamento de carga"";""Sem Vítimas"";""Plena Noite"";""Decrescente"";""Céu Claro"";""Dupla"";""Retorno Regulamentado"";""Sim"";327994;""Caminhão"";""M.BENZ/L 2213"";1974;""Condutor"";""Ileso"";38;""Masculino"";1;0;0;0;-21",4903;-43,"535;""SR-MG"";""DEL5"";""UOP01/MG""",
"184483;406930;2019-01-08;""terça-feira"";""04:50:00"";""MG"";40;750;""SANTOS DUMONT"";""Sim"";""Condutor Dormindo"";1;""Saída de leito carroçável"";""Sem Vítimas"";""Plena Noite"";""Decrescente"";""Céu Claro"";""Dupla"";""Retorno Regulamentado"";""Sim"";327994;""Caminhão"";""M.BENZ/L 2213"";1974;""Condutor"";""Ileso"";38;""Masculino"";1;0;0;0;-21",4903;-43,"535;""SR-MG"";""DEL5"";""UOP01/MG""",
"184484;406852;2019-01-07;""segunda-feira"";""19:30:00"";""PR"";277;653;""MATELANDIA"";""Sim"";""Falta de Atenção à Condução"";1;""Colisão traseira"";""Sem Vítimas"";""Pleno dia"";""Decrescente"";""Sol"";""Simples"";""Reta"";""Não"";328044;""Caminhonete"";"""";NA;""Condutor"";""Ileso"";NA;""Ignorado"";1;0;0;0;-25",213331;-53,"95145;""SR-PR"";""DEL7/5"";""UOP02/PR""",
"184484;406827;2019-01-07;""segunda-feira"";""19:30:00"";""PR"";277;653;""MATELANDIA"";""Sim"";""Falta de Atenção à Condução"";1;""Colisão traseira"";""Sem Vítimas"";""Pleno dia"";""Decrescente"";""Sol"";""Simples"";""Reta"";""Não"";328016;""Motocicleta"";""HONDA/CG 160 START"";2016;""Condutor"";""Ileso"";33;""Masculino"";1;0;0;0;-25",213331;-53,"95145;""SR-PR"";""DEL7/5"";""UOP02/PR""",
"184485;406996;2019-01-07;""segunda-feira"";""18:45:00"";""MS"";262;123;""AGUA CLARA"";""Sim"";""Pista Escorregadia"";2;""Tombamento"";""Com Vítimas Feridas"";""Plena Noite"";""Crescente"";""Chuva"";""Simples"";""Não Informado"";""Não"";328004;""Camioneta"";""IMP/TOYOTA"";2008;""Passageiro"";""Ileso"";18;""Masculino"";1;0;0;0;-20",50084805;-52,"70525157;""SR-MS"";""DEL3/7"";""UOP02/MS""",
"184485;406996;2019-01-07;""segunda-feira"";""18:45:00"";""MS"";262;123;""AGUA CLARA"";""Sim"";""Pista Escorregadia"";1;""Saída de leito carroçável"";""Com Vítimas Feridas"";""Plena Noite"";""Crescente"";""Chuva"";""Simples"";""Não Informado"";""Não"";328004;""Camioneta"";""IMP/TOYOTA"";2008;""Passageiro"";""Ileso"";18;""Masculino"";1;0;0;0;-20",50084805;-52,"70525157;""SR-MS"";""DEL3/7"";""UOP02/MS""",
"184485;406997;2019-01-07;""segunda-feira"";""18:45:00"";""MS"";262;123;""AGUA CLARA"";""Sim"";""Pista Escorregadia"";2;""Tombamento"";""Com Vítimas Feridas"";""Plena Noite"";""Crescente"";""Chuva"";""Simples"";""Não Informado"";""Não"";328004;""Camioneta"";""IMP/TOYOTA"";2008;""Passageiro"";""Ileso"";24;""Feminino"";1;0;0;0;-20",50084805;-52,"70525157;""SR-MS"";""DEL3/7"";""UOP02/MS""",
"184485;406997;2019-01-07;""segunda-feira"";""18:45:00"";""MS"";262;123;""AGUA CLARA"";""Sim"";""Pista Escorregadia"";1;""Saída de leito carroçável"";""Com Vítimas Feridas"";""Plena Noite"";""Crescente"";""Chuva"";""Simples"";""Não Informado"";""Não"";328004;""Camioneta"";""IMP/TOYOTA"";2008;""Passageiro"";""Ileso"";24;""Feminino"";1;0;0;0;-20",50084805;-52,"70525157;""SR-MS"";""DEL3/7"";""UOP02/MS""",
"184485;406986;2019-01-07;""segunda-feira"";""18:45:00"";""MS"";262;123;""AGUA CLARA"";""Sim"";""Pista Escorregadia"";2;""Tombamento"";""Com Vítimas Feridas"";""Plena Noite"";""Crescente"";""Chuva"";""Simples"";""Não Informado"";""Não"";328004;""Camioneta"";""IMP/TOYOTA"";2008;""Passageiro"";""Ileso"";29;""Feminino"";1;0;0;0;-20",50084805;-52,"70525157;""SR-MS"";""DEL3/7"";""UOP02/MS""",
"184485;406986;2019-01-07;""segunda-feira"";""18:45:00"";""MS"";262;123;""AGUA CLARA"";""Sim"";""Pista Escorregadia"";1;""Saída de leito carroçável"";""Com Vítimas Feridas"";""Plena Noite"";""Crescente"";""Chuva"";""Simples"";""Não Informado"";""Não"";328004;""Camioneta"";""IMP/TOYOTA"";2008;""Passageiro"";""Ileso"";29;""Feminino"";1;0;0;0;-20",50084805;-52,"70525157;""SR-MS"";""DEL3/7"";""UOP02/MS""",
"184485;406984;2019-01-07;""segunda-feira"";""18:45:00"";""MS"";262;123;""AGUA CLARA"";""Sim"";""Pista Escorregadia"";2;""Tombamento"";""Com Vítimas Feridas"";""Plena Noite"";""Crescente"";""Chuva"";""Simples"";""Não Informado"";""Não"";328004;""Camioneta"";""IMP/TOYOTA"";2008;""Passageiro"";""Ileso"";25;""Masculino"";1;0;0;0;-20",50084805;-52,"70525157;""SR-MS"";""DEL3/7"";""UOP02/MS""",
"184485;406984;2019-01-07;""segunda-feira"";""18:45:00"";""MS"";262;123;""AGUA CLARA"";""Sim"";""Pista Escorregadia"";1;""Saída de leito carroçável"";""Com Vítimas Feridas"";""Plena Noite"";""Crescente"";""Chuva"";""Simples"";""Não Informado"";""Não"";328004;""Camioneta"";""IMP/TOYOTA"";2008;""Passageiro"";""Ileso"";25;""Masculino"";1;0;0;0;-20",50084805;-52,"70525157;""SR-MS"";""DEL3/7"";""UOP02/MS""",
"184485;406991;2019-01-07;""segunda-feira"";""18:45:00"";""MS"";262;123;""AGUA CLARA"";""Sim"";""Pista Escorregadia"";2;""Tombamento"";""Com Vítimas Feridas"";""Plena Noite"";""Crescente"";""Chuva"";""Simples"";""Não Informado"";""Não"";328004;""Camioneta"";""IMP/TOYOTA"";2008;""Passageiro"";""Ileso"";25;""Masculino"";1;0;0;0;-20",50084805;-52,"70525157;""SR-MS"";""DEL3/7"";""UOP02/MS""",
"184485;406991;2019-01-07;""segunda-feira"";""18:45:00"";""MS"";262;123;""AGUA CLARA"";""Sim"";""Pista Escorregadia"";1;""Saída de leito carroçável"";""Com Vítimas Feridas"";""Plena Noite"";""Crescente"";""Chuva"";""Simples"";""Não Informado"";""Não"";328004;""Camioneta"";""IMP/TOYOTA"";2008;""Passageiro"";""Ileso"";25;""Masculino"";1;0;0;0;-20",50084805;-52,"70525157;""SR-MS"";""DEL3/7"";""UOP02/MS""",
"184485;406949;2019-01-07;""segunda-feira"";""18:45:00"";""MS"";262;123;""AGUA CLARA"";""Sim"";""Pista Escorregadia"";2;""Tombamento"";""Com Vítimas Feridas"";""Plena Noite"";""Crescente"";""Chuva"";""Simples"";""Não Informado"";""Não"";328004;""Camioneta"";""IMP/TOYOTA"";2008;""Condutor"";""Lesões Leves"";54;""Masculino"";0;1;0;0;-20",50084805;-52,"70525157;""SR-MS"";""DEL3/7"";""UOP02/MS""",
"184485;406949;2019-01-07;""segunda-feira"";""18:45:00"";""MS"";262;123;""AGUA CLARA"";""Sim"";""Pista Escorregadia"";1;""Saída de leito carroçável"";""Com Vítimas Feridas"";""Plena Noite"";""Crescente"";""Chuva"";""Simples"";""Não Informado"";""Não"";328004;""Camioneta"";""IMP/TOYOTA"";2008;""Condutor"";""Lesões Leves"";54;""Masculino"";0;1;0;0;-20",50084805;-52,"70525157;""SR-MS"";""DEL3/7"";""UOP02/MS""",
"184486;408263;2019-01-11;""sexta-feira"";""07:20:00"";""MG"";381;686","5;""LAVRAS"";""Sim"";""Condutor Dormindo"";3;""Colisão com objeto estático"";""Com Vítimas Feridas"";""Pleno dia"";""Crescente"";""Céu Claro"";""Dupla"";""Reta"";""Não"";328000;""Caminhão"";""M.BENZ/L 1513"";1981;""Passageiro"";""Lesões Leves"";47;""Feminino"";0;1;0;0;-21",179;-45,"1221;""SR-MG"";""DEL4/4"";""UOP02/MG"""
"184486;408263;2019-01-11;""sexta-feira"";""07:20:00"";""MG"";381;686","5;""LAVRAS"";""Sim"";""Condutor Dormindo"";2;""Colisão com objeto estático"";""Com Vítimas Feridas"";""Pleno dia"";""Crescente"";""Céu Claro"";""Dupla"";""Reta"";""Não"";328000;""Caminhão"";""M.BENZ/L 1513"";1981;""Passageiro"";""Lesões Leves"";47;""Feminino"";0;1;0;0;-21",179;-45,"1221;""SR-MG"";""DEL4/4"";""UOP02/MG"""
"184486;408263;2019-01-11;""sexta-feira"";""07:20:00"";""MG"";381;686","5;""LAVRAS"";""Sim"";""Condutor Dormindo"";1;""Colisão traseira"";""Com Vítimas Feridas"";""Pleno dia"";""Crescente"";""Céu Claro"";""Dupla"";""Reta"";""Não"";328000;""Caminhão"";""M.BENZ/L 1513"";1981;""Passageiro"";""Lesões Leves"";47;""Feminino"";0;1;0;0;-21",179;-45,"1221;""SR-MG"";""DEL4/4"";""UOP02/MG"""
"184486;408258;2019-01-11;""sexta-feira"";""07:20:00"";""MG"";381;686","5;""LAVRAS"";""Sim"";""Condutor Dormindo"";3;""Colisão com objeto estático"";""Com Vítimas Feridas"";""Pleno dia"";""Crescente"";""Céu Claro"";""Dupla"";""Reta"";""Não"";328000;""Caminhão"";""M.BENZ/L 1513"";1981;""Condutor"";""Ileso"";60;""Masculino"";1;0;0;0;-21",179;-45,"1221;""SR-MG"";""DEL4/4"";""UOP02/MG"""
"184486;408258;2019-01-11;""sexta-feira"";""07:20:00"";""MG"";381;686","5;""LAVRAS"";""Sim"";""Condutor Dormindo"";2;""Colisão com objeto estático"";""Com Vítimas Feridas"";""Pleno dia"";""Crescente"";""Céu Claro"";""Dupla"";""Reta"";""Não"";328000;""Caminhão"";""M.BENZ/L 1513"";1981;""Condutor"";""Ileso"";60;""Masculino"";1;0;0;0;-21",179;-45,"1221;""SR-MG"";""DEL4/4"";""UOP02/MG"""
"184486;408258;2019-01-11;""sexta-feira"";""07:20:00"";""MG"";381;686","5;""LAVRAS"";""Sim"";""Condutor Dormindo"";1;""Colisão traseira"";""Com Vítimas Feridas"";""Pleno dia"";""Crescente"";""Céu Claro"";""Dupla"";""Reta"";""Não"";328000;""Caminhão"";""M.BENZ/L 1513"";1981;""Condutor"";""Ileso"";60;""Masculino"";1;0;0;0;-21",179;-45,"1221;""SR-MG"";""DEL4/4"";""UOP02/MG"""
"184486;408252;2019-01-11;""sexta-feira"";""07:20:00"";""MG"";381;686","5;""LAVRAS"";""Sim"";""Condutor Dormindo"";3;""Colisão com objeto estático"";""Com Vítimas Feridas"";""Pleno dia"";""Crescente"";""Céu Claro"";""Dupla"";""Reta"";""Não"";327999;""Automóvel"";""HONDA/HR-V EXL CVT"";2018;""Condutor"";""Ileso"";29;""Masculino"";1;0;0;0;-21",179;-45,"1221;""SR-MG"";""DEL4/4"";""UOP02/MG"""
"184486;408252;2019-01-11;""sexta-feira"";""07:20:00"";""MG"";381;686","5;""LAVRAS"";""Sim"";""Condutor Dormindo"";2;""Colisão com objeto estático"";""Com Vítimas Feridas"";""Pleno dia"";""Crescente"";""Céu Claro"";""Dupla"";""Reta"";""Não"";327999;""Automóvel"";""HONDA/HR-V EXL CVT"";2018;""Condutor"";""Ileso"";29;""Masculino"";1;0;0;0;-21",179;-45,"1221;""SR-MG"";""DEL4/4"";""UOP02/MG"""
"184486;408252;2019-01-11;""sexta-feira"";""07:20:00"";""MG"";381;686","5;""LAVRAS"";""Sim"";""Condutor Dormindo"";1;""Colisão traseira"";""Com Vítimas Feridas"";""Pleno dia"";""Crescente"";""Céu Claro"";""Dupla"";""Reta"";""Não"";327999;""Automóvel"";""HONDA/HR-V EXL CVT"";2018;""Condutor"";""Ileso"";29;""Masculino"";1;0;0;0;-21",179;-45,"1221;""SR-MG"";""DEL4/4"";""UOP02/MG"""
"184487;406798;2019-01-08;""terça-feira"";""05:20:00"";""RJ"";101;417;""MANGARATIBA"";""Sim"";""Pista Escorregadia"";1;""Saída de leito carroçável"";""Com Vítimas Feridas"";""Amanhecer"";""Decrescente"";""Céu Claro"";""Simples"";""Curva"";""Não"";328012;""Ônibus"";""M.BENZ/MPOLO TORINO U"";2013;""Condutor"";""Ileso"";29;""Masculino"";1;0;0;0;-22",912937;-43,"897324;""SR-RJ"";""DEL5/3"";""UOP01/RJ""",
"184487;406797;2019-01-08;""terça-feira"";""05:20:00"";""RJ"";101;417;""MANGARATIBA"";""Sim"";""Pista Escorregadia"";1;""Saída de leito carroçável"";""Com Vítimas Feridas"";""Amanhecer"";""Decrescente"";""Céu Claro"";""Simples"";""Curva"";""Não"";328001;""Automóvel"";""VW/NOVO GOL TL MCV"";2018;""Passageiro"";""Lesões Leves"";58;""Feminino"";0;1;0;0;-22",912937;-43,"897324;""SR-RJ"";""DEL5/3"";""UOP01/RJ""",
"184487;406795;2019-01-08;""terça-feira"";""05:20:00"";""RJ"";101;417;""MANGARATIBA"";""Sim"";""Pista Escorregadia"";1;""Saída de leito carroçável"";""Com Vítimas Feridas"";""Amanhecer"";""Decrescente"";""Céu Claro"";""Simples"";""Curva"";""Não"";328001;""Automóvel"";""VW/NOVO GOL TL MCV"";2018;""Passageiro"";""Lesões Leves"";58;""Masculino"";0;1;0;0;-22",912937;-43,"897324;""SR-RJ"";""DEL5/3"";""UOP01/RJ""",
"184487;406793;2019-01-08;""terça-feira"";""05:20:00"";""RJ"";101;417;""MANGARATIBA"";""Sim"";""Pista Escorregadia"";1;""Saída de leito carroçável"";""Com Vítimas Feridas"";""Amanhecer"";""Decrescente"";""Céu Claro"";""Simples"";""Curva"";""Não"";328001;""Automóvel"";""VW/NOVO GOL TL MCV"";2018;""Condutor"";""Ileso"";48;""Masculino"";1;0;0;0;-22",912937;-43,"897324;""SR-RJ"";""DEL5/3"";""UOP01/RJ""",
"184488;NA;2019-01-07;""segunda-feira"";""20:15:00"";""PR"";376;199;""MANDAGUARI"";""Sim"";""Fenômenos da Natureza"";3;""Capotamento"";""Com Vítimas Feridas"";""Pleno dia"";""Decrescente"";""Chuva"";""Dupla"";""Reta"";""Não"";328403;""Semireboque"";""R/RANDON SR BA"";1998;""Não Informado"";""Não Informado"";NA;""Não Informado"";0;0;0;0;-23",509514;-51,"721405;""SR-PR"";""DEL7/7"";""UOP04/PR""",
"184488;NA;2019-01-07;""segunda-feira"";""20:15:00"";""PR"";376;199;""MANDAGUARI"";""Sim"";""Fenômenos da Natureza"";2;""Saída de leito carroçável"";""Com Vítimas Feridas"";""Pleno dia"";""Decrescente"";""Chuva"";""Dupla"";""Reta"";""Não"";328403;""Semireboque"";""R/RANDON SR BA"";1998;""Não Informado"";""Não Informado"";NA;""Não Informado"";0;0;0;0;-23",509514;-51,"721405;""SR-PR"";""DEL7/7"";""UOP04/PR""",
"184488;NA;2019-01-07;""segunda-feira"";""20:15:00"";""PR"";376;199;""MANDAGUARI"";""Sim"";""Fenômenos da Natureza"";1;""Colisão com objeto em movimento"";""Com Vítimas Feridas"";""Pleno dia"";""Decrescente"";""Chuva"";""Dupla"";""Reta"";""Não"";328403;""Semireboque"";""R/RANDON SR BA"";1998;""Não Informado"";""Não Informado"";NA;""Não Informado"";0;0;0;0;-23",509514;-51,"721405;""SR-PR"";""DEL7/7"";""UOP04/PR""",
"184488;407253;2019-01-07;""segunda-feira"";""20:15:00"";""PR"";376;199;""MANDAGUARI"";""Sim"";""Fenômenos da Natureza"";3;""Capotamento"";""Com Vítimas Feridas"";""Pleno dia"";""Decrescente"";""Chuva"";""Dupla"";""Reta"";""Não"";328018;""Automóvel"";""VW/GOL CL 1.6 MI"";1996;""Condutor"";""Lesões Graves"";24;""Masculino"";0;0;1;0;-23",509514;-51,"721405;""SR-PR"";""DEL7/7"";""UOP04/PR""",
"184488;407253;2019-01-07;""segunda-feira"";""20:15:00"";""PR"";376;199;""MANDAGUARI"";""Sim"";""Fenômenos da Natureza"";2;""Saída de leito carroçável"";""Com Vítimas Feridas"";""Pleno dia"";""Decrescente"";""Chuva"";""Dupla"";""Reta"";""Não"";328018;""Automóvel"";""VW/GOL CL 1.6 MI"";1996;""Condutor"";""Lesões Graves"";24;""Masculino"";0;0;1;0;-23",509514;-51,"721405;""SR-PR"";""DEL7/7"";""UOP04/PR""",
"184488;407253;2019-01-07;""segunda-feira"";""20:15:00"";""PR"";376;199;""MANDAGUARI"";""Sim"";""Fenômenos da Natureza"";1;""Colisão com objeto em movimento"";""Com Vítimas Feridas"";""Pleno dia"";""Decrescente"";""Chuva"";""Dupla"";""Reta"";""Não"";328018;""Automóvel"";""VW/GOL CL 1.6 MI"";1996;""Condutor"";""Lesões Graves"";24;""Masculino"";0;0;1;0;-23",509514;-51,"721405;""SR-PR"";""DEL7/7"";""UOP04/PR""",
"184488;407258;2019-01-07;""segunda-feira"";""20:15:00"";""PR"";376;199;""MANDAGUARI"";""Sim"";""Fenômenos da Natureza"";3;""Capotamento"";""Com Vítimas Feridas"";""Pleno dia"";""Decrescente"";""Chuva"";""Dupla"";""Reta"";""Não"";328019;""Caminhão-trator"";""I/SINOTRUK HOWO 6X4 380"";2011;""Condutor"";""Ileso"";46;""Masculino"";1;0;0;0;-23",509514;-51,"721405;""SR-PR"";""DEL7/7"";""UOP04/PR""",
"184488;407258;2019-01-07;""segunda-feira"";""20:15:00"";""PR"";376;199;""MANDAGUARI"";""Sim"";""Fenômenos da Natureza"";2;""Saída de leito carroçável"";""Com Vítimas Feridas"";""Pleno dia"";""Decrescente"";""Chuva"";""Dupla"";""Reta"";""Não"";328019;""Caminhão-trator"";""I/SINOTRUK HOWO 6X4 380"";2011;""Condutor"";""Ileso"";46;""Masculino"";1;0;0;0;-23",509514;-51,"721405;""SR-PR"";""DEL7/7"";""UOP04/PR""",
"184488;407258;2019-01-07;""segunda-feira"";""20:15:00"";""PR"";376;199;""MANDAGUARI"";""Sim"";""Fenômenos da Natureza"";1;""Colisão com objeto em movimento"";""Com Vítimas Feridas"";""Pleno dia"";""Decrescente"";""Chuva"";""Dupla"";""Reta"";""Não"";328019;""Caminhão-trator"";""I/SINOTRUK HOWO 6X4 380"";2011;""Condutor"";""Ileso"";46;""Masculino"";1;0;0;0;-23",509514;-51,"721405;""SR-PR"";""DEL7/7"";""UOP04/PR""",
"184488;407256;2019-01-07;""segunda-feira"";""20:15:00"";""PR"";376;199;""MANDAGUARI"";""Sim"";""Fenômenos da Natureza"";3;""Capotamento"";""Com Vítimas Feridas"";""Pleno dia"";""Decrescente"";""Chuva"";""Dupla"";""Reta"";""Não"";328018;""Automóvel"";""VW/GOL CL 1.6 MI"";1996;""Passageiro"";""Lesões Leves"";23;""Masculino"";0;1;0;0;-23",509514;-51,"721405;""SR-PR"";""DEL7/7"";""UOP04/PR""",
"184488;407256;2019-01-07;""segunda-feira"";""20:15:00"";""PR"";376;199;""MANDAGUARI"";""Sim"";""Fenômenos da Natureza"";2;""Saída de leito carroçável"";""Com Vítimas Feridas"";""Pleno dia"";""Decrescente"";""Chuva"";""Dupla"";""Reta"";""Não"";328018;""Automóvel"";""VW/GOL CL 1.6 MI"";1996;""Passageiro"";""Lesões Leves"";23;""Masculino"";0;1;0;0;-23",509514;-51,"721405;""SR-PR"";""DEL7/7"";""UOP04/PR""",
"184488;407256;2019-01-07;""segunda-feira"";""20:15:00"";""PR"";376;199;""MANDAGUARI"";""Sim"";""Fenômenos da Natureza"";1;""Colisão com objeto em movimento"";""Com Vítimas Feridas"";""Pleno dia"";""Decrescente"";""Chuva"";""Dupla"";""Reta"";""Não"";328018;""Automóvel"";""VW/GOL CL 1.6 MI"";1996;""Passageiro"";""Lesões Leves"";23;""Masculino"";0;1;0;0;-23",509514;-51,"721405;""SR-PR"";""DEL7/7"";""UOP04/PR""",
"184488;407254;2019-01-07;""segunda-feira"";""20:15:00"";""PR"";376;199;""MANDAGUARI"";""Sim"";""Fenômenos da Natureza"";3;""Capotamento"";""Com Vítimas Feridas"";""Pleno dia"";""Decrescente"";""Chuva"";""Dupla"";""Reta"";""Não"";328018;""Automóvel"";""VW/GOL CL 1.6 MI"";1996;""Passageiro"";""Lesões Leves"";21;""Masculino"";0;1;0;0;-23",509514;-51,"721405;""SR-PR"";""DEL7/7"";""UOP04/PR""",
"184488;407254;2019-01-07;""segunda-feira"";""20:15:00"";""PR"";376;199;""MANDAGUARI"";""Sim"";""Fenômenos da Natureza"";2;""Saída de leito carroçável"";""Com Vítimas Feridas"";""Pleno dia"";""Decrescente"";""Chuva"";""Dupla"";""Reta"";""Não"";328018;""Automóvel"";""VW/GOL CL 1.6 MI"";1996;""Passageiro"";""Lesões Leves"";21;""Masculino"";0;1;0;0;-23",509514;-51,"721405;""SR-PR"";""DEL7/7"";""UOP04/PR""",
"184488;407254;2019-01-07;""segunda-feira"";""20:15:00"";""PR"";376;199;""MANDAGUARI"";""Sim"";""Fenômenos da Natureza"";1;""Colisão com objeto em movimento"";""Com Vítimas Feridas"";""Pleno dia"";""Decrescente"";""Chuva"";""Dupla"";""Reta"";""Não"";328018;""Automóvel"";""VW/GOL CL 1.6 MI"";1996;""Passageiro"";""Lesões Leves"";21;""Masculino"";0;1;0;0;-23",509514;-51,"721405;""SR-PR"";""DEL7/7"";""UOP04/PR""",
"184489;406881;2019-01-07;""segunda-feira"";""12:50:00"";""RS"";116;113;""SAO MARCOS"";""Sim"";""Ingestão de Álcool"";2;""Tombamento"";""Com Vítimas Feridas"";""Pleno dia"";""Decrescente"";""Céu Claro"";""Simples"";""Curva"";""Sim"";328014;""Motocicleta"";""HONDA/CB 300R"";2012;""Passageiro"";""Lesões Leves"";14;""Masculino"";0;1;0;0;-28",96277517;-51,"07767843;""SR-RS"";""DEL9/5"";""UOP01/RS""",