"id;""pesid"";""data_inversa"";""dia_semana"";""horario"";""uf"";""br"";""km"";""municipio"";""causa_principal"";""causa_acidente"";""ordem_tipo_acidente"";""tipo_acidente"";""classificacao_acidente"";""fase_dia"";""sentido_via"";""condicao_metereologica"";""tipo_pista"";""tracado_via"";""uso_solo"";""id_veiculo"";""tipo_veiculo"";""marca"";""ano_fabricacao_veiculo"";""tipo_envolvido"";""estado_fisico"";""idade"";""sexo"";""ilesos"";""feridos_leves"";""feridos_graves"";""mortos"";""latitude"";""longitude"";""regional"";""delegacia"";""uop""",,,
"184535;406985;2019-01-11;""sexta-feira"";""12:30:00"";""PR"";277;500","7;""GUARANIACU"";""Sim"";""Ultrapassagem Indevida"";2;""Saída de leito carroçável"";""Com Vítimas Feridas"";""Pleno dia"";""Crescente"";""Sol"";""Simples"";""Reta"";""Não"";328133;""Automóvel"";""GM/CORSA SUPER"";1999;""Passageiro"";""Lesões Leves"";67;""Masculino"";0;1;0;0;-25",14592561;-52,"70130873;""SR-PR"";""DEL7/4"";""UOP02/PR"""
"184535;406985;2019-01-11;""sexta-feira"";""12:30:00"";""PR"";277;500","7;""GUARANIACU"";""Sim"";""Ultrapassagem Indevida"";1;""Colisão lateral"";""Com Vítimas Feridas"";""Pleno dia"";""Crescente"";""Sol"";""Simples"";""Reta"";""Não"";328133;""Automóvel"";""GM/CORSA SUPER"";1999;""Passageiro"";""Lesões Leves"";67;""Masculino"";0;1;0;0;-25",14592561;-52,"70130873;""SR-PR"";""DEL7/4"";""UOP02/PR"""
"184535;406966;2019-01-11;""sexta-feira"";""12:30:00"";""PR"";277;500","7;""GUARANIACU"";""Sim"";""Ultrapassagem Indevida"";3;""Capotamento"";""Com Vítimas Feridas"";""Pleno dia"";""Crescente"";""Sol"";""Simples"";""Reta"";""Não"";328134;""Caminhão-trator"";"""";NA;""Condutor"";""Não Informado"";NA;""Não Informado"";0;0;0;0;-25",14592561;-52,"70130873;""SR-PR"";""DEL7/4"";""UOP02/PR"""
"184535;406966;2019-01-11;""sexta-feira"";""12:30:00"";""PR"";277;500","7;""GUARANIACU"";""Sim"";""Ultrapassagem Indevida"";2;""Saída de leito carroçável"";""Com Vítimas Feridas"";""Pleno dia"";""Crescente"";""Sol"";""Simples"";""Reta"";""Não"";328134;""Caminhão-trator"";"""";NA;""Condutor"";""Não Informado"";NA;""Não Informado"";0;0;0;0;-25",14592561;-52,"70130873;""SR-PR"";""DEL7/4"";""UOP02/PR"""
"184535;406966;2019-01-11;""sexta-feira"";""12:30:00"";""PR"";277;500","7;""GUARANIACU"";""Sim"";""Ultrapassagem Indevida"";1;""Colisão lateral"";""Com Vítimas Feridas"";""Pleno dia"";""Crescente"";""Sol"";""Simples"";""Reta"";""Não"";328134;""Caminhão-trator"";"""";NA;""Condutor"";""Não Informado"";NA;""Não Informado"";0;0;0;0;-25",14592561;-52,"70130873;""SR-PR"";""DEL7/4"";""UOP02/PR"""
"184535;406965;2019-01-11;""sexta-feira"";""12:30:00"";""PR"";277;500","7;""GUARANIACU"";""Sim"";""Ultrapassagem Indevida"";3;""Capotamento"";""Com Vítimas Feridas"";""Pleno dia"";""Crescente"";""Sol"";""Simples"";""Reta"";""Não"";328133;""Automóvel"";""GM/CORSA SUPER"";1999;""Condutor"";""Ileso"";51;""Masculino"";1;0;0;0;-25",14592561;-52,"70130873;""SR-PR"";""DEL7/4"";""UOP02/PR"""
"184535;406965;2019-01-11;""sexta-feira"";""12:30:00"";""PR"";277;500","7;""GUARANIACU"";""Sim"";""Ultrapassagem Indevida"";2;""Saída de leito carroçável"";""Com Vítimas Feridas"";""Pleno dia"";""Crescente"";""Sol"";""Simples"";""Reta"";""Não"";328133;""Automóvel"";""GM/CORSA SUPER"";1999;""Condutor"";""Ileso"";51;""Masculino"";1;0;0;0;-25",14592561;-52,"70130873;""SR-PR"";""DEL7/4"";""UOP02/PR"""
"184535;406965;2019-01-11;""sexta-feira"";""12:30:00"";""PR"";277;500","7;""GUARANIACU"";""Sim"";""Ultrapassagem Indevida"";1;""Colisão lateral"";""Com Vítimas Feridas"";""Pleno dia"";""Crescente"";""Sol"";""Simples"";""Reta"";""Não"";328133;""Automóvel"";""GM/CORSA SUPER"";1999;""Condutor"";""Ileso"";51;""Masculino"";1;0;0;0;-25",14592561;-52,"70130873;""SR-PR"";""DEL7/4"";""UOP02/PR"""
"184536;407015;2019-01-11;""sexta-feira"";""11:30:00"";""RJ"";101;417;""MANGARATIBA"";""Sim"";""Desobediência às normas de trânsito pelo condutor"";2;""Colisão frontal"";""Com Vítimas Feridas"";""Pleno dia"";""Decrescente"";""Céu Claro"";""Múltipla"";""Curva"";""Não"";328171;""Caminhão"";""FORD/CARGO 1723 MIT BOM"";NA;""Condutor"";""Ileso"";40;""Masculino"";1;0;0;0;-22",912937;-43,"897324;""SR-RJ"";""DEL5/3"";""UOP01/RJ""",
"184536;407015;2019-01-11;""sexta-feira"";""11:30:00"";""RJ"";101;417;""MANGARATIBA"";""Sim"";""Desobediência às normas de trânsito pelo condutor"";1;""Colisão traseira"";""Com Vítimas Feridas"";""Pleno dia"";""Decrescente"";""Céu Claro"";""Múltipla"";""Curva"";""Não"";328171;""Caminhão"";""FORD/CARGO 1723 MIT BOM"";NA;""Condutor"";""Ileso"";40;""Masculino"";1;0;0;0;-22",912937;-43,"897324;""SR-RJ"";""DEL5/3"";""UOP01/RJ""",
"184536;407017;2019-01-11;""sexta-feira"";""11:30:00"";""RJ"";101;417;""MANGARATIBA"";""Sim"";""Desobediência às normas de trânsito pelo condutor"";2;""Colisão frontal"";""Com Vítimas Feridas"";""Pleno dia"";""Decrescente"";""Céu Claro"";""Múltipla"";""Curva"";""Não"";328116;""Automóvel"";""HYUNDAI/HB20S 1.0M COMF"";2015;""Testemunha"";""Não Informado"";NA;""Não Informado"";0;0;0;0;-22",912937;-43,"897324;""SR-RJ"";""DEL5/3"";""UOP01/RJ""",
"184536;407017;2019-01-11;""sexta-feira"";""11:30:00"";""RJ"";101;417;""MANGARATIBA"";""Sim"";""Desobediência às normas de trânsito pelo condutor"";1;""Colisão traseira"";""Com Vítimas Feridas"";""Pleno dia"";""Decrescente"";""Céu Claro"";""Múltipla"";""Curva"";""Não"";328116;""Automóvel"";""HYUNDAI/HB20S 1.0M COMF"";2015;""Testemunha"";""Não Informado"";NA;""Não Informado"";0;0;0;0;-22",912937;-43,"897324;""SR-RJ"";""DEL5/3"";""UOP01/RJ""",
"184536;407017;2019-01-11;""sexta-feira"";""11:30:00"";""RJ"";101;417;""MANGARATIBA"";""Sim"";""Desobediência às normas de trânsito pelo condutor"";2;""Colisão frontal"";""Com Vítimas Feridas"";""Pleno dia"";""Decrescente"";""Céu Claro"";""Múltipla"";""Curva"";""Não"";328168;""Automóvel"";""CHEVROLET/ONIX 1.0MT LT"";2014;""Testemunha"";""Não Informado"";NA;""Não Informado"";0;0;0;0;-22",912937;-43,"897324;""SR-RJ"";""DEL5/3"";""UOP01/RJ""",
"184536;407017;2019-01-11;""sexta-feira"";""11:30:00"";""RJ"";101;417;""MANGARATIBA"";""Sim"";""Desobediência às normas de trânsito pelo condutor"";1;""Colisão traseira"";""Com Vítimas Feridas"";""Pleno dia"";""Decrescente"";""Céu Claro"";""Múltipla"";""Curva"";""Não"";328168;""Automóvel"";""CHEVROLET/ONIX 1.0MT LT"";2014;""Testemunha"";""Não Informado"";NA;""Não Informado"";0;0;0;0;-22",912937;-43,"897324;""SR-RJ"";""DEL5/3"";""UOP01/RJ""",
"184536;407017;2019-01-11;""sexta-feira"";""11:30:00"";""RJ"";101;417;""MANGARATIBA"";""Sim"";""Desobediência às normas de trânsito pelo condutor"";2;""Colisão frontal"";""Com Vítimas Feridas"";""Pleno dia"";""Decrescente"";""Céu Claro"";""Múltipla"";""Curva"";""Não"";328173;""Utilitário"";""I/HYUNDAI VERACRUZ 3.8V6"";2008;""Testemunha"";""Não Informado"";NA;""Não Informado"";0;0;0;0;-22",912937;-43,"897324;""SR-RJ"";""DEL5/3"";""UOP01/RJ""",
"184536;407017;2019-01-11;""sexta-feira"";""11:30:00"";""RJ"";101;417;""MANGARATIBA"";""Sim"";""Desobediência às normas de trânsito pelo condutor"";1;""Colisão traseira"";""Com Vítimas Feridas"";""Pleno dia"";""Decrescente"";""Céu Claro"";""Múltipla"";""Curva"";""Não"";328173;""Utilitário"";""I/HYUNDAI VERACRUZ 3.8V6"";2008;""Testemunha"";""Não Informado"";NA;""Não Informado"";0;0;0;0;-22",912937;-43,"897324;""SR-RJ"";""DEL5/3"";""UOP01/RJ""",
"184536;407017;2019-01-11;""sexta-feira"";""11:30:00"";""RJ"";101;417;""MANGARATIBA"";""Sim"";""Desobediência às normas de trânsito pelo condutor"";2;""Colisão frontal"";""Com Vítimas Feridas"";""Pleno dia"";""Decrescente"";""Céu Claro"";""Múltipla"";""Curva"";""Não"";328171;""Caminhão"";""FORD/CARGO 1723 MIT BOM"";NA;""Testemunha"";""Não Informado"";NA;""Não Informado"";0;0;0;0;-22",912937;-43,"897324;""SR-RJ"";""DEL5/3"";""UOP01/RJ""",
"184536;407017;2019-01-11;""sexta-feira"";""11:30:00"";""RJ"";101;417;""MANGARATIBA"";""Sim"";""Desobediência às normas de trânsito pelo condutor"";1;""Colisão traseira"";""Com Vítimas Feridas"";""Pleno dia"";""Decrescente"";""Céu Claro"";""Múltipla"";""Curva"";""Não"";328171;""Caminhão"";""FORD/CARGO 1723 MIT BOM"";NA;""Testemunha"";""Não Informado"";NA;""Não Informado"";0;0;0;0;-22",912937;-43,"897324;""SR-RJ"";""DEL5/3"";""UOP01/RJ""",
"184536;407016;2019-01-11;""sexta-feira"";""11:30:00"";""RJ"";101;417;""MANGARATIBA"";""Sim"";""Desobediência às normas de trânsito pelo condutor"";2;""Colisão frontal"";""Com Vítimas Feridas"";""Pleno dia"";""Decrescente"";""Céu Claro"";""Múltipla"";""Curva"";""Não"";328173;""Utilitário"";""I/HYUNDAI VERACRUZ 3.8V6"";2008;""Condutor"";""Ileso"";43;""Feminino"";1;0;0;0;-22",912937;-43,"897324;""SR-RJ"";""DEL5/3"";""UOP01/RJ""",
"184536;407016;2019-01-11;""sexta-feira"";""11:30:00"";""RJ"";101;417;""MANGARATIBA"";""Sim"";""Desobediência às normas de trânsito pelo condutor"";1;""Colisão traseira"";""Com Vítimas Feridas"";""Pleno dia"";""Decrescente"";""Céu Claro"";""Múltipla"";""Curva"";""Não"";328173;""Utilitário"";""I/HYUNDAI VERACRUZ 3.8V6"";2008;""Condutor"";""Ileso"";43;""Feminino"";1;0;0;0;-22",912937;-43,"897324;""SR-RJ"";""DEL5/3"";""UOP01/RJ""",
"184536;407011;2019-01-11;""sexta-feira"";""11:30:00"";""RJ"";101;417;""MANGARATIBA"";""Sim"";""Desobediência às normas de trânsito pelo condutor"";2;""Colisão frontal"";""Com Vítimas Feridas"";""Pleno dia"";""Decrescente"";""Céu Claro"";""Múltipla"";""Curva"";""Não"";328116;""Automóvel"";""HYUNDAI/HB20S 1.0M COMF"";2015;""Condutor"";""Ileso"";54;""Feminino"";1;0;0;0;-22",912937;-43,"897324;""SR-RJ"";""DEL5/3"";""UOP01/RJ""",
"184536;407011;2019-01-11;""sexta-feira"";""11:30:00"";""RJ"";101;417;""MANGARATIBA"";""Sim"";""Desobediência às normas de trânsito pelo condutor"";1;""Colisão traseira"";""Com Vítimas Feridas"";""Pleno dia"";""Decrescente"";""Céu Claro"";""Múltipla"";""Curva"";""Não"";328116;""Automóvel"";""HYUNDAI/HB20S 1.0M COMF"";2015;""Condutor"";""Ileso"";54;""Feminino"";1;0;0;0;-22",912937;-43,"897324;""SR-RJ"";""DEL5/3"";""UOP01/RJ""",
"184536;407014;2019-01-11;""sexta-feira"";""11:30:00"";""RJ"";101;417;""MANGARATIBA"";""Sim"";""Desobediência às normas de trânsito pelo condutor"";2;""Colisão frontal"";""Com Vítimas Feridas"";""Pleno dia"";""Decrescente"";""Céu Claro"";""Múltipla"";""Curva"";""Não"";328168;""Automóvel"";""CHEVROLET/ONIX 1.0MT LT"";2014;""Condutor"";""Lesões Leves"";73;""Masculino"";0;1;0;0;-22",912937;-43,"897324;""SR-RJ"";""DEL5/3"";""UOP01/RJ""",
"184536;407014;2019-01-11;""sexta-feira"";""11:30:00"";""RJ"";101;417;""MANGARATIBA"";""Sim"";""Desobediência às normas de trânsito pelo condutor"";1;""Colisão traseira"";""Com Vítimas Feridas"";""Pleno dia"";""Decrescente"";""Céu Claro"";""Múltipla"";""Curva"";""Não"";328168;""Automóvel"";""CHEVROLET/ONIX 1.0MT LT"";2014;""Condutor"";""Lesões Leves"";73;""Masculino"";0;1;0;0;-22",912937;-43,"897324;""SR-RJ"";""DEL5/3"";""UOP01/RJ""",
"184539;406920;2019-01-07;""segunda-feira"";""13:40:00"";""AC"";364;147","9;""RIO BRANCO"";""Sim"";""Defeito na Via"";1;""Colisão lateral"";""Sem Vítimas"";""Pleno dia"";""Crescente"";""Céu Claro"";""Dupla"";""Reta"";""Não"";328108;""Automóvel"";""GM/CLASSIC SPIRIT"";2004;""Condutor"";""Ileso"";48;""Masculino"";1;0;0;0;-9",894361;-67,"895401;""SR-AC"";""UOP01/AC"";"""""
"184539;406919;2019-01-07;""segunda-feira"";""13:40:00"";""AC"";364;147","9;""RIO BRANCO"";""Sim"";""Defeito na Via"";1;""Colisão lateral"";""Sem Vítimas"";""Pleno dia"";""Crescente"";""Céu Claro"";""Dupla"";""Reta"";""Não"";328107;""Caminhonete"";""I/SSANGYONG ACTYON SP4X4"";2012;""Condutor"";""Ileso"";28;""Masculino"";1;0;0;0;-9",894361;-67,"895401;""SR-AC"";""UOP01/AC"";"""""
"184541;NA;2019-01-11;""sexta-feira"";""13:20:00"";""SC"";282;4","2;""SAO JOSE"";""Não"";""Ingestão de Álcool"";1;""Colisão lateral"";""Sem Vítimas"";""Pleno dia"";""Crescente"";""Sol"";""Dupla"";""Reta"";""Sim"";328162;""Semireboque"";""SR/FACCHINI SRF CB"";2018;""Não Informado"";""Não Informado"";NA;""Não Informado"";0;0;0;0;-27",592646;-48,"604034;""SR-SC"";""DEL8/1"";""UOP01/SC"""
"184541;NA;2019-01-11;""sexta-feira"";""13:20:00"";""SC"";282;4","2;""SAO JOSE"";""Sim"";""Falta de Atenção à Condução"";1;""Colisão lateral"";""Sem Vítimas"";""Pleno dia"";""Crescente"";""Sol"";""Dupla"";""Reta"";""Sim"";328162;""Semireboque"";""SR/FACCHINI SRF CB"";2018;""Não Informado"";""Não Informado"";NA;""Não Informado"";0;0;0;0;-27",592646;-48,"604034;""SR-SC"";""DEL8/1"";""UOP01/SC"""
"184541;406999;2019-01-11;""sexta-feira"";""13:20:00"";""SC"";282;4","2;""SAO JOSE"";""Não"";""Ingestão de Álcool"";1;""Colisão lateral"";""Sem Vítimas"";""Pleno dia"";""Crescente"";""Sol"";""Dupla"";""Reta"";""Sim"";328156;""Automóvel"";""FIAT/UNO ATTRACTIVE 1.0"";2015;""Condutor"";""Ileso"";40;""Feminino"";1;0;0;0;-27",592646;-48,"604034;""SR-SC"";""DEL8/1"";""UOP01/SC"""
"184541;406999;2019-01-11;""sexta-feira"";""13:20:00"";""SC"";282;4","2;""SAO JOSE"";""Sim"";""Falta de Atenção à Condução"";1;""Colisão lateral"";""Sem Vítimas"";""Pleno dia"";""Crescente"";""Sol"";""Dupla"";""Reta"";""Sim"";328156;""Automóvel"";""FIAT/UNO ATTRACTIVE 1.0"";2015;""Condutor"";""Ileso"";40;""Feminino"";1;0;0;0;-27",592646;-48,"604034;""SR-SC"";""DEL8/1"";""UOP01/SC"""
"184541;406995;2019-01-11;""sexta-feira"";""13:20:00"";""SC"";282;4","2;""SAO JOSE"";""Não"";""Ingestão de Álcool"";1;""Colisão lateral"";""Sem Vítimas"";""Pleno dia"";""Crescente"";""Sol"";""Dupla"";""Reta"";""Sim"";328155;""Caminhão-trator"";""M.BENZ/AXOR 2644 LS 6X4"";2018;""Condutor"";""Ileso"";42;""Masculino"";1;0;0;0;-27",592646;-48,"604034;""SR-SC"";""DEL8/1"";""UOP01/SC"""
"184541;406995;2019-01-11;""sexta-feira"";""13:20:00"";""SC"";282;4","2;""SAO JOSE"";""Sim"";""Falta de Atenção à Condução"";1;""Colisão lateral"";""Sem Vítimas"";""Pleno dia"";""Crescente"";""Sol"";""Dupla"";""Reta"";""Sim"";328155;""Caminhão-trator"";""M.BENZ/AXOR 2644 LS 6X4"";2018;""Condutor"";""Ileso"";42;""Masculino"";1;0;0;0;-27",592646;-48,"604034;""SR-SC"";""DEL8/1"";""UOP01/SC"""
"184543;406989;2019-01-11;""sexta-feira"";""13:40:00"";""PR"";369;201","8;""APUCARANA"";""Sim"";""Falta de Atenção à Condução"";1;""Colisão traseira"";""Sem Vítimas"";""Pleno dia"";""Decrescente"";""Sol"";""Simples"";""Não Informado"";""Não"";328143;""Automóvel"";""FIAT/UNO MILLE SMART"";2000;""Condutor"";""Ileso"";19;""Masculino"";1;0;0;0;-23",5415534;-51,"45627558;""SR-PR"";""DEL7/7"";""UOP03/PR"""
"184543;406993;2019-01-11;""sexta-feira"";""13:40:00"";""PR"";369;201","8;""APUCARANA"";""Sim"";""Falta de Atenção à Condução"";1;""Colisão traseira"";""Sem Vítimas"";""Pleno dia"";""Decrescente"";""Sol"";""Simples"";""Não Informado"";""Não"";328144;""Automóvel"";""I/FORD FOCUS SE AT 2.0SC"";2017;""Condutor"";""Ileso"";55;""Masculino"";1;0;0;0;-23",5415534;-51,"45627558;""SR-PR"";""DEL7/7"";""UOP03/PR"""
"184544;406924;2019-01-02;""quarta-feira"";""14:00:00"";""BA"";324;596","8;""CANDEIAS"";""Sim"";""Falta de Atenção do Pedestre"";1;""Atropelamento de Pedestre"";""Com Vítimas Feridas"";""Pleno dia"";""Decrescente"";""Céu Claro"";""Dupla"";""Reta"";""Sim"";328113;""Caminhonete"";""I/TOYOTA HILUX CD4X4 SRV"";2015;""Testemunha"";""Não Informado"";NA;""Não Informado"";0;0;0;0;-12",73552104;-38,"44039574;""SR-BA"";""DEL10/1"";""UOP01/BA"""
"184544;406923;2019-01-02;""quarta-feira"";""14:00:00"";""BA"";324;596","8;""CANDEIAS"";""Sim"";""Falta de Atenção do Pedestre"";1;""Atropelamento de Pedestre"";""Com Vítimas Feridas"";""Pleno dia"";""Decrescente"";""Céu Claro"";""Dupla"";""Reta"";""Sim"";328113;""Caminhonete"";""I/TOYOTA HILUX CD4X4 SRV"";2015;""Pedestre"";""Lesões Graves"";NA;""Masculino"";0;0;1;0;-12",73552104;-38,"44039574;""SR-BA"";""DEL10/1"";""UOP01/BA"""
"184544;406922;2019-01-02;""quarta-feira"";""14:00:00"";""BA"";324;596","8;""CANDEIAS"";""Sim"";""Falta de Atenção do Pedestre"";1;""Atropelamento de Pedestre"";""Com Vítimas Feridas"";""Pleno dia"";""Decrescente"";""Céu Claro"";""Dupla"";""Reta"";""Sim"";328113;""Caminhonete"";""I/TOYOTA HILUX CD4X4 SRV"";2015;""Condutor"";""Ileso"";61;""Masculino"";1;0;0;0;-12",73552104;-38,"44039574;""SR-BA"";""DEL10/1"";""UOP01/BA"""
"184546;407919;2019-01-11;""sexta-feira"";""13:30:00"";""GO"";452;9;""RIO VERDE"";""Sim"";""Falta de Atenção à Condução"";1;""Colisão lateral"";""Com Vítimas Feridas"";""Pleno dia"";""Decrescente"";""Céu Claro"";""Simples"";""Reta"";""Não"";328458;""Motoneta"";""HONDA/BIZ 125 EX"";2015;""Condutor"";""Lesões Leves"";48;""Feminino"";0;1;0;0;-17",828653;-50,"82856;""SR-GO"";""DEL1/4"";""UOP01/GO""",
"184546;407915;2019-01-11;""sexta-feira"";""13:30:00"";""GO"";452;9;""RIO VERDE"";""Sim"";""Falta de Atenção à Condução"";1;""Colisão lateral"";""Com Vítimas Feridas"";""Pleno dia"";""Decrescente"";""Céu Claro"";""Simples"";""Reta"";""Não"";328457;""Automóvel"";""GM/CLASSIC SPIRIT"";2008;""Condutor"";""Ileso"";72;""Masculino"";1;0;0;0;-17",828653;-50,"82856;""SR-GO"";""DEL1/4"";""UOP01/GO""",
"184547;409236;2019-01-11;""sexta-feira"";""13:30:00"";""SP"";116;189;""SANTA ISABEL"";""Sim"";""Defeito Mecânico no Veículo"";1;""Capotamento"";""Com Vítimas Feridas"";""Pleno dia"";""Crescente"";""Sol"";""Dupla"";""Reta"";""Não"";328318;""Caminhão"";""VW/15.180"";2005;""Passageiro"";""Ileso"";30;""Masculino"";1;0;0;0;-23",36677296;-46,"23022199;""SR-SP"";""DEL6/2"";""UOP01/SP""",
"184547;409180;2019-01-11;""sexta-feira"";""13:30:00"";""SP"";116;189;""SANTA ISABEL"";""Sim"";""Defeito Mecânico no Veículo"";1;""Capotamento"";""Com Vítimas Feridas"";""Pleno dia"";""Crescente"";""Sol"";""Dupla"";""Reta"";""Não"";328318;""Caminhão"";""VW/15.180"";2005;""Condutor"";""Lesões Leves"";37;""Masculino"";0;1;0;0;-23",36677296;-46,"23022199;""SR-SP"";""DEL6/2"";""UOP01/SP""",
"184548;406939;2019-01-11;""sexta-feira"";""11:10:00"";""SC"";280;28","3;""ARAQUARI"";""Sim"";""Falta de Atenção à Condução"";1;""Colisão transversal"";""Com Vítimas Feridas"";""Pleno dia"";""Decrescente"";""Sol"";""Simples"";""Reta"";""Não"";328120;""Bicicleta"";"""";NA;""Condutor"";""Lesões Leves"";30;""Masculino"";0;1;0;0;-26",40457;-48,"745659;""SR-SC"";""DEL8/3"";""UOP03/SC"""
"184548;406937;2019-01-11;""sexta-feira"";""11:10:00"";""SC"";280;28","3;""ARAQUARI"";""Sim"";""Falta de Atenção à Condução"";1;""Colisão transversal"";""Com Vítimas Feridas"";""Pleno dia"";""Decrescente"";""Sol"";""Simples"";""Reta"";""Não"";328119;""Motocicleta"";""HONDA/CG 150 FAN ESI"";2010;""Condutor"";""Ileso"";46;""Masculino"";1;0;0;0;-26",40457;-48,"745659;""SR-SC"";""DEL8/3"";""UOP03/SC"""
"184551;407211;2019-01-11;""sexta-feira"";""14:05:00"";""SP"";101;51","5;""UBATUBA"";""Sim"";""Ingestão de Álcool"";1;""Tombamento"";""Com Vítimas Feridas"";""Pleno dia"";""Crescente"";""Sol"";""Simples"";""Rotatória"";""Sim"";328204;""Motoneta"";""HONDA/LEAD 110"";2012;""Condutor"";""Lesões Leves"";22;""Masculino"";0;1;0;0;-23",462336;-45,"064766;""SR-SP"";""DEL6"";""UOP03/SP"""
"184552;407145;2019-01-08;""terça-feira"";""00:15:00"";""ES"";262;3","9;""CARIACICA"";""Sim"";""Falta de Atenção à Condução"";1;""Colisão traseira"";""Com Vítimas Feridas"";""Plena Noite"";""Crescente"";""Céu Claro"";""Dupla"";""Reta"";""Não"";328118;""Motocicleta"";""HONDA/XR 250 TORNADO"";2008;""Passageiro"";""Lesões Graves"";NA;""Masculino"";0;0;1;0;-20",3332;-40,"3685;""SR-ES"";""DEL12/1"";""UOP01/ES"""
"184552;407144;2019-01-08;""terça-feira"";""00:15:00"";""ES"";262;3","9;""CARIACICA"";""Sim"";""Falta de Atenção à Condução"";1;""Colisão traseira"";""Com Vítimas Feridas"";""Plena Noite"";""Crescente"";""Céu Claro"";""Dupla"";""Reta"";""Não"";328118;""Motocicleta"";""HONDA/XR 250 TORNADO"";2008;""Condutor"";""Lesões Graves"";32;""Masculino"";0;0;1;0;-20",3332;-40,"3685;""SR-ES"";""DEL12/1"";""UOP01/ES"""
"184552;407146;2019-01-08;""terça-feira"";""00:15:00"";""ES"";262;3","9;""CARIACICA"";""Sim"";""Falta de Atenção à Condução"";1;""Colisão traseira"";""Com Vítimas Feridas"";""Plena Noite"";""Crescente"";""Céu Claro"";""Dupla"";""Reta"";""Não"";328126;""Automóvel"";""FORD/FIESTA"";NA;""Condutor"";""Não Informado"";NA;""Não Informado"";0;0;0;0;-20",3332;-40,"3685;""SR-ES"";""DEL12/1"";""UOP01/ES"""
"184554;407168;2019-01-11;""sexta-feira"";""11:35:00"";""PE"";407;126","6;""PETROLINA"";""Sim"";""Ingestão de Álcool"";1;""Colisão traseira"";""Sem Vítimas"";""Pleno dia"";""Decrescente"";""Céu Claro"";""Simples"";""Reta"";""Sim"";328201;""Automóvel"";""FORD/DEL REY GHIA"";1986;""Condutor"";""Ileso"";56;""Masculino"";1;0;0;0;-9",39109637;-40,"52025363;""SR-PE"";""DEL11/6"";""UOP01/PE"""
"184554;407173;2019-01-11;""sexta-feira"";""11:35:00"";""PE"";407;126","6;""PETROLINA"";""Sim"";""Ingestão de Álcool"";1;""Colisão traseira"";""Sem Vítimas"";""Pleno dia"";""Decrescente"";""Céu Claro"";""Simples"";""Reta"";""Sim"";328202;""Automóvel"";""CHEV/SPIN 1.8L MT LT"";2014;""Condutor"";""Ileso"";37;""Masculino"";1;0;0;0;-9",39109637;-40,"52025363;""SR-PE"";""DEL11/6"";""UOP01/PE"""
"184555;NA;2019-01-11;""sexta-feira"";""11:50:00"";""RO"";364;339","5;""JI-PARANA"";""Sim"";""Não guardar distância de segurança"";3;""Queda de ocupante de veículo"";""Com Vítimas Feridas"";""Pleno dia"";""Decrescente"";""Sol"";""Dupla"";""Não Informado"";""Sim"";329663;""Semireboque"";""REB/SEMI-REBOQUE"";NA;""Não Informado"";""Não Informado"";NA;""Não Informado"";0;0;0;0;-10",9024459;-61,"9304359;""SR-RO"";""DEL21/2"";""UOP01/RO"""
"184555;NA;2019-01-11;""sexta-feira"";""11:50:00"";""RO"";364;339","5;""JI-PARANA"";""Sim"";""Não guardar distância de segurança"";2;""Tombamento"";""Com Vítimas Feridas"";""Pleno dia"";""Decrescente"";""Sol"";""Dupla"";""Não Informado"";""Sim"";329663;""Semireboque"";""REB/SEMI-REBOQUE"";NA;""Não Informado"";""Não Informado"";NA;""Não Informado"";0;0;0;0;-10",9024459;-61,"9304359;""SR-RO"";""DEL21/2"";""UOP01/RO"""
"184555;NA;2019-01-11;""sexta-feira"";""11:50:00"";""RO"";364;339","5;""JI-PARANA"";""Sim"";""Não guardar distância de segurança"";1;""Colisão lateral"";""Com Vítimas Feridas"";""Pleno dia"";""Decrescente"";""Sol"";""Dupla"";""Não Informado"";""Sim"";329663;""Semireboque"";""REB/SEMI-REBOQUE"";NA;""Não Informado"";""Não Informado"";NA;""Não Informado"";0;0;0;0;-10",9024459;-61,"9304359;""SR-RO"";""DEL21/2"";""UOP01/RO"""
"184555;407045;2019-01-11;""sexta-feira"";""11:50:00"";""RO"";364;339","5;""JI-PARANA"";""Sim"";""Não guardar distância de segurança"";3;""Queda de ocupante de veículo"";""Com Vítimas Feridas"";""Pleno dia"";""Decrescente"";""Sol"";""Dupla"";""Não Informado"";""Sim"";328195;""Motocicleta"";""YAMAHA/FACTOR YBR125 E"";2010;""Condutor"";""Lesões Leves"";35;""Masculino"";0;1;0;0;-10",9024459;-61,"9304359;""SR-RO"";""DEL21/2"";""UOP01/RO"""
"184555;407045;2019-01-11;""sexta-feira"";""11:50:00"";""RO"";364;339","5;""JI-PARANA"";""Sim"";""Não guardar distância de segurança"";2;""Tombamento"";""Com Vítimas Feridas"";""Pleno dia"";""Decrescente"";""Sol"";""Dupla"";""Não Informado"";""Sim"";328195;""Motocicleta"";""YAMAHA/FACTOR YBR125 E"";2010;""Condutor"";""Lesões Leves"";35;""Masculino"";0;1;0;0;-10",9024459;-61,"9304359;""SR-RO"";""DEL21/2"";""UOP01/RO"""
"184555;407045;2019-01-11;""sexta-feira"";""11:50:00"";""RO"";364;339","5;""JI-PARANA"";""Sim"";""Não guardar distância de segurança"";1;""Colisão lateral"";""Com Vítimas Feridas"";""Pleno dia"";""Decrescente"";""Sol"";""Dupla"";""Não Informado"";""Sim"";328195;""Motocicleta"";""YAMAHA/FACTOR YBR125 E"";2010;""Condutor"";""Lesões Leves"";35;""Masculino"";0;1;0;0;-10",9024459;-61,"9304359;""SR-RO"";""DEL21/2"";""UOP01/RO"""