"id;""pesid"";""data_inversa"";""dia_semana"";""horario"";""uf"";""br"";""km"";""municipio"";""causa_principal"";""causa_acidente"";""ordem_tipo_acidente"";""tipo_acidente"";""classificacao_acidente"";""fase_dia"";""sentido_via"";""condicao_metereologica"";""tipo_pista"";""tracado_via"";""uso_solo"";""id_veiculo"";""tipo_veiculo"";""marca"";""ano_fabricacao_veiculo"";""tipo_envolvido"";""estado_fisico"";""idade"";""sexo"";""ilesos"";""feridos_leves"";""feridos_graves"";""mortos"";""latitude"";""longitude"";""regional"";""delegacia"";""uop""",,,
"184555;407046;2019-01-11;""sexta-feira"";""11:50:00"";""RO"";364;339","5;""JI-PARANA"";""Sim"";""Não guardar distância de segurança"";3;""Queda de ocupante de veículo"";""Com Vítimas Feridas"";""Pleno dia"";""Decrescente"";""Sol"";""Dupla"";""Não Informado"";""Sim"";328195;""Motocicleta"";""YAMAHA/FACTOR YBR125 E"";2010;""Passageiro"";""Lesões Leves"";27;""Masculino"";0;1;0;0;-10",9024459;-61,"9304359;""SR-RO"";""DEL21/2"";""UOP01/RO"""
"184555;407046;2019-01-11;""sexta-feira"";""11:50:00"";""RO"";364;339","5;""JI-PARANA"";""Sim"";""Não guardar distância de segurança"";2;""Tombamento"";""Com Vítimas Feridas"";""Pleno dia"";""Decrescente"";""Sol"";""Dupla"";""Não Informado"";""Sim"";328195;""Motocicleta"";""YAMAHA/FACTOR YBR125 E"";2010;""Passageiro"";""Lesões Leves"";27;""Masculino"";0;1;0;0;-10",9024459;-61,"9304359;""SR-RO"";""DEL21/2"";""UOP01/RO"""
"184555;407046;2019-01-11;""sexta-feira"";""11:50:00"";""RO"";364;339","5;""JI-PARANA"";""Sim"";""Não guardar distância de segurança"";1;""Colisão lateral"";""Com Vítimas Feridas"";""Pleno dia"";""Decrescente"";""Sol"";""Dupla"";""Não Informado"";""Sim"";328195;""Motocicleta"";""YAMAHA/FACTOR YBR125 E"";2010;""Passageiro"";""Lesões Leves"";27;""Masculino"";0;1;0;0;-10",9024459;-61,"9304359;""SR-RO"";""DEL21/2"";""UOP01/RO"""
"184555;407044;2019-01-11;""sexta-feira"";""11:50:00"";""RO"";364;339","5;""JI-PARANA"";""Sim"";""Não guardar distância de segurança"";3;""Queda de ocupante de veículo"";""Com Vítimas Feridas"";""Pleno dia"";""Decrescente"";""Sol"";""Dupla"";""Não Informado"";""Sim"";328186;""Automóvel"";""TOYOTA/COROLLA XEI18FLEX"";2007;""Condutor"";""Ileso"";39;""Masculino"";1;0;0;0;-10",9024459;-61,"9304359;""SR-RO"";""DEL21/2"";""UOP01/RO"""
"184555;407044;2019-01-11;""sexta-feira"";""11:50:00"";""RO"";364;339","5;""JI-PARANA"";""Sim"";""Não guardar distância de segurança"";2;""Tombamento"";""Com Vítimas Feridas"";""Pleno dia"";""Decrescente"";""Sol"";""Dupla"";""Não Informado"";""Sim"";328186;""Automóvel"";""TOYOTA/COROLLA XEI18FLEX"";2007;""Condutor"";""Ileso"";39;""Masculino"";1;0;0;0;-10",9024459;-61,"9304359;""SR-RO"";""DEL21/2"";""UOP01/RO"""
"184555;407044;2019-01-11;""sexta-feira"";""11:50:00"";""RO"";364;339","5;""JI-PARANA"";""Sim"";""Não guardar distância de segurança"";1;""Colisão lateral"";""Com Vítimas Feridas"";""Pleno dia"";""Decrescente"";""Sol"";""Dupla"";""Não Informado"";""Sim"";328186;""Automóvel"";""TOYOTA/COROLLA XEI18FLEX"";2007;""Condutor"";""Ileso"";39;""Masculino"";1;0;0;0;-10",9024459;-61,"9304359;""SR-RO"";""DEL21/2"";""UOP01/RO"""
"184556;406944;2019-01-11;""sexta-feira"";""11:20:00"";""RJ"";101;415;""MANGARATIBA"";""Sim"";""Fenômenos da Natureza"";1;""Incêndio"";""Sem Vítimas"";""Pleno dia"";""Crescente"";""Sol"";""Dupla"";""Reta"";""Não"";328122;""Automóvel"";""VW/VOYAGE 1.0"";2012;""Condutor"";""Ileso"";51;""Masculino"";1;0;0;0;-22",904333;-43,"881832;""SR-RJ"";""DEL5/3"";""UOP01/RJ""",
"184557;407346;2019-01-11;""sexta-feira"";""12:20:00"";""RO"";364;344","8;""JI-PARANA"";""Sim"";""Desobediência às normas de trânsito pelo condutor"";1;""Colisão lateral"";""Com Vítimas Feridas"";""Pleno dia"";""Decrescente"";""Céu Claro"";""Simples"";""Reta"";""Sim"";328142;""Motocicleta"";""HONDA/CG 125 FAN KS"";2011;""Condutor"";""Lesões Leves"";35;""Masculino"";0;1;0;0;-10",873834;-61,"952469;""SR-RO"";""DEL21/2"";""UOP01/RO"""
"184557;407344;2019-01-11;""sexta-feira"";""12:20:00"";""RO"";364;344","8;""JI-PARANA"";""Sim"";""Desobediência às normas de trânsito pelo condutor"";1;""Colisão lateral"";""Com Vítimas Feridas"";""Pleno dia"";""Decrescente"";""Céu Claro"";""Simples"";""Reta"";""Sim"";328141;""Automóvel"";""FIAT/PALIO WK ADVEN FLEX"";2013;""Condutor"";""Ileso"";55;""Masculino"";1;0;0;0;-10",873834;-61,"952469;""SR-RO"";""DEL21/2"";""UOP01/RO"""
"184559;NA;2019-01-11;""sexta-feira"";""14:00:00"";""PR"";277;68;""SAO JOSE DOS PINHAIS"";""Sim"";""Velocidade Incompatível"";1;""Queda de ocupante de veículo"";""Com Vítimas Feridas"";""Pleno dia"";""Decrescente"";""Céu Claro"";""Dupla"";""Reta"";""Não"";328307;""Semireboque"";""SR/GUERRA AG GR"";2013;""Não Informado"";""Não Informado"";NA;""Não Informado"";0;0;0;0;-25",52691695;-49,"0938811;""SR-PR"";""DEL7/1"";""UOP06/PR""",
"184559;NA;2019-01-11;""sexta-feira"";""14:00:00"";""PR"";277;68;""SAO JOSE DOS PINHAIS"";""Sim"";""Velocidade Incompatível"";1;""Queda de ocupante de veículo"";""Com Vítimas Feridas"";""Pleno dia"";""Decrescente"";""Céu Claro"";""Dupla"";""Reta"";""Não"";328308;""Semireboque"";""SR/GUERRA AG GR"";2013;""Não Informado"";""Não Informado"";NA;""Não Informado"";0;0;0;0;-25",52691695;-49,"0938811;""SR-PR"";""DEL7/1"";""UOP06/PR""",
"184559;407170;2019-01-11;""sexta-feira"";""14:00:00"";""PR"";277;68;""SAO JOSE DOS PINHAIS"";""Sim"";""Velocidade Incompatível"";1;""Queda de ocupante de veículo"";""Com Vítimas Feridas"";""Pleno dia"";""Decrescente"";""Céu Claro"";""Dupla"";""Reta"";""Não"";328292;""Motocicleta"";""JTA-SUZUKI/GSX S1000A"";2018;""Condutor"";""Lesões Leves"";39;""Masculino"";0;1;0;0;-25",52691695;-49,"0938811;""SR-PR"";""DEL7/1"";""UOP06/PR""",
"184559;407171;2019-01-11;""sexta-feira"";""14:00:00"";""PR"";277;68;""SAO JOSE DOS PINHAIS"";""Sim"";""Velocidade Incompatível"";1;""Queda de ocupante de veículo"";""Com Vítimas Feridas"";""Pleno dia"";""Decrescente"";""Céu Claro"";""Dupla"";""Reta"";""Não"";328293;""Caminhão-trator"";""SCANIA/R 420 A4X2"";2010;""Condutor"";""Ileso"";39;""Masculino"";1;0;0;0;-25",52691695;-49,"0938811;""SR-PR"";""DEL7/1"";""UOP06/PR""",
"184560;406959;2019-01-07;""segunda-feira"";""21:35:00"";""PE"";101;77","8;""RECIFE"";""Sim"";""Falta de Atenção à Condução"";2;""Tombamento"";""Com Vítimas Feridas"";""Plena Noite"";""Crescente"";""Nublado"";""Simples"";""Reta"";""Sim"";328128;""Motocicleta"";""HONDA/CG150 START"";2015;""Condutor"";""Lesões Leves"";36;""Masculino"";0;1;0;0;-8",134813;-34,"947544;""SR-PE"";""DEL11/1"";""UOP01/PE"""
"184560;406959;2019-01-07;""segunda-feira"";""21:35:00"";""PE"";101;77","8;""RECIFE"";""Sim"";""Falta de Atenção à Condução"";1;""Colisão transversal"";""Com Vítimas Feridas"";""Plena Noite"";""Crescente"";""Nublado"";""Simples"";""Reta"";""Sim"";328128;""Motocicleta"";""HONDA/CG150 START"";2015;""Condutor"";""Lesões Leves"";36;""Masculino"";0;1;0;0;-8",134813;-34,"947544;""SR-PE"";""DEL11/1"";""UOP01/PE"""
"184560;406946;2019-01-07;""segunda-feira"";""21:35:00"";""PE"";101;77","8;""RECIFE"";""Sim"";""Falta de Atenção à Condução"";2;""Tombamento"";""Com Vítimas Feridas"";""Plena Noite"";""Crescente"";""Nublado"";""Simples"";""Reta"";""Sim"";328127;""Automóvel"";""RENAULT/SANDERO STW 16HP"";2013;""Condutor"";""Ileso"";38;""Masculino"";1;0;0;0;-8",134813;-34,"947544;""SR-PE"";""DEL11/1"";""UOP01/PE"""
"184560;406946;2019-01-07;""segunda-feira"";""21:35:00"";""PE"";101;77","8;""RECIFE"";""Sim"";""Falta de Atenção à Condução"";1;""Colisão transversal"";""Com Vítimas Feridas"";""Plena Noite"";""Crescente"";""Nublado"";""Simples"";""Reta"";""Sim"";328127;""Automóvel"";""RENAULT/SANDERO STW 16HP"";2013;""Condutor"";""Ileso"";38;""Masculino"";1;0;0;0;-8",134813;-34,"947544;""SR-PE"";""DEL11/1"";""UOP01/PE"""
"184561;407005;2019-01-11;""sexta-feira"";""13:30:00"";""SC"";470;319","4;""CAMPOS NOVOS"";""Sim"";""Desobediência às normas de trânsito pelo condutor"";1;""Colisão transversal"";""Com Vítimas Feridas"";""Pleno dia"";""Crescente"";""Céu Claro"";""Simples"";""Interseção de vias"";""Sim"";328129;""Automóvel"";""FIAT/UNO DRIVE 1.0"";2018;""Condutor"";""Lesões Graves"";58;""Masculino"";0;0;1;0;-27",41177622;-51,"23100758;""SR-SC"";""DEL7"";""UOP08/SC"""
"184561;407005;2019-01-11;""sexta-feira"";""13:30:00"";""SC"";470;319","4;""CAMPOS NOVOS"";""Não"";""Falta de Atenção à Condução"";1;""Colisão transversal"";""Com Vítimas Feridas"";""Pleno dia"";""Crescente"";""Céu Claro"";""Simples"";""Interseção de vias"";""Sim"";328129;""Automóvel"";""FIAT/UNO DRIVE 1.0"";2018;""Condutor"";""Lesões Graves"";58;""Masculino"";0;0;1;0;-27",41177622;-51,"23100758;""SR-SC"";""DEL7"";""UOP08/SC"""
"184561;407010;2019-01-11;""sexta-feira"";""13:30:00"";""SC"";470;319","4;""CAMPOS NOVOS"";""Sim"";""Desobediência às normas de trânsito pelo condutor"";1;""Colisão transversal"";""Com Vítimas Feridas"";""Pleno dia"";""Crescente"";""Céu Claro"";""Simples"";""Interseção de vias"";""Sim"";328130;""Caminhão"";""VW/9.160 DRC 4X2"";2013;""Condutor"";""Ileso"";34;""Masculino"";1;0;0;0;-27",41177622;-51,"23100758;""SR-SC"";""DEL7"";""UOP08/SC"""
"184561;407010;2019-01-11;""sexta-feira"";""13:30:00"";""SC"";470;319","4;""CAMPOS NOVOS"";""Não"";""Falta de Atenção à Condução"";1;""Colisão transversal"";""Com Vítimas Feridas"";""Pleno dia"";""Crescente"";""Céu Claro"";""Simples"";""Interseção de vias"";""Sim"";328130;""Caminhão"";""VW/9.160 DRC 4X2"";2013;""Condutor"";""Ileso"";34;""Masculino"";1;0;0;0;-27",41177622;-51,"23100758;""SR-SC"";""DEL7"";""UOP08/SC"""
"184562;407803;2019-01-11;""sexta-feira"";""14:50:00"";""MG"";381;330;""NOVA ERA"";""Sim"";""Falta de Atenção à Condução"";1;""Capotamento"";""Sem Vítimas"";""Pleno dia"";""Crescente"";""Céu Claro"";""Dupla"";""Reta"";""Não"";328782;""Automóvel"";""I/CHEVROLET AGILE LTZ"";2012;""Condutor"";""Ileso"";46;""Feminino"";1;0;0;0;-19",762;-43,"0478;""SR-MG"";""DEL4/3"";""UOP01/MG""",
"184563;407134;2019-01-11;""sexta-feira"";""11:20:00"";""MG"";262;773","5;""UBERABA"";""Sim"";""Velocidade Incompatível"";2;""Tombamento"";""Com Vítimas Feridas"";""Pleno dia"";""Decrescente"";""Chuva"";""Simples"";""Reta"";""Não"";328166;""Caminhão"";""VW/9.160 DRC 4X2"";2013;""Condutor"";""Lesões Leves"";55;""Masculino"";0;1;0;0;-19",685202;-47,"676212;""SR-MG"";""DEL13"";""UOP01/MG"""
"184563;407134;2019-01-11;""sexta-feira"";""11:20:00"";""MG"";262;773","5;""UBERABA"";""Sim"";""Velocidade Incompatível"";1;""Saída de leito carroçável"";""Com Vítimas Feridas"";""Pleno dia"";""Decrescente"";""Chuva"";""Simples"";""Reta"";""Não"";328166;""Caminhão"";""VW/9.160 DRC 4X2"";2013;""Condutor"";""Lesões Leves"";55;""Masculino"";0;1;0;0;-19",685202;-47,"676212;""SR-MG"";""DEL13"";""UOP01/MG"""
"184563;408822;2019-01-11;""sexta-feira"";""11:20:00"";""MG"";262;773","5;""UBERABA"";""Sim"";""Velocidade Incompatível"";2;""Tombamento"";""Com Vítimas Feridas"";""Pleno dia"";""Decrescente"";""Chuva"";""Simples"";""Reta"";""Não"";328166;""Caminhão"";""VW/9.160 DRC 4X2"";2013;""Passageiro"";""Lesões Leves"";34;""Masculino"";0;1;0;0;-19",685202;-47,"676212;""SR-MG"";""DEL13"";""UOP01/MG"""
"184563;408822;2019-01-11;""sexta-feira"";""11:20:00"";""MG"";262;773","5;""UBERABA"";""Sim"";""Velocidade Incompatível"";1;""Saída de leito carroçável"";""Com Vítimas Feridas"";""Pleno dia"";""Decrescente"";""Chuva"";""Simples"";""Reta"";""Não"";328166;""Caminhão"";""VW/9.160 DRC 4X2"";2013;""Passageiro"";""Lesões Leves"";34;""Masculino"";0;1;0;0;-19",685202;-47,"676212;""SR-MG"";""DEL13"";""UOP01/MG"""
"184564;NA;2019-01-11;""sexta-feira"";""13:20:00"";""MG"";50;176","5;""UBERABA"";""Sim"";""Falta de Atenção à Condução"";1;""Tombamento"";""Com Vítimas Feridas"";""Pleno dia"";""Decrescente"";""Chuva"";""Dupla"";""Desvio Temporário"";""Sim"";329462;""Semireboque"";""SR/RODOKING TORAS 2E"";2014;""Não Informado"";""Não Informado"";NA;""Não Informado"";0;0;0;0;-19",7792;-47,"9505;""SR-MG"";""DEL13"";""UOP01/MG"""
"184564;NA;2019-01-11;""sexta-feira"";""13:20:00"";""MG"";50;176","5;""UBERABA"";""Sim"";""Falta de Atenção à Condução"";1;""Tombamento"";""Com Vítimas Feridas"";""Pleno dia"";""Decrescente"";""Chuva"";""Dupla"";""Desvio Temporário"";""Sim"";329465;""Semireboque"";""SR/RODOKING TORAS 2E"";2014;""Não Informado"";""Não Informado"";NA;""Não Informado"";0;0;0;0;-19",7792;-47,"9505;""SR-MG"";""DEL13"";""UOP01/MG"""
"184564;408716;2019-01-11;""sexta-feira"";""13:20:00"";""MG"";50;176","5;""UBERABA"";""Sim"";""Falta de Atenção à Condução"";1;""Tombamento"";""Com Vítimas Feridas"";""Pleno dia"";""Decrescente"";""Chuva"";""Dupla"";""Desvio Temporário"";""Sim"";328170;""Caminhão-trator"";""IVECO/STRALIS 800S48TZ"";2016;""Condutor"";""Lesões Leves"";39;""Masculino"";0;1;0;0;-19",7792;-47,"9505;""SR-MG"";""DEL13"";""UOP01/MG"""
"184565;NA;2019-01-11;""sexta-feira"";""15:10:00"";""SC"";470;49;""BLUMENAU"";""Sim"";""Desobediência às normas de trânsito pelo condutor"";1;""Colisão lateral"";""Com Vítimas Feridas"";""Pleno dia"";""Crescente"";""Céu Claro"";""Simples"";""Reta"";""Não"";329528;""Semireboque"";""SR/RODOVALE C PRANCHA 3E"";2018;""Não Informado"";""Não Informado"";NA;""Não Informado"";0;0;0;0;-26",860662;-49,"065159;""SR-SC"";""DEL8/4"";""UOP01/SC""",
"184565;408790;2019-01-11;""sexta-feira"";""15:10:00"";""SC"";470;49;""BLUMENAU"";""Sim"";""Desobediência às normas de trânsito pelo condutor"";1;""Colisão lateral"";""Com Vítimas Feridas"";""Pleno dia"";""Crescente"";""Céu Claro"";""Simples"";""Reta"";""Não"";328191;""Motocicleta"";""HONDA/CG 125 FAN"";2007;""Condutor"";""Lesões Graves"";48;""Masculino"";0;0;1;0;-26",860662;-49,"065159;""SR-SC"";""DEL8/4"";""UOP01/SC""",
"184565;408792;2019-01-11;""sexta-feira"";""15:10:00"";""SC"";470;49;""BLUMENAU"";""Sim"";""Desobediência às normas de trânsito pelo condutor"";1;""Colisão lateral"";""Com Vítimas Feridas"";""Pleno dia"";""Crescente"";""Céu Claro"";""Simples"";""Reta"";""Não"";328192;""Caminhão-trator"";""VOLVO/FM 370 6X2T"";2014;""Condutor"";""Ileso"";64;""Masculino"";1;0;0;0;-26",860662;-49,"065159;""SR-SC"";""DEL8/4"";""UOP01/SC""",
"184566;407013;2019-01-07;""segunda-feira"";""18:00:00"";""GO"";153;499","9;""GOIANIA"";""Sim"";""Velocidade Incompatível"";1;""Engavetamento"";""Com Vítimas Feridas"";""Anoitecer"";""Decrescente"";""Céu Claro"";""Dupla"";""Reta"";""Sim"";328140;""Automóvel"";""VW/GOL 1.0"";2010;""Passageiro"";""Lesões Leves"";29;""Masculino"";0;1;0;0;-16",7033;-49,"2311;""SR-GO"";""DEL1/1"";""UOP01/GO"""
"184566;407013;2019-01-07;""segunda-feira"";""18:00:00"";""GO"";153;499","9;""GOIANIA"";""Não"";""Desobediência às normas de trânsito pelo condutor"";1;""Engavetamento"";""Com Vítimas Feridas"";""Anoitecer"";""Decrescente"";""Céu Claro"";""Dupla"";""Reta"";""Sim"";328140;""Automóvel"";""VW/GOL 1.0"";2010;""Passageiro"";""Lesões Leves"";29;""Masculino"";0;1;0;0;-16",7033;-49,"2311;""SR-GO"";""DEL1/1"";""UOP01/GO"""
"184566;407012;2019-01-07;""segunda-feira"";""18:00:00"";""GO"";153;499","9;""GOIANIA"";""Sim"";""Velocidade Incompatível"";1;""Engavetamento"";""Com Vítimas Feridas"";""Anoitecer"";""Decrescente"";""Céu Claro"";""Dupla"";""Reta"";""Sim"";328140;""Automóvel"";""VW/GOL 1.0"";2010;""Passageiro"";""Lesões Leves"";24;""Feminino"";0;1;0;0;-16",7033;-49,"2311;""SR-GO"";""DEL1/1"";""UOP01/GO"""
"184566;407012;2019-01-07;""segunda-feira"";""18:00:00"";""GO"";153;499","9;""GOIANIA"";""Não"";""Desobediência às normas de trânsito pelo condutor"";1;""Engavetamento"";""Com Vítimas Feridas"";""Anoitecer"";""Decrescente"";""Céu Claro"";""Dupla"";""Reta"";""Sim"";328140;""Automóvel"";""VW/GOL 1.0"";2010;""Passageiro"";""Lesões Leves"";24;""Feminino"";0;1;0;0;-16",7033;-49,"2311;""SR-GO"";""DEL1/1"";""UOP01/GO"""
"184566;407009;2019-01-07;""segunda-feira"";""18:00:00"";""GO"";153;499","9;""GOIANIA"";""Sim"";""Velocidade Incompatível"";1;""Engavetamento"";""Com Vítimas Feridas"";""Anoitecer"";""Decrescente"";""Céu Claro"";""Dupla"";""Reta"";""Sim"";328140;""Automóvel"";""VW/GOL 1.0"";2010;""Condutor"";""Ileso"";50;""Masculino"";1;0;0;0;-16",7033;-49,"2311;""SR-GO"";""DEL1/1"";""UOP01/GO"""
"184566;407009;2019-01-07;""segunda-feira"";""18:00:00"";""GO"";153;499","9;""GOIANIA"";""Não"";""Desobediência às normas de trânsito pelo condutor"";1;""Engavetamento"";""Com Vítimas Feridas"";""Anoitecer"";""Decrescente"";""Céu Claro"";""Dupla"";""Reta"";""Sim"";328140;""Automóvel"";""VW/GOL 1.0"";2010;""Condutor"";""Ileso"";50;""Masculino"";1;0;0;0;-16",7033;-49,"2311;""SR-GO"";""DEL1/1"";""UOP01/GO"""
"184566;407008;2019-01-07;""segunda-feira"";""18:00:00"";""GO"";153;499","9;""GOIANIA"";""Sim"";""Velocidade Incompatível"";1;""Engavetamento"";""Com Vítimas Feridas"";""Anoitecer"";""Decrescente"";""Céu Claro"";""Dupla"";""Reta"";""Sim"";328139;""Automóvel"";""HONDA/CIVIC LX"";2006;""Condutor"";""Ileso"";38;""Masculino"";1;0;0;0;-16",7033;-49,"2311;""SR-GO"";""DEL1/1"";""UOP01/GO"""
"184566;407008;2019-01-07;""segunda-feira"";""18:00:00"";""GO"";153;499","9;""GOIANIA"";""Não"";""Desobediência às normas de trânsito pelo condutor"";1;""Engavetamento"";""Com Vítimas Feridas"";""Anoitecer"";""Decrescente"";""Céu Claro"";""Dupla"";""Reta"";""Sim"";328139;""Automóvel"";""HONDA/CIVIC LX"";2006;""Condutor"";""Ileso"";38;""Masculino"";1;0;0;0;-16",7033;-49,"2311;""SR-GO"";""DEL1/1"";""UOP01/GO"""
"184566;407006;2019-01-07;""segunda-feira"";""18:00:00"";""GO"";153;499","9;""GOIANIA"";""Sim"";""Velocidade Incompatível"";1;""Engavetamento"";""Com Vítimas Feridas"";""Anoitecer"";""Decrescente"";""Céu Claro"";""Dupla"";""Reta"";""Sim"";328138;""Caminhão"";""M.BENZ/L 1418"";1992;""Condutor"";""Ileso"";71;""Masculino"";1;0;0;0;-16",7033;-49,"2311;""SR-GO"";""DEL1/1"";""UOP01/GO"""
"184566;407006;2019-01-07;""segunda-feira"";""18:00:00"";""GO"";153;499","9;""GOIANIA"";""Não"";""Desobediência às normas de trânsito pelo condutor"";1;""Engavetamento"";""Com Vítimas Feridas"";""Anoitecer"";""Decrescente"";""Céu Claro"";""Dupla"";""Reta"";""Sim"";328138;""Caminhão"";""M.BENZ/L 1418"";1992;""Condutor"";""Ileso"";71;""Masculino"";1;0;0;0;-16",7033;-49,"2311;""SR-GO"";""DEL1/1"";""UOP01/GO"""
"184568;407068;2019-01-11;""sexta-feira"";""15:40:00"";""SC"";470;47","7;""BLUMENAU"";""Sim"";""Desobediência às normas de trânsito pelo condutor"";1;""Colisão transversal"";""Com Vítimas Feridas"";""Pleno dia"";""Crescente"";""Céu Claro"";""Simples"";""Reta"";""Sim"";328228;""Automóvel"";""VW/NOVO GOL 1.0"";2013;""Condutor"";""Ileso"";43;""Masculino"";1;0;0;0;-26",86131376;-49,"05229211;""SR-SC"";""DEL8/4"";""UOP01/SC"""
"184568;407067;2019-01-11;""sexta-feira"";""15:40:00"";""SC"";470;47","7;""BLUMENAU"";""Sim"";""Desobediência às normas de trânsito pelo condutor"";1;""Colisão transversal"";""Com Vítimas Feridas"";""Pleno dia"";""Crescente"";""Céu Claro"";""Simples"";""Reta"";""Sim"";328227;""Motocicleta"";""HONDA/CG 150 TITAN ESD"";2006;""Condutor"";""Lesões Leves"";44;""Masculino"";0;1;0;0;-26",86131376;-49,"05229211;""SR-SC"";""DEL8/4"";""UOP01/SC"""
"184570;407138;2019-01-11;""sexta-feira"";""12:30:00"";""CE"";116;187;""LIMOEIRO DO NORTE"";""Sim"";""Falta de Atenção à Condução"";1;""Colisão traseira"";""Com Vítimas Feridas"";""Pleno dia"";""Decrescente"";""Céu Claro"";""Simples"";""Reta"";""Não"";328158;""Motocicleta"";""HONDA/CG 125 FAN ES"";2011;""Condutor"";""Lesões Leves"";44;""Masculino"";0;1;0;0;-5",11159018;-38,"13736439;""SR-CE"";""DEL16/3"";""UOP01/CE""",
"184570;407136;2019-01-11;""sexta-feira"";""12:30:00"";""CE"";116;187;""LIMOEIRO DO NORTE"";""Sim"";""Falta de Atenção à Condução"";1;""Colisão traseira"";""Com Vítimas Feridas"";""Pleno dia"";""Decrescente"";""Céu Claro"";""Simples"";""Reta"";""Não"";328157;""Caminhão"";""M.BENZ/ATEGO 2425"";2011;""Condutor"";""Ileso"";64;""Masculino"";1;0;0;0;-5",11159018;-38,"13736439;""SR-CE"";""DEL16/3"";""UOP01/CE""",
"184571;407234;2019-01-11;""sexta-feira"";""15:10:00"";""SC"";101;162;""TIJUCAS"";""Sim"";""Falta de Atenção à Condução"";1;""Tombamento"";""Com Vítimas Feridas"";""Pleno dia"";""Decrescente"";""Sol"";""Múltipla"";""Interseção de vias"";""Não"";328187;""Motoneta"";""HONDA/BIZ 125"";2018;""Condutor"";""Lesões Graves"";23;""Masculino"";0;0;1;0;-27",2325;-48,"6299;""SR-SC"";""DEL8/4"";""UOP03/SC""",
"184573;407219;2019-01-11;""sexta-feira"";""14:50:00"";""ES"";101;269","3;""SERRA"";""Sim"";""Falta de Atenção à Condução"";2;""Queda de ocupante de veículo"";""Com Vítimas Feridas"";""Pleno dia"";""Decrescente"";""Céu Claro"";""Múltipla"";""Reta"";""Sim"";328301;""Motocicleta"";""HONDA/CG 125 FAN ES"";2010;""Condutor"";""Lesões Leves"";19;""Masculino"";0;1;0;0;-20",1007104;-40,"3341312;""SR-ES"";""DEL12/2"";""UOP01/ES"""
"184573;407219;2019-01-11;""sexta-feira"";""14:50:00"";""ES"";101;269","3;""SERRA"";""Sim"";""Falta de Atenção à Condução"";1;""Colisão traseira"";""Com Vítimas Feridas"";""Pleno dia"";""Decrescente"";""Céu Claro"";""Múltipla"";""Reta"";""Sim"";328301;""Motocicleta"";""HONDA/CG 125 FAN ES"";2010;""Condutor"";""Lesões Leves"";19;""Masculino"";0;1;0;0;-20",1007104;-40,"3341312;""SR-ES"";""DEL12/2"";""UOP01/ES"""
"184573;407222;2019-01-11;""sexta-feira"";""14:50:00"";""ES"";101;269","3;""SERRA"";""Sim"";""Falta de Atenção à Condução"";2;""Queda de ocupante de veículo"";""Com Vítimas Feridas"";""Pleno dia"";""Decrescente"";""Céu Claro"";""Múltipla"";""Reta"";""Sim"";328302;""Automóvel"";""FIAT/DOBLO ADV 1.8 FLEX"";2013;""Condutor"";""Ileso"";53;""Masculino"";1;0;0;0;-20",1007104;-40,"3341312;""SR-ES"";""DEL12/2"";""UOP01/ES"""
"184573;407222;2019-01-11;""sexta-feira"";""14:50:00"";""ES"";101;269","3;""SERRA"";""Sim"";""Falta de Atenção à Condução"";1;""Colisão traseira"";""Com Vítimas Feridas"";""Pleno dia"";""Decrescente"";""Céu Claro"";""Múltipla"";""Reta"";""Sim"";328302;""Automóvel"";""FIAT/DOBLO ADV 1.8 FLEX"";2013;""Condutor"";""Ileso"";53;""Masculino"";1;0;0;0;-20",1007104;-40,"3341312;""SR-ES"";""DEL12/2"";""UOP01/ES"""
"184574;407527;2019-01-10;""quinta-feira"";""06:00:00"";""SC"";280;134","2;""RIO NEGRINHO"";""Sim"";""Falta de Atenção à Condução"";2;""Tombamento"";""Com Vítimas Feridas"";""Pleno dia"";""Decrescente"";""Céu Claro"";""Simples"";""Curva"";""Não"";328557;""Semireboque"";""SR/FACCHINI SRF PC"";2011;""Condutor"";""Lesões Graves"";32;""Masculino"";0;0;1;0;-26",272507;-49,"563301;""SR-SC"";""DEL8/6"";""UOP03/SC"""
"184574;407527;2019-01-10;""quinta-feira"";""06:00:00"";""SC"";280;134","2;""RIO NEGRINHO"";""Sim"";""Falta de Atenção à Condução"";1;""Saída de leito carroçável"";""Com Vítimas Feridas"";""Pleno dia"";""Decrescente"";""Céu Claro"";""Simples"";""Curva"";""Não"";328557;""Semireboque"";""SR/FACCHINI SRF PC"";2011;""Condutor"";""Lesões Graves"";32;""Masculino"";0;0;1;0;-26",272507;-49,"563301;""SR-SC"";""DEL8/6"";""UOP03/SC"""
"184574;407525;2019-01-10;""quinta-feira"";""06:00:00"";""SC"";280;134","2;""RIO NEGRINHO"";""Sim"";""Falta de Atenção à Condução"";2;""Tombamento"";""Com Vítimas Feridas"";""Pleno dia"";""Decrescente"";""Céu Claro"";""Simples"";""Curva"";""Não"";328556;""Caminhão-trator"";""SCANIA/G 420 A4X2"";2011;""Condutor"";""Lesões Leves"";32;""Masculino"";0;1;0;0;-26",272507;-49,"563301;""SR-SC"";""DEL8/6"";""UOP03/SC"""
"184574;407525;2019-01-10;""quinta-feira"";""06:00:00"";""SC"";280;134","2;""RIO NEGRINHO"";""Sim"";""Falta de Atenção à Condução"";1;""Saída de leito carroçável"";""Com Vítimas Feridas"";""Pleno dia"";""Decrescente"";""Céu Claro"";""Simples"";""Curva"";""Não"";328556;""Caminhão-trator"";""SCANIA/G 420 A4X2"";2011;""Condutor"";""Lesões Leves"";32;""Masculino"";0;1;0;0;-26",272507;-49,"563301;""SR-SC"";""DEL8/6"";""UOP03/SC"""