"id;""pesid"";""data_inversa"";""dia_semana"";""horario"";""uf"";""br"";""km"";""municipio"";""causa_principal"";""causa_acidente"";""ordem_tipo_acidente"";""tipo_acidente"";""classificacao_acidente"";""fase_dia"";""sentido_via"";""condicao_metereologica"";""tipo_pista"";""tracado_via"";""uso_solo"";""id_veiculo"";""tipo_veiculo"";""marca"";""ano_fabricacao_veiculo"";""tipo_envolvido"";""estado_fisico"";""idade"";""sexo"";""ilesos"";""feridos_leves"";""feridos_graves"";""mortos"";""latitude"";""longitude"";""regional"";""delegacia"";""uop""",,,
"184586;407081;2019-01-11;""sexta-feira"";""17:00:00"";""MG"";381;445","4;""SANTA LUZIA"";""Não"";""Falta de Atenção à Condução"";4;""Saída de leito carroçável"";""Com Vítimas Feridas"";""Pleno dia"";""Crescente"";""Sol"";""Simples"";""Curva"";""Não"";328250;""Caminhão-trator"";""VOLVO/FH 400 6X2T"";2009;""Condutor"";""Ileso"";43;""Masculino"";1;0;0;0;-19",80934616;-43,"78257751;""SR-MG"";""DEL4/1"";""UOP01/MG"""
"184586;407081;2019-01-11;""sexta-feira"";""17:00:00"";""MG"";381;445","4;""SANTA LUZIA"";""Não"";""Não guardar distância de segurança"";4;""Saída de leito carroçável"";""Com Vítimas Feridas"";""Pleno dia"";""Crescente"";""Sol"";""Simples"";""Curva"";""Não"";328250;""Caminhão-trator"";""VOLVO/FH 400 6X2T"";2009;""Condutor"";""Ileso"";43;""Masculino"";1;0;0;0;-19",80934616;-43,"78257751;""SR-MG"";""DEL4/1"";""UOP01/MG"""
"184586;407081;2019-01-11;""sexta-feira"";""17:00:00"";""MG"";381;445","4;""SANTA LUZIA"";""Sim"";""Velocidade Incompatível"";4;""Saída de leito carroçável"";""Com Vítimas Feridas"";""Pleno dia"";""Crescente"";""Sol"";""Simples"";""Curva"";""Não"";328250;""Caminhão-trator"";""VOLVO/FH 400 6X2T"";2009;""Condutor"";""Ileso"";43;""Masculino"";1;0;0;0;-19",80934616;-43,"78257751;""SR-MG"";""DEL4/1"";""UOP01/MG"""
"184586;407081;2019-01-11;""sexta-feira"";""17:00:00"";""MG"";381;445","4;""SANTA LUZIA"";""Não"";""Falta de Atenção à Condução"";3;""Colisão frontal"";""Com Vítimas Feridas"";""Pleno dia"";""Crescente"";""Sol"";""Simples"";""Curva"";""Não"";328250;""Caminhão-trator"";""VOLVO/FH 400 6X2T"";2009;""Condutor"";""Ileso"";43;""Masculino"";1;0;0;0;-19",80934616;-43,"78257751;""SR-MG"";""DEL4/1"";""UOP01/MG"""
"184586;407081;2019-01-11;""sexta-feira"";""17:00:00"";""MG"";381;445","4;""SANTA LUZIA"";""Não"";""Não guardar distância de segurança"";3;""Colisão frontal"";""Com Vítimas Feridas"";""Pleno dia"";""Crescente"";""Sol"";""Simples"";""Curva"";""Não"";328250;""Caminhão-trator"";""VOLVO/FH 400 6X2T"";2009;""Condutor"";""Ileso"";43;""Masculino"";1;0;0;0;-19",80934616;-43,"78257751;""SR-MG"";""DEL4/1"";""UOP01/MG"""
"184586;407081;2019-01-11;""sexta-feira"";""17:00:00"";""MG"";381;445","4;""SANTA LUZIA"";""Sim"";""Velocidade Incompatível"";3;""Colisão frontal"";""Com Vítimas Feridas"";""Pleno dia"";""Crescente"";""Sol"";""Simples"";""Curva"";""Não"";328250;""Caminhão-trator"";""VOLVO/FH 400 6X2T"";2009;""Condutor"";""Ileso"";43;""Masculino"";1;0;0;0;-19",80934616;-43,"78257751;""SR-MG"";""DEL4/1"";""UOP01/MG"""
"184586;407081;2019-01-11;""sexta-feira"";""17:00:00"";""MG"";381;445","4;""SANTA LUZIA"";""Não"";""Falta de Atenção à Condução"";2;""Colisão traseira"";""Com Vítimas Feridas"";""Pleno dia"";""Crescente"";""Sol"";""Simples"";""Curva"";""Não"";328250;""Caminhão-trator"";""VOLVO/FH 400 6X2T"";2009;""Condutor"";""Ileso"";43;""Masculino"";1;0;0;0;-19",80934616;-43,"78257751;""SR-MG"";""DEL4/1"";""UOP01/MG"""
"184586;407081;2019-01-11;""sexta-feira"";""17:00:00"";""MG"";381;445","4;""SANTA LUZIA"";""Não"";""Não guardar distância de segurança"";2;""Colisão traseira"";""Com Vítimas Feridas"";""Pleno dia"";""Crescente"";""Sol"";""Simples"";""Curva"";""Não"";328250;""Caminhão-trator"";""VOLVO/FH 400 6X2T"";2009;""Condutor"";""Ileso"";43;""Masculino"";1;0;0;0;-19",80934616;-43,"78257751;""SR-MG"";""DEL4/1"";""UOP01/MG"""
"184586;407081;2019-01-11;""sexta-feira"";""17:00:00"";""MG"";381;445","4;""SANTA LUZIA"";""Sim"";""Velocidade Incompatível"";2;""Colisão traseira"";""Com Vítimas Feridas"";""Pleno dia"";""Crescente"";""Sol"";""Simples"";""Curva"";""Não"";328250;""Caminhão-trator"";""VOLVO/FH 400 6X2T"";2009;""Condutor"";""Ileso"";43;""Masculino"";1;0;0;0;-19",80934616;-43,"78257751;""SR-MG"";""DEL4/1"";""UOP01/MG"""
"184586;407081;2019-01-11;""sexta-feira"";""17:00:00"";""MG"";381;445","4;""SANTA LUZIA"";""Não"";""Falta de Atenção à Condução"";1;""Colisão traseira"";""Com Vítimas Feridas"";""Pleno dia"";""Crescente"";""Sol"";""Simples"";""Curva"";""Não"";328250;""Caminhão-trator"";""VOLVO/FH 400 6X2T"";2009;""Condutor"";""Ileso"";43;""Masculino"";1;0;0;0;-19",80934616;-43,"78257751;""SR-MG"";""DEL4/1"";""UOP01/MG"""
"184586;407081;2019-01-11;""sexta-feira"";""17:00:00"";""MG"";381;445","4;""SANTA LUZIA"";""Não"";""Não guardar distância de segurança"";1;""Colisão traseira"";""Com Vítimas Feridas"";""Pleno dia"";""Crescente"";""Sol"";""Simples"";""Curva"";""Não"";328250;""Caminhão-trator"";""VOLVO/FH 400 6X2T"";2009;""Condutor"";""Ileso"";43;""Masculino"";1;0;0;0;-19",80934616;-43,"78257751;""SR-MG"";""DEL4/1"";""UOP01/MG"""
"184586;407081;2019-01-11;""sexta-feira"";""17:00:00"";""MG"";381;445","4;""SANTA LUZIA"";""Sim"";""Velocidade Incompatível"";1;""Colisão traseira"";""Com Vítimas Feridas"";""Pleno dia"";""Crescente"";""Sol"";""Simples"";""Curva"";""Não"";328250;""Caminhão-trator"";""VOLVO/FH 400 6X2T"";2009;""Condutor"";""Ileso"";43;""Masculino"";1;0;0;0;-19",80934616;-43,"78257751;""SR-MG"";""DEL4/1"";""UOP01/MG"""
"184586;407267;2019-01-11;""sexta-feira"";""17:00:00"";""MG"";381;445","4;""SANTA LUZIA"";""Não"";""Falta de Atenção à Condução"";5;""Tombamento"";""Com Vítimas Feridas"";""Pleno dia"";""Crescente"";""Sol"";""Simples"";""Curva"";""Não"";328249;""Automóvel"";""TOYOTA/ETIOS HB X"";2015;""Passageiro"";""Ileso"";26;""Feminino"";1;0;0;0;-19",80934616;-43,"78257751;""SR-MG"";""DEL4/1"";""UOP01/MG"""
"184586;407267;2019-01-11;""sexta-feira"";""17:00:00"";""MG"";381;445","4;""SANTA LUZIA"";""Não"";""Não guardar distância de segurança"";5;""Tombamento"";""Com Vítimas Feridas"";""Pleno dia"";""Crescente"";""Sol"";""Simples"";""Curva"";""Não"";328249;""Automóvel"";""TOYOTA/ETIOS HB X"";2015;""Passageiro"";""Ileso"";26;""Feminino"";1;0;0;0;-19",80934616;-43,"78257751;""SR-MG"";""DEL4/1"";""UOP01/MG"""
"184586;407267;2019-01-11;""sexta-feira"";""17:00:00"";""MG"";381;445","4;""SANTA LUZIA"";""Sim"";""Velocidade Incompatível"";5;""Tombamento"";""Com Vítimas Feridas"";""Pleno dia"";""Crescente"";""Sol"";""Simples"";""Curva"";""Não"";328249;""Automóvel"";""TOYOTA/ETIOS HB X"";2015;""Passageiro"";""Ileso"";26;""Feminino"";1;0;0;0;-19",80934616;-43,"78257751;""SR-MG"";""DEL4/1"";""UOP01/MG"""
"184586;407267;2019-01-11;""sexta-feira"";""17:00:00"";""MG"";381;445","4;""SANTA LUZIA"";""Não"";""Falta de Atenção à Condução"";4;""Saída de leito carroçável"";""Com Vítimas Feridas"";""Pleno dia"";""Crescente"";""Sol"";""Simples"";""Curva"";""Não"";328249;""Automóvel"";""TOYOTA/ETIOS HB X"";2015;""Passageiro"";""Ileso"";26;""Feminino"";1;0;0;0;-19",80934616;-43,"78257751;""SR-MG"";""DEL4/1"";""UOP01/MG"""
"184586;407267;2019-01-11;""sexta-feira"";""17:00:00"";""MG"";381;445","4;""SANTA LUZIA"";""Não"";""Não guardar distância de segurança"";4;""Saída de leito carroçável"";""Com Vítimas Feridas"";""Pleno dia"";""Crescente"";""Sol"";""Simples"";""Curva"";""Não"";328249;""Automóvel"";""TOYOTA/ETIOS HB X"";2015;""Passageiro"";""Ileso"";26;""Feminino"";1;0;0;0;-19",80934616;-43,"78257751;""SR-MG"";""DEL4/1"";""UOP01/MG"""
"184586;407267;2019-01-11;""sexta-feira"";""17:00:00"";""MG"";381;445","4;""SANTA LUZIA"";""Sim"";""Velocidade Incompatível"";4;""Saída de leito carroçável"";""Com Vítimas Feridas"";""Pleno dia"";""Crescente"";""Sol"";""Simples"";""Curva"";""Não"";328249;""Automóvel"";""TOYOTA/ETIOS HB X"";2015;""Passageiro"";""Ileso"";26;""Feminino"";1;0;0;0;-19",80934616;-43,"78257751;""SR-MG"";""DEL4/1"";""UOP01/MG"""
"184586;407267;2019-01-11;""sexta-feira"";""17:00:00"";""MG"";381;445","4;""SANTA LUZIA"";""Não"";""Falta de Atenção à Condução"";3;""Colisão frontal"";""Com Vítimas Feridas"";""Pleno dia"";""Crescente"";""Sol"";""Simples"";""Curva"";""Não"";328249;""Automóvel"";""TOYOTA/ETIOS HB X"";2015;""Passageiro"";""Ileso"";26;""Feminino"";1;0;0;0;-19",80934616;-43,"78257751;""SR-MG"";""DEL4/1"";""UOP01/MG"""
"184586;407267;2019-01-11;""sexta-feira"";""17:00:00"";""MG"";381;445","4;""SANTA LUZIA"";""Não"";""Não guardar distância de segurança"";3;""Colisão frontal"";""Com Vítimas Feridas"";""Pleno dia"";""Crescente"";""Sol"";""Simples"";""Curva"";""Não"";328249;""Automóvel"";""TOYOTA/ETIOS HB X"";2015;""Passageiro"";""Ileso"";26;""Feminino"";1;0;0;0;-19",80934616;-43,"78257751;""SR-MG"";""DEL4/1"";""UOP01/MG"""
"184586;407267;2019-01-11;""sexta-feira"";""17:00:00"";""MG"";381;445","4;""SANTA LUZIA"";""Sim"";""Velocidade Incompatível"";3;""Colisão frontal"";""Com Vítimas Feridas"";""Pleno dia"";""Crescente"";""Sol"";""Simples"";""Curva"";""Não"";328249;""Automóvel"";""TOYOTA/ETIOS HB X"";2015;""Passageiro"";""Ileso"";26;""Feminino"";1;0;0;0;-19",80934616;-43,"78257751;""SR-MG"";""DEL4/1"";""UOP01/MG"""
"184586;407267;2019-01-11;""sexta-feira"";""17:00:00"";""MG"";381;445","4;""SANTA LUZIA"";""Não"";""Falta de Atenção à Condução"";2;""Colisão traseira"";""Com Vítimas Feridas"";""Pleno dia"";""Crescente"";""Sol"";""Simples"";""Curva"";""Não"";328249;""Automóvel"";""TOYOTA/ETIOS HB X"";2015;""Passageiro"";""Ileso"";26;""Feminino"";1;0;0;0;-19",80934616;-43,"78257751;""SR-MG"";""DEL4/1"";""UOP01/MG"""
"184586;407267;2019-01-11;""sexta-feira"";""17:00:00"";""MG"";381;445","4;""SANTA LUZIA"";""Não"";""Não guardar distância de segurança"";2;""Colisão traseira"";""Com Vítimas Feridas"";""Pleno dia"";""Crescente"";""Sol"";""Simples"";""Curva"";""Não"";328249;""Automóvel"";""TOYOTA/ETIOS HB X"";2015;""Passageiro"";""Ileso"";26;""Feminino"";1;0;0;0;-19",80934616;-43,"78257751;""SR-MG"";""DEL4/1"";""UOP01/MG"""
"184586;407267;2019-01-11;""sexta-feira"";""17:00:00"";""MG"";381;445","4;""SANTA LUZIA"";""Sim"";""Velocidade Incompatível"";2;""Colisão traseira"";""Com Vítimas Feridas"";""Pleno dia"";""Crescente"";""Sol"";""Simples"";""Curva"";""Não"";328249;""Automóvel"";""TOYOTA/ETIOS HB X"";2015;""Passageiro"";""Ileso"";26;""Feminino"";1;0;0;0;-19",80934616;-43,"78257751;""SR-MG"";""DEL4/1"";""UOP01/MG"""
"184586;407267;2019-01-11;""sexta-feira"";""17:00:00"";""MG"";381;445","4;""SANTA LUZIA"";""Não"";""Falta de Atenção à Condução"";1;""Colisão traseira"";""Com Vítimas Feridas"";""Pleno dia"";""Crescente"";""Sol"";""Simples"";""Curva"";""Não"";328249;""Automóvel"";""TOYOTA/ETIOS HB X"";2015;""Passageiro"";""Ileso"";26;""Feminino"";1;0;0;0;-19",80934616;-43,"78257751;""SR-MG"";""DEL4/1"";""UOP01/MG"""
"184586;407267;2019-01-11;""sexta-feira"";""17:00:00"";""MG"";381;445","4;""SANTA LUZIA"";""Não"";""Não guardar distância de segurança"";1;""Colisão traseira"";""Com Vítimas Feridas"";""Pleno dia"";""Crescente"";""Sol"";""Simples"";""Curva"";""Não"";328249;""Automóvel"";""TOYOTA/ETIOS HB X"";2015;""Passageiro"";""Ileso"";26;""Feminino"";1;0;0;0;-19",80934616;-43,"78257751;""SR-MG"";""DEL4/1"";""UOP01/MG"""
"184586;407267;2019-01-11;""sexta-feira"";""17:00:00"";""MG"";381;445","4;""SANTA LUZIA"";""Sim"";""Velocidade Incompatível"";1;""Colisão traseira"";""Com Vítimas Feridas"";""Pleno dia"";""Crescente"";""Sol"";""Simples"";""Curva"";""Não"";328249;""Automóvel"";""TOYOTA/ETIOS HB X"";2015;""Passageiro"";""Ileso"";26;""Feminino"";1;0;0;0;-19",80934616;-43,"78257751;""SR-MG"";""DEL4/1"";""UOP01/MG"""
"184586;407266;2019-01-11;""sexta-feira"";""17:00:00"";""MG"";381;445","4;""SANTA LUZIA"";""Não"";""Falta de Atenção à Condução"";5;""Tombamento"";""Com Vítimas Feridas"";""Pleno dia"";""Crescente"";""Sol"";""Simples"";""Curva"";""Não"";328249;""Automóvel"";""TOYOTA/ETIOS HB X"";2015;""Passageiro"";""Ileso"";26;""Feminino"";1;0;0;0;-19",80934616;-43,"78257751;""SR-MG"";""DEL4/1"";""UOP01/MG"""
"184586;407266;2019-01-11;""sexta-feira"";""17:00:00"";""MG"";381;445","4;""SANTA LUZIA"";""Não"";""Não guardar distância de segurança"";5;""Tombamento"";""Com Vítimas Feridas"";""Pleno dia"";""Crescente"";""Sol"";""Simples"";""Curva"";""Não"";328249;""Automóvel"";""TOYOTA/ETIOS HB X"";2015;""Passageiro"";""Ileso"";26;""Feminino"";1;0;0;0;-19",80934616;-43,"78257751;""SR-MG"";""DEL4/1"";""UOP01/MG"""
"184586;407266;2019-01-11;""sexta-feira"";""17:00:00"";""MG"";381;445","4;""SANTA LUZIA"";""Sim"";""Velocidade Incompatível"";5;""Tombamento"";""Com Vítimas Feridas"";""Pleno dia"";""Crescente"";""Sol"";""Simples"";""Curva"";""Não"";328249;""Automóvel"";""TOYOTA/ETIOS HB X"";2015;""Passageiro"";""Ileso"";26;""Feminino"";1;0;0;0;-19",80934616;-43,"78257751;""SR-MG"";""DEL4/1"";""UOP01/MG"""
"184586;407266;2019-01-11;""sexta-feira"";""17:00:00"";""MG"";381;445","4;""SANTA LUZIA"";""Não"";""Falta de Atenção à Condução"";4;""Saída de leito carroçável"";""Com Vítimas Feridas"";""Pleno dia"";""Crescente"";""Sol"";""Simples"";""Curva"";""Não"";328249;""Automóvel"";""TOYOTA/ETIOS HB X"";2015;""Passageiro"";""Ileso"";26;""Feminino"";1;0;0;0;-19",80934616;-43,"78257751;""SR-MG"";""DEL4/1"";""UOP01/MG"""
"184586;407266;2019-01-11;""sexta-feira"";""17:00:00"";""MG"";381;445","4;""SANTA LUZIA"";""Não"";""Não guardar distância de segurança"";4;""Saída de leito carroçável"";""Com Vítimas Feridas"";""Pleno dia"";""Crescente"";""Sol"";""Simples"";""Curva"";""Não"";328249;""Automóvel"";""TOYOTA/ETIOS HB X"";2015;""Passageiro"";""Ileso"";26;""Feminino"";1;0;0;0;-19",80934616;-43,"78257751;""SR-MG"";""DEL4/1"";""UOP01/MG"""
"184586;407266;2019-01-11;""sexta-feira"";""17:00:00"";""MG"";381;445","4;""SANTA LUZIA"";""Sim"";""Velocidade Incompatível"";4;""Saída de leito carroçável"";""Com Vítimas Feridas"";""Pleno dia"";""Crescente"";""Sol"";""Simples"";""Curva"";""Não"";328249;""Automóvel"";""TOYOTA/ETIOS HB X"";2015;""Passageiro"";""Ileso"";26;""Feminino"";1;0;0;0;-19",80934616;-43,"78257751;""SR-MG"";""DEL4/1"";""UOP01/MG"""
"184586;407266;2019-01-11;""sexta-feira"";""17:00:00"";""MG"";381;445","4;""SANTA LUZIA"";""Não"";""Falta de Atenção à Condução"";3;""Colisão frontal"";""Com Vítimas Feridas"";""Pleno dia"";""Crescente"";""Sol"";""Simples"";""Curva"";""Não"";328249;""Automóvel"";""TOYOTA/ETIOS HB X"";2015;""Passageiro"";""Ileso"";26;""Feminino"";1;0;0;0;-19",80934616;-43,"78257751;""SR-MG"";""DEL4/1"";""UOP01/MG"""
"184586;407266;2019-01-11;""sexta-feira"";""17:00:00"";""MG"";381;445","4;""SANTA LUZIA"";""Não"";""Não guardar distância de segurança"";3;""Colisão frontal"";""Com Vítimas Feridas"";""Pleno dia"";""Crescente"";""Sol"";""Simples"";""Curva"";""Não"";328249;""Automóvel"";""TOYOTA/ETIOS HB X"";2015;""Passageiro"";""Ileso"";26;""Feminino"";1;0;0;0;-19",80934616;-43,"78257751;""SR-MG"";""DEL4/1"";""UOP01/MG"""
"184586;407266;2019-01-11;""sexta-feira"";""17:00:00"";""MG"";381;445","4;""SANTA LUZIA"";""Sim"";""Velocidade Incompatível"";3;""Colisão frontal"";""Com Vítimas Feridas"";""Pleno dia"";""Crescente"";""Sol"";""Simples"";""Curva"";""Não"";328249;""Automóvel"";""TOYOTA/ETIOS HB X"";2015;""Passageiro"";""Ileso"";26;""Feminino"";1;0;0;0;-19",80934616;-43,"78257751;""SR-MG"";""DEL4/1"";""UOP01/MG"""
"184586;407266;2019-01-11;""sexta-feira"";""17:00:00"";""MG"";381;445","4;""SANTA LUZIA"";""Não"";""Falta de Atenção à Condução"";2;""Colisão traseira"";""Com Vítimas Feridas"";""Pleno dia"";""Crescente"";""Sol"";""Simples"";""Curva"";""Não"";328249;""Automóvel"";""TOYOTA/ETIOS HB X"";2015;""Passageiro"";""Ileso"";26;""Feminino"";1;0;0;0;-19",80934616;-43,"78257751;""SR-MG"";""DEL4/1"";""UOP01/MG"""
"184586;407266;2019-01-11;""sexta-feira"";""17:00:00"";""MG"";381;445","4;""SANTA LUZIA"";""Não"";""Não guardar distância de segurança"";2;""Colisão traseira"";""Com Vítimas Feridas"";""Pleno dia"";""Crescente"";""Sol"";""Simples"";""Curva"";""Não"";328249;""Automóvel"";""TOYOTA/ETIOS HB X"";2015;""Passageiro"";""Ileso"";26;""Feminino"";1;0;0;0;-19",80934616;-43,"78257751;""SR-MG"";""DEL4/1"";""UOP01/MG"""
"184586;407266;2019-01-11;""sexta-feira"";""17:00:00"";""MG"";381;445","4;""SANTA LUZIA"";""Sim"";""Velocidade Incompatível"";2;""Colisão traseira"";""Com Vítimas Feridas"";""Pleno dia"";""Crescente"";""Sol"";""Simples"";""Curva"";""Não"";328249;""Automóvel"";""TOYOTA/ETIOS HB X"";2015;""Passageiro"";""Ileso"";26;""Feminino"";1;0;0;0;-19",80934616;-43,"78257751;""SR-MG"";""DEL4/1"";""UOP01/MG"""
"184586;407266;2019-01-11;""sexta-feira"";""17:00:00"";""MG"";381;445","4;""SANTA LUZIA"";""Não"";""Falta de Atenção à Condução"";1;""Colisão traseira"";""Com Vítimas Feridas"";""Pleno dia"";""Crescente"";""Sol"";""Simples"";""Curva"";""Não"";328249;""Automóvel"";""TOYOTA/ETIOS HB X"";2015;""Passageiro"";""Ileso"";26;""Feminino"";1;0;0;0;-19",80934616;-43,"78257751;""SR-MG"";""DEL4/1"";""UOP01/MG"""
"184586;407266;2019-01-11;""sexta-feira"";""17:00:00"";""MG"";381;445","4;""SANTA LUZIA"";""Não"";""Não guardar distância de segurança"";1;""Colisão traseira"";""Com Vítimas Feridas"";""Pleno dia"";""Crescente"";""Sol"";""Simples"";""Curva"";""Não"";328249;""Automóvel"";""TOYOTA/ETIOS HB X"";2015;""Passageiro"";""Ileso"";26;""Feminino"";1;0;0;0;-19",80934616;-43,"78257751;""SR-MG"";""DEL4/1"";""UOP01/MG"""
"184586;407266;2019-01-11;""sexta-feira"";""17:00:00"";""MG"";381;445","4;""SANTA LUZIA"";""Sim"";""Velocidade Incompatível"";1;""Colisão traseira"";""Com Vítimas Feridas"";""Pleno dia"";""Crescente"";""Sol"";""Simples"";""Curva"";""Não"";328249;""Automóvel"";""TOYOTA/ETIOS HB X"";2015;""Passageiro"";""Ileso"";26;""Feminino"";1;0;0;0;-19",80934616;-43,"78257751;""SR-MG"";""DEL4/1"";""UOP01/MG"""
"184586;407265;2019-01-11;""sexta-feira"";""17:00:00"";""MG"";381;445","4;""SANTA LUZIA"";""Não"";""Falta de Atenção à Condução"";5;""Tombamento"";""Com Vítimas Feridas"";""Pleno dia"";""Crescente"";""Sol"";""Simples"";""Curva"";""Não"";328247;""Automóvel"";""VW/GOL MI"";1997;""Passageiro"";""Lesões Leves"";8;""Feminino"";0;1;0;0;-19",80934616;-43,"78257751;""SR-MG"";""DEL4/1"";""UOP01/MG"""
"184586;407265;2019-01-11;""sexta-feira"";""17:00:00"";""MG"";381;445","4;""SANTA LUZIA"";""Não"";""Não guardar distância de segurança"";5;""Tombamento"";""Com Vítimas Feridas"";""Pleno dia"";""Crescente"";""Sol"";""Simples"";""Curva"";""Não"";328247;""Automóvel"";""VW/GOL MI"";1997;""Passageiro"";""Lesões Leves"";8;""Feminino"";0;1;0;0;-19",80934616;-43,"78257751;""SR-MG"";""DEL4/1"";""UOP01/MG"""
"184586;407265;2019-01-11;""sexta-feira"";""17:00:00"";""MG"";381;445","4;""SANTA LUZIA"";""Sim"";""Velocidade Incompatível"";5;""Tombamento"";""Com Vítimas Feridas"";""Pleno dia"";""Crescente"";""Sol"";""Simples"";""Curva"";""Não"";328247;""Automóvel"";""VW/GOL MI"";1997;""Passageiro"";""Lesões Leves"";8;""Feminino"";0;1;0;0;-19",80934616;-43,"78257751;""SR-MG"";""DEL4/1"";""UOP01/MG"""
"184586;407265;2019-01-11;""sexta-feira"";""17:00:00"";""MG"";381;445","4;""SANTA LUZIA"";""Não"";""Falta de Atenção à Condução"";4;""Saída de leito carroçável"";""Com Vítimas Feridas"";""Pleno dia"";""Crescente"";""Sol"";""Simples"";""Curva"";""Não"";328247;""Automóvel"";""VW/GOL MI"";1997;""Passageiro"";""Lesões Leves"";8;""Feminino"";0;1;0;0;-19",80934616;-43,"78257751;""SR-MG"";""DEL4/1"";""UOP01/MG"""
"184586;407265;2019-01-11;""sexta-feira"";""17:00:00"";""MG"";381;445","4;""SANTA LUZIA"";""Não"";""Não guardar distância de segurança"";4;""Saída de leito carroçável"";""Com Vítimas Feridas"";""Pleno dia"";""Crescente"";""Sol"";""Simples"";""Curva"";""Não"";328247;""Automóvel"";""VW/GOL MI"";1997;""Passageiro"";""Lesões Leves"";8;""Feminino"";0;1;0;0;-19",80934616;-43,"78257751;""SR-MG"";""DEL4/1"";""UOP01/MG"""
"184586;407265;2019-01-11;""sexta-feira"";""17:00:00"";""MG"";381;445","4;""SANTA LUZIA"";""Sim"";""Velocidade Incompatível"";4;""Saída de leito carroçável"";""Com Vítimas Feridas"";""Pleno dia"";""Crescente"";""Sol"";""Simples"";""Curva"";""Não"";328247;""Automóvel"";""VW/GOL MI"";1997;""Passageiro"";""Lesões Leves"";8;""Feminino"";0;1;0;0;-19",80934616;-43,"78257751;""SR-MG"";""DEL4/1"";""UOP01/MG"""
"184586;407265;2019-01-11;""sexta-feira"";""17:00:00"";""MG"";381;445","4;""SANTA LUZIA"";""Não"";""Falta de Atenção à Condução"";3;""Colisão frontal"";""Com Vítimas Feridas"";""Pleno dia"";""Crescente"";""Sol"";""Simples"";""Curva"";""Não"";328247;""Automóvel"";""VW/GOL MI"";1997;""Passageiro"";""Lesões Leves"";8;""Feminino"";0;1;0;0;-19",80934616;-43,"78257751;""SR-MG"";""DEL4/1"";""UOP01/MG"""
"184586;407265;2019-01-11;""sexta-feira"";""17:00:00"";""MG"";381;445","4;""SANTA LUZIA"";""Não"";""Não guardar distância de segurança"";3;""Colisão frontal"";""Com Vítimas Feridas"";""Pleno dia"";""Crescente"";""Sol"";""Simples"";""Curva"";""Não"";328247;""Automóvel"";""VW/GOL MI"";1997;""Passageiro"";""Lesões Leves"";8;""Feminino"";0;1;0;0;-19",80934616;-43,"78257751;""SR-MG"";""DEL4/1"";""UOP01/MG"""
"184586;407265;2019-01-11;""sexta-feira"";""17:00:00"";""MG"";381;445","4;""SANTA LUZIA"";""Sim"";""Velocidade Incompatível"";3;""Colisão frontal"";""Com Vítimas Feridas"";""Pleno dia"";""Crescente"";""Sol"";""Simples"";""Curva"";""Não"";328247;""Automóvel"";""VW/GOL MI"";1997;""Passageiro"";""Lesões Leves"";8;""Feminino"";0;1;0;0;-19",80934616;-43,"78257751;""SR-MG"";""DEL4/1"";""UOP01/MG"""
"184586;407265;2019-01-11;""sexta-feira"";""17:00:00"";""MG"";381;445","4;""SANTA LUZIA"";""Não"";""Falta de Atenção à Condução"";2;""Colisão traseira"";""Com Vítimas Feridas"";""Pleno dia"";""Crescente"";""Sol"";""Simples"";""Curva"";""Não"";328247;""Automóvel"";""VW/GOL MI"";1997;""Passageiro"";""Lesões Leves"";8;""Feminino"";0;1;0;0;-19",80934616;-43,"78257751;""SR-MG"";""DEL4/1"";""UOP01/MG"""
"184586;407265;2019-01-11;""sexta-feira"";""17:00:00"";""MG"";381;445","4;""SANTA LUZIA"";""Não"";""Não guardar distância de segurança"";2;""Colisão traseira"";""Com Vítimas Feridas"";""Pleno dia"";""Crescente"";""Sol"";""Simples"";""Curva"";""Não"";328247;""Automóvel"";""VW/GOL MI"";1997;""Passageiro"";""Lesões Leves"";8;""Feminino"";0;1;0;0;-19",80934616;-43,"78257751;""SR-MG"";""DEL4/1"";""UOP01/MG"""
"184586;407265;2019-01-11;""sexta-feira"";""17:00:00"";""MG"";381;445","4;""SANTA LUZIA"";""Sim"";""Velocidade Incompatível"";2;""Colisão traseira"";""Com Vítimas Feridas"";""Pleno dia"";""Crescente"";""Sol"";""Simples"";""Curva"";""Não"";328247;""Automóvel"";""VW/GOL MI"";1997;""Passageiro"";""Lesões Leves"";8;""Feminino"";0;1;0;0;-19",80934616;-43,"78257751;""SR-MG"";""DEL4/1"";""UOP01/MG"""
"184586;407265;2019-01-11;""sexta-feira"";""17:00:00"";""MG"";381;445","4;""SANTA LUZIA"";""Não"";""Falta de Atenção à Condução"";1;""Colisão traseira"";""Com Vítimas Feridas"";""Pleno dia"";""Crescente"";""Sol"";""Simples"";""Curva"";""Não"";328247;""Automóvel"";""VW/GOL MI"";1997;""Passageiro"";""Lesões Leves"";8;""Feminino"";0;1;0;0;-19",80934616;-43,"78257751;""SR-MG"";""DEL4/1"";""UOP01/MG"""
"184586;407265;2019-01-11;""sexta-feira"";""17:00:00"";""MG"";381;445","4;""SANTA LUZIA"";""Não"";""Não guardar distância de segurança"";1;""Colisão traseira"";""Com Vítimas Feridas"";""Pleno dia"";""Crescente"";""Sol"";""Simples"";""Curva"";""Não"";328247;""Automóvel"";""VW/GOL MI"";1997;""Passageiro"";""Lesões Leves"";8;""Feminino"";0;1;0;0;-19",80934616;-43,"78257751;""SR-MG"";""DEL4/1"";""UOP01/MG"""