"id;""pesid"";""data_inversa"";""dia_semana"";""horario"";""uf"";""br"";""km"";""municipio"";""causa_principal"";""causa_acidente"";""ordem_tipo_acidente"";""tipo_acidente"";""classificacao_acidente"";""fase_dia"";""sentido_via"";""condicao_metereologica"";""tipo_pista"";""tracado_via"";""uso_solo"";""id_veiculo"";""tipo_veiculo"";""marca"";""ano_fabricacao_veiculo"";""tipo_envolvido"";""estado_fisico"";""idade"";""sexo"";""ilesos"";""feridos_leves"";""feridos_graves"";""mortos"";""latitude"";""longitude"";""regional"";""delegacia"";""uop""",,,
"184586;407265;2019-01-11;""sexta-feira"";""17:00:00"";""MG"";381;445","4;""SANTA LUZIA"";""Sim"";""Velocidade Incompatível"";1;""Colisão traseira"";""Com Vítimas Feridas"";""Pleno dia"";""Crescente"";""Sol"";""Simples"";""Curva"";""Não"";328247;""Automóvel"";""VW/GOL MI"";1997;""Passageiro"";""Lesões Leves"";8;""Feminino"";0;1;0;0;-19",80934616;-43,"78257751;""SR-MG"";""DEL4/1"";""UOP01/MG"""
"184588;407069;2019-01-11;""sexta-feira"";""16:10:00"";""PE"";101;60;""RECIFE"";""Sim"";""Falta de Atenção à Condução"";1;""Colisão traseira"";""Com Vítimas Feridas"";""Pleno dia"";""Decrescente"";""Céu Claro"";""Múltipla"";""Desvio Temporário"";""Sim"";328225;""Motocicleta"";""HONDA/XRE 300"";2013;""Condutor"";""Lesões Leves"";31;""Masculino"";0;1;0;0;-7",992;-34,"9365;""SR-PE"";""DEL11/1"";""UOP02/PE""",
"184588;407070;2019-01-11;""sexta-feira"";""16:10:00"";""PE"";101;60;""RECIFE"";""Sim"";""Falta de Atenção à Condução"";1;""Colisão traseira"";""Com Vítimas Feridas"";""Pleno dia"";""Decrescente"";""Céu Claro"";""Múltipla"";""Desvio Temporário"";""Sim"";328226;""Automóvel"";""GM/CORSA GLS WD"";1997;""Condutor"";""Ileso"";47;""Masculino"";1;0;0;0;-7",992;-34,"9365;""SR-PE"";""DEL11/1"";""UOP02/PE""",
"184590;408132;2019-01-11;""sexta-feira"";""17:30:00"";""ES"";262;18;""VIANA"";""Sim"";""Falta de Atenção do Pedestre"";1;""Atropelamento de Pedestre"";""Com Vítimas Feridas"";""Pleno dia"";""Crescente"";""Nublado"";""Simples"";""Reta"";""Sim"";328387;""Motocicleta"";""HONDA/CG150 TITAN MIXESD"";2009;""Pedestre"";""Lesões Graves"";15;""Masculino"";0;0;1;0;-20",389;-40,"4781;""SR-ES"";""DEL12/1"";""UOP01/ES""",
"184590;408131;2019-01-11;""sexta-feira"";""17:30:00"";""ES"";262;18;""VIANA"";""Sim"";""Falta de Atenção do Pedestre"";1;""Atropelamento de Pedestre"";""Com Vítimas Feridas"";""Pleno dia"";""Crescente"";""Nublado"";""Simples"";""Reta"";""Sim"";328387;""Motocicleta"";""HONDA/CG150 TITAN MIXESD"";2009;""Condutor"";""Lesões Leves"";33;""Masculino"";0;1;0;0;-20",389;-40,"4781;""SR-ES"";""DEL12/1"";""UOP01/ES""",
"184591;408921;2019-01-11;""sexta-feira"";""16:20:00"";""MT"";163;752","9;""SORRISO"";""Sim"";""Falta de Atenção à Condução"";1;""Colisão traseira"";""Com Vítimas Feridas"";""Pleno dia"";""Crescente"";""Sol"";""Dupla"";""Retorno Regulamentado"";""Sim"";328320;""Motocicleta"";""HONDA/CG 150 TITAN ESD"";2004;""Condutor"";""Lesões Leves"";19;""Masculino"";0;1;0;0;-12",55071256;-55,"71289393;""SR-MT"";""DEL2/6"";""UOP01/MT"""
"184591;408921;2019-01-11;""sexta-feira"";""16:20:00"";""MT"";163;752","9;""SORRISO"";""Não"";""Desobediência às normas de trânsito pelo condutor"";1;""Colisão traseira"";""Com Vítimas Feridas"";""Pleno dia"";""Crescente"";""Sol"";""Dupla"";""Retorno Regulamentado"";""Sim"";328320;""Motocicleta"";""HONDA/CG 150 TITAN ESD"";2004;""Condutor"";""Lesões Leves"";19;""Masculino"";0;1;0;0;-12",55071256;-55,"71289393;""SR-MT"";""DEL2/6"";""UOP01/MT"""
"184591;408919;2019-01-11;""sexta-feira"";""16:20:00"";""MT"";163;752","9;""SORRISO"";""Sim"";""Falta de Atenção à Condução"";1;""Colisão traseira"";""Com Vítimas Feridas"";""Pleno dia"";""Crescente"";""Sol"";""Dupla"";""Retorno Regulamentado"";""Sim"";328319;""Automóvel"";""VW/GOL 1.0"";2009;""Condutor"";""Ileso"";68;""Masculino"";1;0;0;0;-12",55071256;-55,"71289393;""SR-MT"";""DEL2/6"";""UOP01/MT"""
"184591;408919;2019-01-11;""sexta-feira"";""16:20:00"";""MT"";163;752","9;""SORRISO"";""Não"";""Desobediência às normas de trânsito pelo condutor"";1;""Colisão traseira"";""Com Vítimas Feridas"";""Pleno dia"";""Crescente"";""Sol"";""Dupla"";""Retorno Regulamentado"";""Sim"";328319;""Automóvel"";""VW/GOL 1.0"";2009;""Condutor"";""Ileso"";68;""Masculino"";1;0;0;0;-12",55071256;-55,"71289393;""SR-MT"";""DEL2/6"";""UOP01/MT"""
"184592;408758;2019-01-11;""sexta-feira"";""15:54:00"";""RJ"";116;222","9;""PIRAI"";""Sim"";""Defeito Mecânico no Veículo"";1;""Colisão com objeto estático"";""Com Vítimas Feridas"";""Pleno dia"";""Decrescente"";""Céu Claro"";""Dupla"";""Curva"";""Não"";328265;""Caminhão"";""FORD/CARGO 2422 E"";2011;""Passageiro"";""Lesões Leves"";29;""Masculino"";0;1;0;0;-22",67896551;-43,"83613586;""SR-RJ"";""DEL5/7"";""UOP01/RJ"""
"184592;408755;2019-01-11;""sexta-feira"";""15:54:00"";""RJ"";116;222","9;""PIRAI"";""Sim"";""Defeito Mecânico no Veículo"";1;""Colisão com objeto estático"";""Com Vítimas Feridas"";""Pleno dia"";""Decrescente"";""Céu Claro"";""Dupla"";""Curva"";""Não"";328265;""Caminhão"";""FORD/CARGO 2422 E"";2011;""Condutor"";""Lesões Graves"";55;""Masculino"";0;0;1;0;-22",67896551;-43,"83613586;""SR-RJ"";""DEL5/7"";""UOP01/RJ"""
"184592;408757;2019-01-11;""sexta-feira"";""15:54:00"";""RJ"";116;222","9;""PIRAI"";""Sim"";""Defeito Mecânico no Veículo"";1;""Colisão com objeto estático"";""Com Vítimas Feridas"";""Pleno dia"";""Decrescente"";""Céu Claro"";""Dupla"";""Curva"";""Não"";328265;""Caminhão"";""FORD/CARGO 2422 E"";2011;""Passageiro"";""Lesões Leves"";36;""Masculino"";0;1;0;0;-22",67896551;-43,"83613586;""SR-RJ"";""DEL5/7"";""UOP01/RJ"""
"184592;408759;2019-01-11;""sexta-feira"";""15:54:00"";""RJ"";116;222","9;""PIRAI"";""Sim"";""Defeito Mecânico no Veículo"";1;""Colisão com objeto estático"";""Com Vítimas Feridas"";""Pleno dia"";""Decrescente"";""Céu Claro"";""Dupla"";""Curva"";""Não"";329498;""Caminhão"";""VW/8.160 DRC 4X2"";2016;""Condutor"";""Ileso"";41;""Masculino"";1;0;0;0;-22",67896551;-43,"83613586;""SR-RJ"";""DEL5/7"";""UOP01/RJ"""
"184592;408764;2019-01-11;""sexta-feira"";""15:54:00"";""RJ"";116;222","9;""PIRAI"";""Sim"";""Defeito Mecânico no Veículo"";1;""Colisão com objeto estático"";""Com Vítimas Feridas"";""Pleno dia"";""Decrescente"";""Céu Claro"";""Dupla"";""Curva"";""Não"";329499;""Automóvel"";""FORD/KA GL"";2003;""Condutor"";""Ileso"";56;""Masculino"";1;0;0;0;-22",67896551;-43,"83613586;""SR-RJ"";""DEL5/7"";""UOP01/RJ"""
"184593;407064;2019-01-11;""sexta-feira"";""16:45:00"";""MG"";40;403","3;""CURVELO"";""Sim"";""Agressão Externa"";1;""Queda de ocupante de veículo"";""Com Vítimas Feridas"";""Pleno dia"";""Crescente"";""Céu Claro"";""Simples"";""Reta"";""Não"";328217;""Motocicleta"";""HONDA/CBX 250 TWISTER"";2003;""Condutor"";""Lesões Graves"";44;""Masculino"";0;0;1;0;-18",98389577;-44,"66491699;""SR-MG"";""DEL4/2"";""UOP01/MG"""
"184595;NA;2019-01-11;""sexta-feira"";""14:30:00"";""GO"";70;367","2;""MONTES CLAROS DE GOIAS"";""Sim"";""Avarias e/ou desgaste excessivo no pneu"";1;""Colisão transversal"";""Com Vítimas Fatais"";""Pleno dia"";""Crescente"";""Chuva"";""Simples"";""Reta"";""Não"";329466;""Semireboque"";""SR/RANDON SR CA"";2004;""Não Informado"";""Não Informado"";NA;""Não Informado"";0;0;0;0;-15",93506483;-51,"33999109;""SR-GO"";""DEL1/4"";""UOP01/GO"""
"184595;NA;2019-01-11;""sexta-feira"";""14:30:00"";""GO"";70;367","2;""MONTES CLAROS DE GOIAS"";""Sim"";""Avarias e/ou desgaste excessivo no pneu"";1;""Colisão transversal"";""Com Vítimas Fatais"";""Pleno dia"";""Crescente"";""Chuva"";""Simples"";""Reta"";""Não"";329468;""Semireboque"";""SR/RANDON SR CA"";2004;""Não Informado"";""Não Informado"";NA;""Não Informado"";0;0;0;0;-15",93506483;-51,"33999109;""SR-GO"";""DEL1/4"";""UOP01/GO"""
"184595;408769;2019-01-11;""sexta-feira"";""14:30:00"";""GO"";70;367","2;""MONTES CLAROS DE GOIAS"";""Sim"";""Avarias e/ou desgaste excessivo no pneu"";1;""Colisão transversal"";""Com Vítimas Fatais"";""Pleno dia"";""Crescente"";""Chuva"";""Simples"";""Reta"";""Não"";328480;""Caminhão-trator"";""VOLVO/FH 460 6X4T"";2013;""Condutor"";""Lesões Leves"";47;""Masculino"";0;1;0;0;-15",93506483;-51,"33999109;""SR-GO"";""DEL1/4"";""UOP01/GO"""
"184595;408770;2019-01-11;""sexta-feira"";""14:30:00"";""GO"";70;367","2;""MONTES CLAROS DE GOIAS"";""Sim"";""Avarias e/ou desgaste excessivo no pneu"";1;""Colisão transversal"";""Com Vítimas Fatais"";""Pleno dia"";""Crescente"";""Chuva"";""Simples"";""Reta"";""Não"";328479;""Caminhonete"";""RENAULT/MASTER CC 2.5DCI"";2012;""Condutor"";""Óbito"";33;""Masculino"";0;0;0;1;-15",93506483;-51,"33999109;""SR-GO"";""DEL1/4"";""UOP01/GO"""
"184596;408405;2019-01-11;""sexta-feira"";""16:20:00"";""MS"";158;96;""PARANAIBA"";""Sim"";""Falta de Atenção à Condução"";2;""Capotamento"";""Com Vítimas Feridas"";""Pleno dia"";""Decrescente"";""Sol"";""Dupla"";""Reta"";""Sim"";328218;""Automóvel"";""GM/VECTRA CD"";2001;""Condutor"";""Lesões Graves"";40;""Masculino"";0;0;1;0;-19",69005;-51,"195179;""SR-MS"";""DEL3/8"";""UOP01/MS""",
"184596;408405;2019-01-11;""sexta-feira"";""16:20:00"";""MS"";158;96;""PARANAIBA"";""Sim"";""Falta de Atenção à Condução"";1;""Saída de leito carroçável"";""Com Vítimas Feridas"";""Pleno dia"";""Decrescente"";""Sol"";""Dupla"";""Reta"";""Sim"";328218;""Automóvel"";""GM/VECTRA CD"";2001;""Condutor"";""Lesões Graves"";40;""Masculino"";0;0;1;0;-19",69005;-51,"195179;""SR-MS"";""DEL3/8"";""UOP01/MS""",
"184597;407193;2019-01-11;""sexta-feira"";""17:30:00"";""ES"";101;296","7;""CARIACICA"";""Sim"";""Falta de Atenção à Condução"";1;""Colisão lateral"";""Sem Vítimas"";""Pleno dia"";""Crescente"";""Sol"";""Dupla"";""Reta"";""Sim"";328236;""Automóvel"";""I/FIAT PALIO ATTRACT 1.0"";2013;""Condutor"";""Ileso"";29;""Masculino"";1;0;0;0;-20",34570881;-40,"4106242;""SR-ES"";""DEL12/1"";""UOP01/ES"""
"184597;407194;2019-01-11;""sexta-feira"";""17:30:00"";""ES"";101;296","7;""CARIACICA"";""Sim"";""Falta de Atenção à Condução"";1;""Colisão lateral"";""Sem Vítimas"";""Pleno dia"";""Crescente"";""Sol"";""Dupla"";""Reta"";""Sim"";328237;""Caminhão"";""VW/30.330 CRC 8X2"";2017;""Condutor"";""Ileso"";34;""Masculino"";1;0;0;0;-20",34570881;-40,"4106242;""SR-ES"";""DEL12/1"";""UOP01/ES"""
"184598;407059;2019-01-11;""sexta-feira"";""13:15:00"";""MG"";262;513;""LUZ"";""Sim"";""Ultrapassagem Indevida"";1;""Saída de leito carroçável"";""Com Vítimas Feridas"";""Pleno dia"";""Decrescente"";""Sol"";""Simples"";""Curva"";""Não"";328213;""Utilitário"";""MMC/PAJERO 4X4 HPE D"";2016;""Condutor"";""Lesões Leves"";41;""Feminino"";0;1;0;0;-19",782372;-45,"676441;""SR-MG"";""DEL4/8"";""UOP03/MG""",
"184598;407060;2019-01-11;""sexta-feira"";""13:15:00"";""MG"";262;513;""LUZ"";""Sim"";""Ultrapassagem Indevida"";1;""Saída de leito carroçável"";""Com Vítimas Feridas"";""Pleno dia"";""Decrescente"";""Sol"";""Simples"";""Curva"";""Não"";328213;""Utilitário"";""MMC/PAJERO 4X4 HPE D"";2016;""Passageiro"";""Lesões Leves"";48;""Masculino"";0;1;0;0;-19",782372;-45,"676441;""SR-MG"";""DEL4/8"";""UOP03/MG""",
"184598;407061;2019-01-11;""sexta-feira"";""13:15:00"";""MG"";262;513;""LUZ"";""Sim"";""Ultrapassagem Indevida"";1;""Saída de leito carroçável"";""Com Vítimas Feridas"";""Pleno dia"";""Decrescente"";""Sol"";""Simples"";""Curva"";""Não"";328213;""Utilitário"";""MMC/PAJERO 4X4 HPE D"";2016;""Passageiro"";""Lesões Graves"";7;""Masculino"";0;0;1;0;-19",782372;-45,"676441;""SR-MG"";""DEL4/8"";""UOP03/MG""",
"184598;408924;2019-01-11;""sexta-feira"";""13:15:00"";""MG"";262;513;""LUZ"";""Sim"";""Ultrapassagem Indevida"";1;""Saída de leito carroçável"";""Com Vítimas Feridas"";""Pleno dia"";""Decrescente"";""Sol"";""Simples"";""Curva"";""Não"";328213;""Utilitário"";""MMC/PAJERO 4X4 HPE D"";2016;""Passageiro"";""Lesões Leves"";4;""Masculino"";0;1;0;0;-19",782372;-45,"676441;""SR-MG"";""DEL4/8"";""UOP03/MG""",
"184598;408920;2019-01-11;""sexta-feira"";""13:15:00"";""MG"";262;513;""LUZ"";""Sim"";""Ultrapassagem Indevida"";1;""Saída de leito carroçável"";""Com Vítimas Feridas"";""Pleno dia"";""Decrescente"";""Sol"";""Simples"";""Curva"";""Não"";328213;""Utilitário"";""MMC/PAJERO 4X4 HPE D"";2016;""Passageiro"";""Lesões Leves"";10;""Feminino"";0;1;0;0;-19",782372;-45,"676441;""SR-MG"";""DEL4/8"";""UOP03/MG""",
"184601;410586;2019-01-11;""sexta-feira"";""17:00:00"";""MG"";262;36","1;""MANHUACU"";""Sim"";""Falta de Atenção à Condução"";1;""Colisão traseira"";""Com Vítimas Feridas"";""Pleno dia"";""Decrescente"";""Céu Claro"";""Simples"";""Reta"";""Sim"";328223;""Caminhonete"";""FIAT/STRADA FIRE FLEX"";2011;""Condutor"";""Ileso"";57;""Masculino"";1;0;0;0;-20",259321;-42,"022984;""SR-MG"";""DEL4/6"";""UOP04/MG"""
"184601;410587;2019-01-11;""sexta-feira"";""17:00:00"";""MG"";262;36","1;""MANHUACU"";""Sim"";""Falta de Atenção à Condução"";1;""Colisão traseira"";""Com Vítimas Feridas"";""Pleno dia"";""Decrescente"";""Céu Claro"";""Simples"";""Reta"";""Sim"";330884;""Motocicleta"";""KAWASAKI/Z800"";2014;""Condutor"";""Lesões Leves"";42;""Masculino"";0;1;0;0;-20",259321;-42,"022984;""SR-MG"";""DEL4/6"";""UOP04/MG"""
"184602;407112;2019-01-11;""sexta-feira"";""18:55:00"";""PR"";376;160;""MARINGA"";""Sim"";""Defeito Mecânico no Veículo"";2;""Queda de ocupante de veículo"";""Com Vítimas Feridas"";""Pleno dia"";""Decrescente"";""Céu Claro"";""Dupla"";""Curva"";""Sim"";328264;""Motocicleta"";""HONDA/CG150 SPECIAL EDIT"";2006;""Passageiro"";""Lesões Leves"";32;""Feminino"";0;1;0;0;-23",352516;-52,"09127;""SR-PR"";""DEL7/7"";""UOP04/PR""",
"184602;407112;2019-01-11;""sexta-feira"";""18:55:00"";""PR"";376;160;""MARINGA"";""Sim"";""Defeito Mecânico no Veículo"";1;""Tombamento"";""Com Vítimas Feridas"";""Pleno dia"";""Decrescente"";""Céu Claro"";""Dupla"";""Curva"";""Sim"";328264;""Motocicleta"";""HONDA/CG150 SPECIAL EDIT"";2006;""Passageiro"";""Lesões Leves"";32;""Feminino"";0;1;0;0;-23",352516;-52,"09127;""SR-PR"";""DEL7/7"";""UOP04/PR""",
"184602;407115;2019-01-11;""sexta-feira"";""18:55:00"";""PR"";376;160;""MARINGA"";""Sim"";""Defeito Mecânico no Veículo"";2;""Queda de ocupante de veículo"";""Com Vítimas Feridas"";""Pleno dia"";""Decrescente"";""Céu Claro"";""Dupla"";""Curva"";""Sim"";328264;""Motocicleta"";""HONDA/CG150 SPECIAL EDIT"";2006;""Condutor"";""Lesões Leves"";33;""Masculino"";0;1;0;0;-23",352516;-52,"09127;""SR-PR"";""DEL7/7"";""UOP04/PR""",
"184602;407115;2019-01-11;""sexta-feira"";""18:55:00"";""PR"";376;160;""MARINGA"";""Sim"";""Defeito Mecânico no Veículo"";1;""Tombamento"";""Com Vítimas Feridas"";""Pleno dia"";""Decrescente"";""Céu Claro"";""Dupla"";""Curva"";""Sim"";328264;""Motocicleta"";""HONDA/CG150 SPECIAL EDIT"";2006;""Condutor"";""Lesões Leves"";33;""Masculino"";0;1;0;0;-23",352516;-52,"09127;""SR-PR"";""DEL7/7"";""UOP04/PR""",
"184604;407062;2019-01-11;""sexta-feira"";""17:25:00"";""PI"";135;360;""BOM JESUS"";""Sim"";""Defeito na Via"";1;""Colisão com objeto estático"";""Com Vítimas Feridas"";""Pleno dia"";""Decrescente"";""Céu Claro"";""Simples"";""Curva"";""Não"";328216;""Automóvel"";""FIAT/SIENA ATTRACT 1.0"";2018;""Condutor"";""Lesões Leves"";59;""Masculino"";0;1;0;0;-9",135633;-44,"388386;""SR-PI"";""DEL17/3"";""UOP02/PI""",
"184605;408971;2019-01-11;""sexta-feira"";""18:10:00"";""CE"";20;429","5;""FORTALEZA"";""Sim"";""Falta de Atenção à Condução"";2;""Tombamento"";""Com Vítimas Feridas"";""Plena Noite"";""Crescente"";""Céu Claro"";""Dupla"";""Reta"";""Sim"";329656;""Motocicleta"";""HONDA/CG 150 TITAN KS"";2008;""Condutor"";""Lesões Leves"";32;""Masculino"";0;1;0;0;-3",87123388;-38,"49978447;""SR-CE"";""DEL16/1"";""UOP02/CE"""
"184605;408971;2019-01-11;""sexta-feira"";""18:10:00"";""CE"";20;429","5;""FORTALEZA"";""Sim"";""Falta de Atenção à Condução"";1;""Colisão lateral"";""Com Vítimas Feridas"";""Plena Noite"";""Crescente"";""Céu Claro"";""Dupla"";""Reta"";""Sim"";329656;""Motocicleta"";""HONDA/CG 150 TITAN KS"";2008;""Condutor"";""Lesões Leves"";32;""Masculino"";0;1;0;0;-3",87123388;-38,"49978447;""SR-CE"";""DEL16/1"";""UOP02/CE"""
"184605;408969;2019-01-11;""sexta-feira"";""18:10:00"";""CE"";20;429","5;""FORTALEZA"";""Sim"";""Falta de Atenção à Condução"";2;""Tombamento"";""Com Vítimas Feridas"";""Plena Noite"";""Crescente"";""Céu Claro"";""Dupla"";""Reta"";""Sim"";329655;""Automóvel"";""I/CHEVROLET CLASSIC LS"";2016;""Condutor"";""Ileso"";32;""Masculino"";1;0;0;0;-3",87123388;-38,"49978447;""SR-CE"";""DEL16/1"";""UOP02/CE"""
"184605;408969;2019-01-11;""sexta-feira"";""18:10:00"";""CE"";20;429","5;""FORTALEZA"";""Sim"";""Falta de Atenção à Condução"";1;""Colisão lateral"";""Com Vítimas Feridas"";""Plena Noite"";""Crescente"";""Céu Claro"";""Dupla"";""Reta"";""Sim"";329655;""Automóvel"";""I/CHEVROLET CLASSIC LS"";2016;""Condutor"";""Ileso"";32;""Masculino"";1;0;0;0;-3",87123388;-38,"49978447;""SR-CE"";""DEL16/1"";""UOP02/CE"""
"184606;407176;2019-01-11;""sexta-feira"";""18:10:00"";""PE"";104;65;""CARUARU"";""Sim"";""Não guardar distância de segurança"";1;""Colisão lateral"";""Com Vítimas Feridas"";""Plena Noite"";""Decrescente"";""Nublado"";""Dupla"";""Reta"";""Sim"";328297;""Automóvel"";""CHEV/SPIN 1.8L MT LS E"";2016;""Passageiro"";""Lesões Leves"";31;""Masculino"";0;1;0;0;-8",2867;-35,"9838;""SR-PE"";""DEL11/2"";""UOP01/PE""",
"184606;407177;2019-01-11;""sexta-feira"";""18:10:00"";""PE"";104;65;""CARUARU"";""Sim"";""Não guardar distância de segurança"";1;""Colisão lateral"";""Com Vítimas Feridas"";""Plena Noite"";""Decrescente"";""Nublado"";""Dupla"";""Reta"";""Sim"";328297;""Automóvel"";""CHEV/SPIN 1.8L MT LS E"";2016;""Passageiro"";""Lesões Leves"";25;""Masculino"";0;1;0;0;-8",2867;-35,"9838;""SR-PE"";""DEL11/2"";""UOP01/PE""",
"184606;407175;2019-01-11;""sexta-feira"";""18:10:00"";""PE"";104;65;""CARUARU"";""Sim"";""Não guardar distância de segurança"";1;""Colisão lateral"";""Com Vítimas Feridas"";""Plena Noite"";""Decrescente"";""Nublado"";""Dupla"";""Reta"";""Sim"";328297;""Automóvel"";""CHEV/SPIN 1.8L MT LS E"";2016;""Condutor"";""Ileso"";23;""Masculino"";1;0;0;0;-8",2867;-35,"9838;""SR-PE"";""DEL11/2"";""UOP01/PE""",
"184606;407174;2019-01-11;""sexta-feira"";""18:10:00"";""PE"";104;65;""CARUARU"";""Sim"";""Não guardar distância de segurança"";1;""Colisão lateral"";""Com Vítimas Feridas"";""Plena Noite"";""Decrescente"";""Nublado"";""Dupla"";""Reta"";""Sim"";328296;""Automóvel"";""VW/FOX 1.6 PRIME GII"";2010;""Condutor"";""Ileso"";60;""Masculino"";1;0;0;0;-8",2867;-35,"9838;""SR-PE"";""DEL11/2"";""UOP01/PE""",
"184606;407172;2019-01-11;""sexta-feira"";""18:10:00"";""PE"";104;65;""CARUARU"";""Sim"";""Não guardar distância de segurança"";1;""Colisão lateral"";""Com Vítimas Feridas"";""Plena Noite"";""Decrescente"";""Nublado"";""Dupla"";""Reta"";""Sim"";328295;""Caminhão"";""VW/8.160 DRC 4X2"";2014;""Condutor"";""Ileso"";45;""Masculino"";1;0;0;0;-8",2867;-35,"9838;""SR-PE"";""DEL11/2"";""UOP01/PE""",
"184607;407167;2019-01-11;""sexta-feira"";""19:00:00"";""SC"";101;47","5;""JOINVILLE"";""Sim"";""Ingestão de álcool e/ou substâncias psicoativas pelo pedestre"";1;""Saída de leito carroçável"";""Com Vítimas Feridas"";""Anoitecer"";""Crescente"";""Céu Claro"";""Dupla"";""Curva"";""Não"";328303;""Motocicleta"";""YAMAHA/YBR 125K"";2004;""Condutor"";""Lesões Leves"";44;""Masculino"";0;1;0;0;-26",3752;-48,"8549;""SR-SC"";""DEL8/3"";""UOP01/SC"""
"184608;408878;2019-01-11;""sexta-feira"";""18:00:00"";""SC"";470;105;""APIUNA"";""Sim"";""Desobediência às normas de trânsito pelo condutor"";1;""Colisão frontal"";""Com Vítimas Feridas"";""Pleno dia"";""Crescente"";""Céu Claro"";""Simples"";""Curva"";""Sim"";328287;""Automóvel"";""FIAT/UNO MILLE"";1991;""Condutor"";""Lesões Graves"";25;""Masculino"";0;0;1;0;-27",07129747;-49,"42094564;""SR-SC"";""DEL8/4"";""UOP02/SC""",
"184608;408873;2019-01-11;""sexta-feira"";""18:00:00"";""SC"";470;105;""APIUNA"";""Sim"";""Desobediência às normas de trânsito pelo condutor"";1;""Colisão frontal"";""Com Vítimas Feridas"";""Pleno dia"";""Crescente"";""Céu Claro"";""Simples"";""Curva"";""Sim"";328286;""Automóvel"";""GM/CELTA"";2002;""Condutor"";""Ileso"";35;""Masculino"";1;0;0;0;-27",07129747;-49,"42094564;""SR-SC"";""DEL8/4"";""UOP02/SC""",
"184609;410141;2019-01-11;""sexta-feira"";""18:10:00"";""MG"";381;485;""BETIM"";""Não"";""Velocidade Incompatível"";1;""Engavetamento"";""Sem Vítimas"";""Pleno dia"";""Crescente"";""Céu Claro"";""Dupla"";""Reta"";""Sim"";330525;""Automóvel"";""I/CHEVROLET AGILE LT"";2009;""Condutor"";""Ileso"";28;""Masculino"";1;0;0;0;-19",9561;-44,"1064;""SR-MG"";""DEL4/1"";""UOP03/MG""",
"184609;410141;2019-01-11;""sexta-feira"";""18:10:00"";""MG"";381;485;""BETIM"";""Sim"";""Falta de Atenção à Condução"";1;""Engavetamento"";""Sem Vítimas"";""Pleno dia"";""Crescente"";""Céu Claro"";""Dupla"";""Reta"";""Sim"";330525;""Automóvel"";""I/CHEVROLET AGILE LT"";2009;""Condutor"";""Ileso"";28;""Masculino"";1;0;0;0;-19",9561;-44,"1064;""SR-MG"";""DEL4/1"";""UOP03/MG""",
"184609;410144;2019-01-11;""sexta-feira"";""18:10:00"";""MG"";381;485;""BETIM"";""Não"";""Velocidade Incompatível"";1;""Engavetamento"";""Sem Vítimas"";""Pleno dia"";""Crescente"";""Céu Claro"";""Dupla"";""Reta"";""Sim"";330527;""Automóvel"";""FIAT/UNO MILLE EP"";1996;""Condutor"";""Ileso"";57;""Masculino"";1;0;0;0;-19",9561;-44,"1064;""SR-MG"";""DEL4/1"";""UOP03/MG""",
"184609;410144;2019-01-11;""sexta-feira"";""18:10:00"";""MG"";381;485;""BETIM"";""Sim"";""Falta de Atenção à Condução"";1;""Engavetamento"";""Sem Vítimas"";""Pleno dia"";""Crescente"";""Céu Claro"";""Dupla"";""Reta"";""Sim"";330527;""Automóvel"";""FIAT/UNO MILLE EP"";1996;""Condutor"";""Ileso"";57;""Masculino"";1;0;0;0;-19",9561;-44,"1064;""SR-MG"";""DEL4/1"";""UOP03/MG""",
"184609;410148;2019-01-11;""sexta-feira"";""18:10:00"";""MG"";381;485;""BETIM"";""Não"";""Velocidade Incompatível"";1;""Engavetamento"";""Sem Vítimas"";""Pleno dia"";""Crescente"";""Céu Claro"";""Dupla"";""Reta"";""Sim"";330528;""Automóvel"";""VW/GOL 1.0"";2004;""Condutor"";""Ileso"";29;""Masculino"";1;0;0;0;-19",9561;-44,"1064;""SR-MG"";""DEL4/1"";""UOP03/MG""",
"184609;410148;2019-01-11;""sexta-feira"";""18:10:00"";""MG"";381;485;""BETIM"";""Sim"";""Falta de Atenção à Condução"";1;""Engavetamento"";""Sem Vítimas"";""Pleno dia"";""Crescente"";""Céu Claro"";""Dupla"";""Reta"";""Sim"";330528;""Automóvel"";""VW/GOL 1.0"";2004;""Condutor"";""Ileso"";29;""Masculino"";1;0;0;0;-19",9561;-44,"1064;""SR-MG"";""DEL4/1"";""UOP03/MG""",
"184611;408866;2019-01-11;""sexta-feira"";""18:10:00"";""ES"";101;297","9;""CARIACICA"";""Sim"";""Defeito Mecânico no Veículo"";1;""Queda de ocupante de veículo"";""Com Vítimas Feridas"";""Pleno dia"";""Crescente"";""Céu Claro"";""Dupla"";""Reta"";""Não"";328272;""Motocicleta"";""HONDA/CG 160 START"";2018;""Passageiro"";""Lesões Leves"";27;""Masculino"";0;1;0;0;-20",35814639;-40,"41870117;""SR-ES"";""DEL12/1"";""UOP01/ES"""
"184611;408864;2019-01-11;""sexta-feira"";""18:10:00"";""ES"";101;297","9;""CARIACICA"";""Sim"";""Defeito Mecânico no Veículo"";1;""Queda de ocupante de veículo"";""Com Vítimas Feridas"";""Pleno dia"";""Crescente"";""Céu Claro"";""Dupla"";""Reta"";""Não"";328272;""Motocicleta"";""HONDA/CG 160 START"";2018;""Condutor"";""Lesões Graves"";34;""Masculino"";0;0;1;0;-20",35814639;-40,"41870117;""SR-ES"";""DEL12/1"";""UOP01/ES"""