"id;""pesid"";""data_inversa"";""dia_semana"";""horario"";""uf"";""br"";""km"";""municipio"";""causa_principal"";""causa_acidente"";""ordem_tipo_acidente"";""tipo_acidente"";""classificacao_acidente"";""fase_dia"";""sentido_via"";""condicao_metereologica"";""tipo_pista"";""tracado_via"";""uso_solo"";""id_veiculo"";""tipo_veiculo"";""marca"";""ano_fabricacao_veiculo"";""tipo_envolvido"";""estado_fisico"";""idade"";""sexo"";""ilesos"";""feridos_leves"";""feridos_graves"";""mortos"";""latitude"";""longitude"";""regional"";""delegacia"";""uop""",,,
"184625;407201;2019-01-11;""sexta-feira"";""18:30:00"";""RO"";364;195;""PIMENTA BUENO"";""Sim"";""Desobediência às normas de trânsito pelo condutor"";1;""Colisão transversal"";""Com Vítimas Feridas"";""Anoitecer"";""Decrescente"";""Nublado"";""Simples"";""Reta"";""Sim"";328336;""Motocicleta"";"""";NA;""Condutor"";""Não Informado"";NA;""Não Informado"";0;0;0;0;-11",693292;-61,"177425;""SR-RO"";""DEL21/2"";""UOP02/RO""",
"184626;408954;2019-01-11;""sexta-feira"";""17:20:00"";""PE"";101;87;""JABOATAO DOS GUARARAPES"";""Sim"";""Falta de Atenção à Condução"";2;""Tombamento"";""Com Vítimas Feridas"";""Anoitecer"";""Crescente"";""Nublado"";""Dupla"";""Reta"";""Não"";329552;""Motocicleta"";"""";NA;""Condutor"";""Lesões Leves"";40;""Masculino"";0;1;0;0;-8",194257;-34,"976042;""SR-PE"";""DEL11/1"";""UOP03/PE""",
"184626;408954;2019-01-11;""sexta-feira"";""17:20:00"";""PE"";101;87;""JABOATAO DOS GUARARAPES"";""Sim"";""Falta de Atenção à Condução"";1;""Colisão lateral"";""Com Vítimas Feridas"";""Anoitecer"";""Crescente"";""Nublado"";""Dupla"";""Reta"";""Não"";329552;""Motocicleta"";"""";NA;""Condutor"";""Lesões Leves"";40;""Masculino"";0;1;0;0;-8",194257;-34,"976042;""SR-PE"";""DEL11/1"";""UOP03/PE""",
"184626;408953;2019-01-11;""sexta-feira"";""17:20:00"";""PE"";101;87;""JABOATAO DOS GUARARAPES"";""Sim"";""Falta de Atenção à Condução"";2;""Tombamento"";""Com Vítimas Feridas"";""Anoitecer"";""Crescente"";""Nublado"";""Dupla"";""Reta"";""Não"";328304;""Bicicleta"";"""";NA;""Condutor"";""Lesões Leves"";34;""Masculino"";0;1;0;0;-8",194257;-34,"976042;""SR-PE"";""DEL11/1"";""UOP03/PE""",
"184626;408953;2019-01-11;""sexta-feira"";""17:20:00"";""PE"";101;87;""JABOATAO DOS GUARARAPES"";""Sim"";""Falta de Atenção à Condução"";1;""Colisão lateral"";""Com Vítimas Feridas"";""Anoitecer"";""Crescente"";""Nublado"";""Dupla"";""Reta"";""Não"";328304;""Bicicleta"";"""";NA;""Condutor"";""Lesões Leves"";34;""Masculino"";0;1;0;0;-8",194257;-34,"976042;""SR-PE"";""DEL11/1"";""UOP03/PE""",
"184627;407214;2019-01-11;""sexta-feira"";""18:15:00"";""RJ"";101;305;""SAO GONCALO"";""Não"";""Velocidade Incompatível"";1;""Atropelamento de Pedestre"";""Com Vítimas Feridas"";""Pleno dia"";""Decrescente"";""Céu Claro"";""Dupla"";""Reta"";""Sim"";328258;""Micro-ônibus"";""I/M.BENZ 415CDISPRINTERM"";2018;""Pedestre"";""Lesões Graves"";NA;""Masculino"";0;0;1;0;-22",787031;-42,"995907;""SR-RJ"";""DEL5/2"";""UOP04/RJ""",
"184627;407214;2019-01-11;""sexta-feira"";""18:15:00"";""RJ"";101;305;""SAO GONCALO"";""Sim"";""Desobediência às normas de trânsito pelo condutor"";1;""Atropelamento de Pedestre"";""Com Vítimas Feridas"";""Pleno dia"";""Decrescente"";""Céu Claro"";""Dupla"";""Reta"";""Sim"";328258;""Micro-ônibus"";""I/M.BENZ 415CDISPRINTERM"";2018;""Pedestre"";""Lesões Graves"";NA;""Masculino"";0;0;1;0;-22",787031;-42,"995907;""SR-RJ"";""DEL5/2"";""UOP04/RJ""",
"184627;407213;2019-01-11;""sexta-feira"";""18:15:00"";""RJ"";101;305;""SAO GONCALO"";""Não"";""Velocidade Incompatível"";1;""Atropelamento de Pedestre"";""Com Vítimas Feridas"";""Pleno dia"";""Decrescente"";""Céu Claro"";""Dupla"";""Reta"";""Sim"";328258;""Micro-ônibus"";""I/M.BENZ 415CDISPRINTERM"";2018;""Passageiro"";""Ileso"";NA;""Feminino"";1;0;0;0;-22",787031;-42,"995907;""SR-RJ"";""DEL5/2"";""UOP04/RJ""",
"184627;407213;2019-01-11;""sexta-feira"";""18:15:00"";""RJ"";101;305;""SAO GONCALO"";""Sim"";""Desobediência às normas de trânsito pelo condutor"";1;""Atropelamento de Pedestre"";""Com Vítimas Feridas"";""Pleno dia"";""Decrescente"";""Céu Claro"";""Dupla"";""Reta"";""Sim"";328258;""Micro-ônibus"";""I/M.BENZ 415CDISPRINTERM"";2018;""Passageiro"";""Ileso"";NA;""Feminino"";1;0;0;0;-22",787031;-42,"995907;""SR-RJ"";""DEL5/2"";""UOP04/RJ""",
"184627;407210;2019-01-11;""sexta-feira"";""18:15:00"";""RJ"";101;305;""SAO GONCALO"";""Não"";""Velocidade Incompatível"";1;""Atropelamento de Pedestre"";""Com Vítimas Feridas"";""Pleno dia"";""Decrescente"";""Céu Claro"";""Dupla"";""Reta"";""Sim"";328258;""Micro-ônibus"";""I/M.BENZ 415CDISPRINTERM"";2018;""Condutor"";""Ileso"";29;""Masculino"";1;0;0;0;-22",787031;-42,"995907;""SR-RJ"";""DEL5/2"";""UOP04/RJ""",
"184627;407210;2019-01-11;""sexta-feira"";""18:15:00"";""RJ"";101;305;""SAO GONCALO"";""Sim"";""Desobediência às normas de trânsito pelo condutor"";1;""Atropelamento de Pedestre"";""Com Vítimas Feridas"";""Pleno dia"";""Decrescente"";""Céu Claro"";""Dupla"";""Reta"";""Sim"";328258;""Micro-ônibus"";""I/M.BENZ 415CDISPRINTERM"";2018;""Condutor"";""Ileso"";29;""Masculino"";1;0;0;0;-22",787031;-42,"995907;""SR-RJ"";""DEL5/2"";""UOP04/RJ""",
"184627;407212;2019-01-11;""sexta-feira"";""18:15:00"";""RJ"";101;305;""SAO GONCALO"";""Não"";""Velocidade Incompatível"";1;""Atropelamento de Pedestre"";""Com Vítimas Feridas"";""Pleno dia"";""Decrescente"";""Céu Claro"";""Dupla"";""Reta"";""Sim"";328258;""Micro-ônibus"";""I/M.BENZ 415CDISPRINTERM"";2018;""Testemunha"";""Não Informado"";NA;""Não Informado"";0;0;0;0;-22",787031;-42,"995907;""SR-RJ"";""DEL5/2"";""UOP04/RJ""",
"184627;407212;2019-01-11;""sexta-feira"";""18:15:00"";""RJ"";101;305;""SAO GONCALO"";""Sim"";""Desobediência às normas de trânsito pelo condutor"";1;""Atropelamento de Pedestre"";""Com Vítimas Feridas"";""Pleno dia"";""Decrescente"";""Céu Claro"";""Dupla"";""Reta"";""Sim"";328258;""Micro-ônibus"";""I/M.BENZ 415CDISPRINTERM"";2018;""Testemunha"";""Não Informado"";NA;""Não Informado"";0;0;0;0;-22",787031;-42,"995907;""SR-RJ"";""DEL5/2"";""UOP04/RJ""",
"184629;407180;2019-01-11;""sexta-feira"";""18:00:00"";""PR"";369;108;""URAI"";""Sim"";""Não guardar distância de segurança"";1;""Colisão traseira"";""Com Vítimas Feridas"";""Pleno dia"";""Decrescente"";""Nublado"";""Simples"";""Reta"";""Não"";328266;""Motocicleta"";""HONDA/CG 150 FAN ESI"";2009;""Condutor"";""Lesões Leves"";21;""Masculino"";0;1;0;0;-23",26467126;-50,"78870326;""SR-PR"";""DEL7/7"";""UOP06/PR""",
"184629;407184;2019-01-11;""sexta-feira"";""18:00:00"";""PR"";369;108;""URAI"";""Sim"";""Não guardar distância de segurança"";1;""Colisão traseira"";""Com Vítimas Feridas"";""Pleno dia"";""Decrescente"";""Nublado"";""Simples"";""Reta"";""Não"";328267;""Automóvel"";""HONDA/CIVIC EXS"";2006;""Passageiro"";""Ileso"";37;""Feminino"";1;0;0;0;-23",26467126;-50,"78870326;""SR-PR"";""DEL7/7"";""UOP06/PR""",
"184629;407182;2019-01-11;""sexta-feira"";""18:00:00"";""PR"";369;108;""URAI"";""Sim"";""Não guardar distância de segurança"";1;""Colisão traseira"";""Com Vítimas Feridas"";""Pleno dia"";""Decrescente"";""Nublado"";""Simples"";""Reta"";""Não"";328267;""Automóvel"";""HONDA/CIVIC EXS"";2006;""Condutor"";""Ileso"";43;""Masculino"";1;0;0;0;-23",26467126;-50,"78870326;""SR-PR"";""DEL7/7"";""UOP06/PR""",
"184630;409073;2019-01-11;""sexta-feira"";""20:40:00"";""SC"";101;227;""PALHOCA"";""Sim"";""Falta de Atenção à Condução"";1;""Colisão com objeto estático"";""Com Vítimas Feridas"";""Plena Noite"";""Crescente"";""Céu Claro"";""Múltipla"";""Reta"";""Não"";328300;""Automóvel"";""FIAT/IDEA ADVENTURE 1.8"";2014;""Condutor"";""Lesões Leves"";46;""Feminino"";0;1;0;0;-27",7591;-48,"6308;""SR-SC"";""DEL8/1"";""UOP02/SC""",
"184631;407142;2019-01-11;""sexta-feira"";""18:00:00"";""MG"";365;742;""ITUIUTABA"";""Sim"";""Falta de Atenção à Condução"";1;""Colisão traseira"";""Com Vítimas Feridas"";""Pleno dia"";""Crescente"";""Chuva"";""Simples"";""Reta"";""Não"";328274;""Automóvel"";""FORD/FIESTA 16SEL"";2017;""Condutor"";""Ileso"";30;""Masculino"";1;0;0;0;-18",91278238;-49,"36706543;""SR-MG"";""DEL4/15"";""UOP03/MG""",
"184631;407191;2019-01-11;""sexta-feira"";""18:00:00"";""MG"";365;742;""ITUIUTABA"";""Sim"";""Falta de Atenção à Condução"";1;""Colisão traseira"";""Com Vítimas Feridas"";""Pleno dia"";""Crescente"";""Chuva"";""Simples"";""Reta"";""Não"";328274;""Automóvel"";""FORD/FIESTA 16SEL"";2017;""Passageiro"";""Ileso"";35;""Feminino"";1;0;0;0;-18",91278238;-49,"36706543;""SR-MG"";""DEL4/15"";""UOP03/MG""",
"184631;407139;2019-01-11;""sexta-feira"";""18:00:00"";""MG"";365;742;""ITUIUTABA"";""Sim"";""Falta de Atenção à Condução"";1;""Colisão traseira"";""Com Vítimas Feridas"";""Pleno dia"";""Crescente"";""Chuva"";""Simples"";""Reta"";""Não"";328273;""Caminhonete"";""FIAT/STRADA WORKING CD"";2014;""Condutor"";""Ileso"";53;""Masculino"";1;0;0;0;-18",91278238;-49,"36706543;""SR-MG"";""DEL4/15"";""UOP03/MG""",
"184631;407143;2019-01-11;""sexta-feira"";""18:00:00"";""MG"";365;742;""ITUIUTABA"";""Sim"";""Falta de Atenção à Condução"";1;""Colisão traseira"";""Com Vítimas Feridas"";""Pleno dia"";""Crescente"";""Chuva"";""Simples"";""Reta"";""Não"";328274;""Automóvel"";""FORD/FIESTA 16SEL"";2017;""Passageiro"";""Lesões Leves"";13;""Feminino"";0;1;0;0;-18",91278238;-49,"36706543;""SR-MG"";""DEL4/15"";""UOP03/MG""",
"184632;407159;2019-01-11;""sexta-feira"";""20:55:00"";""GO"";40;9","5;""LUZIANIA"";""Sim"";""Falta de Atenção do Pedestre"";1;""Atropelamento de Pedestre"";""Com Vítimas Feridas"";""Plena Noite"";""Decrescente"";""Céu Claro"";""Dupla"";""Reta"";""Sim"";328294;""Motocicleta"";""HONDA/CG 150 TITAN KS"";2005;""Condutor"";""Lesões Leves"";27;""Masculino"";0;1;0;0;-16",12751017;-47,"96015024;""SR-DF"";""UOP01/DF"";"""""
"184632;407158;2019-01-11;""sexta-feira"";""20:55:00"";""GO"";40;9","5;""LUZIANIA"";""Sim"";""Falta de Atenção do Pedestre"";1;""Atropelamento de Pedestre"";""Com Vítimas Feridas"";""Plena Noite"";""Decrescente"";""Céu Claro"";""Dupla"";""Reta"";""Sim"";328294;""Motocicleta"";""HONDA/CG 150 TITAN KS"";2005;""Pedestre"";""Lesões Graves"";55;""Masculino"";0;0;1;0;-16",12751017;-47,"96015024;""SR-DF"";""UOP01/DF"";"""""
"184632;407160;2019-01-11;""sexta-feira"";""20:55:00"";""GO"";40;9","5;""LUZIANIA"";""Sim"";""Falta de Atenção do Pedestre"";1;""Atropelamento de Pedestre"";""Com Vítimas Feridas"";""Plena Noite"";""Decrescente"";""Céu Claro"";""Dupla"";""Reta"";""Sim"";328294;""Motocicleta"";""HONDA/CG 150 TITAN KS"";2005;""Testemunha"";""Não Informado"";NA;""Não Informado"";0;0;0;0;-16",12751017;-47,"96015024;""SR-DF"";""UOP01/DF"";"""""
"184634;410844;2019-01-11;""sexta-feira"";""20:00:00"";""CE"";116;1","5;""FORTALEZA"";""Sim"";""Falta de Atenção à Condução"";1;""Colisão traseira"";""Com Vítimas Feridas"";""Plena Noite"";""Crescente"";""Céu Claro"";""Dupla"";""Reta"";""Sim"";330990;""Ônibus"";""M.BENZ/MPOLO TORINO U"";2012;""Condutor"";""Ileso"";27;""Masculino"";1;0;0;0;-3",7704;-38,"5169;""SR-CE"";""DEL16/1"";""UOP02/CE"""
"184634;410841;2019-01-11;""sexta-feira"";""20:00:00"";""CE"";116;1","5;""FORTALEZA"";""Sim"";""Falta de Atenção à Condução"";1;""Colisão traseira"";""Com Vítimas Feridas"";""Plena Noite"";""Crescente"";""Céu Claro"";""Dupla"";""Reta"";""Sim"";330989;""Motocicleta"";""HONDA/XLR 125 ES"";2002;""Condutor"";""Lesões Graves"";47;""Masculino"";0;0;1;0;-3",7704;-38,"5169;""SR-CE"";""DEL16/1"";""UOP02/CE"""
"184636;NA;2019-01-11;""sexta-feira"";""17:00:00"";""SC"";280;33","1;""ARAQUARI"";""Sim"";""Falta de Atenção à Condução"";3;""Saída de leito carroçável"";""Com Vítimas Fatais"";""Pleno dia"";""Decrescente"";""Céu Claro"";""Simples"";""Não Informado"";""Não"";329473;""Semireboque"";""SR/LIBRELATO SRCS 3E"";2014;""Não Informado"";""Não Informado"";NA;""Não Informado"";0;0;0;0;-26",42645312;-48,"78851295;""SR-SC"";""DEL8/3"";""UOP03/SC"""
"184636;NA;2019-01-11;""sexta-feira"";""17:00:00"";""SC"";280;33","1;""ARAQUARI"";""Sim"";""Falta de Atenção à Condução"";2;""Colisão frontal"";""Com Vítimas Fatais"";""Pleno dia"";""Decrescente"";""Céu Claro"";""Simples"";""Não Informado"";""Não"";329473;""Semireboque"";""SR/LIBRELATO SRCS 3E"";2014;""Não Informado"";""Não Informado"";NA;""Não Informado"";0;0;0;0;-26",42645312;-48,"78851295;""SR-SC"";""DEL8/3"";""UOP03/SC"""
"184636;NA;2019-01-11;""sexta-feira"";""17:00:00"";""SC"";280;33","1;""ARAQUARI"";""Sim"";""Falta de Atenção à Condução"";1;""Colisão traseira"";""Com Vítimas Fatais"";""Pleno dia"";""Decrescente"";""Céu Claro"";""Simples"";""Não Informado"";""Não"";329473;""Semireboque"";""SR/LIBRELATO SRCS 3E"";2014;""Não Informado"";""Não Informado"";NA;""Não Informado"";0;0;0;0;-26",42645312;-48,"78851295;""SR-SC"";""DEL8/3"";""UOP03/SC"""
"184636;410492;2019-01-11;""sexta-feira"";""17:00:00"";""SC"";280;33","1;""ARAQUARI"";""Sim"";""Falta de Atenção à Condução"";3;""Saída de leito carroçável"";""Com Vítimas Fatais"";""Pleno dia"";""Decrescente"";""Céu Claro"";""Simples"";""Não Informado"";""Não"";328281;""Automóvel"";""RENAULT/CLIO EXP 1.0 H"";2003;""Condutor"";""Lesões Graves"";24;""Masculino"";0;0;1;0;-26",42645312;-48,"78851295;""SR-SC"";""DEL8/3"";""UOP03/SC"""
"184636;410492;2019-01-11;""sexta-feira"";""17:00:00"";""SC"";280;33","1;""ARAQUARI"";""Sim"";""Falta de Atenção à Condução"";2;""Colisão frontal"";""Com Vítimas Fatais"";""Pleno dia"";""Decrescente"";""Céu Claro"";""Simples"";""Não Informado"";""Não"";328281;""Automóvel"";""RENAULT/CLIO EXP 1.0 H"";2003;""Condutor"";""Lesões Graves"";24;""Masculino"";0;0;1;0;-26",42645312;-48,"78851295;""SR-SC"";""DEL8/3"";""UOP03/SC"""
"184636;410492;2019-01-11;""sexta-feira"";""17:00:00"";""SC"";280;33","1;""ARAQUARI"";""Sim"";""Falta de Atenção à Condução"";1;""Colisão traseira"";""Com Vítimas Fatais"";""Pleno dia"";""Decrescente"";""Céu Claro"";""Simples"";""Não Informado"";""Não"";328281;""Automóvel"";""RENAULT/CLIO EXP 1.0 H"";2003;""Condutor"";""Lesões Graves"";24;""Masculino"";0;0;1;0;-26",42645312;-48,"78851295;""SR-SC"";""DEL8/3"";""UOP03/SC"""
"184636;410524;2019-01-11;""sexta-feira"";""17:00:00"";""SC"";280;33","1;""ARAQUARI"";""Sim"";""Falta de Atenção à Condução"";3;""Saída de leito carroçável"";""Com Vítimas Fatais"";""Pleno dia"";""Decrescente"";""Céu Claro"";""Simples"";""Não Informado"";""Não"";328283;""Caminhão-trator"";""SCANIA/R 440 A6X2"";2017;""Condutor"";""Ileso"";57;""Masculino"";1;0;0;0;-26",42645312;-48,"78851295;""SR-SC"";""DEL8/3"";""UOP03/SC"""
"184636;410524;2019-01-11;""sexta-feira"";""17:00:00"";""SC"";280;33","1;""ARAQUARI"";""Sim"";""Falta de Atenção à Condução"";2;""Colisão frontal"";""Com Vítimas Fatais"";""Pleno dia"";""Decrescente"";""Céu Claro"";""Simples"";""Não Informado"";""Não"";328283;""Caminhão-trator"";""SCANIA/R 440 A6X2"";2017;""Condutor"";""Ileso"";57;""Masculino"";1;0;0;0;-26",42645312;-48,"78851295;""SR-SC"";""DEL8/3"";""UOP03/SC"""
"184636;410524;2019-01-11;""sexta-feira"";""17:00:00"";""SC"";280;33","1;""ARAQUARI"";""Sim"";""Falta de Atenção à Condução"";1;""Colisão traseira"";""Com Vítimas Fatais"";""Pleno dia"";""Decrescente"";""Céu Claro"";""Simples"";""Não Informado"";""Não"";328283;""Caminhão-trator"";""SCANIA/R 440 A6X2"";2017;""Condutor"";""Ileso"";57;""Masculino"";1;0;0;0;-26",42645312;-48,"78851295;""SR-SC"";""DEL8/3"";""UOP03/SC"""
"184636;410521;2019-01-11;""sexta-feira"";""17:00:00"";""SC"";280;33","1;""ARAQUARI"";""Sim"";""Falta de Atenção à Condução"";3;""Saída de leito carroçável"";""Com Vítimas Fatais"";""Pleno dia"";""Decrescente"";""Céu Claro"";""Simples"";""Não Informado"";""Não"";328282;""Automóvel"";""VW/GOLF 1.6 SPORTLINE"";2013;""Condutor"";""Ileso"";31;""Masculino"";1;0;0;0;-26",42645312;-48,"78851295;""SR-SC"";""DEL8/3"";""UOP03/SC"""
"184636;410521;2019-01-11;""sexta-feira"";""17:00:00"";""SC"";280;33","1;""ARAQUARI"";""Sim"";""Falta de Atenção à Condução"";2;""Colisão frontal"";""Com Vítimas Fatais"";""Pleno dia"";""Decrescente"";""Céu Claro"";""Simples"";""Não Informado"";""Não"";328282;""Automóvel"";""VW/GOLF 1.6 SPORTLINE"";2013;""Condutor"";""Ileso"";31;""Masculino"";1;0;0;0;-26",42645312;-48,"78851295;""SR-SC"";""DEL8/3"";""UOP03/SC"""
"184636;410521;2019-01-11;""sexta-feira"";""17:00:00"";""SC"";280;33","1;""ARAQUARI"";""Sim"";""Falta de Atenção à Condução"";1;""Colisão traseira"";""Com Vítimas Fatais"";""Pleno dia"";""Decrescente"";""Céu Claro"";""Simples"";""Não Informado"";""Não"";328282;""Automóvel"";""VW/GOLF 1.6 SPORTLINE"";2013;""Condutor"";""Ileso"";31;""Masculino"";1;0;0;0;-26",42645312;-48,"78851295;""SR-SC"";""DEL8/3"";""UOP03/SC"""
"184636;407127;2019-01-11;""sexta-feira"";""17:00:00"";""SC"";280;33","1;""ARAQUARI"";""Sim"";""Falta de Atenção à Condução"";3;""Saída de leito carroçável"";""Com Vítimas Fatais"";""Pleno dia"";""Decrescente"";""Céu Claro"";""Simples"";""Não Informado"";""Não"";328281;""Automóvel"";""RENAULT/CLIO EXP 1.0 H"";2003;""Passageiro"";""Óbito"";34;""Masculino"";0;0;0;1;-26",42645312;-48,"78851295;""SR-SC"";""DEL8/3"";""UOP03/SC"""
"184636;407127;2019-01-11;""sexta-feira"";""17:00:00"";""SC"";280;33","1;""ARAQUARI"";""Sim"";""Falta de Atenção à Condução"";2;""Colisão frontal"";""Com Vítimas Fatais"";""Pleno dia"";""Decrescente"";""Céu Claro"";""Simples"";""Não Informado"";""Não"";328281;""Automóvel"";""RENAULT/CLIO EXP 1.0 H"";2003;""Passageiro"";""Óbito"";34;""Masculino"";0;0;0;1;-26",42645312;-48,"78851295;""SR-SC"";""DEL8/3"";""UOP03/SC"""
"184636;407127;2019-01-11;""sexta-feira"";""17:00:00"";""SC"";280;33","1;""ARAQUARI"";""Sim"";""Falta de Atenção à Condução"";1;""Colisão traseira"";""Com Vítimas Fatais"";""Pleno dia"";""Decrescente"";""Céu Claro"";""Simples"";""Não Informado"";""Não"";328281;""Automóvel"";""RENAULT/CLIO EXP 1.0 H"";2003;""Passageiro"";""Óbito"";34;""Masculino"";0;0;0;1;-26",42645312;-48,"78851295;""SR-SC"";""DEL8/3"";""UOP03/SC"""
"184636;407126;2019-01-11;""sexta-feira"";""17:00:00"";""SC"";280;33","1;""ARAQUARI"";""Sim"";""Falta de Atenção à Condução"";3;""Saída de leito carroçável"";""Com Vítimas Fatais"";""Pleno dia"";""Decrescente"";""Céu Claro"";""Simples"";""Não Informado"";""Não"";328281;""Automóvel"";""RENAULT/CLIO EXP 1.0 H"";2003;""Passageiro"";""Óbito"";18;""Masculino"";0;0;0;1;-26",42645312;-48,"78851295;""SR-SC"";""DEL8/3"";""UOP03/SC"""
"184636;407126;2019-01-11;""sexta-feira"";""17:00:00"";""SC"";280;33","1;""ARAQUARI"";""Sim"";""Falta de Atenção à Condução"";2;""Colisão frontal"";""Com Vítimas Fatais"";""Pleno dia"";""Decrescente"";""Céu Claro"";""Simples"";""Não Informado"";""Não"";328281;""Automóvel"";""RENAULT/CLIO EXP 1.0 H"";2003;""Passageiro"";""Óbito"";18;""Masculino"";0;0;0;1;-26",42645312;-48,"78851295;""SR-SC"";""DEL8/3"";""UOP03/SC"""
"184636;407126;2019-01-11;""sexta-feira"";""17:00:00"";""SC"";280;33","1;""ARAQUARI"";""Sim"";""Falta de Atenção à Condução"";1;""Colisão traseira"";""Com Vítimas Fatais"";""Pleno dia"";""Decrescente"";""Céu Claro"";""Simples"";""Não Informado"";""Não"";328281;""Automóvel"";""RENAULT/CLIO EXP 1.0 H"";2003;""Passageiro"";""Óbito"";18;""Masculino"";0;0;0;1;-26",42645312;-48,"78851295;""SR-SC"";""DEL8/3"";""UOP03/SC"""
"184638;408645;2019-01-11;""sexta-feira"";""21:10:00"";""PR"";277;580","2;""CASCAVEL"";""Sim"";""Falta de Atenção à Condução"";2;""Derramamento de carga"";""Sem Vítimas"";""Plena Noite"";""Crescente"";""Céu Claro"";""Simples"";""Viaduto"";""Sim"";328348;""Automóvel"";""FIAT/UNO MILLE ECONOMY"";2012;""Condutor"";""Ileso"";54;""Masculino"";1;0;0;0;-24",98270826;-53,"47350782;""SR-PR"";""DEL7/4"";""UOP01/PR"""
"184638;408645;2019-01-11;""sexta-feira"";""21:10:00"";""PR"";277;580","2;""CASCAVEL"";""Sim"";""Falta de Atenção à Condução"";1;""Colisão com objeto estático"";""Sem Vítimas"";""Plena Noite"";""Crescente"";""Céu Claro"";""Simples"";""Viaduto"";""Sim"";328348;""Automóvel"";""FIAT/UNO MILLE ECONOMY"";2012;""Condutor"";""Ileso"";54;""Masculino"";1;0;0;0;-24",98270826;-53,"47350782;""SR-PR"";""DEL7/4"";""UOP01/PR"""
"184638;408644;2019-01-11;""sexta-feira"";""21:10:00"";""PR"";277;580","2;""CASCAVEL"";""Sim"";""Falta de Atenção à Condução"";2;""Derramamento de carga"";""Sem Vítimas"";""Plena Noite"";""Crescente"";""Céu Claro"";""Simples"";""Viaduto"";""Sim"";328347;""Caminhão"";""FORD/CARGO 1317F"";2003;""Condutor"";""Ileso"";27;""Masculino"";1;0;0;0;-24",98270826;-53,"47350782;""SR-PR"";""DEL7/4"";""UOP01/PR"""
"184638;408644;2019-01-11;""sexta-feira"";""21:10:00"";""PR"";277;580","2;""CASCAVEL"";""Sim"";""Falta de Atenção à Condução"";1;""Colisão com objeto estático"";""Sem Vítimas"";""Plena Noite"";""Crescente"";""Céu Claro"";""Simples"";""Viaduto"";""Sim"";328347;""Caminhão"";""FORD/CARGO 1317F"";2003;""Condutor"";""Ileso"";27;""Masculino"";1;0;0;0;-24",98270826;-53,"47350782;""SR-PR"";""DEL7/4"";""UOP01/PR"""
"184640;407224;2019-01-11;""sexta-feira"";""21:20:00"";""MG"";365;150","7;""PIRAPORA"";""Sim"";""Condutor Dormindo"";2;""Saída de leito carroçável"";""Com Vítimas Feridas"";""Plena Noite"";""Decrescente"";""Céu Claro"";""Simples"";""Reta"";""Não"";328365;""Motocicleta"";""YAMAHA/FAZER YS250"";2013;""Condutor"";""Lesões Leves"";33;""Masculino"";0;1;0;0;-17",286131;-44,"877392;""SR-MG"";""DEL4/12"";""UOP01/MG"""
"184640;407224;2019-01-11;""sexta-feira"";""21:20:00"";""MG"";365;150","7;""PIRAPORA"";""Sim"";""Condutor Dormindo"";1;""Queda de ocupante de veículo"";""Com Vítimas Feridas"";""Plena Noite"";""Decrescente"";""Céu Claro"";""Simples"";""Reta"";""Não"";328365;""Motocicleta"";""YAMAHA/FAZER YS250"";2013;""Condutor"";""Lesões Leves"";33;""Masculino"";0;1;0;0;-17",286131;-44,"877392;""SR-MG"";""DEL4/12"";""UOP01/MG"""
"184641;408705;2019-01-11;""sexta-feira"";""21:45:00"";""SC"";101;123","1;""ITAJAI"";""Sim"";""Falta de Atenção à Condução"";1;""Colisão traseira"";""Com Vítimas Feridas"";""Plena Noite"";""Crescente"";""Nublado"";""Dupla"";""Viaduto"";""Sim"";328314;""Automóvel"";""GM/CORSA HATCH"";2004;""Passageiro"";""Lesões Leves"";22;""Feminino"";0;1;0;0;-26",9434;-48,"6917;""SR-SC"";""DEL8/4"";""UOP04/SC"""
"184641;408701;2019-01-11;""sexta-feira"";""21:45:00"";""SC"";101;123","1;""ITAJAI"";""Sim"";""Falta de Atenção à Condução"";1;""Colisão traseira"";""Com Vítimas Feridas"";""Plena Noite"";""Crescente"";""Nublado"";""Dupla"";""Viaduto"";""Sim"";328314;""Automóvel"";""GM/CORSA HATCH"";2004;""Condutor"";""Ileso"";26;""Masculino"";1;0;0;0;-26",9434;-48,"6917;""SR-SC"";""DEL8/4"";""UOP04/SC"""
"184641;408698;2019-01-11;""sexta-feira"";""21:45:00"";""SC"";101;123","1;""ITAJAI"";""Sim"";""Falta de Atenção à Condução"";1;""Colisão traseira"";""Com Vítimas Feridas"";""Plena Noite"";""Crescente"";""Nublado"";""Dupla"";""Viaduto"";""Sim"";328313;""Automóvel"";""I/PEUGEOT 408 GRIFFE THP"";2015;""Condutor"";""Ileso"";46;""Masculino"";1;0;0;0;-26",9434;-48,"6917;""SR-SC"";""DEL8/4"";""UOP04/SC"""
"184641;408697;2019-01-11;""sexta-feira"";""21:45:00"";""SC"";101;123","1;""ITAJAI"";""Sim"";""Falta de Atenção à Condução"";1;""Colisão traseira"";""Com Vítimas Feridas"";""Plena Noite"";""Crescente"";""Nublado"";""Dupla"";""Viaduto"";""Sim"";328312;""Camioneta"";""I/CHERY TIGGO 2.0"";2010;""Condutor"";""Ileso"";61;""Masculino"";1;0;0;0;-26",9434;-48,"6917;""SR-SC"";""DEL8/4"";""UOP04/SC"""