"id;""pesid"";""data_inversa"";""dia_semana"";""horario"";""uf"";""br"";""km"";""municipio"";""causa_principal"";""causa_acidente"";""ordem_tipo_acidente"";""tipo_acidente"";""classificacao_acidente"";""fase_dia"";""sentido_via"";""condicao_metereologica"";""tipo_pista"";""tracado_via"";""uso_solo"";""id_veiculo"";""tipo_veiculo"";""marca"";""ano_fabricacao_veiculo"";""tipo_envolvido"";""estado_fisico"";""idade"";""sexo"";""ilesos"";""feridos_leves"";""feridos_graves"";""mortos"";""latitude"";""longitude"";""regional"";""delegacia"";""uop""",,,
"184643;NA;2019-01-10;""quinta-feira"";""22:15:00"";""PR"";376;437","3;""TIBAGI"";""Sim"";""Velocidade Incompatível"";2;""Colisão com objeto estático"";""Com Vítimas Fatais"";""Plena Noite"";""Decrescente"";""Céu Claro"";""Dupla"";""Curva"";""Não"";329437;""Semireboque"";""SR/RANDON SR CS TR"";1986;""Não Informado"";""Não Informado"";NA;""Não Informado"";0;0;0;0;-24",789804;-50,"504444;""SR-PR"";""DEL7/3"";""UOP05/PR"""
"184643;NA;2019-01-10;""quinta-feira"";""22:15:00"";""PR"";376;437","3;""TIBAGI"";""Sim"";""Velocidade Incompatível"";1;""Tombamento"";""Com Vítimas Fatais"";""Plena Noite"";""Decrescente"";""Céu Claro"";""Dupla"";""Curva"";""Não"";329437;""Semireboque"";""SR/RANDON SR CS TR"";1986;""Não Informado"";""Não Informado"";NA;""Não Informado"";0;0;0;0;-24",789804;-50,"504444;""SR-PR"";""DEL7/3"";""UOP05/PR"""
"184643;408680;2019-01-10;""quinta-feira"";""22:15:00"";""PR"";376;437","3;""TIBAGI"";""Sim"";""Velocidade Incompatível"";2;""Colisão com objeto estático"";""Com Vítimas Fatais"";""Plena Noite"";""Decrescente"";""Céu Claro"";""Dupla"";""Curva"";""Não"";328413;""Caminhão-trator"";""SCANIA/T113 H 4X2 360"";1994;""Passageiro"";""Lesões Graves"";47;""Feminino"";0;0;1;0;-24",789804;-50,"504444;""SR-PR"";""DEL7/3"";""UOP05/PR"""
"184643;408680;2019-01-10;""quinta-feira"";""22:15:00"";""PR"";376;437","3;""TIBAGI"";""Sim"";""Velocidade Incompatível"";1;""Tombamento"";""Com Vítimas Fatais"";""Plena Noite"";""Decrescente"";""Céu Claro"";""Dupla"";""Curva"";""Não"";328413;""Caminhão-trator"";""SCANIA/T113 H 4X2 360"";1994;""Passageiro"";""Lesões Graves"";47;""Feminino"";0;0;1;0;-24",789804;-50,"504444;""SR-PR"";""DEL7/3"";""UOP05/PR"""
"184643;407291;2019-01-10;""quinta-feira"";""22:15:00"";""PR"";376;437","3;""TIBAGI"";""Sim"";""Velocidade Incompatível"";2;""Colisão com objeto estático"";""Com Vítimas Fatais"";""Plena Noite"";""Decrescente"";""Céu Claro"";""Dupla"";""Curva"";""Não"";328413;""Caminhão-trator"";""SCANIA/T113 H 4X2 360"";1994;""Condutor"";""Óbito"";45;""Masculino"";0;0;0;1;-24",789804;-50,"504444;""SR-PR"";""DEL7/3"";""UOP05/PR"""
"184643;407291;2019-01-10;""quinta-feira"";""22:15:00"";""PR"";376;437","3;""TIBAGI"";""Sim"";""Velocidade Incompatível"";1;""Tombamento"";""Com Vítimas Fatais"";""Plena Noite"";""Decrescente"";""Céu Claro"";""Dupla"";""Curva"";""Não"";328413;""Caminhão-trator"";""SCANIA/T113 H 4X2 360"";1994;""Condutor"";""Óbito"";45;""Masculino"";0;0;0;1;-24",789804;-50,"504444;""SR-PR"";""DEL7/3"";""UOP05/PR"""
"184644;407240;2019-01-11;""sexta-feira"";""18:20:00"";""MA"";10;298;""SAO FRANCISCO DO BREJAO"";""Sim"";""Desobediência às normas de trânsito pelo condutor"";1;""Colisão traseira"";""Com Vítimas Feridas"";""Anoitecer"";""Crescente"";""Garoa/Chuvisco"";""Simples"";""Reta"";""Sim"";328306;""Bicicleta"";"""";NA;""Condutor"";""Lesões Graves"";56;""Masculino"";0;0;1;0;-5",131289;-47,"5453;""SR-MA"";""DEL18/4"";""UOP03/MA""",
"184644;407239;2019-01-11;""sexta-feira"";""18:20:00"";""MA"";10;298;""SAO FRANCISCO DO BREJAO"";""Sim"";""Desobediência às normas de trânsito pelo condutor"";1;""Colisão traseira"";""Com Vítimas Feridas"";""Anoitecer"";""Crescente"";""Garoa/Chuvisco"";""Simples"";""Reta"";""Sim"";328305;""Caminhonete"";"""";NA;""Condutor"";""Não Informado"";NA;""Não Informado"";0;0;0;0;-5",131289;-47,"5453;""SR-MA"";""DEL18/4"";""UOP03/MA""",
"184647;408767;2019-01-11;""sexta-feira"";""18:40:00"";""PA"";316;67;""CASTANHAL"";""Sim"";""Falta de Atenção à Condução"";1;""Colisão transversal"";""Com Vítimas Feridas"";""Plena Noite"";""Decrescente"";""Chuva"";""Dupla"";""Reta"";""Sim"";328327;""Motocicleta"";""YAMAHA/XTZ 125E"";2007;""Condutor"";""Lesões Leves"";53;""Masculino"";0;1;0;0;-1",294879;-47,"892807;""SR-PA"";""DEL19/1"";""UOP01/PA""",
"184647;408766;2019-01-11;""sexta-feira"";""18:40:00"";""PA"";316;67;""CASTANHAL"";""Sim"";""Falta de Atenção à Condução"";1;""Colisão transversal"";""Com Vítimas Feridas"";""Plena Noite"";""Decrescente"";""Chuva"";""Dupla"";""Reta"";""Sim"";328326;""Automóvel"";""VW/NOVO GOL CL MBV"";2017;""Condutor"";""Ileso"";48;""Masculino"";1;0;0;0;-1",294879;-47,"892807;""SR-PA"";""DEL19/1"";""UOP01/PA""",
"184648;NA;2019-01-11;""sexta-feira"";""19:00:00"";""PR"";476;226","7;""LAPA"";""Sim"";""Pista Escorregadia"";1;""Colisão frontal"";""Com Vítimas Feridas"";""Anoitecer"";""Crescente"";""Chuva"";""Simples"";""Curva"";""Não"";328335;""Semireboque"";""SR/FACCHINI SRF CA"";2017;""Não Informado"";""Não Informado"";NA;""Não Informado"";0;0;0;0;-25",855112;-49,"958683;""SR-PR"";""DEL7/2"";""UOP03/PR"""
"184648;NA;2019-01-11;""sexta-feira"";""19:00:00"";""PR"";476;226","7;""LAPA"";""Não"";""Avarias e/ou desgaste excessivo no pneu"";1;""Colisão frontal"";""Com Vítimas Feridas"";""Anoitecer"";""Crescente"";""Chuva"";""Simples"";""Curva"";""Não"";328335;""Semireboque"";""SR/FACCHINI SRF CA"";2017;""Não Informado"";""Não Informado"";NA;""Não Informado"";0;0;0;0;-25",855112;-49,"958683;""SR-PR"";""DEL7/2"";""UOP03/PR"""
"184648;407197;2019-01-11;""sexta-feira"";""19:00:00"";""PR"";476;226","7;""LAPA"";""Sim"";""Pista Escorregadia"";1;""Colisão frontal"";""Com Vítimas Feridas"";""Anoitecer"";""Crescente"";""Chuva"";""Simples"";""Curva"";""Não"";328334;""Caminhão-trator"";""SCANIA/R 440 A6X2"";2014;""Condutor"";""Ileso"";43;""Masculino"";1;0;0;0;-25",855112;-49,"958683;""SR-PR"";""DEL7/2"";""UOP03/PR"""
"184648;407197;2019-01-11;""sexta-feira"";""19:00:00"";""PR"";476;226","7;""LAPA"";""Não"";""Avarias e/ou desgaste excessivo no pneu"";1;""Colisão frontal"";""Com Vítimas Feridas"";""Anoitecer"";""Crescente"";""Chuva"";""Simples"";""Curva"";""Não"";328334;""Caminhão-trator"";""SCANIA/R 440 A6X2"";2014;""Condutor"";""Ileso"";43;""Masculino"";1;0;0;0;-25",855112;-49,"958683;""SR-PR"";""DEL7/2"";""UOP03/PR"""
"184648;407195;2019-01-11;""sexta-feira"";""19:00:00"";""PR"";476;226","7;""LAPA"";""Sim"";""Pista Escorregadia"";1;""Colisão frontal"";""Com Vítimas Feridas"";""Anoitecer"";""Crescente"";""Chuva"";""Simples"";""Curva"";""Não"";328315;""Caminhonete"";""GM/CORSA GL"";1995;""Condutor"";""Lesões Leves"";26;""Masculino"";0;1;0;0;-25",855112;-49,"958683;""SR-PR"";""DEL7/2"";""UOP03/PR"""
"184648;407195;2019-01-11;""sexta-feira"";""19:00:00"";""PR"";476;226","7;""LAPA"";""Não"";""Avarias e/ou desgaste excessivo no pneu"";1;""Colisão frontal"";""Com Vítimas Feridas"";""Anoitecer"";""Crescente"";""Chuva"";""Simples"";""Curva"";""Não"";328315;""Caminhonete"";""GM/CORSA GL"";1995;""Condutor"";""Lesões Leves"";26;""Masculino"";0;1;0;0;-25",855112;-49,"958683;""SR-PR"";""DEL7/2"";""UOP03/PR"""
"184649;408707;2019-01-11;""sexta-feira"";""22:30:00"";""PR"";277;591","5;""CASCAVEL"";""Sim"";""Falta de Atenção à Condução"";1;""Colisão traseira"";""Com Vítimas Feridas"";""Plena Noite"";""Crescente"";""Nevoeiro/Neblina"";""Simples"";""Reta"";""Não"";328351;""Automóvel"";""FORD/ESCORT 1.8I GHIA"";1994;""Condutor"";""Lesões Leves"";35;""Masculino"";0;1;0;0;-25",02817;-53,"55983;""SR-PR"";""DEL7/4"";""UOP01/PR"""
"184649;408713;2019-01-11;""sexta-feira"";""22:30:00"";""PR"";277;591","5;""CASCAVEL"";""Sim"";""Falta de Atenção à Condução"";1;""Colisão traseira"";""Com Vítimas Feridas"";""Plena Noite"";""Crescente"";""Nevoeiro/Neblina"";""Simples"";""Reta"";""Não"";328353;""Automóvel"";""FORD/KA"";1998;""Condutor"";""Ileso"";33;""Masculino"";1;0;0;0;-25",02817;-53,"55983;""SR-PR"";""DEL7/4"";""UOP01/PR"""
"184649;408711;2019-01-11;""sexta-feira"";""22:30:00"";""PR"";277;591","5;""CASCAVEL"";""Sim"";""Falta de Atenção à Condução"";1;""Colisão traseira"";""Com Vítimas Feridas"";""Plena Noite"";""Crescente"";""Nevoeiro/Neblina"";""Simples"";""Reta"";""Não"";328352;""Automóvel"";""I/HYUNDAI I30 2.0"";2010;""Condutor"";""Ileso"";39;""Masculino"";1;0;0;0;-25",02817;-53,"55983;""SR-PR"";""DEL7/4"";""UOP01/PR"""
"184650;408010;2019-01-11;""sexta-feira"";""18:40:00"";""MT"";163;834","2;""SINOP"";""Sim"";""Falta de Atenção à Condução"";2;""Queda de ocupante de veículo"";""Com Vítimas Feridas"";""Anoitecer"";""Crescente"";""Nublado"";""Dupla"";""Reta"";""Sim"";328322;""Motocicleta"";""HONDA/XR 250 TORNADO"";2003;""Condutor"";""Lesões Graves"";24;""Masculino"";0;0;1;0;-11",86979466;-55,"49729437;""SR-MT"";""DEL2/6"";""UOP01/MT"""
"184650;408010;2019-01-11;""sexta-feira"";""18:40:00"";""MT"";163;834","2;""SINOP"";""Não"";""Não guardar distância de segurança"";2;""Queda de ocupante de veículo"";""Com Vítimas Feridas"";""Anoitecer"";""Crescente"";""Nublado"";""Dupla"";""Reta"";""Sim"";328322;""Motocicleta"";""HONDA/XR 250 TORNADO"";2003;""Condutor"";""Lesões Graves"";24;""Masculino"";0;0;1;0;-11",86979466;-55,"49729437;""SR-MT"";""DEL2/6"";""UOP01/MT"""
"184650;408010;2019-01-11;""sexta-feira"";""18:40:00"";""MT"";163;834","2;""SINOP"";""Não"";""Velocidade Incompatível"";2;""Queda de ocupante de veículo"";""Com Vítimas Feridas"";""Anoitecer"";""Crescente"";""Nublado"";""Dupla"";""Reta"";""Sim"";328322;""Motocicleta"";""HONDA/XR 250 TORNADO"";2003;""Condutor"";""Lesões Graves"";24;""Masculino"";0;0;1;0;-11",86979466;-55,"49729437;""SR-MT"";""DEL2/6"";""UOP01/MT"""
"184650;408010;2019-01-11;""sexta-feira"";""18:40:00"";""MT"";163;834","2;""SINOP"";""Sim"";""Falta de Atenção à Condução"";1;""Colisão traseira"";""Com Vítimas Feridas"";""Anoitecer"";""Crescente"";""Nublado"";""Dupla"";""Reta"";""Sim"";328322;""Motocicleta"";""HONDA/XR 250 TORNADO"";2003;""Condutor"";""Lesões Graves"";24;""Masculino"";0;0;1;0;-11",86979466;-55,"49729437;""SR-MT"";""DEL2/6"";""UOP01/MT"""
"184650;408010;2019-01-11;""sexta-feira"";""18:40:00"";""MT"";163;834","2;""SINOP"";""Não"";""Não guardar distância de segurança"";1;""Colisão traseira"";""Com Vítimas Feridas"";""Anoitecer"";""Crescente"";""Nublado"";""Dupla"";""Reta"";""Sim"";328322;""Motocicleta"";""HONDA/XR 250 TORNADO"";2003;""Condutor"";""Lesões Graves"";24;""Masculino"";0;0;1;0;-11",86979466;-55,"49729437;""SR-MT"";""DEL2/6"";""UOP01/MT"""
"184650;408010;2019-01-11;""sexta-feira"";""18:40:00"";""MT"";163;834","2;""SINOP"";""Não"";""Velocidade Incompatível"";1;""Colisão traseira"";""Com Vítimas Feridas"";""Anoitecer"";""Crescente"";""Nublado"";""Dupla"";""Reta"";""Sim"";328322;""Motocicleta"";""HONDA/XR 250 TORNADO"";2003;""Condutor"";""Lesões Graves"";24;""Masculino"";0;0;1;0;-11",86979466;-55,"49729437;""SR-MT"";""DEL2/6"";""UOP01/MT"""
"184650;408008;2019-01-11;""sexta-feira"";""18:40:00"";""MT"";163;834","2;""SINOP"";""Sim"";""Falta de Atenção à Condução"";2;""Queda de ocupante de veículo"";""Com Vítimas Feridas"";""Anoitecer"";""Crescente"";""Nublado"";""Dupla"";""Reta"";""Sim"";328321;""Automóvel"";""I/FIAT SIENA FIRE FLEX"";2009;""Condutor"";""Ileso"";21;""Masculino"";1;0;0;0;-11",86979466;-55,"49729437;""SR-MT"";""DEL2/6"";""UOP01/MT"""
"184650;408008;2019-01-11;""sexta-feira"";""18:40:00"";""MT"";163;834","2;""SINOP"";""Não"";""Não guardar distância de segurança"";2;""Queda de ocupante de veículo"";""Com Vítimas Feridas"";""Anoitecer"";""Crescente"";""Nublado"";""Dupla"";""Reta"";""Sim"";328321;""Automóvel"";""I/FIAT SIENA FIRE FLEX"";2009;""Condutor"";""Ileso"";21;""Masculino"";1;0;0;0;-11",86979466;-55,"49729437;""SR-MT"";""DEL2/6"";""UOP01/MT"""
"184650;408008;2019-01-11;""sexta-feira"";""18:40:00"";""MT"";163;834","2;""SINOP"";""Não"";""Velocidade Incompatível"";2;""Queda de ocupante de veículo"";""Com Vítimas Feridas"";""Anoitecer"";""Crescente"";""Nublado"";""Dupla"";""Reta"";""Sim"";328321;""Automóvel"";""I/FIAT SIENA FIRE FLEX"";2009;""Condutor"";""Ileso"";21;""Masculino"";1;0;0;0;-11",86979466;-55,"49729437;""SR-MT"";""DEL2/6"";""UOP01/MT"""
"184650;408008;2019-01-11;""sexta-feira"";""18:40:00"";""MT"";163;834","2;""SINOP"";""Sim"";""Falta de Atenção à Condução"";1;""Colisão traseira"";""Com Vítimas Feridas"";""Anoitecer"";""Crescente"";""Nublado"";""Dupla"";""Reta"";""Sim"";328321;""Automóvel"";""I/FIAT SIENA FIRE FLEX"";2009;""Condutor"";""Ileso"";21;""Masculino"";1;0;0;0;-11",86979466;-55,"49729437;""SR-MT"";""DEL2/6"";""UOP01/MT"""
"184650;408008;2019-01-11;""sexta-feira"";""18:40:00"";""MT"";163;834","2;""SINOP"";""Não"";""Não guardar distância de segurança"";1;""Colisão traseira"";""Com Vítimas Feridas"";""Anoitecer"";""Crescente"";""Nublado"";""Dupla"";""Reta"";""Sim"";328321;""Automóvel"";""I/FIAT SIENA FIRE FLEX"";2009;""Condutor"";""Ileso"";21;""Masculino"";1;0;0;0;-11",86979466;-55,"49729437;""SR-MT"";""DEL2/6"";""UOP01/MT"""
"184650;408008;2019-01-11;""sexta-feira"";""18:40:00"";""MT"";163;834","2;""SINOP"";""Não"";""Velocidade Incompatível"";1;""Colisão traseira"";""Com Vítimas Feridas"";""Anoitecer"";""Crescente"";""Nublado"";""Dupla"";""Reta"";""Sim"";328321;""Automóvel"";""I/FIAT SIENA FIRE FLEX"";2009;""Condutor"";""Ileso"";21;""Masculino"";1;0;0;0;-11",86979466;-55,"49729437;""SR-MT"";""DEL2/6"";""UOP01/MT"""
"184651;407288;2019-01-11;""sexta-feira"";""19:00:00"";""RN"";110;1;""AREIA BRANCA"";""Sim"";""Desobediência às normas de trânsito pelo condutor"";2;""Queda de ocupante de veículo"";""Com Vítimas Feridas"";""Plena Noite"";""Crescente"";""Céu Claro"";""Simples"";""Reta"";""Sim"";328405;""Motocicleta"";""HONDA/CG 150 FAN ESI"";2011;""Condutor"";""Lesões Leves"";23;""Masculino"";0;1;0;0;-4",95345832;-37,"12881088;""SR-RN"";""DEL15/4"";""UOP01/RN""",
"184651;407288;2019-01-11;""sexta-feira"";""19:00:00"";""RN"";110;1;""AREIA BRANCA"";""Sim"";""Desobediência às normas de trânsito pelo condutor"";1;""Colisão lateral"";""Com Vítimas Feridas"";""Plena Noite"";""Crescente"";""Céu Claro"";""Simples"";""Reta"";""Sim"";328405;""Motocicleta"";""HONDA/CG 150 FAN ESI"";2011;""Condutor"";""Lesões Leves"";23;""Masculino"";0;1;0;0;-4",95345832;-37,"12881088;""SR-RN"";""DEL15/4"";""UOP01/RN""",
"184651;407289;2019-01-11;""sexta-feira"";""19:00:00"";""RN"";110;1;""AREIA BRANCA"";""Sim"";""Desobediência às normas de trânsito pelo condutor"";2;""Queda de ocupante de veículo"";""Com Vítimas Feridas"";""Plena Noite"";""Crescente"";""Céu Claro"";""Simples"";""Reta"";""Sim"";328408;""Automóvel"";""FORD/FIESTA SEDAN SC"";2005;""Condutor"";""Não Informado"";NA;""Não Informado"";0;0;0;0;-4",95345832;-37,"12881088;""SR-RN"";""DEL15/4"";""UOP01/RN""",
"184651;407289;2019-01-11;""sexta-feira"";""19:00:00"";""RN"";110;1;""AREIA BRANCA"";""Sim"";""Desobediência às normas de trânsito pelo condutor"";1;""Colisão lateral"";""Com Vítimas Feridas"";""Plena Noite"";""Crescente"";""Céu Claro"";""Simples"";""Reta"";""Sim"";328408;""Automóvel"";""FORD/FIESTA SEDAN SC"";2005;""Condutor"";""Não Informado"";NA;""Não Informado"";0;0;0;0;-4",95345832;-37,"12881088;""SR-RN"";""DEL15/4"";""UOP01/RN""",
"184651;407292;2019-01-11;""sexta-feira"";""19:00:00"";""RN"";110;1;""AREIA BRANCA"";""Sim"";""Desobediência às normas de trânsito pelo condutor"";2;""Queda de ocupante de veículo"";""Com Vítimas Feridas"";""Plena Noite"";""Crescente"";""Céu Claro"";""Simples"";""Reta"";""Sim"";328405;""Motocicleta"";""HONDA/CG 150 FAN ESI"";2011;""Passageiro"";""Lesões Leves"";55;""Feminino"";0;1;0;0;-4",95345832;-37,"12881088;""SR-RN"";""DEL15/4"";""UOP01/RN""",
"184651;407292;2019-01-11;""sexta-feira"";""19:00:00"";""RN"";110;1;""AREIA BRANCA"";""Sim"";""Desobediência às normas de trânsito pelo condutor"";1;""Colisão lateral"";""Com Vítimas Feridas"";""Plena Noite"";""Crescente"";""Céu Claro"";""Simples"";""Reta"";""Sim"";328405;""Motocicleta"";""HONDA/CG 150 FAN ESI"";2011;""Passageiro"";""Lesões Leves"";55;""Feminino"";0;1;0;0;-4",95345832;-37,"12881088;""SR-RN"";""DEL15/4"";""UOP01/RN""",
"184652;408683;2019-01-11;""sexta-feira"";""22:50:00"";""MG"";381;495;""BETIM"";""Sim"";""Ingestão de álcool e/ou substâncias psicoativas pelo pedestre"";1;""Colisão com objeto estático"";""Sem Vítimas"";""Plena Noite"";""Decrescente"";""Céu Claro"";""Dupla"";""Não Informado"";""Sim"";328341;""Automóvel"";""FIAT/UNO MILLE FIRE"";2001;""Condutor"";""Ileso"";30;""Masculino"";1;0;0;0;-19",97435713;-44,"1852951;""SR-MG"";""DEL4/1"";""UOP03/MG""",
"184652;408683;2019-01-11;""sexta-feira"";""22:50:00"";""MG"";381;495;""BETIM"";""Não"";""Falta de Atenção à Condução"";1;""Colisão com objeto estático"";""Sem Vítimas"";""Plena Noite"";""Decrescente"";""Céu Claro"";""Dupla"";""Não Informado"";""Sim"";328341;""Automóvel"";""FIAT/UNO MILLE FIRE"";2001;""Condutor"";""Ileso"";30;""Masculino"";1;0;0;0;-19",97435713;-44,"1852951;""SR-MG"";""DEL4/1"";""UOP03/MG""",
"184652;408687;2019-01-11;""sexta-feira"";""22:50:00"";""MG"";381;495;""BETIM"";""Sim"";""Ingestão de álcool e/ou substâncias psicoativas pelo pedestre"";1;""Colisão com objeto estático"";""Sem Vítimas"";""Plena Noite"";""Decrescente"";""Céu Claro"";""Dupla"";""Não Informado"";""Sim"";328341;""Automóvel"";""FIAT/UNO MILLE FIRE"";2001;""Passageiro"";""Ileso"";13;""Feminino"";1;0;0;0;-19",97435713;-44,"1852951;""SR-MG"";""DEL4/1"";""UOP03/MG""",
"184652;408687;2019-01-11;""sexta-feira"";""22:50:00"";""MG"";381;495;""BETIM"";""Não"";""Falta de Atenção à Condução"";1;""Colisão com objeto estático"";""Sem Vítimas"";""Plena Noite"";""Decrescente"";""Céu Claro"";""Dupla"";""Não Informado"";""Sim"";328341;""Automóvel"";""FIAT/UNO MILLE FIRE"";2001;""Passageiro"";""Ileso"";13;""Feminino"";1;0;0;0;-19",97435713;-44,"1852951;""SR-MG"";""DEL4/1"";""UOP03/MG""",
"184652;408686;2019-01-11;""sexta-feira"";""22:50:00"";""MG"";381;495;""BETIM"";""Sim"";""Ingestão de álcool e/ou substâncias psicoativas pelo pedestre"";1;""Colisão com objeto estático"";""Sem Vítimas"";""Plena Noite"";""Decrescente"";""Céu Claro"";""Dupla"";""Não Informado"";""Sim"";328341;""Automóvel"";""FIAT/UNO MILLE FIRE"";2001;""Passageiro"";""Ileso"";12;""Masculino"";1;0;0;0;-19",97435713;-44,"1852951;""SR-MG"";""DEL4/1"";""UOP03/MG""",
"184652;408686;2019-01-11;""sexta-feira"";""22:50:00"";""MG"";381;495;""BETIM"";""Não"";""Falta de Atenção à Condução"";1;""Colisão com objeto estático"";""Sem Vítimas"";""Plena Noite"";""Decrescente"";""Céu Claro"";""Dupla"";""Não Informado"";""Sim"";328341;""Automóvel"";""FIAT/UNO MILLE FIRE"";2001;""Passageiro"";""Ileso"";12;""Masculino"";1;0;0;0;-19",97435713;-44,"1852951;""SR-MG"";""DEL4/1"";""UOP03/MG""",
"184652;408685;2019-01-11;""sexta-feira"";""22:50:00"";""MG"";381;495;""BETIM"";""Sim"";""Ingestão de álcool e/ou substâncias psicoativas pelo pedestre"";1;""Colisão com objeto estático"";""Sem Vítimas"";""Plena Noite"";""Decrescente"";""Céu Claro"";""Dupla"";""Não Informado"";""Sim"";328341;""Automóvel"";""FIAT/UNO MILLE FIRE"";2001;""Passageiro"";""Ileso"";29;""Feminino"";1;0;0;0;-19",97435713;-44,"1852951;""SR-MG"";""DEL4/1"";""UOP03/MG""",
"184652;408685;2019-01-11;""sexta-feira"";""22:50:00"";""MG"";381;495;""BETIM"";""Não"";""Falta de Atenção à Condução"";1;""Colisão com objeto estático"";""Sem Vítimas"";""Plena Noite"";""Decrescente"";""Céu Claro"";""Dupla"";""Não Informado"";""Sim"";328341;""Automóvel"";""FIAT/UNO MILLE FIRE"";2001;""Passageiro"";""Ileso"";29;""Feminino"";1;0;0;0;-19",97435713;-44,"1852951;""SR-MG"";""DEL4/1"";""UOP03/MG""",
"184653;407209;2019-01-11;""sexta-feira"";""22:40:00"";""PI"";316;388","7;""FRANCISCO MACEDO"";""Sim"";""Falta de Atenção à Condução"";1;""Tombamento"";""Com Vítimas Fatais"";""Plena Noite"";""Crescente"";""Céu Claro"";""Simples"";""Reta"";""Não"";328358;""Motocicleta"";""HONDA/CG150 FAN ESDI"";2014;""Condutor"";""Óbito"";29;""Masculino"";0;0;0;1;-7",32024383;-40,"79669952;""SR-PI"";""DEL17/4"";""UOP03/PI"""
"184655;408977;2019-01-11;""sexta-feira"";""22:30:00"";""SC"";282;47","2;""AGUAS MORNAS"";""Sim"";""Não guardar distância de segurança"";1;""Colisão traseira"";""Com Vítimas Feridas"";""Plena Noite"";""Decrescente"";""Nublado"";""Simples"";""Reta"";""Não"";328350;""Automóvel"";""I/RENAULT CLIO CAM1016VH"";2008;""Passageiro"";""Lesões Leves"";20;""Feminino"";0;1;0;0;-27",71985263;-48,"93707514;""SR-SC"";""DEL8/1"";""UOP03/SC"""
"184655;408977;2019-01-11;""sexta-feira"";""22:30:00"";""SC"";282;47","2;""AGUAS MORNAS"";""Não"";""Falta de Atenção à Condução"";1;""Colisão traseira"";""Com Vítimas Feridas"";""Plena Noite"";""Decrescente"";""Nublado"";""Simples"";""Reta"";""Não"";328350;""Automóvel"";""I/RENAULT CLIO CAM1016VH"";2008;""Passageiro"";""Lesões Leves"";20;""Feminino"";0;1;0;0;-27",71985263;-48,"93707514;""SR-SC"";""DEL8/1"";""UOP03/SC"""
"184655;408975;2019-01-11;""sexta-feira"";""22:30:00"";""SC"";282;47","2;""AGUAS MORNAS"";""Sim"";""Não guardar distância de segurança"";1;""Colisão traseira"";""Com Vítimas Feridas"";""Plena Noite"";""Decrescente"";""Nublado"";""Simples"";""Reta"";""Não"";328350;""Automóvel"";""I/RENAULT CLIO CAM1016VH"";2008;""Passageiro"";""Lesões Leves"";48;""Feminino"";0;1;0;0;-27",71985263;-48,"93707514;""SR-SC"";""DEL8/1"";""UOP03/SC"""
"184655;408975;2019-01-11;""sexta-feira"";""22:30:00"";""SC"";282;47","2;""AGUAS MORNAS"";""Não"";""Falta de Atenção à Condução"";1;""Colisão traseira"";""Com Vítimas Feridas"";""Plena Noite"";""Decrescente"";""Nublado"";""Simples"";""Reta"";""Não"";328350;""Automóvel"";""I/RENAULT CLIO CAM1016VH"";2008;""Passageiro"";""Lesões Leves"";48;""Feminino"";0;1;0;0;-27",71985263;-48,"93707514;""SR-SC"";""DEL8/1"";""UOP03/SC"""
"184655;408970;2019-01-11;""sexta-feira"";""22:30:00"";""SC"";282;47","2;""AGUAS MORNAS"";""Sim"";""Não guardar distância de segurança"";1;""Colisão traseira"";""Com Vítimas Feridas"";""Plena Noite"";""Decrescente"";""Nublado"";""Simples"";""Reta"";""Não"";328350;""Automóvel"";""I/RENAULT CLIO CAM1016VH"";2008;""Condutor"";""Lesões Leves"";27;""Feminino"";0;1;0;0;-27",71985263;-48,"93707514;""SR-SC"";""DEL8/1"";""UOP03/SC"""
"184655;408970;2019-01-11;""sexta-feira"";""22:30:00"";""SC"";282;47","2;""AGUAS MORNAS"";""Não"";""Falta de Atenção à Condução"";1;""Colisão traseira"";""Com Vítimas Feridas"";""Plena Noite"";""Decrescente"";""Nublado"";""Simples"";""Reta"";""Não"";328350;""Automóvel"";""I/RENAULT CLIO CAM1016VH"";2008;""Condutor"";""Lesões Leves"";27;""Feminino"";0;1;0;0;-27",71985263;-48,"93707514;""SR-SC"";""DEL8/1"";""UOP03/SC"""
"184655;408965;2019-01-11;""sexta-feira"";""22:30:00"";""SC"";282;47","2;""AGUAS MORNAS"";""Sim"";""Não guardar distância de segurança"";1;""Colisão traseira"";""Com Vítimas Feridas"";""Plena Noite"";""Decrescente"";""Nublado"";""Simples"";""Reta"";""Não"";328349;""Automóvel"";""CHEV/PRISMA 1.4AT LTZ"";2018;""Condutor"";""Lesões Leves"";34;""Masculino"";0;1;0;0;-27",71985263;-48,"93707514;""SR-SC"";""DEL8/1"";""UOP03/SC"""
"184655;408965;2019-01-11;""sexta-feira"";""22:30:00"";""SC"";282;47","2;""AGUAS MORNAS"";""Não"";""Falta de Atenção à Condução"";1;""Colisão traseira"";""Com Vítimas Feridas"";""Plena Noite"";""Decrescente"";""Nublado"";""Simples"";""Reta"";""Não"";328349;""Automóvel"";""CHEV/PRISMA 1.4AT LTZ"";2018;""Condutor"";""Lesões Leves"";34;""Masculino"";0;1;0;0;-27",71985263;-48,"93707514;""SR-SC"";""DEL8/1"";""UOP03/SC"""