"id;""pesid"";""data_inversa"";""dia_semana"";""horario"";""uf"";""br"";""km"";""municipio"";""causa_principal"";""causa_acidente"";""ordem_tipo_acidente"";""tipo_acidente"";""classificacao_acidente"";""fase_dia"";""sentido_via"";""condicao_metereologica"";""tipo_pista"";""tracado_via"";""uso_solo"";""id_veiculo"";""tipo_veiculo"";""marca"";""ano_fabricacao_veiculo"";""tipo_envolvido"";""estado_fisico"";""idade"";""sexo"";""ilesos"";""feridos_leves"";""feridos_graves"";""mortos"";""latitude"";""longitude"";""regional"";""delegacia"";""uop""",,,
"184655;409066;2019-01-11;""sexta-feira"";""22:30:00"";""SC"";282;47","2;""AGUAS MORNAS"";""Sim"";""Não guardar distância de segurança"";1;""Colisão traseira"";""Com Vítimas Feridas"";""Plena Noite"";""Decrescente"";""Nublado"";""Simples"";""Reta"";""Não"";329718;""Caminhão"";"""";NA;""Condutor"";""Não Informado"";NA;""Não Informado"";0;0;0;0;-27",71985263;-48,"93707514;""SR-SC"";""DEL8/1"";""UOP03/SC"""
"184655;409066;2019-01-11;""sexta-feira"";""22:30:00"";""SC"";282;47","2;""AGUAS MORNAS"";""Não"";""Falta de Atenção à Condução"";1;""Colisão traseira"";""Com Vítimas Feridas"";""Plena Noite"";""Decrescente"";""Nublado"";""Simples"";""Reta"";""Não"";329718;""Caminhão"";"""";NA;""Condutor"";""Não Informado"";NA;""Não Informado"";0;0;0;0;-27",71985263;-48,"93707514;""SR-SC"";""DEL8/1"";""UOP03/SC"""
"184656;407260;2019-01-11;""sexta-feira"";""23:30:00"";""SC"";101;436","7;""SOMBRIO"";""Sim"";""Falta de Atenção do Pedestre"";1;""Atropelamento de Pedestre"";""Com Vítimas Feridas"";""Pleno dia"";""Crescente"";""Garoa/Chuvisco"";""Simples"";""Não Informado"";""Sim"";328393;""Automóvel"";""FIAT/PALIO FIRE FLEX"";2008;""Pedestre"";""Lesões Leves"";33;""Masculino"";0;1;0;0;-29",11989173;-49,"64205807;""SR-SC"";""DEL8/2"";""UOP02/SC"""
"184656;407259;2019-01-11;""sexta-feira"";""23:30:00"";""SC"";101;436","7;""SOMBRIO"";""Sim"";""Falta de Atenção do Pedestre"";1;""Atropelamento de Pedestre"";""Com Vítimas Feridas"";""Pleno dia"";""Crescente"";""Garoa/Chuvisco"";""Simples"";""Não Informado"";""Sim"";328393;""Automóvel"";""FIAT/PALIO FIRE FLEX"";2008;""Condutor"";""Ileso"";34;""Masculino"";1;0;0;0;-29",11989173;-49,"64205807;""SR-SC"";""DEL8/2"";""UOP02/SC"""
"184657;411446;2019-01-11;""sexta-feira"";""21:40:00"";""PI"";316;310","9;""PICOS"";""Sim"";""Não guardar distância de segurança"";1;""Colisão traseira"";""Sem Vítimas"";""Plena Noite"";""Crescente"";""Céu Claro"";""Simples"";""Reta"";""Sim"";328340;""Automóvel"";""HYUNDAI/HB20 1.0M COMFOR"";2016;""Condutor"";""Ileso"";41;""Masculino"";1;0;0;0;-7",07611849;-41,"47182595;""SR-PI"";""DEL17/4"";""UOP01/PI"""
"184657;411444;2019-01-11;""sexta-feira"";""21:40:00"";""PI"";316;310","9;""PICOS"";""Sim"";""Não guardar distância de segurança"";1;""Colisão traseira"";""Sem Vítimas"";""Plena Noite"";""Crescente"";""Céu Claro"";""Simples"";""Reta"";""Sim"";328339;""Automóvel"";""HONDA/CIVIC TOURING CVT"";2016;""Condutor"";""Ileso"";52;""Masculino"";1;0;0;0;-7",07611849;-41,"47182595;""SR-PI"";""DEL17/4"";""UOP01/PI"""
"184658;407199;2019-01-11;""sexta-feira"";""19:04:00"";""RN"";405;76;""APODI"";""Sim"";""Falta de Atenção à Condução"";1;""Colisão transversal"";""Com Vítimas Feridas"";""Plena Noite"";""Decrescente"";""Céu Claro"";""Dupla"";""Interseção de vias"";""Sim"";328338;""Automóvel"";""HYUNDAI/HB20 1.6M 1.6M"";2012;""Condutor"";""Ileso"";23;""Masculino"";1;0;0;0;-5",652425;-37,"799461;""SR-RN"";""DEL15/4"";""UOP02/RN""",
"184658;407198;2019-01-11;""sexta-feira"";""19:04:00"";""RN"";405;76;""APODI"";""Sim"";""Falta de Atenção à Condução"";1;""Colisão transversal"";""Com Vítimas Feridas"";""Plena Noite"";""Decrescente"";""Céu Claro"";""Dupla"";""Interseção de vias"";""Sim"";328337;""Motocicleta"";""HONDA/CG 125 FAN KS"";2009;""Condutor"";""Lesões Leves"";36;""Masculino"";0;1;0;0;-5",652425;-37,"799461;""SR-RN"";""DEL15/4"";""UOP02/RN""",
"184659;NA;2019-01-11;""sexta-feira"";""20:10:00"";""MG"";146;511","2;""POCOS DE CALDAS"";""Sim"";""Avarias e/ou desgaste excessivo no pneu"";4;""Colisão com objeto estático"";""Com Vítimas Feridas"";""Plena Noite"";""Decrescente"";""Nublado"";""Simples"";""Curva"";""Não"";328402;""Semireboque"";""SR/GUERRA AG GR"";2010;""Não Informado"";""Não Informado"";NA;""Não Informado"";0;0;0;0;-21",77557;-46,"43222;""SR-MG"";""DEL13"";""UOP01/MG"""
"184659;NA;2019-01-11;""sexta-feira"";""20:10:00"";""MG"";146;511","2;""POCOS DE CALDAS"";""Sim"";""Avarias e/ou desgaste excessivo no pneu"";3;""Derramamento de carga"";""Com Vítimas Feridas"";""Plena Noite"";""Decrescente"";""Nublado"";""Simples"";""Curva"";""Não"";328402;""Semireboque"";""SR/GUERRA AG GR"";2010;""Não Informado"";""Não Informado"";NA;""Não Informado"";0;0;0;0;-21",77557;-46,"43222;""SR-MG"";""DEL13"";""UOP01/MG"""
"184659;NA;2019-01-11;""sexta-feira"";""20:10:00"";""MG"";146;511","2;""POCOS DE CALDAS"";""Sim"";""Avarias e/ou desgaste excessivo no pneu"";2;""Colisão lateral"";""Com Vítimas Feridas"";""Plena Noite"";""Decrescente"";""Nublado"";""Simples"";""Curva"";""Não"";328402;""Semireboque"";""SR/GUERRA AG GR"";2010;""Não Informado"";""Não Informado"";NA;""Não Informado"";0;0;0;0;-21",77557;-46,"43222;""SR-MG"";""DEL13"";""UOP01/MG"""
"184659;NA;2019-01-11;""sexta-feira"";""20:10:00"";""MG"";146;511","2;""POCOS DE CALDAS"";""Sim"";""Avarias e/ou desgaste excessivo no pneu"";1;""Tombamento"";""Com Vítimas Feridas"";""Plena Noite"";""Decrescente"";""Nublado"";""Simples"";""Curva"";""Não"";328402;""Semireboque"";""SR/GUERRA AG GR"";2010;""Não Informado"";""Não Informado"";NA;""Não Informado"";0;0;0;0;-21",77557;-46,"43222;""SR-MG"";""DEL13"";""UOP01/MG"""
"184659;409322;2019-01-11;""sexta-feira"";""20:10:00"";""MG"";146;511","2;""POCOS DE CALDAS"";""Sim"";""Avarias e/ou desgaste excessivo no pneu"";4;""Colisão com objeto estático"";""Com Vítimas Feridas"";""Plena Noite"";""Decrescente"";""Nublado"";""Simples"";""Curva"";""Não"";328354;""Caminhão-trator"";""VOLVO/NH12380 4X2T"";2000;""Condutor"";""Lesões Graves"";35;""Masculino"";0;0;1;0;-21",77557;-46,"43222;""SR-MG"";""DEL13"";""UOP01/MG"""
"184659;409322;2019-01-11;""sexta-feira"";""20:10:00"";""MG"";146;511","2;""POCOS DE CALDAS"";""Sim"";""Avarias e/ou desgaste excessivo no pneu"";3;""Derramamento de carga"";""Com Vítimas Feridas"";""Plena Noite"";""Decrescente"";""Nublado"";""Simples"";""Curva"";""Não"";328354;""Caminhão-trator"";""VOLVO/NH12380 4X2T"";2000;""Condutor"";""Lesões Graves"";35;""Masculino"";0;0;1;0;-21",77557;-46,"43222;""SR-MG"";""DEL13"";""UOP01/MG"""
"184659;409322;2019-01-11;""sexta-feira"";""20:10:00"";""MG"";146;511","2;""POCOS DE CALDAS"";""Sim"";""Avarias e/ou desgaste excessivo no pneu"";2;""Colisão lateral"";""Com Vítimas Feridas"";""Plena Noite"";""Decrescente"";""Nublado"";""Simples"";""Curva"";""Não"";328354;""Caminhão-trator"";""VOLVO/NH12380 4X2T"";2000;""Condutor"";""Lesões Graves"";35;""Masculino"";0;0;1;0;-21",77557;-46,"43222;""SR-MG"";""DEL13"";""UOP01/MG"""
"184659;409322;2019-01-11;""sexta-feira"";""20:10:00"";""MG"";146;511","2;""POCOS DE CALDAS"";""Sim"";""Avarias e/ou desgaste excessivo no pneu"";1;""Tombamento"";""Com Vítimas Feridas"";""Plena Noite"";""Decrescente"";""Nublado"";""Simples"";""Curva"";""Não"";328354;""Caminhão-trator"";""VOLVO/NH12380 4X2T"";2000;""Condutor"";""Lesões Graves"";35;""Masculino"";0;0;1;0;-21",77557;-46,"43222;""SR-MG"";""DEL13"";""UOP01/MG"""
"184659;409325;2019-01-11;""sexta-feira"";""20:10:00"";""MG"";146;511","2;""POCOS DE CALDAS"";""Sim"";""Avarias e/ou desgaste excessivo no pneu"";4;""Colisão com objeto estático"";""Com Vítimas Feridas"";""Plena Noite"";""Decrescente"";""Nublado"";""Simples"";""Curva"";""Não"";328356;""Automóvel"";""CHEVROLET/ONIX 1.4AT LTZ"";2015;""Condutor"";""Ileso"";37;""Feminino"";1;0;0;0;-21",77557;-46,"43222;""SR-MG"";""DEL13"";""UOP01/MG"""
"184659;409325;2019-01-11;""sexta-feira"";""20:10:00"";""MG"";146;511","2;""POCOS DE CALDAS"";""Sim"";""Avarias e/ou desgaste excessivo no pneu"";3;""Derramamento de carga"";""Com Vítimas Feridas"";""Plena Noite"";""Decrescente"";""Nublado"";""Simples"";""Curva"";""Não"";328356;""Automóvel"";""CHEVROLET/ONIX 1.4AT LTZ"";2015;""Condutor"";""Ileso"";37;""Feminino"";1;0;0;0;-21",77557;-46,"43222;""SR-MG"";""DEL13"";""UOP01/MG"""
"184659;409325;2019-01-11;""sexta-feira"";""20:10:00"";""MG"";146;511","2;""POCOS DE CALDAS"";""Sim"";""Avarias e/ou desgaste excessivo no pneu"";2;""Colisão lateral"";""Com Vítimas Feridas"";""Plena Noite"";""Decrescente"";""Nublado"";""Simples"";""Curva"";""Não"";328356;""Automóvel"";""CHEVROLET/ONIX 1.4AT LTZ"";2015;""Condutor"";""Ileso"";37;""Feminino"";1;0;0;0;-21",77557;-46,"43222;""SR-MG"";""DEL13"";""UOP01/MG"""
"184659;409325;2019-01-11;""sexta-feira"";""20:10:00"";""MG"";146;511","2;""POCOS DE CALDAS"";""Sim"";""Avarias e/ou desgaste excessivo no pneu"";1;""Tombamento"";""Com Vítimas Feridas"";""Plena Noite"";""Decrescente"";""Nublado"";""Simples"";""Curva"";""Não"";328356;""Automóvel"";""CHEVROLET/ONIX 1.4AT LTZ"";2015;""Condutor"";""Ileso"";37;""Feminino"";1;0;0;0;-21",77557;-46,"43222;""SR-MG"";""DEL13"";""UOP01/MG"""
"184661;NA;2019-01-11;""sexta-feira"";""23:45:00"";""RS"";116;315;""BARRA DO RIBEIRO"";""Sim"";""Velocidade Incompatível"";1;""Colisão traseira"";""Com Vítimas Feridas"";""Plena Noite"";""Decrescente"";""Garoa/Chuvisco"";""Simples"";""Reta"";""Não"";328373;""Semireboque"";""SR/RANDON SR CS TR"";1991;""Não Informado"";""Não Informado"";NA;""Não Informado"";0;0;0;0;-30",245632;-51,"405949;""SR-RS"";""DEL9/2"";""UOP01/RS""",
"184661;407299;2019-01-11;""sexta-feira"";""23:45:00"";""RS"";116;315;""BARRA DO RIBEIRO"";""Sim"";""Velocidade Incompatível"";1;""Colisão traseira"";""Com Vítimas Feridas"";""Plena Noite"";""Decrescente"";""Garoa/Chuvisco"";""Simples"";""Reta"";""Não"";328366;""Automóvel"";""I/CHEV CRUZE LT NB AT"";2016;""Passageiro"";""Lesões Graves"";60;""Masculino"";0;0;1;0;-30",245632;-51,"405949;""SR-RS"";""DEL9/2"";""UOP01/RS""",
"184661;407297;2019-01-11;""sexta-feira"";""23:45:00"";""RS"";116;315;""BARRA DO RIBEIRO"";""Sim"";""Velocidade Incompatível"";1;""Colisão traseira"";""Com Vítimas Feridas"";""Plena Noite"";""Decrescente"";""Garoa/Chuvisco"";""Simples"";""Reta"";""Não"";328366;""Automóvel"";""I/CHEV CRUZE LT NB AT"";2016;""Passageiro"";""Lesões Graves"";25;""Masculino"";0;0;1;0;-30",245632;-51,"405949;""SR-RS"";""DEL9/2"";""UOP01/RS""",
"184661;407284;2019-01-11;""sexta-feira"";""23:45:00"";""RS"";116;315;""BARRA DO RIBEIRO"";""Sim"";""Velocidade Incompatível"";1;""Colisão traseira"";""Com Vítimas Feridas"";""Plena Noite"";""Decrescente"";""Garoa/Chuvisco"";""Simples"";""Reta"";""Não"";328366;""Automóvel"";""I/CHEV CRUZE LT NB AT"";2016;""Passageiro"";""Lesões Graves"";24;""Masculino"";0;0;1;0;-30",245632;-51,"405949;""SR-RS"";""DEL9/2"";""UOP01/RS""",
"184661;407229;2019-01-11;""sexta-feira"";""23:45:00"";""RS"";116;315;""BARRA DO RIBEIRO"";""Sim"";""Velocidade Incompatível"";1;""Colisão traseira"";""Com Vítimas Feridas"";""Plena Noite"";""Decrescente"";""Garoa/Chuvisco"";""Simples"";""Reta"";""Não"";328366;""Automóvel"";""I/CHEV CRUZE LT NB AT"";2016;""Condutor"";""Lesões Graves"";41;""Masculino"";0;0;1;0;-30",245632;-51,"405949;""SR-RS"";""DEL9/2"";""UOP01/RS""",
"184661;407232;2019-01-11;""sexta-feira"";""23:45:00"";""RS"";116;315;""BARRA DO RIBEIRO"";""Sim"";""Velocidade Incompatível"";1;""Colisão traseira"";""Com Vítimas Feridas"";""Plena Noite"";""Decrescente"";""Garoa/Chuvisco"";""Simples"";""Reta"";""Não"";328367;""Caminhão-trator"";""SCANIA/T113 H 4X2 360"";1995;""Condutor"";""Ileso"";44;""Masculino"";1;0;0;0;-30",245632;-51,"405949;""SR-RS"";""DEL9/2"";""UOP01/RS""",
"184662;407207;2019-01-11;""sexta-feira"";""16:26:00"";""MT"";163;579;""NOVA MUTUM"";""Sim"";""Pista Escorregadia"";1;""Saída de leito carroçável"";""Com Vítimas Feridas"";""Pleno dia"";""Crescente"";""Chuva"";""Simples"";""Reta"";""Não"";328357;""Caminhonete"";""CHEVROLET/S10 LTZ DD4A"";2017;""Passageiro"";""Lesões Leves"";8;""Masculino"";0;1;0;0;-13",9713848;-56,"09069824;""SR-MT"";""DEL2/4"";""UOP01/MT""",
"184662;407208;2019-01-11;""sexta-feira"";""16:26:00"";""MT"";163;579;""NOVA MUTUM"";""Sim"";""Pista Escorregadia"";1;""Saída de leito carroçável"";""Com Vítimas Feridas"";""Pleno dia"";""Crescente"";""Chuva"";""Simples"";""Reta"";""Não"";328357;""Caminhonete"";""CHEVROLET/S10 LTZ DD4A"";2017;""Passageiro"";""Lesões Leves"";2;""Masculino"";0;1;0;0;-13",9713848;-56,"09069824;""SR-MT"";""DEL2/4"";""UOP01/MT""",
"184662;407206;2019-01-11;""sexta-feira"";""16:26:00"";""MT"";163;579;""NOVA MUTUM"";""Sim"";""Pista Escorregadia"";1;""Saída de leito carroçável"";""Com Vítimas Feridas"";""Pleno dia"";""Crescente"";""Chuva"";""Simples"";""Reta"";""Não"";328357;""Caminhonete"";""CHEVROLET/S10 LTZ DD4A"";2017;""Passageiro"";""Lesões Leves"";37;""Feminino"";0;1;0;0;-13",9713848;-56,"09069824;""SR-MT"";""DEL2/4"";""UOP01/MT""",
"184662;407205;2019-01-11;""sexta-feira"";""16:26:00"";""MT"";163;579;""NOVA MUTUM"";""Sim"";""Pista Escorregadia"";1;""Saída de leito carroçável"";""Com Vítimas Feridas"";""Pleno dia"";""Crescente"";""Chuva"";""Simples"";""Reta"";""Não"";328357;""Caminhonete"";""CHEVROLET/S10 LTZ DD4A"";2017;""Condutor"";""Lesões Leves"";37;""Masculino"";0;1;0;0;-13",9713848;-56,"09069824;""SR-MT"";""DEL2/4"";""UOP01/MT""",
"184663;407221;2019-01-12;""sábado"";""00:40:00"";""RJ"";40;83","2;""PETROPOLIS"";""Sim"";""Velocidade Incompatível"";2;""Colisão frontal"";""Com Vítimas Feridas"";""Plena Noite"";""Decrescente"";""Nublado"";""Simples"";""Não Informado"";""Sim"";328359;""Automóvel"";""FORD/FIESTA 16TIT AT"";2016;""Passageiro"";""Lesões Leves"";18;""Feminino"";0;1;0;0;-22",5472;-43,"2266;""SR-RJ"";""DEL5/6"";""UOP03/RJ"""
"184663;407221;2019-01-12;""sábado"";""00:40:00"";""RJ"";40;83","2;""PETROPOLIS"";""Sim"";""Velocidade Incompatível"";1;""Saída de leito carroçável"";""Com Vítimas Feridas"";""Plena Noite"";""Decrescente"";""Nublado"";""Simples"";""Não Informado"";""Sim"";328359;""Automóvel"";""FORD/FIESTA 16TIT AT"";2016;""Passageiro"";""Lesões Leves"";18;""Feminino"";0;1;0;0;-22",5472;-43,"2266;""SR-RJ"";""DEL5/6"";""UOP03/RJ"""
"184663;407220;2019-01-12;""sábado"";""00:40:00"";""RJ"";40;83","2;""PETROPOLIS"";""Sim"";""Velocidade Incompatível"";2;""Colisão frontal"";""Com Vítimas Feridas"";""Plena Noite"";""Decrescente"";""Nublado"";""Simples"";""Não Informado"";""Sim"";328359;""Automóvel"";""FORD/FIESTA 16TIT AT"";2016;""Passageiro"";""Lesões Leves"";16;""Feminino"";0;1;0;0;-22",5472;-43,"2266;""SR-RJ"";""DEL5/6"";""UOP03/RJ"""
"184663;407220;2019-01-12;""sábado"";""00:40:00"";""RJ"";40;83","2;""PETROPOLIS"";""Sim"";""Velocidade Incompatível"";1;""Saída de leito carroçável"";""Com Vítimas Feridas"";""Plena Noite"";""Decrescente"";""Nublado"";""Simples"";""Não Informado"";""Sim"";328359;""Automóvel"";""FORD/FIESTA 16TIT AT"";2016;""Passageiro"";""Lesões Leves"";16;""Feminino"";0;1;0;0;-22",5472;-43,"2266;""SR-RJ"";""DEL5/6"";""UOP03/RJ"""
"184663;407223;2019-01-12;""sábado"";""00:40:00"";""RJ"";40;83","2;""PETROPOLIS"";""Sim"";""Velocidade Incompatível"";2;""Colisão frontal"";""Com Vítimas Feridas"";""Plena Noite"";""Decrescente"";""Nublado"";""Simples"";""Não Informado"";""Sim"";328359;""Automóvel"";""FORD/FIESTA 16TIT AT"";2016;""Passageiro"";""Lesões Leves"";17;""Masculino"";0;1;0;0;-22",5472;-43,"2266;""SR-RJ"";""DEL5/6"";""UOP03/RJ"""
"184663;407223;2019-01-12;""sábado"";""00:40:00"";""RJ"";40;83","2;""PETROPOLIS"";""Sim"";""Velocidade Incompatível"";1;""Saída de leito carroçável"";""Com Vítimas Feridas"";""Plena Noite"";""Decrescente"";""Nublado"";""Simples"";""Não Informado"";""Sim"";328359;""Automóvel"";""FORD/FIESTA 16TIT AT"";2016;""Passageiro"";""Lesões Leves"";17;""Masculino"";0;1;0;0;-22",5472;-43,"2266;""SR-RJ"";""DEL5/6"";""UOP03/RJ"""
"184663;407218;2019-01-12;""sábado"";""00:40:00"";""RJ"";40;83","2;""PETROPOLIS"";""Sim"";""Velocidade Incompatível"";2;""Colisão frontal"";""Com Vítimas Feridas"";""Plena Noite"";""Decrescente"";""Nublado"";""Simples"";""Não Informado"";""Sim"";328359;""Automóvel"";""FORD/FIESTA 16TIT AT"";2016;""Condutor"";""Ileso"";41;""Feminino"";1;0;0;0;-22",5472;-43,"2266;""SR-RJ"";""DEL5/6"";""UOP03/RJ"""
"184663;407218;2019-01-12;""sábado"";""00:40:00"";""RJ"";40;83","2;""PETROPOLIS"";""Sim"";""Velocidade Incompatível"";1;""Saída de leito carroçável"";""Com Vítimas Feridas"";""Plena Noite"";""Decrescente"";""Nublado"";""Simples"";""Não Informado"";""Sim"";328359;""Automóvel"";""FORD/FIESTA 16TIT AT"";2016;""Condutor"";""Ileso"";41;""Feminino"";1;0;0;0;-22",5472;-43,"2266;""SR-RJ"";""DEL5/6"";""UOP03/RJ"""
"184664;407248;2019-01-12;""sábado"";""01:05:00"";""RS"";290;104","3;""ELDORADO DO SUL"";""Sim"";""Falta de Atenção à Condução"";3;""Queda de ocupante de veículo"";""Com Vítimas Feridas"";""Plena Noite"";""Decrescente"";""Nublado"";""Dupla"";""Reta"";""Sim"";328378;""Caminhonete"";""I/TOYOTA HILUX CD4X4 LE"";2014;""Condutor"";""Ileso"";62;""Masculino"";1;0;0;0;-29",99476777;-51,"28186226;""SR-RS"";""DEL9/2"";""UOP01/RS"""
"184664;407248;2019-01-12;""sábado"";""01:05:00"";""RS"";290;104","3;""ELDORADO DO SUL"";""Sim"";""Falta de Atenção à Condução"";2;""Tombamento"";""Com Vítimas Feridas"";""Plena Noite"";""Decrescente"";""Nublado"";""Dupla"";""Reta"";""Sim"";328378;""Caminhonete"";""I/TOYOTA HILUX CD4X4 LE"";2014;""Condutor"";""Ileso"";62;""Masculino"";1;0;0;0;-29",99476777;-51,"28186226;""SR-RS"";""DEL9/2"";""UOP01/RS"""
"184664;407248;2019-01-12;""sábado"";""01:05:00"";""RS"";290;104","3;""ELDORADO DO SUL"";""Sim"";""Falta de Atenção à Condução"";1;""Colisão lateral"";""Com Vítimas Feridas"";""Plena Noite"";""Decrescente"";""Nublado"";""Dupla"";""Reta"";""Sim"";328378;""Caminhonete"";""I/TOYOTA HILUX CD4X4 LE"";2014;""Condutor"";""Ileso"";62;""Masculino"";1;0;0;0;-29",99476777;-51,"28186226;""SR-RS"";""DEL9/2"";""UOP01/RS"""
"184664;407247;2019-01-12;""sábado"";""01:05:00"";""RS"";290;104","3;""ELDORADO DO SUL"";""Sim"";""Falta de Atenção à Condução"";3;""Queda de ocupante de veículo"";""Com Vítimas Feridas"";""Plena Noite"";""Decrescente"";""Nublado"";""Dupla"";""Reta"";""Sim"";328379;""Motocicleta"";""JTA/SUZUKI EN125 YES"";2007;""Condutor"";""Lesões Leves"";30;""Masculino"";0;1;0;0;-29",99476777;-51,"28186226;""SR-RS"";""DEL9/2"";""UOP01/RS"""
"184664;407247;2019-01-12;""sábado"";""01:05:00"";""RS"";290;104","3;""ELDORADO DO SUL"";""Sim"";""Falta de Atenção à Condução"";2;""Tombamento"";""Com Vítimas Feridas"";""Plena Noite"";""Decrescente"";""Nublado"";""Dupla"";""Reta"";""Sim"";328379;""Motocicleta"";""JTA/SUZUKI EN125 YES"";2007;""Condutor"";""Lesões Leves"";30;""Masculino"";0;1;0;0;-29",99476777;-51,"28186226;""SR-RS"";""DEL9/2"";""UOP01/RS"""
"184664;407247;2019-01-12;""sábado"";""01:05:00"";""RS"";290;104","3;""ELDORADO DO SUL"";""Sim"";""Falta de Atenção à Condução"";1;""Colisão lateral"";""Com Vítimas Feridas"";""Plena Noite"";""Decrescente"";""Nublado"";""Dupla"";""Reta"";""Sim"";328379;""Motocicleta"";""JTA/SUZUKI EN125 YES"";2007;""Condutor"";""Lesões Leves"";30;""Masculino"";0;1;0;0;-29",99476777;-51,"28186226;""SR-RS"";""DEL9/2"";""UOP01/RS"""
"184665;407231;2019-01-12;""sábado"";""01:20:00"";""MG"";381;494","7;""BETIM"";""Sim"";""Falta de Atenção à Condução"";2;""Queda de ocupante de veículo"";""Com Vítimas Feridas"";""Plena Noite"";""Crescente"";""Céu Claro"";""Dupla"";""Reta"";""Sim"";328368;""Motocicleta"";""I/TRAXX JH125 L"";2008;""Condutor"";""Lesões Graves"";41;""Masculino"";0;0;1;0;-19",9731;-44,"1843;""SR-MG"";""DEL4/1"";""UOP03/MG"""
"184665;407231;2019-01-12;""sábado"";""01:20:00"";""MG"";381;494","7;""BETIM"";""Sim"";""Falta de Atenção à Condução"";1;""Colisão com objeto estático"";""Com Vítimas Feridas"";""Plena Noite"";""Crescente"";""Céu Claro"";""Dupla"";""Reta"";""Sim"";328368;""Motocicleta"";""I/TRAXX JH125 L"";2008;""Condutor"";""Lesões Graves"";41;""Masculino"";0;0;1;0;-19",9731;-44,"1843;""SR-MG"";""DEL4/1"";""UOP03/MG"""
"184666;408791;2019-01-12;""sábado"";""00:35:00"";""MG"";356;265","7;""MURIAE"";""Sim"";""Desobediência às normas de trânsito pelo condutor"";1;""Colisão transversal"";""Sem Vítimas"";""Plena Noite"";""Decrescente"";""Ignorado"";""Simples"";""Interseção de vias"";""Sim"";328364;""Automóvel"";""FIAT/PALIO EDX"";1998;""Condutor"";""Ileso"";51;""Masculino"";1;0;0;0;-21",125526;-42,"375477;""SR-MG"";""DEL4/7"";""UOP02/MG"""
"184666;408791;2019-01-12;""sábado"";""00:35:00"";""MG"";356;265","7;""MURIAE"";""Não"";""Falta de Atenção à Condução"";1;""Colisão transversal"";""Sem Vítimas"";""Plena Noite"";""Decrescente"";""Ignorado"";""Simples"";""Interseção de vias"";""Sim"";328364;""Automóvel"";""FIAT/PALIO EDX"";1998;""Condutor"";""Ileso"";51;""Masculino"";1;0;0;0;-21",125526;-42,"375477;""SR-MG"";""DEL4/7"";""UOP02/MG"""
"184666;408785;2019-01-12;""sábado"";""00:35:00"";""MG"";356;265","7;""MURIAE"";""Sim"";""Desobediência às normas de trânsito pelo condutor"";1;""Colisão transversal"";""Sem Vítimas"";""Plena Noite"";""Decrescente"";""Ignorado"";""Simples"";""Interseção de vias"";""Sim"";328360;""Automóvel"";""CHEVROLET/ONIX 10MT JOYE"";2018;""Condutor"";""Ileso"";32;""Masculino"";1;0;0;0;-21",125526;-42,"375477;""SR-MG"";""DEL4/7"";""UOP02/MG"""
"184666;408785;2019-01-12;""sábado"";""00:35:00"";""MG"";356;265","7;""MURIAE"";""Não"";""Falta de Atenção à Condução"";1;""Colisão transversal"";""Sem Vítimas"";""Plena Noite"";""Decrescente"";""Ignorado"";""Simples"";""Interseção de vias"";""Sim"";328360;""Automóvel"";""CHEVROLET/ONIX 10MT JOYE"";2018;""Condutor"";""Ileso"";32;""Masculino"";1;0;0;0;-21",125526;-42,"375477;""SR-MG"";""DEL4/7"";""UOP02/MG"""
"184667;408719;2019-01-12;""sábado"";""01:15:00"";""RJ"";101;120","4;""CAMPOS DOS GOYTACAZES"";""Sim"";""Falta de Atenção à Condução"";1;""Colisão transversal"";""Com Vítimas Feridas"";""Plena Noite"";""Crescente"";""Céu Claro"";""Dupla"";""Reta"";""Não"";328375;""Caminhão"";""M.BENZ/L 1620"";2005;""Condutor"";""Ileso"";41;""Masculino"";1;0;0;0;-22",026218;-41,"691715;""SR-RJ"";""DEL5/8"";""UOP02/RJ"""
"184667;408721;2019-01-12;""sábado"";""01:15:00"";""RJ"";101;120","4;""CAMPOS DOS GOYTACAZES"";""Sim"";""Falta de Atenção à Condução"";1;""Colisão transversal"";""Com Vítimas Feridas"";""Plena Noite"";""Crescente"";""Céu Claro"";""Dupla"";""Reta"";""Não"";328376;""Automóvel"";""FIAT/UNO MILLE WAY ECON"";2013;""Condutor"";""Lesões Leves"";34;""Masculino"";0;1;0;0;-22",026218;-41,"691715;""SR-RJ"";""DEL5/8"";""UOP02/RJ"""
"184667;408720;2019-01-12;""sábado"";""01:15:00"";""RJ"";101;120","4;""CAMPOS DOS GOYTACAZES"";""Sim"";""Falta de Atenção à Condução"";1;""Colisão transversal"";""Com Vítimas Feridas"";""Plena Noite"";""Crescente"";""Céu Claro"";""Dupla"";""Reta"";""Não"";328375;""Caminhão"";""M.BENZ/L 1620"";2005;""Passageiro"";""Ileso"";64;""Masculino"";1;0;0;0;-22",026218;-41,"691715;""SR-RJ"";""DEL5/8"";""UOP02/RJ"""
"184668;408674;2019-01-12;""sábado"";""01:15:00"";""PE"";101;69","9;""RECIFE"";""Sim"";""Desobediência às normas de trânsito pelo condutor"";1;""Colisão frontal"";""Com Vítimas Feridas"";""Plena Noite"";""Decrescente"";""Céu Claro"";""Dupla"";""Interseção de vias"";""Sim"";328382;""Automóvel"";""HYUNDAI/HB20S 1.6A COMF"";2018;""Condutor"";""Lesões Leves"";37;""Masculino"";0;1;0;0;-8",06641063;-34,"94231701;""SR-PE"";""DEL11/1"";""UOP01/PE"""