"id;""pesid"";""data_inversa"";""dia_semana"";""horario"";""uf"";""br"";""km"";""municipio"";""causa_principal"";""causa_acidente"";""ordem_tipo_acidente"";""tipo_acidente"";""classificacao_acidente"";""fase_dia"";""sentido_via"";""condicao_metereologica"";""tipo_pista"";""tracado_via"";""uso_solo"";""id_veiculo"";""tipo_veiculo"";""marca"";""ano_fabricacao_veiculo"";""tipo_envolvido"";""estado_fisico"";""idade"";""sexo"";""ilesos"";""feridos_leves"";""feridos_graves"";""mortos"";""latitude"";""longitude"";""regional"";""delegacia"";""uop""",,,
"184684;408369;2019-01-12;""sábado"";""06:20:00"";""SP"";153;47","5;""SAO JOSE DO RIO PRETO"";""Sim"";""Falta de Atenção do Pedestre"";1;""Atropelamento de Pedestre"";""Com Vítimas Feridas"";""Amanhecer"";""Crescente"";""Céu Claro"";""Simples"";""Desvio Temporário"";""Sim"";328417;""Automóvel"";""VW/GOL 1.0"";2010;""Passageiro"";""Ileso"";11;""Feminino"";1;0;0;0;-20",68795775;-49,"34002876;""SR-SP"";""DEL6/9"";""UOP01/SP"""
"184684;408367;2019-01-12;""sábado"";""06:20:00"";""SP"";153;47","5;""SAO JOSE DO RIO PRETO"";""Sim"";""Falta de Atenção do Pedestre"";1;""Atropelamento de Pedestre"";""Com Vítimas Feridas"";""Amanhecer"";""Crescente"";""Céu Claro"";""Simples"";""Desvio Temporário"";""Sim"";328417;""Automóvel"";""VW/GOL 1.0"";2010;""Passageiro"";""Ileso"";57;""Feminino"";1;0;0;0;-20",68795775;-49,"34002876;""SR-SP"";""DEL6/9"";""UOP01/SP"""
"184684;408350;2019-01-12;""sábado"";""06:20:00"";""SP"";153;47","5;""SAO JOSE DO RIO PRETO"";""Sim"";""Falta de Atenção do Pedestre"";1;""Atropelamento de Pedestre"";""Com Vítimas Feridas"";""Amanhecer"";""Crescente"";""Céu Claro"";""Simples"";""Desvio Temporário"";""Sim"";328417;""Automóvel"";""VW/GOL 1.0"";2010;""Condutor"";""Ileso"";24;""Feminino"";1;0;0;0;-20",68795775;-49,"34002876;""SR-SP"";""DEL6/9"";""UOP01/SP"""
"184685;408895;2019-01-12;""sábado"";""06:00:00"";""MG"";365;593;""ARAGUARI"";""Sim"";""Defeito Mecânico no Veículo"";2;""Tombamento"";""Com Vítimas Feridas"";""Amanhecer"";""Crescente"";""Céu Claro"";""Simples"";""Curva"";""Não"";328434;""Caminhão"";""M.BENZ/L 1620"";1998;""Passageiro"";""Lesões Leves"";44;""Feminino"";0;1;0;0;-18",88086893;-48,"04887772;""SR-MG"";""DEL4/15"";""UOP02/MG""",
"184685;408895;2019-01-12;""sábado"";""06:00:00"";""MG"";365;593;""ARAGUARI"";""Não"";""Velocidade Incompatível"";2;""Tombamento"";""Com Vítimas Feridas"";""Amanhecer"";""Crescente"";""Céu Claro"";""Simples"";""Curva"";""Não"";328434;""Caminhão"";""M.BENZ/L 1620"";1998;""Passageiro"";""Lesões Leves"";44;""Feminino"";0;1;0;0;-18",88086893;-48,"04887772;""SR-MG"";""DEL4/15"";""UOP02/MG""",
"184685;408895;2019-01-12;""sábado"";""06:00:00"";""MG"";365;593;""ARAGUARI"";""Sim"";""Defeito Mecânico no Veículo"";1;""Saída de leito carroçável"";""Com Vítimas Feridas"";""Amanhecer"";""Crescente"";""Céu Claro"";""Simples"";""Curva"";""Não"";328434;""Caminhão"";""M.BENZ/L 1620"";1998;""Passageiro"";""Lesões Leves"";44;""Feminino"";0;1;0;0;-18",88086893;-48,"04887772;""SR-MG"";""DEL4/15"";""UOP02/MG""",
"184685;408895;2019-01-12;""sábado"";""06:00:00"";""MG"";365;593;""ARAGUARI"";""Não"";""Velocidade Incompatível"";1;""Saída de leito carroçável"";""Com Vítimas Feridas"";""Amanhecer"";""Crescente"";""Céu Claro"";""Simples"";""Curva"";""Não"";328434;""Caminhão"";""M.BENZ/L 1620"";1998;""Passageiro"";""Lesões Leves"";44;""Feminino"";0;1;0;0;-18",88086893;-48,"04887772;""SR-MG"";""DEL4/15"";""UOP02/MG""",
"184685;408894;2019-01-12;""sábado"";""06:00:00"";""MG"";365;593;""ARAGUARI"";""Sim"";""Defeito Mecânico no Veículo"";2;""Tombamento"";""Com Vítimas Feridas"";""Amanhecer"";""Crescente"";""Céu Claro"";""Simples"";""Curva"";""Não"";328434;""Caminhão"";""M.BENZ/L 1620"";1998;""Condutor"";""Lesões Leves"";42;""Masculino"";0;1;0;0;-18",88086893;-48,"04887772;""SR-MG"";""DEL4/15"";""UOP02/MG""",
"184685;408894;2019-01-12;""sábado"";""06:00:00"";""MG"";365;593;""ARAGUARI"";""Não"";""Velocidade Incompatível"";2;""Tombamento"";""Com Vítimas Feridas"";""Amanhecer"";""Crescente"";""Céu Claro"";""Simples"";""Curva"";""Não"";328434;""Caminhão"";""M.BENZ/L 1620"";1998;""Condutor"";""Lesões Leves"";42;""Masculino"";0;1;0;0;-18",88086893;-48,"04887772;""SR-MG"";""DEL4/15"";""UOP02/MG""",
"184685;408894;2019-01-12;""sábado"";""06:00:00"";""MG"";365;593;""ARAGUARI"";""Sim"";""Defeito Mecânico no Veículo"";1;""Saída de leito carroçável"";""Com Vítimas Feridas"";""Amanhecer"";""Crescente"";""Céu Claro"";""Simples"";""Curva"";""Não"";328434;""Caminhão"";""M.BENZ/L 1620"";1998;""Condutor"";""Lesões Leves"";42;""Masculino"";0;1;0;0;-18",88086893;-48,"04887772;""SR-MG"";""DEL4/15"";""UOP02/MG""",
"184685;408894;2019-01-12;""sábado"";""06:00:00"";""MG"";365;593;""ARAGUARI"";""Não"";""Velocidade Incompatível"";1;""Saída de leito carroçável"";""Com Vítimas Feridas"";""Amanhecer"";""Crescente"";""Céu Claro"";""Simples"";""Curva"";""Não"";328434;""Caminhão"";""M.BENZ/L 1620"";1998;""Condutor"";""Lesões Leves"";42;""Masculino"";0;1;0;0;-18",88086893;-48,"04887772;""SR-MG"";""DEL4/15"";""UOP02/MG""",
"184686;407280;2019-01-12;""sábado"";""06:15:00"";""SC"";116;197","3;""PONTE ALTA"";""Sim"";""Velocidade Incompatível"";1;""Colisão com objeto estático"";""Com Vítimas Feridas"";""Amanhecer"";""Crescente"";""Céu Claro"";""Simples"";""Desvio Temporário"";""Não"";328406;""Automóvel"";""GM/CELTA 4P SUPER"";2004;""Passageiro"";""Lesões Leves"";22;""Masculino"";0;1;0;0;-27",481998;-50,"379116;""SR-SC"";""DEL8/5"";""UOP03/SC"""
"184686;407281;2019-01-12;""sábado"";""06:15:00"";""SC"";116;197","3;""PONTE ALTA"";""Sim"";""Velocidade Incompatível"";1;""Colisão com objeto estático"";""Com Vítimas Feridas"";""Amanhecer"";""Crescente"";""Céu Claro"";""Simples"";""Desvio Temporário"";""Não"";328406;""Automóvel"";""GM/CELTA 4P SUPER"";2004;""Passageiro"";""Lesões Leves"";25;""Masculino"";0;1;0;0;-27",481998;-50,"379116;""SR-SC"";""DEL8/5"";""UOP03/SC"""
"184686;407279;2019-01-12;""sábado"";""06:15:00"";""SC"";116;197","3;""PONTE ALTA"";""Sim"";""Velocidade Incompatível"";1;""Colisão com objeto estático"";""Com Vítimas Feridas"";""Amanhecer"";""Crescente"";""Céu Claro"";""Simples"";""Desvio Temporário"";""Não"";328406;""Automóvel"";""GM/CELTA 4P SUPER"";2004;""Condutor"";""Lesões Leves"";22;""Masculino"";0;1;0;0;-27",481998;-50,"379116;""SR-SC"";""DEL8/5"";""UOP03/SC"""
"184686;407283;2019-01-12;""sábado"";""06:15:00"";""SC"";116;197","3;""PONTE ALTA"";""Sim"";""Velocidade Incompatível"";1;""Colisão com objeto estático"";""Com Vítimas Feridas"";""Amanhecer"";""Crescente"";""Céu Claro"";""Simples"";""Desvio Temporário"";""Não"";328406;""Automóvel"";""GM/CELTA 4P SUPER"";2004;""Passageiro"";""Lesões Leves"";23;""Masculino"";0;1;0;0;-27",481998;-50,"379116;""SR-SC"";""DEL8/5"";""UOP03/SC"""
"184687;409575;2019-01-12;""sábado"";""07:00:00"";""RJ"";116;76;""TERESOPOLIS"";""Sim"";""Velocidade Incompatível"";1;""Saída de leito carroçável"";""Sem Vítimas"";""Pleno dia"";""Crescente"";""Céu Claro"";""Simples"";""Reta"";""Não"";330093;""Automóvel"";""VW/GOL CL"";1991;""Condutor"";""Não Informado"";NA;""Não Informado"";0;0;0;0;-22",361216;-42,"948738;""SR-RJ"";""DEL5/4"";""UOP01/RJ""",
"184688;409800;2019-01-12;""sábado"";""01:00:00"";""ES"";101;113;""SOORETAMA"";""Sim"";""Falta de Atenção à Condução"";1;""Saída de leito carroçável"";""Sem Vítimas"";""Plena Noite"";""Decrescente"";""Céu Claro"";""Simples"";""Reta"";""Não"";328407;""Motocicleta"";""HONDA/CG 160 TITAN"";NA;""Condutor"";""Não Informado"";NA;""Não Informado"";0;0;0;0;-19",07769299;-40,"04241943;""SR-ES"";""DEL12/4"";""UOP01/ES""",
"184689;408853;2019-01-12;""sábado"";""05:30:00"";""MG"";262;800","9;""UBERABA"";""Sim"";""Condutor Dormindo"";2;""Capotamento"";""Com Vítimas Feridas"";""Plena Noite"";""Decrescente"";""Nublado"";""Dupla"";""Reta"";""Não"";328409;""Automóvel"";""GM/CLASSIC LIFE"";2007;""Passageiro"";""Lesões Leves"";23;""Feminino"";0;1;0;0;-19",777964;-47,"9268;""SR-MG"";""DEL13"";""UOP01/MG"""
"184689;408853;2019-01-12;""sábado"";""05:30:00"";""MG"";262;800","9;""UBERABA"";""Sim"";""Condutor Dormindo"";1;""Saída de leito carroçável"";""Com Vítimas Feridas"";""Plena Noite"";""Decrescente"";""Nublado"";""Dupla"";""Reta"";""Não"";328409;""Automóvel"";""GM/CLASSIC LIFE"";2007;""Passageiro"";""Lesões Leves"";23;""Feminino"";0;1;0;0;-19",777964;-47,"9268;""SR-MG"";""DEL13"";""UOP01/MG"""
"184689;408849;2019-01-12;""sábado"";""05:30:00"";""MG"";262;800","9;""UBERABA"";""Sim"";""Condutor Dormindo"";2;""Capotamento"";""Com Vítimas Feridas"";""Plena Noite"";""Decrescente"";""Nublado"";""Dupla"";""Reta"";""Não"";328409;""Automóvel"";""GM/CLASSIC LIFE"";2007;""Condutor"";""Lesões Leves"";21;""Masculino"";0;1;0;0;-19",777964;-47,"9268;""SR-MG"";""DEL13"";""UOP01/MG"""
"184689;408849;2019-01-12;""sábado"";""05:30:00"";""MG"";262;800","9;""UBERABA"";""Sim"";""Condutor Dormindo"";1;""Saída de leito carroçável"";""Com Vítimas Feridas"";""Plena Noite"";""Decrescente"";""Nublado"";""Dupla"";""Reta"";""Não"";328409;""Automóvel"";""GM/CLASSIC LIFE"";2007;""Condutor"";""Lesões Leves"";21;""Masculino"";0;1;0;0;-19",777964;-47,"9268;""SR-MG"";""DEL13"";""UOP01/MG"""
"184690;407286;2019-01-02;""quarta-feira"";""20:00:00"";""GO"";153;133;""ESTRELA DO NORTE"";""Sim"";""Falta de Atenção à Condução"";1;""Colisão com objeto estático"";""Com Vítimas Feridas"";""Plena Noite"";""Crescente"";""Céu Claro"";""Simples"";""Reta"";""Não"";328410;""Motocicleta"";""HONDA/CG 150 FAN ESI"";2011;""Condutor"";""Lesões Graves"";35;""Masculino"";0;0;1;0;-13",934465;-49,"075451;""SR-GO"";""DEL1/7"";""UOP01/GO""",
"184690;407286;2019-01-02;""quarta-feira"";""20:00:00"";""GO"";153;133;""ESTRELA DO NORTE"";""Não"";""Fenômenos da Natureza"";1;""Colisão com objeto estático"";""Com Vítimas Feridas"";""Plena Noite"";""Crescente"";""Céu Claro"";""Simples"";""Reta"";""Não"";328410;""Motocicleta"";""HONDA/CG 150 FAN ESI"";2011;""Condutor"";""Lesões Graves"";35;""Masculino"";0;0;1;0;-13",934465;-49,"075451;""SR-GO"";""DEL1/7"";""UOP01/GO""",
"184691;409338;2019-01-12;""sábado"";""07:20:00"";""SC"";101;151","5;""ITAPEMA"";""Sim"";""Desobediência às normas de trânsito pelo condutor"";1;""Colisão transversal"";""Com Vítimas Feridas"";""Pleno dia"";""Decrescente"";""Céu Claro"";""Simples"";""Não Informado"";""Sim"";328423;""Automóvel"";""FIAT/PALIO FIRE FLEX"";2007;""Condutor"";""Ileso"";46;""Masculino"";1;0;0;0;-27",1325805;-48,"60964363;""SR-SC"";""DEL8/4"";""UOP03/SC"""
"184691;409342;2019-01-12;""sábado"";""07:20:00"";""SC"";101;151","5;""ITAPEMA"";""Sim"";""Desobediência às normas de trânsito pelo condutor"";1;""Colisão transversal"";""Com Vítimas Feridas"";""Pleno dia"";""Decrescente"";""Céu Claro"";""Simples"";""Não Informado"";""Sim"";328422;""Motocicleta"";""HONDA/CBX 250 TWISTER"";2008;""Passageiro"";""Lesões Leves"";31;""Masculino"";0;1;0;0;-27",1325805;-48,"60964363;""SR-SC"";""DEL8/4"";""UOP03/SC"""
"184691;409341;2019-01-12;""sábado"";""07:20:00"";""SC"";101;151","5;""ITAPEMA"";""Sim"";""Desobediência às normas de trânsito pelo condutor"";1;""Colisão transversal"";""Com Vítimas Feridas"";""Pleno dia"";""Decrescente"";""Céu Claro"";""Simples"";""Não Informado"";""Sim"";328422;""Motocicleta"";""HONDA/CBX 250 TWISTER"";2008;""Condutor"";""Lesões Leves"";32;""Masculino"";0;1;0;0;-27",1325805;-48,"60964363;""SR-SC"";""DEL8/4"";""UOP03/SC"""
"184692;407834;2019-01-11;""sexta-feira"";""16:20:00"";""MG"";116;413;""GOVERNADOR VALADARES"";""Sim"";""Desobediência às normas de trânsito pelo condutor"";1;""Colisão transversal"";""Com Vítimas Feridas"";""Pleno dia"";""Decrescente"";""Céu Claro"";""Simples"";""Reta"";""Sim"";328412;""Automóvel"";""VW/GOL CL 1.6 MI"";1998;""Passageiro"";""Lesões Leves"";34;""Masculino"";0;1;0;0;-18",87087951;-41,"97052002;""SR-MG"";""DEL4/6"";""UOP01/MG""",
"184692;407837;2019-01-11;""sexta-feira"";""16:20:00"";""MG"";116;413;""GOVERNADOR VALADARES"";""Sim"";""Desobediência às normas de trânsito pelo condutor"";1;""Colisão transversal"";""Com Vítimas Feridas"";""Pleno dia"";""Decrescente"";""Céu Claro"";""Simples"";""Reta"";""Sim"";328412;""Automóvel"";""VW/GOL CL 1.6 MI"";1998;""Testemunha"";""Não Informado"";NA;""Não Informado"";0;0;0;0;-18",87087951;-41,"97052002;""SR-MG"";""DEL4/6"";""UOP01/MG""",
"184692;407836;2019-01-11;""sexta-feira"";""16:20:00"";""MG"";116;413;""GOVERNADOR VALADARES"";""Sim"";""Desobediência às normas de trânsito pelo condutor"";1;""Colisão transversal"";""Com Vítimas Feridas"";""Pleno dia"";""Decrescente"";""Céu Claro"";""Simples"";""Reta"";""Sim"";328412;""Automóvel"";""VW/GOL CL 1.6 MI"";1998;""Testemunha"";""Não Informado"";NA;""Não Informado"";0;0;0;0;-18",87087951;-41,"97052002;""SR-MG"";""DEL4/6"";""UOP01/MG""",
"184692;407833;2019-01-11;""sexta-feira"";""16:20:00"";""MG"";116;413;""GOVERNADOR VALADARES"";""Sim"";""Desobediência às normas de trânsito pelo condutor"";1;""Colisão transversal"";""Com Vítimas Feridas"";""Pleno dia"";""Decrescente"";""Céu Claro"";""Simples"";""Reta"";""Sim"";328412;""Automóvel"";""VW/GOL CL 1.6 MI"";1998;""Condutor"";""Ileso"";40;""Masculino"";1;0;0;0;-18",87087951;-41,"97052002;""SR-MG"";""DEL4/6"";""UOP01/MG""",
"184693;409476;2019-01-12;""sábado"";""07:15:00"";""DF"";40;5;""BRASILIA"";""Sim"";""Velocidade Incompatível"";1;""Colisão traseira"";""Com Vítimas Feridas"";""Pleno dia"";""Decrescente"";""Céu Claro"";""Simples"";""Reta"";""Sim"";328656;""Motocicleta"";""HONDA/CG 125 TITAN ES"";2001;""Condutor"";""Lesões Leves"";40;""Masculino"";0;1;0;0;-16",020903;-47,"980541;""SR-DF"";""UOP01/DF"";""""",
"184693;409474;2019-01-12;""sábado"";""07:15:00"";""DF"";40;5;""BRASILIA"";""Sim"";""Velocidade Incompatível"";1;""Colisão traseira"";""Com Vítimas Feridas"";""Pleno dia"";""Decrescente"";""Céu Claro"";""Simples"";""Reta"";""Sim"";328655;""Automóvel"";""FORD/FIESTA SEDAN1.6FLEX"";2010;""Condutor"";""Ileso"";51;""Feminino"";1;0;0;0;-16",020903;-47,"980541;""SR-DF"";""UOP01/DF"";""""",
"184694;NA;2019-01-12;""sábado"";""07:20:00"";""SC"";101;161","5;""TIJUCAS"";""Sim"";""Falta de Atenção à Condução"";1;""Colisão com objeto estático"";""Sem Vítimas"";""Pleno dia"";""Decrescente"";""Céu Claro"";""Simples"";""Reta"";""Sim"";328450;""Semireboque"";""SR/LIBRELATO SRCS 3E"";2010;""Não Informado"";""Não Informado"";NA;""Não Informado"";0;0;0;0;-27",2237;-48,"6271;""SR-SC"";""DEL8/4"";""UOP03/SC"""
"184694;407361;2019-01-12;""sábado"";""07:20:00"";""SC"";101;161","5;""TIJUCAS"";""Sim"";""Falta de Atenção à Condução"";1;""Colisão com objeto estático"";""Sem Vítimas"";""Pleno dia"";""Decrescente"";""Céu Claro"";""Simples"";""Reta"";""Sim"";328432;""Caminhão-trator"";""IVECO/STRALIS 570S46T"";2011;""Condutor"";""Ileso"";44;""Masculino"";1;0;0;0;-27",2237;-48,"6271;""SR-SC"";""DEL8/4"";""UOP03/SC"""
"184696;407314;2019-01-12;""sábado"";""04:35:00"";""AP"";210;13","1;""MACAPA"";""Sim"";""Velocidade Incompatível"";1;""Saída de leito carroçável"";""Sem Vítimas"";""Plena Noite"";""Decrescente"";""Ignorado"";""Simples"";""Curva"";""Não"";328419;""Automóvel"";""I/CHEVROLET CLASSIC LS"";2012;""Condutor"";""Não Informado"";NA;""Não Informado"";0;0;0;0;0",141765;-51,"143993;""SR-AP"";""UOP01/AP"";"""""
"184698;407412;2019-01-12;""sábado"";""07:20:00"";""MS"";163;313;""RIO BRILHANTE"";""Sim"";""Falta de Atenção à Condução"";1;""Colisão traseira"";""Sem Vítimas"";""Pleno dia"";""Crescente"";""Céu Claro"";""Dupla"";""Reta"";""Não"";328460;""Automóvel"";""TOYOTA/YARIS HB XLPLUSAT"";2018;""Condutor"";""Ileso"";54;""Masculino"";1;0;0;0;-21",86543181;-54,"52834368;""SR-MS"";""DEL2"";""UOP02/MS""",
"184698;407411;2019-01-12;""sábado"";""07:20:00"";""MS"";163;313;""RIO BRILHANTE"";""Sim"";""Falta de Atenção à Condução"";1;""Colisão traseira"";""Sem Vítimas"";""Pleno dia"";""Crescente"";""Céu Claro"";""Dupla"";""Reta"";""Não"";328459;""Automóvel"";""GM/CLASSIC LIFE"";2009;""Condutor"";""Ileso"";37;""Feminino"";1;0;0;0;-21",86543181;-54,"52834368;""SR-MS"";""DEL2"";""UOP02/MS""",
"184699;407308;2019-01-12;""sábado"";""07:50:00"";""RS"";386;425","1;""MONTENEGRO"";""Sim"";""Condutor Dormindo"";1;""Colisão com objeto estático"";""Sem Vítimas"";""Pleno dia"";""Crescente"";""Nublado"";""Dupla"";""Reta"";""Sim"";328418;""Automóvel"";""CHEV/SPIN 1.8L MT LS E"";2018;""Condutor"";""Ileso"";36;""Masculino"";1;0;0;0;-29",818272;-51,"372299;""SR-RS"";""DEL9/4"";""UOP02/RS"""
"184700;407378;2019-01-12;""sábado"";""08:15:00"";""SC"";470;54","2;""BLUMENAU"";""Sim"";""Falta de Atenção à Condução"";1;""Colisão transversal"";""Com Vítimas Feridas"";""Pleno dia"";""Crescente"";""Céu Claro"";""Simples"";""Interseção de vias"";""Sim"";328466;""Automóvel"";""GM/CORSA SEDAN"";2003;""Condutor"";""Ileso"";44;""Feminino"";1;0;0;0;-26",871065;-49,"110374;""SR-SC"";""DEL8/4"";""UOP01/SC"""
"184700;407376;2019-01-12;""sábado"";""08:15:00"";""SC"";470;54","2;""BLUMENAU"";""Sim"";""Falta de Atenção à Condução"";1;""Colisão transversal"";""Com Vítimas Feridas"";""Pleno dia"";""Crescente"";""Céu Claro"";""Simples"";""Interseção de vias"";""Sim"";328465;""Motocicleta"";""HONDA/CG 150 TITAN KS"";2004;""Passageiro"";""Lesões Leves"";26;""Feminino"";0;1;0;0;-26",871065;-49,"110374;""SR-SC"";""DEL8/4"";""UOP01/SC"""
"184700;407375;2019-01-12;""sábado"";""08:15:00"";""SC"";470;54","2;""BLUMENAU"";""Sim"";""Falta de Atenção à Condução"";1;""Colisão transversal"";""Com Vítimas Feridas"";""Pleno dia"";""Crescente"";""Céu Claro"";""Simples"";""Interseção de vias"";""Sim"";328465;""Motocicleta"";""HONDA/CG 150 TITAN KS"";2004;""Condutor"";""Lesões Leves"";29;""Masculino"";0;1;0;0;-26",871065;-49,"110374;""SR-SC"";""DEL8/4"";""UOP01/SC"""
"184701;NA;2019-01-12;""sábado"";""07:00:00"";""MT"";158;593","1;""AGUA BOA"";""Sim"";""Falta de Atenção à Condução"";1;""Tombamento"";""Com Vítimas Feridas"";""Amanhecer"";""Crescente"";""Céu Claro"";""Simples"";""Reta"";""Não"";328520;""Semireboque"";""SR/VILACOS SR2ECB"";2017;""Não Informado"";""Não Informado"";NA;""Não Informado"";0;0;0;0;-14",086872;-52,"16088;""SR-MT"";""DEL2/8"";""UOP02/MT"""
"184701;407468;2019-01-12;""sábado"";""07:00:00"";""MT"";158;593","1;""AGUA BOA"";""Sim"";""Falta de Atenção à Condução"";1;""Tombamento"";""Com Vítimas Feridas"";""Amanhecer"";""Crescente"";""Céu Claro"";""Simples"";""Reta"";""Não"";328509;""Caminhão-trator"";""M.BENZ/ATRON 1635 S"";2016;""Condutor"";""Lesões Leves"";43;""Masculino"";0;1;0;0;-14",086872;-52,"16088;""SR-MT"";""DEL2/8"";""UOP02/MT"""
"184702;407783;2019-01-12;""sábado"";""07:00:00"";""RS"";470;224;""GARIBALDI"";""Sim"";""Ingestão de Álcool"";1;""Saída de leito carroçável"";""Com Vítimas Feridas"";""Pleno dia"";""Crescente"";""Nublado"";""Simples"";""Curva"";""Não"";328442;""Caminhonete"";""GM/MONTANA CONQUEST"";2006;""Condutor"";""Lesões Leves"";30;""Masculino"";0;1;0;0;-29",235607;-51,"516977;""SR-RS"";""DEL9/6"";""UOP01/RS""",
"184703;407381;2019-01-12;""sábado"";""08:20:00"";""RS"";158;326","2;""SANTA MARIA"";""Sim"";""Falta de Atenção à Condução"";2;""Tombamento"";""Com Vítimas Feridas"";""Pleno dia"";""Crescente"";""Nublado"";""Simples"";""Rotatória"";""Sim"";328471;""Motocicleta"";""YAMAHA/FAZER YS250"";2011;""Condutor"";""Lesões Leves"";30;""Masculino"";0;1;0;0;-29",703747;-53,"795246;""SR-RS"";""DEL9/9"";""UOP01/RS"""
"184703;407381;2019-01-12;""sábado"";""08:20:00"";""RS"";158;326","2;""SANTA MARIA"";""Sim"";""Falta de Atenção à Condução"";1;""Colisão traseira"";""Com Vítimas Feridas"";""Pleno dia"";""Crescente"";""Nublado"";""Simples"";""Rotatória"";""Sim"";328471;""Motocicleta"";""YAMAHA/FAZER YS250"";2011;""Condutor"";""Lesões Leves"";30;""Masculino"";0;1;0;0;-29",703747;-53,"795246;""SR-RS"";""DEL9/9"";""UOP01/RS"""
"184703;407380;2019-01-12;""sábado"";""08:20:00"";""RS"";158;326","2;""SANTA MARIA"";""Sim"";""Falta de Atenção à Condução"";2;""Tombamento"";""Com Vítimas Feridas"";""Pleno dia"";""Crescente"";""Nublado"";""Simples"";""Rotatória"";""Sim"";328470;""Caminhonete"";""IMP/GM D20 CUSTOM S"";1995;""Condutor"";""Lesões Leves"";48;""Masculino"";0;1;0;0;-29",703747;-53,"795246;""SR-RS"";""DEL9/9"";""UOP01/RS"""
"184703;407380;2019-01-12;""sábado"";""08:20:00"";""RS"";158;326","2;""SANTA MARIA"";""Sim"";""Falta de Atenção à Condução"";1;""Colisão traseira"";""Com Vítimas Feridas"";""Pleno dia"";""Crescente"";""Nublado"";""Simples"";""Rotatória"";""Sim"";328470;""Caminhonete"";""IMP/GM D20 CUSTOM S"";1995;""Condutor"";""Lesões Leves"";48;""Masculino"";0;1;0;0;-29",703747;-53,"795246;""SR-RS"";""DEL9/9"";""UOP01/RS"""
"184704;407345;2019-01-08;""terça-feira"";""23:10:00"";""PR"";376;660;""TIJUCAS DO SUL"";""Sim"";""Ingestão de Álcool"";1;""Saída de leito carroçável"";""Sem Vítimas"";""Plena Noite"";""Decrescente"";""Garoa/Chuvisco"";""Múltipla"";""Reta"";""Não"";328421;""Automóvel"";""I/NISSAN TIIDA 18SL FLEX"";2012;""Condutor"";""Ileso"";32;""Masculino"";1;0;0;0;-25",852978;-48,"978861;""SR-PR"";""DEL7/1"";""UOP08/PR""",
"184704;407345;2019-01-08;""terça-feira"";""23:10:00"";""PR"";376;660;""TIJUCAS DO SUL"";""Não"";""Falta de Atenção à Condução"";1;""Saída de leito carroçável"";""Sem Vítimas"";""Plena Noite"";""Decrescente"";""Garoa/Chuvisco"";""Múltipla"";""Reta"";""Não"";328421;""Automóvel"";""I/NISSAN TIIDA 18SL FLEX"";2012;""Condutor"";""Ileso"";32;""Masculino"";1;0;0;0;-25",852978;-48,"978861;""SR-PR"";""DEL7/1"";""UOP08/PR""",
"184704;407345;2019-01-08;""terça-feira"";""23:10:00"";""PR"";376;660;""TIJUCAS DO SUL"";""Não"";""Condutor Dormindo"";1;""Saída de leito carroçável"";""Sem Vítimas"";""Plena Noite"";""Decrescente"";""Garoa/Chuvisco"";""Múltipla"";""Reta"";""Não"";328421;""Automóvel"";""I/NISSAN TIIDA 18SL FLEX"";2012;""Condutor"";""Ileso"";32;""Masculino"";1;0;0;0;-25",852978;-48,"978861;""SR-PR"";""DEL7/1"";""UOP08/PR""",
"184704;407345;2019-01-08;""terça-feira"";""23:10:00"";""PR"";376;660;""TIJUCAS DO SUL"";""Não"";""Velocidade Incompatível"";1;""Saída de leito carroçável"";""Sem Vítimas"";""Plena Noite"";""Decrescente"";""Garoa/Chuvisco"";""Múltipla"";""Reta"";""Não"";328421;""Automóvel"";""I/NISSAN TIIDA 18SL FLEX"";2012;""Condutor"";""Ileso"";32;""Masculino"";1;0;0;0;-25",852978;-48,"978861;""SR-PR"";""DEL7/1"";""UOP08/PR""",
"184705;407379;2019-01-12;""sábado"";""08:00:00"";""PR"";467;108","4;""CASCAVEL"";""Sim"";""Falta de Atenção do Pedestre"";1;""Atropelamento de Pedestre"";""Com Vítimas Feridas"";""Pleno dia"";""Crescente"";""Céu Claro"";""Simples"";""Reta"";""Sim"";328452;""Automóvel"";""CHEVROLET/CELTA 1.0L LS"";2012;""Pedestre"";""Lesões Leves"";53;""Feminino"";0;1;0;0;-24",9237;-53,"4676;""SR-PR"";""DEL7/4"";""UOP01/PR"""
"184705;407377;2019-01-12;""sábado"";""08:00:00"";""PR"";467;108","4;""CASCAVEL"";""Sim"";""Falta de Atenção do Pedestre"";1;""Atropelamento de Pedestre"";""Com Vítimas Feridas"";""Pleno dia"";""Crescente"";""Céu Claro"";""Simples"";""Reta"";""Sim"";328452;""Automóvel"";""CHEVROLET/CELTA 1.0L LS"";2012;""Condutor"";""Ileso"";26;""Feminino"";1;0;0;0;-24",9237;-53,"4676;""SR-PR"";""DEL7/4"";""UOP01/PR"""