"id;""pesid"";""data_inversa"";""dia_semana"";""horario"";""uf"";""br"";""km"";""municipio"";""causa_principal"";""causa_acidente"";""ordem_tipo_acidente"";""tipo_acidente"";""classificacao_acidente"";""fase_dia"";""sentido_via"";""condicao_metereologica"";""tipo_pista"";""tracado_via"";""uso_solo"";""id_veiculo"";""tipo_veiculo"";""marca"";""ano_fabricacao_veiculo"";""tipo_envolvido"";""estado_fisico"";""idade"";""sexo"";""ilesos"";""feridos_leves"";""feridos_graves"";""mortos"";""latitude"";""longitude"";""regional"";""delegacia"";""uop""",,,
"184706;408371;2019-01-12;""sábado"";""06:40:00"";""BA"";116;652","5;""JEQUIE"";""Sim"";""Falta de Atenção à Condução"";1;""Colisão transversal"";""Com Vítimas Feridas"";""Pleno dia"";""Crescente"";""Sol"";""Simples"";""Interseção de vias"";""Não"";329231;""Automóvel"";""FORD/KA S 1.0HA B"";2017;""Condutor"";""Lesões Leves"";34;""Masculino"";0;1;0;0;-13",68406;-40,"09503;""SR-BA"";""DEL10/3"";""UOP01/BA"""
"184706;408377;2019-01-12;""sábado"";""06:40:00"";""BA"";116;652","5;""JEQUIE"";""Sim"";""Falta de Atenção à Condução"";1;""Colisão transversal"";""Com Vítimas Feridas"";""Pleno dia"";""Crescente"";""Sol"";""Simples"";""Interseção de vias"";""Não"";329231;""Automóvel"";""FORD/KA S 1.0HA B"";2017;""Passageiro"";""Lesões Leves"";68;""Masculino"";0;1;0;0;-13",68406;-40,"09503;""SR-BA"";""DEL10/3"";""UOP01/BA"""
"184706;408520;2019-01-12;""sábado"";""06:40:00"";""BA"";116;652","5;""JEQUIE"";""Sim"";""Falta de Atenção à Condução"";1;""Colisão transversal"";""Com Vítimas Feridas"";""Pleno dia"";""Crescente"";""Sol"";""Simples"";""Interseção de vias"";""Não"";329187;""Caminhonete"";""FIAT/STRADA WORKING CD"";2014;""Condutor"";""Lesões Leves"";44;""Masculino"";0;1;0;0;-13",68406;-40,"09503;""SR-BA"";""DEL10/3"";""UOP01/BA"""
"184706;408374;2019-01-12;""sábado"";""06:40:00"";""BA"";116;652","5;""JEQUIE"";""Sim"";""Falta de Atenção à Condução"";1;""Colisão transversal"";""Com Vítimas Feridas"";""Pleno dia"";""Crescente"";""Sol"";""Simples"";""Interseção de vias"";""Não"";329231;""Automóvel"";""FORD/KA S 1.0HA B"";2017;""Passageiro"";""Lesões Leves"";55;""Feminino"";0;1;0;0;-13",68406;-40,"09503;""SR-BA"";""DEL10/3"";""UOP01/BA"""
"184706;408521;2019-01-12;""sábado"";""06:40:00"";""BA"";116;652","5;""JEQUIE"";""Sim"";""Falta de Atenção à Condução"";1;""Colisão transversal"";""Com Vítimas Feridas"";""Pleno dia"";""Crescente"";""Sol"";""Simples"";""Interseção de vias"";""Não"";329187;""Caminhonete"";""FIAT/STRADA WORKING CD"";2014;""Passageiro"";""Lesões Leves"";NA;""Masculino"";0;1;0;0;-13",68406;-40,"09503;""SR-BA"";""DEL10/3"";""UOP01/BA"""
"184708;407383;2019-01-08;""terça-feira"";""03:35:00"";""SC"";101;134;""BALNEARIO CAMBORIU"";""Sim"";""Defeito na Via"";1;""Colisão lateral"";""Com Vítimas Feridas"";""Plena Noite"";""Crescente"";""Céu Claro"";""Dupla"";""Interseção de vias"";""Sim"";328431;""Motocicleta"";""HONDA/CG 125 FAN ES"";2010;""Condutor"";""Lesões Leves"";25;""Masculino"";0;1;0;0;-27",0049;-48,"6266;""SR-SC"";""DEL8/4"";""UOP03/SC""",
"184708;407371;2019-01-08;""terça-feira"";""03:35:00"";""SC"";101;134;""BALNEARIO CAMBORIU"";""Sim"";""Defeito na Via"";1;""Colisão lateral"";""Com Vítimas Feridas"";""Plena Noite"";""Crescente"";""Céu Claro"";""Dupla"";""Interseção de vias"";""Sim"";328430;""Camioneta"";""RENAULT/DUSTER 20 D 4X2A"";2014;""Condutor"";""Ileso"";35;""Masculino"";1;0;0;0;-27",0049;-48,"6266;""SR-SC"";""DEL8/4"";""UOP03/SC""",
"184710;407342;2019-01-09;""quarta-feira"";""00:00:00"";""SC"";282;95","1;""ALFREDO WAGNER"";""Sim"";""Velocidade Incompatível"";1;""Tombamento"";""Sem Vítimas"";""Plena Noite"";""Crescente"";""Nublado"";""Simples"";""Curva"";""Não"";328424;""Caminhão"";""M.BENZ/ATEGO 2430"";2015;""Condutor"";""Ileso"";40;""Masculino"";1;0;0;0;-27",71188;-49,"255035;""SR-SC"";""DEL8/1"";""UOP03/SC"""
"184714;407387;2019-01-12;""sábado"";""08:10:00"";""RJ"";101;408;""ITAGUAI"";""Sim"";""Ingestão de Substâncias Psicoativas"";4;""Capotamento"";""Com Vítimas Feridas"";""Pleno dia"";""Crescente"";""Céu Claro"";""Dupla"";""Reta"";""Sim"";328473;""Automóvel"";""GM/CORSA GLS"";1996;""Condutor"";""Ileso"";24;""Masculino"";1;0;0;0;-22",88088;-43,"824417;""SR-RJ"";""DEL5/3"";""UOP01/RJ""",
"184714;407387;2019-01-12;""sábado"";""08:10:00"";""RJ"";101;408;""ITAGUAI"";""Não"";""Desobediência às normas de trânsito pelo condutor"";4;""Capotamento"";""Com Vítimas Feridas"";""Pleno dia"";""Crescente"";""Céu Claro"";""Dupla"";""Reta"";""Sim"";328473;""Automóvel"";""GM/CORSA GLS"";1996;""Condutor"";""Ileso"";24;""Masculino"";1;0;0;0;-22",88088;-43,"824417;""SR-RJ"";""DEL5/3"";""UOP01/RJ""",
"184714;407387;2019-01-12;""sábado"";""08:10:00"";""RJ"";101;408;""ITAGUAI"";""Não"";""Ingestão de Álcool"";4;""Capotamento"";""Com Vítimas Feridas"";""Pleno dia"";""Crescente"";""Céu Claro"";""Dupla"";""Reta"";""Sim"";328473;""Automóvel"";""GM/CORSA GLS"";1996;""Condutor"";""Ileso"";24;""Masculino"";1;0;0;0;-22",88088;-43,"824417;""SR-RJ"";""DEL5/3"";""UOP01/RJ""",
"184714;407387;2019-01-12;""sábado"";""08:10:00"";""RJ"";101;408;""ITAGUAI"";""Não"";""Não guardar distância de segurança"";4;""Capotamento"";""Com Vítimas Feridas"";""Pleno dia"";""Crescente"";""Céu Claro"";""Dupla"";""Reta"";""Sim"";328473;""Automóvel"";""GM/CORSA GLS"";1996;""Condutor"";""Ileso"";24;""Masculino"";1;0;0;0;-22",88088;-43,"824417;""SR-RJ"";""DEL5/3"";""UOP01/RJ""",
"184714;407387;2019-01-12;""sábado"";""08:10:00"";""RJ"";101;408;""ITAGUAI"";""Sim"";""Ingestão de Substâncias Psicoativas"";3;""Capotamento"";""Com Vítimas Feridas"";""Pleno dia"";""Crescente"";""Céu Claro"";""Dupla"";""Reta"";""Sim"";328473;""Automóvel"";""GM/CORSA GLS"";1996;""Condutor"";""Ileso"";24;""Masculino"";1;0;0;0;-22",88088;-43,"824417;""SR-RJ"";""DEL5/3"";""UOP01/RJ""",
"184714;407387;2019-01-12;""sábado"";""08:10:00"";""RJ"";101;408;""ITAGUAI"";""Não"";""Desobediência às normas de trânsito pelo condutor"";3;""Capotamento"";""Com Vítimas Feridas"";""Pleno dia"";""Crescente"";""Céu Claro"";""Dupla"";""Reta"";""Sim"";328473;""Automóvel"";""GM/CORSA GLS"";1996;""Condutor"";""Ileso"";24;""Masculino"";1;0;0;0;-22",88088;-43,"824417;""SR-RJ"";""DEL5/3"";""UOP01/RJ""",
"184714;407387;2019-01-12;""sábado"";""08:10:00"";""RJ"";101;408;""ITAGUAI"";""Não"";""Ingestão de Álcool"";3;""Capotamento"";""Com Vítimas Feridas"";""Pleno dia"";""Crescente"";""Céu Claro"";""Dupla"";""Reta"";""Sim"";328473;""Automóvel"";""GM/CORSA GLS"";1996;""Condutor"";""Ileso"";24;""Masculino"";1;0;0;0;-22",88088;-43,"824417;""SR-RJ"";""DEL5/3"";""UOP01/RJ""",
"184714;407387;2019-01-12;""sábado"";""08:10:00"";""RJ"";101;408;""ITAGUAI"";""Não"";""Não guardar distância de segurança"";3;""Capotamento"";""Com Vítimas Feridas"";""Pleno dia"";""Crescente"";""Céu Claro"";""Dupla"";""Reta"";""Sim"";328473;""Automóvel"";""GM/CORSA GLS"";1996;""Condutor"";""Ileso"";24;""Masculino"";1;0;0;0;-22",88088;-43,"824417;""SR-RJ"";""DEL5/3"";""UOP01/RJ""",
"184714;407387;2019-01-12;""sábado"";""08:10:00"";""RJ"";101;408;""ITAGUAI"";""Sim"";""Ingestão de Substâncias Psicoativas"";2;""Colisão traseira"";""Com Vítimas Feridas"";""Pleno dia"";""Crescente"";""Céu Claro"";""Dupla"";""Reta"";""Sim"";328473;""Automóvel"";""GM/CORSA GLS"";1996;""Condutor"";""Ileso"";24;""Masculino"";1;0;0;0;-22",88088;-43,"824417;""SR-RJ"";""DEL5/3"";""UOP01/RJ""",
"184714;407387;2019-01-12;""sábado"";""08:10:00"";""RJ"";101;408;""ITAGUAI"";""Não"";""Desobediência às normas de trânsito pelo condutor"";2;""Colisão traseira"";""Com Vítimas Feridas"";""Pleno dia"";""Crescente"";""Céu Claro"";""Dupla"";""Reta"";""Sim"";328473;""Automóvel"";""GM/CORSA GLS"";1996;""Condutor"";""Ileso"";24;""Masculino"";1;0;0;0;-22",88088;-43,"824417;""SR-RJ"";""DEL5/3"";""UOP01/RJ""",
"184714;407387;2019-01-12;""sábado"";""08:10:00"";""RJ"";101;408;""ITAGUAI"";""Não"";""Ingestão de Álcool"";2;""Colisão traseira"";""Com Vítimas Feridas"";""Pleno dia"";""Crescente"";""Céu Claro"";""Dupla"";""Reta"";""Sim"";328473;""Automóvel"";""GM/CORSA GLS"";1996;""Condutor"";""Ileso"";24;""Masculino"";1;0;0;0;-22",88088;-43,"824417;""SR-RJ"";""DEL5/3"";""UOP01/RJ""",
"184714;407387;2019-01-12;""sábado"";""08:10:00"";""RJ"";101;408;""ITAGUAI"";""Não"";""Não guardar distância de segurança"";2;""Colisão traseira"";""Com Vítimas Feridas"";""Pleno dia"";""Crescente"";""Céu Claro"";""Dupla"";""Reta"";""Sim"";328473;""Automóvel"";""GM/CORSA GLS"";1996;""Condutor"";""Ileso"";24;""Masculino"";1;0;0;0;-22",88088;-43,"824417;""SR-RJ"";""DEL5/3"";""UOP01/RJ""",
"184714;407387;2019-01-12;""sábado"";""08:10:00"";""RJ"";101;408;""ITAGUAI"";""Sim"";""Ingestão de Substâncias Psicoativas"";1;""Colisão lateral"";""Com Vítimas Feridas"";""Pleno dia"";""Crescente"";""Céu Claro"";""Dupla"";""Reta"";""Sim"";328473;""Automóvel"";""GM/CORSA GLS"";1996;""Condutor"";""Ileso"";24;""Masculino"";1;0;0;0;-22",88088;-43,"824417;""SR-RJ"";""DEL5/3"";""UOP01/RJ""",
"184714;407387;2019-01-12;""sábado"";""08:10:00"";""RJ"";101;408;""ITAGUAI"";""Não"";""Desobediência às normas de trânsito pelo condutor"";1;""Colisão lateral"";""Com Vítimas Feridas"";""Pleno dia"";""Crescente"";""Céu Claro"";""Dupla"";""Reta"";""Sim"";328473;""Automóvel"";""GM/CORSA GLS"";1996;""Condutor"";""Ileso"";24;""Masculino"";1;0;0;0;-22",88088;-43,"824417;""SR-RJ"";""DEL5/3"";""UOP01/RJ""",
"184714;407387;2019-01-12;""sábado"";""08:10:00"";""RJ"";101;408;""ITAGUAI"";""Não"";""Ingestão de Álcool"";1;""Colisão lateral"";""Com Vítimas Feridas"";""Pleno dia"";""Crescente"";""Céu Claro"";""Dupla"";""Reta"";""Sim"";328473;""Automóvel"";""GM/CORSA GLS"";1996;""Condutor"";""Ileso"";24;""Masculino"";1;0;0;0;-22",88088;-43,"824417;""SR-RJ"";""DEL5/3"";""UOP01/RJ""",
"184714;407387;2019-01-12;""sábado"";""08:10:00"";""RJ"";101;408;""ITAGUAI"";""Não"";""Não guardar distância de segurança"";1;""Colisão lateral"";""Com Vítimas Feridas"";""Pleno dia"";""Crescente"";""Céu Claro"";""Dupla"";""Reta"";""Sim"";328473;""Automóvel"";""GM/CORSA GLS"";1996;""Condutor"";""Ileso"";24;""Masculino"";1;0;0;0;-22",88088;-43,"824417;""SR-RJ"";""DEL5/3"";""UOP01/RJ""",
"184714;407388;2019-01-12;""sábado"";""08:10:00"";""RJ"";101;408;""ITAGUAI"";""Sim"";""Ingestão de Substâncias Psicoativas"";4;""Capotamento"";""Com Vítimas Feridas"";""Pleno dia"";""Crescente"";""Céu Claro"";""Dupla"";""Reta"";""Sim"";328473;""Automóvel"";""GM/CORSA GLS"";1996;""Passageiro"";""Lesões Graves"";21;""Feminino"";0;0;1;0;-22",88088;-43,"824417;""SR-RJ"";""DEL5/3"";""UOP01/RJ""",
"184714;407388;2019-01-12;""sábado"";""08:10:00"";""RJ"";101;408;""ITAGUAI"";""Não"";""Desobediência às normas de trânsito pelo condutor"";4;""Capotamento"";""Com Vítimas Feridas"";""Pleno dia"";""Crescente"";""Céu Claro"";""Dupla"";""Reta"";""Sim"";328473;""Automóvel"";""GM/CORSA GLS"";1996;""Passageiro"";""Lesões Graves"";21;""Feminino"";0;0;1;0;-22",88088;-43,"824417;""SR-RJ"";""DEL5/3"";""UOP01/RJ""",
"184714;407388;2019-01-12;""sábado"";""08:10:00"";""RJ"";101;408;""ITAGUAI"";""Não"";""Ingestão de Álcool"";4;""Capotamento"";""Com Vítimas Feridas"";""Pleno dia"";""Crescente"";""Céu Claro"";""Dupla"";""Reta"";""Sim"";328473;""Automóvel"";""GM/CORSA GLS"";1996;""Passageiro"";""Lesões Graves"";21;""Feminino"";0;0;1;0;-22",88088;-43,"824417;""SR-RJ"";""DEL5/3"";""UOP01/RJ""",
"184714;407388;2019-01-12;""sábado"";""08:10:00"";""RJ"";101;408;""ITAGUAI"";""Não"";""Não guardar distância de segurança"";4;""Capotamento"";""Com Vítimas Feridas"";""Pleno dia"";""Crescente"";""Céu Claro"";""Dupla"";""Reta"";""Sim"";328473;""Automóvel"";""GM/CORSA GLS"";1996;""Passageiro"";""Lesões Graves"";21;""Feminino"";0;0;1;0;-22",88088;-43,"824417;""SR-RJ"";""DEL5/3"";""UOP01/RJ""",
"184714;407388;2019-01-12;""sábado"";""08:10:00"";""RJ"";101;408;""ITAGUAI"";""Sim"";""Ingestão de Substâncias Psicoativas"";3;""Capotamento"";""Com Vítimas Feridas"";""Pleno dia"";""Crescente"";""Céu Claro"";""Dupla"";""Reta"";""Sim"";328473;""Automóvel"";""GM/CORSA GLS"";1996;""Passageiro"";""Lesões Graves"";21;""Feminino"";0;0;1;0;-22",88088;-43,"824417;""SR-RJ"";""DEL5/3"";""UOP01/RJ""",
"184714;407388;2019-01-12;""sábado"";""08:10:00"";""RJ"";101;408;""ITAGUAI"";""Não"";""Desobediência às normas de trânsito pelo condutor"";3;""Capotamento"";""Com Vítimas Feridas"";""Pleno dia"";""Crescente"";""Céu Claro"";""Dupla"";""Reta"";""Sim"";328473;""Automóvel"";""GM/CORSA GLS"";1996;""Passageiro"";""Lesões Graves"";21;""Feminino"";0;0;1;0;-22",88088;-43,"824417;""SR-RJ"";""DEL5/3"";""UOP01/RJ""",
"184714;407388;2019-01-12;""sábado"";""08:10:00"";""RJ"";101;408;""ITAGUAI"";""Não"";""Ingestão de Álcool"";3;""Capotamento"";""Com Vítimas Feridas"";""Pleno dia"";""Crescente"";""Céu Claro"";""Dupla"";""Reta"";""Sim"";328473;""Automóvel"";""GM/CORSA GLS"";1996;""Passageiro"";""Lesões Graves"";21;""Feminino"";0;0;1;0;-22",88088;-43,"824417;""SR-RJ"";""DEL5/3"";""UOP01/RJ""",
"184714;407388;2019-01-12;""sábado"";""08:10:00"";""RJ"";101;408;""ITAGUAI"";""Não"";""Não guardar distância de segurança"";3;""Capotamento"";""Com Vítimas Feridas"";""Pleno dia"";""Crescente"";""Céu Claro"";""Dupla"";""Reta"";""Sim"";328473;""Automóvel"";""GM/CORSA GLS"";1996;""Passageiro"";""Lesões Graves"";21;""Feminino"";0;0;1;0;-22",88088;-43,"824417;""SR-RJ"";""DEL5/3"";""UOP01/RJ""",
"184714;407388;2019-01-12;""sábado"";""08:10:00"";""RJ"";101;408;""ITAGUAI"";""Sim"";""Ingestão de Substâncias Psicoativas"";2;""Colisão traseira"";""Com Vítimas Feridas"";""Pleno dia"";""Crescente"";""Céu Claro"";""Dupla"";""Reta"";""Sim"";328473;""Automóvel"";""GM/CORSA GLS"";1996;""Passageiro"";""Lesões Graves"";21;""Feminino"";0;0;1;0;-22",88088;-43,"824417;""SR-RJ"";""DEL5/3"";""UOP01/RJ""",
"184714;407388;2019-01-12;""sábado"";""08:10:00"";""RJ"";101;408;""ITAGUAI"";""Não"";""Desobediência às normas de trânsito pelo condutor"";2;""Colisão traseira"";""Com Vítimas Feridas"";""Pleno dia"";""Crescente"";""Céu Claro"";""Dupla"";""Reta"";""Sim"";328473;""Automóvel"";""GM/CORSA GLS"";1996;""Passageiro"";""Lesões Graves"";21;""Feminino"";0;0;1;0;-22",88088;-43,"824417;""SR-RJ"";""DEL5/3"";""UOP01/RJ""",
"184714;407388;2019-01-12;""sábado"";""08:10:00"";""RJ"";101;408;""ITAGUAI"";""Não"";""Ingestão de Álcool"";2;""Colisão traseira"";""Com Vítimas Feridas"";""Pleno dia"";""Crescente"";""Céu Claro"";""Dupla"";""Reta"";""Sim"";328473;""Automóvel"";""GM/CORSA GLS"";1996;""Passageiro"";""Lesões Graves"";21;""Feminino"";0;0;1;0;-22",88088;-43,"824417;""SR-RJ"";""DEL5/3"";""UOP01/RJ""",
"184714;407388;2019-01-12;""sábado"";""08:10:00"";""RJ"";101;408;""ITAGUAI"";""Não"";""Não guardar distância de segurança"";2;""Colisão traseira"";""Com Vítimas Feridas"";""Pleno dia"";""Crescente"";""Céu Claro"";""Dupla"";""Reta"";""Sim"";328473;""Automóvel"";""GM/CORSA GLS"";1996;""Passageiro"";""Lesões Graves"";21;""Feminino"";0;0;1;0;-22",88088;-43,"824417;""SR-RJ"";""DEL5/3"";""UOP01/RJ""",
"184714;407388;2019-01-12;""sábado"";""08:10:00"";""RJ"";101;408;""ITAGUAI"";""Sim"";""Ingestão de Substâncias Psicoativas"";1;""Colisão lateral"";""Com Vítimas Feridas"";""Pleno dia"";""Crescente"";""Céu Claro"";""Dupla"";""Reta"";""Sim"";328473;""Automóvel"";""GM/CORSA GLS"";1996;""Passageiro"";""Lesões Graves"";21;""Feminino"";0;0;1;0;-22",88088;-43,"824417;""SR-RJ"";""DEL5/3"";""UOP01/RJ""",
"184714;407388;2019-01-12;""sábado"";""08:10:00"";""RJ"";101;408;""ITAGUAI"";""Não"";""Desobediência às normas de trânsito pelo condutor"";1;""Colisão lateral"";""Com Vítimas Feridas"";""Pleno dia"";""Crescente"";""Céu Claro"";""Dupla"";""Reta"";""Sim"";328473;""Automóvel"";""GM/CORSA GLS"";1996;""Passageiro"";""Lesões Graves"";21;""Feminino"";0;0;1;0;-22",88088;-43,"824417;""SR-RJ"";""DEL5/3"";""UOP01/RJ""",
"184714;407388;2019-01-12;""sábado"";""08:10:00"";""RJ"";101;408;""ITAGUAI"";""Não"";""Ingestão de Álcool"";1;""Colisão lateral"";""Com Vítimas Feridas"";""Pleno dia"";""Crescente"";""Céu Claro"";""Dupla"";""Reta"";""Sim"";328473;""Automóvel"";""GM/CORSA GLS"";1996;""Passageiro"";""Lesões Graves"";21;""Feminino"";0;0;1;0;-22",88088;-43,"824417;""SR-RJ"";""DEL5/3"";""UOP01/RJ""",
"184714;407388;2019-01-12;""sábado"";""08:10:00"";""RJ"";101;408;""ITAGUAI"";""Não"";""Não guardar distância de segurança"";1;""Colisão lateral"";""Com Vítimas Feridas"";""Pleno dia"";""Crescente"";""Céu Claro"";""Dupla"";""Reta"";""Sim"";328473;""Automóvel"";""GM/CORSA GLS"";1996;""Passageiro"";""Lesões Graves"";21;""Feminino"";0;0;1;0;-22",88088;-43,"824417;""SR-RJ"";""DEL5/3"";""UOP01/RJ""",
"184714;407395;2019-01-12;""sábado"";""08:10:00"";""RJ"";101;408;""ITAGUAI"";""Sim"";""Ingestão de Substâncias Psicoativas"";4;""Capotamento"";""Com Vítimas Feridas"";""Pleno dia"";""Crescente"";""Céu Claro"";""Dupla"";""Reta"";""Sim"";328475;""Automóvel"";""CHEV/PRISMA 1.0MT LT"";2014;""Condutor"";""Ileso"";42;""Masculino"";1;0;0;0;-22",88088;-43,"824417;""SR-RJ"";""DEL5/3"";""UOP01/RJ""",
"184714;407395;2019-01-12;""sábado"";""08:10:00"";""RJ"";101;408;""ITAGUAI"";""Não"";""Desobediência às normas de trânsito pelo condutor"";4;""Capotamento"";""Com Vítimas Feridas"";""Pleno dia"";""Crescente"";""Céu Claro"";""Dupla"";""Reta"";""Sim"";328475;""Automóvel"";""CHEV/PRISMA 1.0MT LT"";2014;""Condutor"";""Ileso"";42;""Masculino"";1;0;0;0;-22",88088;-43,"824417;""SR-RJ"";""DEL5/3"";""UOP01/RJ""",
"184714;407395;2019-01-12;""sábado"";""08:10:00"";""RJ"";101;408;""ITAGUAI"";""Não"";""Ingestão de Álcool"";4;""Capotamento"";""Com Vítimas Feridas"";""Pleno dia"";""Crescente"";""Céu Claro"";""Dupla"";""Reta"";""Sim"";328475;""Automóvel"";""CHEV/PRISMA 1.0MT LT"";2014;""Condutor"";""Ileso"";42;""Masculino"";1;0;0;0;-22",88088;-43,"824417;""SR-RJ"";""DEL5/3"";""UOP01/RJ""",
"184714;407395;2019-01-12;""sábado"";""08:10:00"";""RJ"";101;408;""ITAGUAI"";""Não"";""Não guardar distância de segurança"";4;""Capotamento"";""Com Vítimas Feridas"";""Pleno dia"";""Crescente"";""Céu Claro"";""Dupla"";""Reta"";""Sim"";328475;""Automóvel"";""CHEV/PRISMA 1.0MT LT"";2014;""Condutor"";""Ileso"";42;""Masculino"";1;0;0;0;-22",88088;-43,"824417;""SR-RJ"";""DEL5/3"";""UOP01/RJ""",
"184714;407395;2019-01-12;""sábado"";""08:10:00"";""RJ"";101;408;""ITAGUAI"";""Sim"";""Ingestão de Substâncias Psicoativas"";3;""Capotamento"";""Com Vítimas Feridas"";""Pleno dia"";""Crescente"";""Céu Claro"";""Dupla"";""Reta"";""Sim"";328475;""Automóvel"";""CHEV/PRISMA 1.0MT LT"";2014;""Condutor"";""Ileso"";42;""Masculino"";1;0;0;0;-22",88088;-43,"824417;""SR-RJ"";""DEL5/3"";""UOP01/RJ""",
"184714;407395;2019-01-12;""sábado"";""08:10:00"";""RJ"";101;408;""ITAGUAI"";""Não"";""Desobediência às normas de trânsito pelo condutor"";3;""Capotamento"";""Com Vítimas Feridas"";""Pleno dia"";""Crescente"";""Céu Claro"";""Dupla"";""Reta"";""Sim"";328475;""Automóvel"";""CHEV/PRISMA 1.0MT LT"";2014;""Condutor"";""Ileso"";42;""Masculino"";1;0;0;0;-22",88088;-43,"824417;""SR-RJ"";""DEL5/3"";""UOP01/RJ""",
"184714;407395;2019-01-12;""sábado"";""08:10:00"";""RJ"";101;408;""ITAGUAI"";""Não"";""Ingestão de Álcool"";3;""Capotamento"";""Com Vítimas Feridas"";""Pleno dia"";""Crescente"";""Céu Claro"";""Dupla"";""Reta"";""Sim"";328475;""Automóvel"";""CHEV/PRISMA 1.0MT LT"";2014;""Condutor"";""Ileso"";42;""Masculino"";1;0;0;0;-22",88088;-43,"824417;""SR-RJ"";""DEL5/3"";""UOP01/RJ""",
"184714;407395;2019-01-12;""sábado"";""08:10:00"";""RJ"";101;408;""ITAGUAI"";""Não"";""Não guardar distância de segurança"";3;""Capotamento"";""Com Vítimas Feridas"";""Pleno dia"";""Crescente"";""Céu Claro"";""Dupla"";""Reta"";""Sim"";328475;""Automóvel"";""CHEV/PRISMA 1.0MT LT"";2014;""Condutor"";""Ileso"";42;""Masculino"";1;0;0;0;-22",88088;-43,"824417;""SR-RJ"";""DEL5/3"";""UOP01/RJ""",
"184714;407395;2019-01-12;""sábado"";""08:10:00"";""RJ"";101;408;""ITAGUAI"";""Sim"";""Ingestão de Substâncias Psicoativas"";2;""Colisão traseira"";""Com Vítimas Feridas"";""Pleno dia"";""Crescente"";""Céu Claro"";""Dupla"";""Reta"";""Sim"";328475;""Automóvel"";""CHEV/PRISMA 1.0MT LT"";2014;""Condutor"";""Ileso"";42;""Masculino"";1;0;0;0;-22",88088;-43,"824417;""SR-RJ"";""DEL5/3"";""UOP01/RJ""",
"184714;407395;2019-01-12;""sábado"";""08:10:00"";""RJ"";101;408;""ITAGUAI"";""Não"";""Desobediência às normas de trânsito pelo condutor"";2;""Colisão traseira"";""Com Vítimas Feridas"";""Pleno dia"";""Crescente"";""Céu Claro"";""Dupla"";""Reta"";""Sim"";328475;""Automóvel"";""CHEV/PRISMA 1.0MT LT"";2014;""Condutor"";""Ileso"";42;""Masculino"";1;0;0;0;-22",88088;-43,"824417;""SR-RJ"";""DEL5/3"";""UOP01/RJ""",
"184714;407395;2019-01-12;""sábado"";""08:10:00"";""RJ"";101;408;""ITAGUAI"";""Não"";""Ingestão de Álcool"";2;""Colisão traseira"";""Com Vítimas Feridas"";""Pleno dia"";""Crescente"";""Céu Claro"";""Dupla"";""Reta"";""Sim"";328475;""Automóvel"";""CHEV/PRISMA 1.0MT LT"";2014;""Condutor"";""Ileso"";42;""Masculino"";1;0;0;0;-22",88088;-43,"824417;""SR-RJ"";""DEL5/3"";""UOP01/RJ""",
"184714;407395;2019-01-12;""sábado"";""08:10:00"";""RJ"";101;408;""ITAGUAI"";""Não"";""Não guardar distância de segurança"";2;""Colisão traseira"";""Com Vítimas Feridas"";""Pleno dia"";""Crescente"";""Céu Claro"";""Dupla"";""Reta"";""Sim"";328475;""Automóvel"";""CHEV/PRISMA 1.0MT LT"";2014;""Condutor"";""Ileso"";42;""Masculino"";1;0;0;0;-22",88088;-43,"824417;""SR-RJ"";""DEL5/3"";""UOP01/RJ""",
"184714;407395;2019-01-12;""sábado"";""08:10:00"";""RJ"";101;408;""ITAGUAI"";""Sim"";""Ingestão de Substâncias Psicoativas"";1;""Colisão lateral"";""Com Vítimas Feridas"";""Pleno dia"";""Crescente"";""Céu Claro"";""Dupla"";""Reta"";""Sim"";328475;""Automóvel"";""CHEV/PRISMA 1.0MT LT"";2014;""Condutor"";""Ileso"";42;""Masculino"";1;0;0;0;-22",88088;-43,"824417;""SR-RJ"";""DEL5/3"";""UOP01/RJ""",
"184714;407395;2019-01-12;""sábado"";""08:10:00"";""RJ"";101;408;""ITAGUAI"";""Não"";""Desobediência às normas de trânsito pelo condutor"";1;""Colisão lateral"";""Com Vítimas Feridas"";""Pleno dia"";""Crescente"";""Céu Claro"";""Dupla"";""Reta"";""Sim"";328475;""Automóvel"";""CHEV/PRISMA 1.0MT LT"";2014;""Condutor"";""Ileso"";42;""Masculino"";1;0;0;0;-22",88088;-43,"824417;""SR-RJ"";""DEL5/3"";""UOP01/RJ""",
"184714;407395;2019-01-12;""sábado"";""08:10:00"";""RJ"";101;408;""ITAGUAI"";""Não"";""Ingestão de Álcool"";1;""Colisão lateral"";""Com Vítimas Feridas"";""Pleno dia"";""Crescente"";""Céu Claro"";""Dupla"";""Reta"";""Sim"";328475;""Automóvel"";""CHEV/PRISMA 1.0MT LT"";2014;""Condutor"";""Ileso"";42;""Masculino"";1;0;0;0;-22",88088;-43,"824417;""SR-RJ"";""DEL5/3"";""UOP01/RJ""",
"184714;407395;2019-01-12;""sábado"";""08:10:00"";""RJ"";101;408;""ITAGUAI"";""Não"";""Não guardar distância de segurança"";1;""Colisão lateral"";""Com Vítimas Feridas"";""Pleno dia"";""Crescente"";""Céu Claro"";""Dupla"";""Reta"";""Sim"";328475;""Automóvel"";""CHEV/PRISMA 1.0MT LT"";2014;""Condutor"";""Ileso"";42;""Masculino"";1;0;0;0;-22",88088;-43,"824417;""SR-RJ"";""DEL5/3"";""UOP01/RJ""",
"184714;407398;2019-01-12;""sábado"";""08:10:00"";""RJ"";101;408;""ITAGUAI"";""Sim"";""Ingestão de Substâncias Psicoativas"";4;""Capotamento"";""Com Vítimas Feridas"";""Pleno dia"";""Crescente"";""Céu Claro"";""Dupla"";""Reta"";""Sim"";328474;""Automóvel"";""NISSAN/MARCH 10SV"";2018;""Testemunha"";""Não Informado"";NA;""Não Informado"";0;0;0;0;-22",88088;-43,"824417;""SR-RJ"";""DEL5/3"";""UOP01/RJ""",
"184714;407398;2019-01-12;""sábado"";""08:10:00"";""RJ"";101;408;""ITAGUAI"";""Não"";""Desobediência às normas de trânsito pelo condutor"";4;""Capotamento"";""Com Vítimas Feridas"";""Pleno dia"";""Crescente"";""Céu Claro"";""Dupla"";""Reta"";""Sim"";328474;""Automóvel"";""NISSAN/MARCH 10SV"";2018;""Testemunha"";""Não Informado"";NA;""Não Informado"";0;0;0;0;-22",88088;-43,"824417;""SR-RJ"";""DEL5/3"";""UOP01/RJ""",