"id;""pesid"";""data_inversa"";""dia_semana"";""horario"";""uf"";""br"";""km"";""municipio"";""causa_principal"";""causa_acidente"";""ordem_tipo_acidente"";""tipo_acidente"";""classificacao_acidente"";""fase_dia"";""sentido_via"";""condicao_metereologica"";""tipo_pista"";""tracado_via"";""uso_solo"";""id_veiculo"";""tipo_veiculo"";""marca"";""ano_fabricacao_veiculo"";""tipo_envolvido"";""estado_fisico"";""idade"";""sexo"";""ilesos"";""feridos_leves"";""feridos_graves"";""mortos"";""latitude"";""longitude"";""regional"";""delegacia"";""uop""",,,
"184714;407398;2019-01-12;""sábado"";""08:10:00"";""RJ"";101;408;""ITAGUAI"";""Não"";""Ingestão de Álcool"";4;""Capotamento"";""Com Vítimas Feridas"";""Pleno dia"";""Crescente"";""Céu Claro"";""Dupla"";""Reta"";""Sim"";328474;""Automóvel"";""NISSAN/MARCH 10SV"";2018;""Testemunha"";""Não Informado"";NA;""Não Informado"";0;0;0;0;-22",88088;-43,"824417;""SR-RJ"";""DEL5/3"";""UOP01/RJ""",
"184714;407398;2019-01-12;""sábado"";""08:10:00"";""RJ"";101;408;""ITAGUAI"";""Não"";""Não guardar distância de segurança"";4;""Capotamento"";""Com Vítimas Feridas"";""Pleno dia"";""Crescente"";""Céu Claro"";""Dupla"";""Reta"";""Sim"";328474;""Automóvel"";""NISSAN/MARCH 10SV"";2018;""Testemunha"";""Não Informado"";NA;""Não Informado"";0;0;0;0;-22",88088;-43,"824417;""SR-RJ"";""DEL5/3"";""UOP01/RJ""",
"184714;407398;2019-01-12;""sábado"";""08:10:00"";""RJ"";101;408;""ITAGUAI"";""Sim"";""Ingestão de Substâncias Psicoativas"";3;""Capotamento"";""Com Vítimas Feridas"";""Pleno dia"";""Crescente"";""Céu Claro"";""Dupla"";""Reta"";""Sim"";328474;""Automóvel"";""NISSAN/MARCH 10SV"";2018;""Testemunha"";""Não Informado"";NA;""Não Informado"";0;0;0;0;-22",88088;-43,"824417;""SR-RJ"";""DEL5/3"";""UOP01/RJ""",
"184714;407398;2019-01-12;""sábado"";""08:10:00"";""RJ"";101;408;""ITAGUAI"";""Não"";""Desobediência às normas de trânsito pelo condutor"";3;""Capotamento"";""Com Vítimas Feridas"";""Pleno dia"";""Crescente"";""Céu Claro"";""Dupla"";""Reta"";""Sim"";328474;""Automóvel"";""NISSAN/MARCH 10SV"";2018;""Testemunha"";""Não Informado"";NA;""Não Informado"";0;0;0;0;-22",88088;-43,"824417;""SR-RJ"";""DEL5/3"";""UOP01/RJ""",
"184714;407398;2019-01-12;""sábado"";""08:10:00"";""RJ"";101;408;""ITAGUAI"";""Não"";""Ingestão de Álcool"";3;""Capotamento"";""Com Vítimas Feridas"";""Pleno dia"";""Crescente"";""Céu Claro"";""Dupla"";""Reta"";""Sim"";328474;""Automóvel"";""NISSAN/MARCH 10SV"";2018;""Testemunha"";""Não Informado"";NA;""Não Informado"";0;0;0;0;-22",88088;-43,"824417;""SR-RJ"";""DEL5/3"";""UOP01/RJ""",
"184714;407398;2019-01-12;""sábado"";""08:10:00"";""RJ"";101;408;""ITAGUAI"";""Não"";""Não guardar distância de segurança"";3;""Capotamento"";""Com Vítimas Feridas"";""Pleno dia"";""Crescente"";""Céu Claro"";""Dupla"";""Reta"";""Sim"";328474;""Automóvel"";""NISSAN/MARCH 10SV"";2018;""Testemunha"";""Não Informado"";NA;""Não Informado"";0;0;0;0;-22",88088;-43,"824417;""SR-RJ"";""DEL5/3"";""UOP01/RJ""",
"184714;407398;2019-01-12;""sábado"";""08:10:00"";""RJ"";101;408;""ITAGUAI"";""Sim"";""Ingestão de Substâncias Psicoativas"";2;""Colisão traseira"";""Com Vítimas Feridas"";""Pleno dia"";""Crescente"";""Céu Claro"";""Dupla"";""Reta"";""Sim"";328474;""Automóvel"";""NISSAN/MARCH 10SV"";2018;""Testemunha"";""Não Informado"";NA;""Não Informado"";0;0;0;0;-22",88088;-43,"824417;""SR-RJ"";""DEL5/3"";""UOP01/RJ""",
"184714;407398;2019-01-12;""sábado"";""08:10:00"";""RJ"";101;408;""ITAGUAI"";""Não"";""Desobediência às normas de trânsito pelo condutor"";2;""Colisão traseira"";""Com Vítimas Feridas"";""Pleno dia"";""Crescente"";""Céu Claro"";""Dupla"";""Reta"";""Sim"";328474;""Automóvel"";""NISSAN/MARCH 10SV"";2018;""Testemunha"";""Não Informado"";NA;""Não Informado"";0;0;0;0;-22",88088;-43,"824417;""SR-RJ"";""DEL5/3"";""UOP01/RJ""",
"184714;407398;2019-01-12;""sábado"";""08:10:00"";""RJ"";101;408;""ITAGUAI"";""Não"";""Ingestão de Álcool"";2;""Colisão traseira"";""Com Vítimas Feridas"";""Pleno dia"";""Crescente"";""Céu Claro"";""Dupla"";""Reta"";""Sim"";328474;""Automóvel"";""NISSAN/MARCH 10SV"";2018;""Testemunha"";""Não Informado"";NA;""Não Informado"";0;0;0;0;-22",88088;-43,"824417;""SR-RJ"";""DEL5/3"";""UOP01/RJ""",
"184714;407398;2019-01-12;""sábado"";""08:10:00"";""RJ"";101;408;""ITAGUAI"";""Não"";""Não guardar distância de segurança"";2;""Colisão traseira"";""Com Vítimas Feridas"";""Pleno dia"";""Crescente"";""Céu Claro"";""Dupla"";""Reta"";""Sim"";328474;""Automóvel"";""NISSAN/MARCH 10SV"";2018;""Testemunha"";""Não Informado"";NA;""Não Informado"";0;0;0;0;-22",88088;-43,"824417;""SR-RJ"";""DEL5/3"";""UOP01/RJ""",
"184714;407398;2019-01-12;""sábado"";""08:10:00"";""RJ"";101;408;""ITAGUAI"";""Sim"";""Ingestão de Substâncias Psicoativas"";1;""Colisão lateral"";""Com Vítimas Feridas"";""Pleno dia"";""Crescente"";""Céu Claro"";""Dupla"";""Reta"";""Sim"";328474;""Automóvel"";""NISSAN/MARCH 10SV"";2018;""Testemunha"";""Não Informado"";NA;""Não Informado"";0;0;0;0;-22",88088;-43,"824417;""SR-RJ"";""DEL5/3"";""UOP01/RJ""",
"184714;407398;2019-01-12;""sábado"";""08:10:00"";""RJ"";101;408;""ITAGUAI"";""Não"";""Desobediência às normas de trânsito pelo condutor"";1;""Colisão lateral"";""Com Vítimas Feridas"";""Pleno dia"";""Crescente"";""Céu Claro"";""Dupla"";""Reta"";""Sim"";328474;""Automóvel"";""NISSAN/MARCH 10SV"";2018;""Testemunha"";""Não Informado"";NA;""Não Informado"";0;0;0;0;-22",88088;-43,"824417;""SR-RJ"";""DEL5/3"";""UOP01/RJ""",
"184714;407398;2019-01-12;""sábado"";""08:10:00"";""RJ"";101;408;""ITAGUAI"";""Não"";""Ingestão de Álcool"";1;""Colisão lateral"";""Com Vítimas Feridas"";""Pleno dia"";""Crescente"";""Céu Claro"";""Dupla"";""Reta"";""Sim"";328474;""Automóvel"";""NISSAN/MARCH 10SV"";2018;""Testemunha"";""Não Informado"";NA;""Não Informado"";0;0;0;0;-22",88088;-43,"824417;""SR-RJ"";""DEL5/3"";""UOP01/RJ""",
"184714;407398;2019-01-12;""sábado"";""08:10:00"";""RJ"";101;408;""ITAGUAI"";""Não"";""Não guardar distância de segurança"";1;""Colisão lateral"";""Com Vítimas Feridas"";""Pleno dia"";""Crescente"";""Céu Claro"";""Dupla"";""Reta"";""Sim"";328474;""Automóvel"";""NISSAN/MARCH 10SV"";2018;""Testemunha"";""Não Informado"";NA;""Não Informado"";0;0;0;0;-22",88088;-43,"824417;""SR-RJ"";""DEL5/3"";""UOP01/RJ""",
"184714;407398;2019-01-12;""sábado"";""08:10:00"";""RJ"";101;408;""ITAGUAI"";""Sim"";""Ingestão de Substâncias Psicoativas"";4;""Capotamento"";""Com Vítimas Feridas"";""Pleno dia"";""Crescente"";""Céu Claro"";""Dupla"";""Reta"";""Sim"";328475;""Automóvel"";""CHEV/PRISMA 1.0MT LT"";2014;""Testemunha"";""Não Informado"";NA;""Não Informado"";0;0;0;0;-22",88088;-43,"824417;""SR-RJ"";""DEL5/3"";""UOP01/RJ""",
"184714;407398;2019-01-12;""sábado"";""08:10:00"";""RJ"";101;408;""ITAGUAI"";""Não"";""Desobediência às normas de trânsito pelo condutor"";4;""Capotamento"";""Com Vítimas Feridas"";""Pleno dia"";""Crescente"";""Céu Claro"";""Dupla"";""Reta"";""Sim"";328475;""Automóvel"";""CHEV/PRISMA 1.0MT LT"";2014;""Testemunha"";""Não Informado"";NA;""Não Informado"";0;0;0;0;-22",88088;-43,"824417;""SR-RJ"";""DEL5/3"";""UOP01/RJ""",
"184714;407398;2019-01-12;""sábado"";""08:10:00"";""RJ"";101;408;""ITAGUAI"";""Não"";""Ingestão de Álcool"";4;""Capotamento"";""Com Vítimas Feridas"";""Pleno dia"";""Crescente"";""Céu Claro"";""Dupla"";""Reta"";""Sim"";328475;""Automóvel"";""CHEV/PRISMA 1.0MT LT"";2014;""Testemunha"";""Não Informado"";NA;""Não Informado"";0;0;0;0;-22",88088;-43,"824417;""SR-RJ"";""DEL5/3"";""UOP01/RJ""",
"184714;407398;2019-01-12;""sábado"";""08:10:00"";""RJ"";101;408;""ITAGUAI"";""Não"";""Não guardar distância de segurança"";4;""Capotamento"";""Com Vítimas Feridas"";""Pleno dia"";""Crescente"";""Céu Claro"";""Dupla"";""Reta"";""Sim"";328475;""Automóvel"";""CHEV/PRISMA 1.0MT LT"";2014;""Testemunha"";""Não Informado"";NA;""Não Informado"";0;0;0;0;-22",88088;-43,"824417;""SR-RJ"";""DEL5/3"";""UOP01/RJ""",
"184714;407398;2019-01-12;""sábado"";""08:10:00"";""RJ"";101;408;""ITAGUAI"";""Sim"";""Ingestão de Substâncias Psicoativas"";3;""Capotamento"";""Com Vítimas Feridas"";""Pleno dia"";""Crescente"";""Céu Claro"";""Dupla"";""Reta"";""Sim"";328475;""Automóvel"";""CHEV/PRISMA 1.0MT LT"";2014;""Testemunha"";""Não Informado"";NA;""Não Informado"";0;0;0;0;-22",88088;-43,"824417;""SR-RJ"";""DEL5/3"";""UOP01/RJ""",
"184714;407398;2019-01-12;""sábado"";""08:10:00"";""RJ"";101;408;""ITAGUAI"";""Não"";""Desobediência às normas de trânsito pelo condutor"";3;""Capotamento"";""Com Vítimas Feridas"";""Pleno dia"";""Crescente"";""Céu Claro"";""Dupla"";""Reta"";""Sim"";328475;""Automóvel"";""CHEV/PRISMA 1.0MT LT"";2014;""Testemunha"";""Não Informado"";NA;""Não Informado"";0;0;0;0;-22",88088;-43,"824417;""SR-RJ"";""DEL5/3"";""UOP01/RJ""",
"184714;407398;2019-01-12;""sábado"";""08:10:00"";""RJ"";101;408;""ITAGUAI"";""Não"";""Ingestão de Álcool"";3;""Capotamento"";""Com Vítimas Feridas"";""Pleno dia"";""Crescente"";""Céu Claro"";""Dupla"";""Reta"";""Sim"";328475;""Automóvel"";""CHEV/PRISMA 1.0MT LT"";2014;""Testemunha"";""Não Informado"";NA;""Não Informado"";0;0;0;0;-22",88088;-43,"824417;""SR-RJ"";""DEL5/3"";""UOP01/RJ""",
"184714;407398;2019-01-12;""sábado"";""08:10:00"";""RJ"";101;408;""ITAGUAI"";""Não"";""Não guardar distância de segurança"";3;""Capotamento"";""Com Vítimas Feridas"";""Pleno dia"";""Crescente"";""Céu Claro"";""Dupla"";""Reta"";""Sim"";328475;""Automóvel"";""CHEV/PRISMA 1.0MT LT"";2014;""Testemunha"";""Não Informado"";NA;""Não Informado"";0;0;0;0;-22",88088;-43,"824417;""SR-RJ"";""DEL5/3"";""UOP01/RJ""",
"184714;407398;2019-01-12;""sábado"";""08:10:00"";""RJ"";101;408;""ITAGUAI"";""Sim"";""Ingestão de Substâncias Psicoativas"";2;""Colisão traseira"";""Com Vítimas Feridas"";""Pleno dia"";""Crescente"";""Céu Claro"";""Dupla"";""Reta"";""Sim"";328475;""Automóvel"";""CHEV/PRISMA 1.0MT LT"";2014;""Testemunha"";""Não Informado"";NA;""Não Informado"";0;0;0;0;-22",88088;-43,"824417;""SR-RJ"";""DEL5/3"";""UOP01/RJ""",
"184714;407398;2019-01-12;""sábado"";""08:10:00"";""RJ"";101;408;""ITAGUAI"";""Não"";""Desobediência às normas de trânsito pelo condutor"";2;""Colisão traseira"";""Com Vítimas Feridas"";""Pleno dia"";""Crescente"";""Céu Claro"";""Dupla"";""Reta"";""Sim"";328475;""Automóvel"";""CHEV/PRISMA 1.0MT LT"";2014;""Testemunha"";""Não Informado"";NA;""Não Informado"";0;0;0;0;-22",88088;-43,"824417;""SR-RJ"";""DEL5/3"";""UOP01/RJ""",
"184714;407398;2019-01-12;""sábado"";""08:10:00"";""RJ"";101;408;""ITAGUAI"";""Não"";""Ingestão de Álcool"";2;""Colisão traseira"";""Com Vítimas Feridas"";""Pleno dia"";""Crescente"";""Céu Claro"";""Dupla"";""Reta"";""Sim"";328475;""Automóvel"";""CHEV/PRISMA 1.0MT LT"";2014;""Testemunha"";""Não Informado"";NA;""Não Informado"";0;0;0;0;-22",88088;-43,"824417;""SR-RJ"";""DEL5/3"";""UOP01/RJ""",
"184714;407398;2019-01-12;""sábado"";""08:10:00"";""RJ"";101;408;""ITAGUAI"";""Não"";""Não guardar distância de segurança"";2;""Colisão traseira"";""Com Vítimas Feridas"";""Pleno dia"";""Crescente"";""Céu Claro"";""Dupla"";""Reta"";""Sim"";328475;""Automóvel"";""CHEV/PRISMA 1.0MT LT"";2014;""Testemunha"";""Não Informado"";NA;""Não Informado"";0;0;0;0;-22",88088;-43,"824417;""SR-RJ"";""DEL5/3"";""UOP01/RJ""",
"184714;407398;2019-01-12;""sábado"";""08:10:00"";""RJ"";101;408;""ITAGUAI"";""Sim"";""Ingestão de Substâncias Psicoativas"";1;""Colisão lateral"";""Com Vítimas Feridas"";""Pleno dia"";""Crescente"";""Céu Claro"";""Dupla"";""Reta"";""Sim"";328475;""Automóvel"";""CHEV/PRISMA 1.0MT LT"";2014;""Testemunha"";""Não Informado"";NA;""Não Informado"";0;0;0;0;-22",88088;-43,"824417;""SR-RJ"";""DEL5/3"";""UOP01/RJ""",
"184714;407398;2019-01-12;""sábado"";""08:10:00"";""RJ"";101;408;""ITAGUAI"";""Não"";""Desobediência às normas de trânsito pelo condutor"";1;""Colisão lateral"";""Com Vítimas Feridas"";""Pleno dia"";""Crescente"";""Céu Claro"";""Dupla"";""Reta"";""Sim"";328475;""Automóvel"";""CHEV/PRISMA 1.0MT LT"";2014;""Testemunha"";""Não Informado"";NA;""Não Informado"";0;0;0;0;-22",88088;-43,"824417;""SR-RJ"";""DEL5/3"";""UOP01/RJ""",
"184714;407398;2019-01-12;""sábado"";""08:10:00"";""RJ"";101;408;""ITAGUAI"";""Não"";""Ingestão de Álcool"";1;""Colisão lateral"";""Com Vítimas Feridas"";""Pleno dia"";""Crescente"";""Céu Claro"";""Dupla"";""Reta"";""Sim"";328475;""Automóvel"";""CHEV/PRISMA 1.0MT LT"";2014;""Testemunha"";""Não Informado"";NA;""Não Informado"";0;0;0;0;-22",88088;-43,"824417;""SR-RJ"";""DEL5/3"";""UOP01/RJ""",
"184714;407398;2019-01-12;""sábado"";""08:10:00"";""RJ"";101;408;""ITAGUAI"";""Não"";""Não guardar distância de segurança"";1;""Colisão lateral"";""Com Vítimas Feridas"";""Pleno dia"";""Crescente"";""Céu Claro"";""Dupla"";""Reta"";""Sim"";328475;""Automóvel"";""CHEV/PRISMA 1.0MT LT"";2014;""Testemunha"";""Não Informado"";NA;""Não Informado"";0;0;0;0;-22",88088;-43,"824417;""SR-RJ"";""DEL5/3"";""UOP01/RJ""",
"184714;407398;2019-01-12;""sábado"";""08:10:00"";""RJ"";101;408;""ITAGUAI"";""Sim"";""Ingestão de Substâncias Psicoativas"";4;""Capotamento"";""Com Vítimas Feridas"";""Pleno dia"";""Crescente"";""Céu Claro"";""Dupla"";""Reta"";""Sim"";328473;""Automóvel"";""GM/CORSA GLS"";1996;""Testemunha"";""Não Informado"";NA;""Não Informado"";0;0;0;0;-22",88088;-43,"824417;""SR-RJ"";""DEL5/3"";""UOP01/RJ""",
"184714;407398;2019-01-12;""sábado"";""08:10:00"";""RJ"";101;408;""ITAGUAI"";""Não"";""Desobediência às normas de trânsito pelo condutor"";4;""Capotamento"";""Com Vítimas Feridas"";""Pleno dia"";""Crescente"";""Céu Claro"";""Dupla"";""Reta"";""Sim"";328473;""Automóvel"";""GM/CORSA GLS"";1996;""Testemunha"";""Não Informado"";NA;""Não Informado"";0;0;0;0;-22",88088;-43,"824417;""SR-RJ"";""DEL5/3"";""UOP01/RJ""",
"184714;407398;2019-01-12;""sábado"";""08:10:00"";""RJ"";101;408;""ITAGUAI"";""Não"";""Ingestão de Álcool"";4;""Capotamento"";""Com Vítimas Feridas"";""Pleno dia"";""Crescente"";""Céu Claro"";""Dupla"";""Reta"";""Sim"";328473;""Automóvel"";""GM/CORSA GLS"";1996;""Testemunha"";""Não Informado"";NA;""Não Informado"";0;0;0;0;-22",88088;-43,"824417;""SR-RJ"";""DEL5/3"";""UOP01/RJ""",
"184714;407398;2019-01-12;""sábado"";""08:10:00"";""RJ"";101;408;""ITAGUAI"";""Não"";""Não guardar distância de segurança"";4;""Capotamento"";""Com Vítimas Feridas"";""Pleno dia"";""Crescente"";""Céu Claro"";""Dupla"";""Reta"";""Sim"";328473;""Automóvel"";""GM/CORSA GLS"";1996;""Testemunha"";""Não Informado"";NA;""Não Informado"";0;0;0;0;-22",88088;-43,"824417;""SR-RJ"";""DEL5/3"";""UOP01/RJ""",
"184714;407398;2019-01-12;""sábado"";""08:10:00"";""RJ"";101;408;""ITAGUAI"";""Sim"";""Ingestão de Substâncias Psicoativas"";3;""Capotamento"";""Com Vítimas Feridas"";""Pleno dia"";""Crescente"";""Céu Claro"";""Dupla"";""Reta"";""Sim"";328473;""Automóvel"";""GM/CORSA GLS"";1996;""Testemunha"";""Não Informado"";NA;""Não Informado"";0;0;0;0;-22",88088;-43,"824417;""SR-RJ"";""DEL5/3"";""UOP01/RJ""",
"184714;407398;2019-01-12;""sábado"";""08:10:00"";""RJ"";101;408;""ITAGUAI"";""Não"";""Desobediência às normas de trânsito pelo condutor"";3;""Capotamento"";""Com Vítimas Feridas"";""Pleno dia"";""Crescente"";""Céu Claro"";""Dupla"";""Reta"";""Sim"";328473;""Automóvel"";""GM/CORSA GLS"";1996;""Testemunha"";""Não Informado"";NA;""Não Informado"";0;0;0;0;-22",88088;-43,"824417;""SR-RJ"";""DEL5/3"";""UOP01/RJ""",
"184714;407398;2019-01-12;""sábado"";""08:10:00"";""RJ"";101;408;""ITAGUAI"";""Não"";""Ingestão de Álcool"";3;""Capotamento"";""Com Vítimas Feridas"";""Pleno dia"";""Crescente"";""Céu Claro"";""Dupla"";""Reta"";""Sim"";328473;""Automóvel"";""GM/CORSA GLS"";1996;""Testemunha"";""Não Informado"";NA;""Não Informado"";0;0;0;0;-22",88088;-43,"824417;""SR-RJ"";""DEL5/3"";""UOP01/RJ""",
"184714;407398;2019-01-12;""sábado"";""08:10:00"";""RJ"";101;408;""ITAGUAI"";""Não"";""Não guardar distância de segurança"";3;""Capotamento"";""Com Vítimas Feridas"";""Pleno dia"";""Crescente"";""Céu Claro"";""Dupla"";""Reta"";""Sim"";328473;""Automóvel"";""GM/CORSA GLS"";1996;""Testemunha"";""Não Informado"";NA;""Não Informado"";0;0;0;0;-22",88088;-43,"824417;""SR-RJ"";""DEL5/3"";""UOP01/RJ""",
"184714;407398;2019-01-12;""sábado"";""08:10:00"";""RJ"";101;408;""ITAGUAI"";""Sim"";""Ingestão de Substâncias Psicoativas"";2;""Colisão traseira"";""Com Vítimas Feridas"";""Pleno dia"";""Crescente"";""Céu Claro"";""Dupla"";""Reta"";""Sim"";328473;""Automóvel"";""GM/CORSA GLS"";1996;""Testemunha"";""Não Informado"";NA;""Não Informado"";0;0;0;0;-22",88088;-43,"824417;""SR-RJ"";""DEL5/3"";""UOP01/RJ""",
"184714;407398;2019-01-12;""sábado"";""08:10:00"";""RJ"";101;408;""ITAGUAI"";""Não"";""Desobediência às normas de trânsito pelo condutor"";2;""Colisão traseira"";""Com Vítimas Feridas"";""Pleno dia"";""Crescente"";""Céu Claro"";""Dupla"";""Reta"";""Sim"";328473;""Automóvel"";""GM/CORSA GLS"";1996;""Testemunha"";""Não Informado"";NA;""Não Informado"";0;0;0;0;-22",88088;-43,"824417;""SR-RJ"";""DEL5/3"";""UOP01/RJ""",
"184714;407398;2019-01-12;""sábado"";""08:10:00"";""RJ"";101;408;""ITAGUAI"";""Não"";""Ingestão de Álcool"";2;""Colisão traseira"";""Com Vítimas Feridas"";""Pleno dia"";""Crescente"";""Céu Claro"";""Dupla"";""Reta"";""Sim"";328473;""Automóvel"";""GM/CORSA GLS"";1996;""Testemunha"";""Não Informado"";NA;""Não Informado"";0;0;0;0;-22",88088;-43,"824417;""SR-RJ"";""DEL5/3"";""UOP01/RJ""",
"184714;407398;2019-01-12;""sábado"";""08:10:00"";""RJ"";101;408;""ITAGUAI"";""Não"";""Não guardar distância de segurança"";2;""Colisão traseira"";""Com Vítimas Feridas"";""Pleno dia"";""Crescente"";""Céu Claro"";""Dupla"";""Reta"";""Sim"";328473;""Automóvel"";""GM/CORSA GLS"";1996;""Testemunha"";""Não Informado"";NA;""Não Informado"";0;0;0;0;-22",88088;-43,"824417;""SR-RJ"";""DEL5/3"";""UOP01/RJ""",
"184714;407398;2019-01-12;""sábado"";""08:10:00"";""RJ"";101;408;""ITAGUAI"";""Sim"";""Ingestão de Substâncias Psicoativas"";1;""Colisão lateral"";""Com Vítimas Feridas"";""Pleno dia"";""Crescente"";""Céu Claro"";""Dupla"";""Reta"";""Sim"";328473;""Automóvel"";""GM/CORSA GLS"";1996;""Testemunha"";""Não Informado"";NA;""Não Informado"";0;0;0;0;-22",88088;-43,"824417;""SR-RJ"";""DEL5/3"";""UOP01/RJ""",
"184714;407398;2019-01-12;""sábado"";""08:10:00"";""RJ"";101;408;""ITAGUAI"";""Não"";""Desobediência às normas de trânsito pelo condutor"";1;""Colisão lateral"";""Com Vítimas Feridas"";""Pleno dia"";""Crescente"";""Céu Claro"";""Dupla"";""Reta"";""Sim"";328473;""Automóvel"";""GM/CORSA GLS"";1996;""Testemunha"";""Não Informado"";NA;""Não Informado"";0;0;0;0;-22",88088;-43,"824417;""SR-RJ"";""DEL5/3"";""UOP01/RJ""",
"184714;407398;2019-01-12;""sábado"";""08:10:00"";""RJ"";101;408;""ITAGUAI"";""Não"";""Ingestão de Álcool"";1;""Colisão lateral"";""Com Vítimas Feridas"";""Pleno dia"";""Crescente"";""Céu Claro"";""Dupla"";""Reta"";""Sim"";328473;""Automóvel"";""GM/CORSA GLS"";1996;""Testemunha"";""Não Informado"";NA;""Não Informado"";0;0;0;0;-22",88088;-43,"824417;""SR-RJ"";""DEL5/3"";""UOP01/RJ""",
"184714;407398;2019-01-12;""sábado"";""08:10:00"";""RJ"";101;408;""ITAGUAI"";""Não"";""Não guardar distância de segurança"";1;""Colisão lateral"";""Com Vítimas Feridas"";""Pleno dia"";""Crescente"";""Céu Claro"";""Dupla"";""Reta"";""Sim"";328473;""Automóvel"";""GM/CORSA GLS"";1996;""Testemunha"";""Não Informado"";NA;""Não Informado"";0;0;0;0;-22",88088;-43,"824417;""SR-RJ"";""DEL5/3"";""UOP01/RJ""",
"184714;407394;2019-01-12;""sábado"";""08:10:00"";""RJ"";101;408;""ITAGUAI"";""Sim"";""Ingestão de Substâncias Psicoativas"";4;""Capotamento"";""Com Vítimas Feridas"";""Pleno dia"";""Crescente"";""Céu Claro"";""Dupla"";""Reta"";""Sim"";328474;""Automóvel"";""NISSAN/MARCH 10SV"";2018;""Passageiro"";""Ileso"";65;""Feminino"";1;0;0;0;-22",88088;-43,"824417;""SR-RJ"";""DEL5/3"";""UOP01/RJ""",
"184714;407394;2019-01-12;""sábado"";""08:10:00"";""RJ"";101;408;""ITAGUAI"";""Não"";""Desobediência às normas de trânsito pelo condutor"";4;""Capotamento"";""Com Vítimas Feridas"";""Pleno dia"";""Crescente"";""Céu Claro"";""Dupla"";""Reta"";""Sim"";328474;""Automóvel"";""NISSAN/MARCH 10SV"";2018;""Passageiro"";""Ileso"";65;""Feminino"";1;0;0;0;-22",88088;-43,"824417;""SR-RJ"";""DEL5/3"";""UOP01/RJ""",
"184714;407394;2019-01-12;""sábado"";""08:10:00"";""RJ"";101;408;""ITAGUAI"";""Não"";""Ingestão de Álcool"";4;""Capotamento"";""Com Vítimas Feridas"";""Pleno dia"";""Crescente"";""Céu Claro"";""Dupla"";""Reta"";""Sim"";328474;""Automóvel"";""NISSAN/MARCH 10SV"";2018;""Passageiro"";""Ileso"";65;""Feminino"";1;0;0;0;-22",88088;-43,"824417;""SR-RJ"";""DEL5/3"";""UOP01/RJ""",
"184714;407394;2019-01-12;""sábado"";""08:10:00"";""RJ"";101;408;""ITAGUAI"";""Não"";""Não guardar distância de segurança"";4;""Capotamento"";""Com Vítimas Feridas"";""Pleno dia"";""Crescente"";""Céu Claro"";""Dupla"";""Reta"";""Sim"";328474;""Automóvel"";""NISSAN/MARCH 10SV"";2018;""Passageiro"";""Ileso"";65;""Feminino"";1;0;0;0;-22",88088;-43,"824417;""SR-RJ"";""DEL5/3"";""UOP01/RJ""",
"184714;407394;2019-01-12;""sábado"";""08:10:00"";""RJ"";101;408;""ITAGUAI"";""Sim"";""Ingestão de Substâncias Psicoativas"";3;""Capotamento"";""Com Vítimas Feridas"";""Pleno dia"";""Crescente"";""Céu Claro"";""Dupla"";""Reta"";""Sim"";328474;""Automóvel"";""NISSAN/MARCH 10SV"";2018;""Passageiro"";""Ileso"";65;""Feminino"";1;0;0;0;-22",88088;-43,"824417;""SR-RJ"";""DEL5/3"";""UOP01/RJ""",
"184714;407394;2019-01-12;""sábado"";""08:10:00"";""RJ"";101;408;""ITAGUAI"";""Não"";""Desobediência às normas de trânsito pelo condutor"";3;""Capotamento"";""Com Vítimas Feridas"";""Pleno dia"";""Crescente"";""Céu Claro"";""Dupla"";""Reta"";""Sim"";328474;""Automóvel"";""NISSAN/MARCH 10SV"";2018;""Passageiro"";""Ileso"";65;""Feminino"";1;0;0;0;-22",88088;-43,"824417;""SR-RJ"";""DEL5/3"";""UOP01/RJ""",
"184714;407394;2019-01-12;""sábado"";""08:10:00"";""RJ"";101;408;""ITAGUAI"";""Não"";""Ingestão de Álcool"";3;""Capotamento"";""Com Vítimas Feridas"";""Pleno dia"";""Crescente"";""Céu Claro"";""Dupla"";""Reta"";""Sim"";328474;""Automóvel"";""NISSAN/MARCH 10SV"";2018;""Passageiro"";""Ileso"";65;""Feminino"";1;0;0;0;-22",88088;-43,"824417;""SR-RJ"";""DEL5/3"";""UOP01/RJ""",
"184714;407394;2019-01-12;""sábado"";""08:10:00"";""RJ"";101;408;""ITAGUAI"";""Não"";""Não guardar distância de segurança"";3;""Capotamento"";""Com Vítimas Feridas"";""Pleno dia"";""Crescente"";""Céu Claro"";""Dupla"";""Reta"";""Sim"";328474;""Automóvel"";""NISSAN/MARCH 10SV"";2018;""Passageiro"";""Ileso"";65;""Feminino"";1;0;0;0;-22",88088;-43,"824417;""SR-RJ"";""DEL5/3"";""UOP01/RJ""",
"184714;407394;2019-01-12;""sábado"";""08:10:00"";""RJ"";101;408;""ITAGUAI"";""Sim"";""Ingestão de Substâncias Psicoativas"";2;""Colisão traseira"";""Com Vítimas Feridas"";""Pleno dia"";""Crescente"";""Céu Claro"";""Dupla"";""Reta"";""Sim"";328474;""Automóvel"";""NISSAN/MARCH 10SV"";2018;""Passageiro"";""Ileso"";65;""Feminino"";1;0;0;0;-22",88088;-43,"824417;""SR-RJ"";""DEL5/3"";""UOP01/RJ""",
"184714;407394;2019-01-12;""sábado"";""08:10:00"";""RJ"";101;408;""ITAGUAI"";""Não"";""Desobediência às normas de trânsito pelo condutor"";2;""Colisão traseira"";""Com Vítimas Feridas"";""Pleno dia"";""Crescente"";""Céu Claro"";""Dupla"";""Reta"";""Sim"";328474;""Automóvel"";""NISSAN/MARCH 10SV"";2018;""Passageiro"";""Ileso"";65;""Feminino"";1;0;0;0;-22",88088;-43,"824417;""SR-RJ"";""DEL5/3"";""UOP01/RJ""",