"id;""pesid"";""data_inversa"";""dia_semana"";""horario"";""uf"";""br"";""km"";""municipio"";""causa_principal"";""causa_acidente"";""ordem_tipo_acidente"";""tipo_acidente"";""classificacao_acidente"";""fase_dia"";""sentido_via"";""condicao_metereologica"";""tipo_pista"";""tracado_via"";""uso_solo"";""id_veiculo"";""tipo_veiculo"";""marca"";""ano_fabricacao_veiculo"";""tipo_envolvido"";""estado_fisico"";""idade"";""sexo"";""ilesos"";""feridos_leves"";""feridos_graves"";""mortos"";""latitude"";""longitude"";""regional"";""delegacia"";""uop""",,,
"184714;407391;2019-01-12;""sábado"";""08:10:00"";""RJ"";101;408;""ITAGUAI"";""Não"";""Não guardar distância de segurança"";2;""Colisão traseira"";""Com Vítimas Feridas"";""Pleno dia"";""Crescente"";""Céu Claro"";""Dupla"";""Reta"";""Sim"";328474;""Automóvel"";""NISSAN/MARCH 10SV"";2018;""Condutor"";""Ileso"";33;""Masculino"";1;0;0;0;-22",88088;-43,"824417;""SR-RJ"";""DEL5/3"";""UOP01/RJ""",
"184714;407391;2019-01-12;""sábado"";""08:10:00"";""RJ"";101;408;""ITAGUAI"";""Sim"";""Ingestão de Substâncias Psicoativas"";1;""Colisão lateral"";""Com Vítimas Feridas"";""Pleno dia"";""Crescente"";""Céu Claro"";""Dupla"";""Reta"";""Sim"";328474;""Automóvel"";""NISSAN/MARCH 10SV"";2018;""Condutor"";""Ileso"";33;""Masculino"";1;0;0;0;-22",88088;-43,"824417;""SR-RJ"";""DEL5/3"";""UOP01/RJ""",
"184714;407391;2019-01-12;""sábado"";""08:10:00"";""RJ"";101;408;""ITAGUAI"";""Não"";""Desobediência às normas de trânsito pelo condutor"";1;""Colisão lateral"";""Com Vítimas Feridas"";""Pleno dia"";""Crescente"";""Céu Claro"";""Dupla"";""Reta"";""Sim"";328474;""Automóvel"";""NISSAN/MARCH 10SV"";2018;""Condutor"";""Ileso"";33;""Masculino"";1;0;0;0;-22",88088;-43,"824417;""SR-RJ"";""DEL5/3"";""UOP01/RJ""",
"184714;407391;2019-01-12;""sábado"";""08:10:00"";""RJ"";101;408;""ITAGUAI"";""Não"";""Ingestão de Álcool"";1;""Colisão lateral"";""Com Vítimas Feridas"";""Pleno dia"";""Crescente"";""Céu Claro"";""Dupla"";""Reta"";""Sim"";328474;""Automóvel"";""NISSAN/MARCH 10SV"";2018;""Condutor"";""Ileso"";33;""Masculino"";1;0;0;0;-22",88088;-43,"824417;""SR-RJ"";""DEL5/3"";""UOP01/RJ""",
"184714;407391;2019-01-12;""sábado"";""08:10:00"";""RJ"";101;408;""ITAGUAI"";""Não"";""Não guardar distância de segurança"";1;""Colisão lateral"";""Com Vítimas Feridas"";""Pleno dia"";""Crescente"";""Céu Claro"";""Dupla"";""Reta"";""Sim"";328474;""Automóvel"";""NISSAN/MARCH 10SV"";2018;""Condutor"";""Ileso"";33;""Masculino"";1;0;0;0;-22",88088;-43,"824417;""SR-RJ"";""DEL5/3"";""UOP01/RJ""",
"184714;407389;2019-01-12;""sábado"";""08:10:00"";""RJ"";101;408;""ITAGUAI"";""Sim"";""Ingestão de Substâncias Psicoativas"";4;""Capotamento"";""Com Vítimas Feridas"";""Pleno dia"";""Crescente"";""Céu Claro"";""Dupla"";""Reta"";""Sim"";328473;""Automóvel"";""GM/CORSA GLS"";1996;""Passageiro"";""Ileso"";24;""Feminino"";1;0;0;0;-22",88088;-43,"824417;""SR-RJ"";""DEL5/3"";""UOP01/RJ""",
"184714;407389;2019-01-12;""sábado"";""08:10:00"";""RJ"";101;408;""ITAGUAI"";""Não"";""Desobediência às normas de trânsito pelo condutor"";4;""Capotamento"";""Com Vítimas Feridas"";""Pleno dia"";""Crescente"";""Céu Claro"";""Dupla"";""Reta"";""Sim"";328473;""Automóvel"";""GM/CORSA GLS"";1996;""Passageiro"";""Ileso"";24;""Feminino"";1;0;0;0;-22",88088;-43,"824417;""SR-RJ"";""DEL5/3"";""UOP01/RJ""",
"184714;407389;2019-01-12;""sábado"";""08:10:00"";""RJ"";101;408;""ITAGUAI"";""Não"";""Ingestão de Álcool"";4;""Capotamento"";""Com Vítimas Feridas"";""Pleno dia"";""Crescente"";""Céu Claro"";""Dupla"";""Reta"";""Sim"";328473;""Automóvel"";""GM/CORSA GLS"";1996;""Passageiro"";""Ileso"";24;""Feminino"";1;0;0;0;-22",88088;-43,"824417;""SR-RJ"";""DEL5/3"";""UOP01/RJ""",
"184714;407389;2019-01-12;""sábado"";""08:10:00"";""RJ"";101;408;""ITAGUAI"";""Não"";""Não guardar distância de segurança"";4;""Capotamento"";""Com Vítimas Feridas"";""Pleno dia"";""Crescente"";""Céu Claro"";""Dupla"";""Reta"";""Sim"";328473;""Automóvel"";""GM/CORSA GLS"";1996;""Passageiro"";""Ileso"";24;""Feminino"";1;0;0;0;-22",88088;-43,"824417;""SR-RJ"";""DEL5/3"";""UOP01/RJ""",
"184714;407389;2019-01-12;""sábado"";""08:10:00"";""RJ"";101;408;""ITAGUAI"";""Sim"";""Ingestão de Substâncias Psicoativas"";3;""Capotamento"";""Com Vítimas Feridas"";""Pleno dia"";""Crescente"";""Céu Claro"";""Dupla"";""Reta"";""Sim"";328473;""Automóvel"";""GM/CORSA GLS"";1996;""Passageiro"";""Ileso"";24;""Feminino"";1;0;0;0;-22",88088;-43,"824417;""SR-RJ"";""DEL5/3"";""UOP01/RJ""",
"184714;407389;2019-01-12;""sábado"";""08:10:00"";""RJ"";101;408;""ITAGUAI"";""Não"";""Desobediência às normas de trânsito pelo condutor"";3;""Capotamento"";""Com Vítimas Feridas"";""Pleno dia"";""Crescente"";""Céu Claro"";""Dupla"";""Reta"";""Sim"";328473;""Automóvel"";""GM/CORSA GLS"";1996;""Passageiro"";""Ileso"";24;""Feminino"";1;0;0;0;-22",88088;-43,"824417;""SR-RJ"";""DEL5/3"";""UOP01/RJ""",
"184714;407389;2019-01-12;""sábado"";""08:10:00"";""RJ"";101;408;""ITAGUAI"";""Não"";""Ingestão de Álcool"";3;""Capotamento"";""Com Vítimas Feridas"";""Pleno dia"";""Crescente"";""Céu Claro"";""Dupla"";""Reta"";""Sim"";328473;""Automóvel"";""GM/CORSA GLS"";1996;""Passageiro"";""Ileso"";24;""Feminino"";1;0;0;0;-22",88088;-43,"824417;""SR-RJ"";""DEL5/3"";""UOP01/RJ""",
"184714;407389;2019-01-12;""sábado"";""08:10:00"";""RJ"";101;408;""ITAGUAI"";""Não"";""Não guardar distância de segurança"";3;""Capotamento"";""Com Vítimas Feridas"";""Pleno dia"";""Crescente"";""Céu Claro"";""Dupla"";""Reta"";""Sim"";328473;""Automóvel"";""GM/CORSA GLS"";1996;""Passageiro"";""Ileso"";24;""Feminino"";1;0;0;0;-22",88088;-43,"824417;""SR-RJ"";""DEL5/3"";""UOP01/RJ""",
"184714;407389;2019-01-12;""sábado"";""08:10:00"";""RJ"";101;408;""ITAGUAI"";""Sim"";""Ingestão de Substâncias Psicoativas"";2;""Colisão traseira"";""Com Vítimas Feridas"";""Pleno dia"";""Crescente"";""Céu Claro"";""Dupla"";""Reta"";""Sim"";328473;""Automóvel"";""GM/CORSA GLS"";1996;""Passageiro"";""Ileso"";24;""Feminino"";1;0;0;0;-22",88088;-43,"824417;""SR-RJ"";""DEL5/3"";""UOP01/RJ""",
"184714;407389;2019-01-12;""sábado"";""08:10:00"";""RJ"";101;408;""ITAGUAI"";""Não"";""Desobediência às normas de trânsito pelo condutor"";2;""Colisão traseira"";""Com Vítimas Feridas"";""Pleno dia"";""Crescente"";""Céu Claro"";""Dupla"";""Reta"";""Sim"";328473;""Automóvel"";""GM/CORSA GLS"";1996;""Passageiro"";""Ileso"";24;""Feminino"";1;0;0;0;-22",88088;-43,"824417;""SR-RJ"";""DEL5/3"";""UOP01/RJ""",
"184714;407389;2019-01-12;""sábado"";""08:10:00"";""RJ"";101;408;""ITAGUAI"";""Não"";""Ingestão de Álcool"";2;""Colisão traseira"";""Com Vítimas Feridas"";""Pleno dia"";""Crescente"";""Céu Claro"";""Dupla"";""Reta"";""Sim"";328473;""Automóvel"";""GM/CORSA GLS"";1996;""Passageiro"";""Ileso"";24;""Feminino"";1;0;0;0;-22",88088;-43,"824417;""SR-RJ"";""DEL5/3"";""UOP01/RJ""",
"184714;407389;2019-01-12;""sábado"";""08:10:00"";""RJ"";101;408;""ITAGUAI"";""Não"";""Não guardar distância de segurança"";2;""Colisão traseira"";""Com Vítimas Feridas"";""Pleno dia"";""Crescente"";""Céu Claro"";""Dupla"";""Reta"";""Sim"";328473;""Automóvel"";""GM/CORSA GLS"";1996;""Passageiro"";""Ileso"";24;""Feminino"";1;0;0;0;-22",88088;-43,"824417;""SR-RJ"";""DEL5/3"";""UOP01/RJ""",
"184714;407389;2019-01-12;""sábado"";""08:10:00"";""RJ"";101;408;""ITAGUAI"";""Sim"";""Ingestão de Substâncias Psicoativas"";1;""Colisão lateral"";""Com Vítimas Feridas"";""Pleno dia"";""Crescente"";""Céu Claro"";""Dupla"";""Reta"";""Sim"";328473;""Automóvel"";""GM/CORSA GLS"";1996;""Passageiro"";""Ileso"";24;""Feminino"";1;0;0;0;-22",88088;-43,"824417;""SR-RJ"";""DEL5/3"";""UOP01/RJ""",
"184714;407389;2019-01-12;""sábado"";""08:10:00"";""RJ"";101;408;""ITAGUAI"";""Não"";""Desobediência às normas de trânsito pelo condutor"";1;""Colisão lateral"";""Com Vítimas Feridas"";""Pleno dia"";""Crescente"";""Céu Claro"";""Dupla"";""Reta"";""Sim"";328473;""Automóvel"";""GM/CORSA GLS"";1996;""Passageiro"";""Ileso"";24;""Feminino"";1;0;0;0;-22",88088;-43,"824417;""SR-RJ"";""DEL5/3"";""UOP01/RJ""",
"184714;407389;2019-01-12;""sábado"";""08:10:00"";""RJ"";101;408;""ITAGUAI"";""Não"";""Ingestão de Álcool"";1;""Colisão lateral"";""Com Vítimas Feridas"";""Pleno dia"";""Crescente"";""Céu Claro"";""Dupla"";""Reta"";""Sim"";328473;""Automóvel"";""GM/CORSA GLS"";1996;""Passageiro"";""Ileso"";24;""Feminino"";1;0;0;0;-22",88088;-43,"824417;""SR-RJ"";""DEL5/3"";""UOP01/RJ""",
"184714;407389;2019-01-12;""sábado"";""08:10:00"";""RJ"";101;408;""ITAGUAI"";""Não"";""Não guardar distância de segurança"";1;""Colisão lateral"";""Com Vítimas Feridas"";""Pleno dia"";""Crescente"";""Céu Claro"";""Dupla"";""Reta"";""Sim"";328473;""Automóvel"";""GM/CORSA GLS"";1996;""Passageiro"";""Ileso"";24;""Feminino"";1;0;0;0;-22",88088;-43,"824417;""SR-RJ"";""DEL5/3"";""UOP01/RJ""",
"184716;409009;2019-01-11;""sexta-feira"";""18:30:00"";""RO"";364;426","8;""JARU"";""Sim"";""Falta de Atenção à Condução"";2;""Queda de ocupante de veículo"";""Com Vítimas Feridas"";""Anoitecer"";""Crescente"";""Nublado"";""Simples"";""Reta"";""Sim"";328441;""Motocicleta"";""HONDA/NXR150 BROS ES"";2012;""Passageiro"";""Lesões Leves"";19;""Feminino"";0;1;0;0;-10",432428;-62,"479607;""SR-RO"";""DEL21/3"";""UOP02/RO"""
"184716;409009;2019-01-11;""sexta-feira"";""18:30:00"";""RO"";364;426","8;""JARU"";""Sim"";""Falta de Atenção à Condução"";1;""Colisão traseira"";""Com Vítimas Feridas"";""Anoitecer"";""Crescente"";""Nublado"";""Simples"";""Reta"";""Sim"";328441;""Motocicleta"";""HONDA/NXR150 BROS ES"";2012;""Passageiro"";""Lesões Leves"";19;""Feminino"";0;1;0;0;-10",432428;-62,"479607;""SR-RO"";""DEL21/3"";""UOP02/RO"""
"184716;409006;2019-01-11;""sexta-feira"";""18:30:00"";""RO"";364;426","8;""JARU"";""Sim"";""Falta de Atenção à Condução"";2;""Queda de ocupante de veículo"";""Com Vítimas Feridas"";""Anoitecer"";""Crescente"";""Nublado"";""Simples"";""Reta"";""Sim"";328440;""Motocicleta"";""HONDA/NXR 160 BROS"";2017;""Condutor"";""Lesões Leves"";61;""Masculino"";0;1;0;0;-10",432428;-62,"479607;""SR-RO"";""DEL21/3"";""UOP02/RO"""
"184716;409006;2019-01-11;""sexta-feira"";""18:30:00"";""RO"";364;426","8;""JARU"";""Sim"";""Falta de Atenção à Condução"";1;""Colisão traseira"";""Com Vítimas Feridas"";""Anoitecer"";""Crescente"";""Nublado"";""Simples"";""Reta"";""Sim"";328440;""Motocicleta"";""HONDA/NXR 160 BROS"";2017;""Condutor"";""Lesões Leves"";61;""Masculino"";0;1;0;0;-10",432428;-62,"479607;""SR-RO"";""DEL21/3"";""UOP02/RO"""
"184716;409008;2019-01-11;""sexta-feira"";""18:30:00"";""RO"";364;426","8;""JARU"";""Sim"";""Falta de Atenção à Condução"";2;""Queda de ocupante de veículo"";""Com Vítimas Feridas"";""Anoitecer"";""Crescente"";""Nublado"";""Simples"";""Reta"";""Sim"";328441;""Motocicleta"";""HONDA/NXR150 BROS ES"";2012;""Condutor"";""Lesões Leves"";22;""Masculino"";0;1;0;0;-10",432428;-62,"479607;""SR-RO"";""DEL21/3"";""UOP02/RO"""
"184716;409008;2019-01-11;""sexta-feira"";""18:30:00"";""RO"";364;426","8;""JARU"";""Sim"";""Falta de Atenção à Condução"";1;""Colisão traseira"";""Com Vítimas Feridas"";""Anoitecer"";""Crescente"";""Nublado"";""Simples"";""Reta"";""Sim"";328441;""Motocicleta"";""HONDA/NXR150 BROS ES"";2012;""Condutor"";""Lesões Leves"";22;""Masculino"";0;1;0;0;-10",432428;-62,"479607;""SR-RO"";""DEL21/3"";""UOP02/RO"""
"184717;408423;2019-01-12;""sábado"";""07:40:00"";""PA"";163;1001;""SANTAREM"";""Sim"";""Falta de Atenção do Pedestre"";1;""Atropelamento de Pedestre"";""Com Vítimas Feridas"";""Pleno dia"";""Crescente"";""Nublado"";""Simples"";""Reta"";""Sim"";328451;""Motocicleta"";""YAMAHA/YBR150 FACTOR ED"";2017;""Pedestre"";""Lesões Graves"";74;""Masculino"";0;0;1;0;-2",46171388;-54,"72737375;""SR-PA"";""DEL19/5"";""UOP01/PA""",
"184717;408417;2019-01-12;""sábado"";""07:40:00"";""PA"";163;1001;""SANTAREM"";""Sim"";""Falta de Atenção do Pedestre"";1;""Atropelamento de Pedestre"";""Com Vítimas Feridas"";""Pleno dia"";""Crescente"";""Nublado"";""Simples"";""Reta"";""Sim"";328451;""Motocicleta"";""YAMAHA/YBR150 FACTOR ED"";2017;""Passageiro"";""Ileso"";27;""Feminino"";1;0;0;0;-2",46171388;-54,"72737375;""SR-PA"";""DEL19/5"";""UOP01/PA""",
"184717;408407;2019-01-12;""sábado"";""07:40:00"";""PA"";163;1001;""SANTAREM"";""Sim"";""Falta de Atenção do Pedestre"";1;""Atropelamento de Pedestre"";""Com Vítimas Feridas"";""Pleno dia"";""Crescente"";""Nublado"";""Simples"";""Reta"";""Sim"";328451;""Motocicleta"";""YAMAHA/YBR150 FACTOR ED"";2017;""Condutor"";""Ileso"";28;""Masculino"";1;0;0;0;-2",46171388;-54,"72737375;""SR-PA"";""DEL19/5"";""UOP01/PA""",
"184718;407349;2019-01-07;""segunda-feira"";""18:00:00"";""SC"";280;127","5;""RIO NEGRINHO"";""Sim"";""Falta de Atenção à Condução"";1;""Colisão frontal"";""Com Vítimas Feridas"";""Pleno dia"";""Decrescente"";""Céu Claro"";""Simples"";""Não Informado"";""Sim"";328438;""Bicicleta"";"""";NA;""Condutor"";""Lesões Graves"";60;""Masculino"";0;0;1;0;-26",239437;-49,"504192;""SR-SC"";""DEL8/6"";""UOP03/SC"""
"184718;407349;2019-01-07;""segunda-feira"";""18:00:00"";""SC"";280;127","5;""RIO NEGRINHO"";""Não"";""Desobediência às normas de trânsito pelo condutor"";1;""Colisão frontal"";""Com Vítimas Feridas"";""Pleno dia"";""Decrescente"";""Céu Claro"";""Simples"";""Não Informado"";""Sim"";328438;""Bicicleta"";"""";NA;""Condutor"";""Lesões Graves"";60;""Masculino"";0;0;1;0;-26",239437;-49,"504192;""SR-SC"";""DEL8/6"";""UOP03/SC"""
"184718;407348;2019-01-07;""segunda-feira"";""18:00:00"";""SC"";280;127","5;""RIO NEGRINHO"";""Sim"";""Falta de Atenção à Condução"";1;""Colisão frontal"";""Com Vítimas Feridas"";""Pleno dia"";""Decrescente"";""Céu Claro"";""Simples"";""Não Informado"";""Sim"";328437;""Automóvel"";""FORD/CORCEL II L"";1980;""Condutor"";""Ileso"";69;""Masculino"";1;0;0;0;-26",239437;-49,"504192;""SR-SC"";""DEL8/6"";""UOP03/SC"""
"184718;407348;2019-01-07;""segunda-feira"";""18:00:00"";""SC"";280;127","5;""RIO NEGRINHO"";""Não"";""Desobediência às normas de trânsito pelo condutor"";1;""Colisão frontal"";""Com Vítimas Feridas"";""Pleno dia"";""Decrescente"";""Céu Claro"";""Simples"";""Não Informado"";""Sim"";328437;""Automóvel"";""FORD/CORCEL II L"";1980;""Condutor"";""Ileso"";69;""Masculino"";1;0;0;0;-26",239437;-49,"504192;""SR-SC"";""DEL8/6"";""UOP03/SC"""
"184719;407384;2019-01-12;""sábado"";""09:20:00"";""SP"";116;109","9;""TAUBATE"";""Sim"";""Não guardar distância de segurança"";1;""Colisão traseira"";""Com Vítimas Feridas"";""Pleno dia"";""Decrescente"";""Céu Claro"";""Dupla"";""Reta"";""Não"";328469;""Automóvel"";""NISSAN/MARCH 16SL"";2016;""Condutor"";""Ileso"";55;""Feminino"";1;0;0;0;-23",028759;-45,"545235;""SR-SP"";""DEL6"";""UOP01/SP"""
"184719;407382;2019-01-12;""sábado"";""09:20:00"";""SP"";116;109","9;""TAUBATE"";""Sim"";""Não guardar distância de segurança"";1;""Colisão traseira"";""Com Vítimas Feridas"";""Pleno dia"";""Decrescente"";""Céu Claro"";""Dupla"";""Reta"";""Não"";328468;""Automóvel"";""VW/GOLF 1.6 SPORTLINE"";2010;""Condutor"";""Lesões Leves"";39;""Masculino"";0;1;0;0;-23",028759;-45,"545235;""SR-SP"";""DEL6"";""UOP01/SP"""
"184720;407489;2019-01-12;""sábado"";""08:45:00"";""RS"";470;206","8;""BENTO GONCALVES"";""Sim"";""Ingestão de Álcool"";3;""Colisão traseira"";""Com Vítimas Feridas"";""Pleno dia"";""Crescente"";""Céu Claro"";""Simples"";""Reta"";""Não"";328482;""Automóvel"";""RENAULT/SANDERO STW 16HP"";2013;""Testemunha"";""Não Informado"";NA;""Não Informado"";0;0;0;0;-29",09508333;-51,"54803395;""SR-RS"";""DEL9/6"";""UOP01/RS"""
"184720;407489;2019-01-12;""sábado"";""08:45:00"";""RS"";470;206","8;""BENTO GONCALVES"";""Não"";""Ultrapassagem Indevida"";3;""Colisão traseira"";""Com Vítimas Feridas"";""Pleno dia"";""Crescente"";""Céu Claro"";""Simples"";""Reta"";""Não"";328482;""Automóvel"";""RENAULT/SANDERO STW 16HP"";2013;""Testemunha"";""Não Informado"";NA;""Não Informado"";0;0;0;0;-29",09508333;-51,"54803395;""SR-RS"";""DEL9/6"";""UOP01/RS"""
"184720;407489;2019-01-12;""sábado"";""08:45:00"";""RS"";470;206","8;""BENTO GONCALVES"";""Sim"";""Ingestão de Álcool"";2;""Colisão lateral"";""Com Vítimas Feridas"";""Pleno dia"";""Crescente"";""Céu Claro"";""Simples"";""Reta"";""Não"";328482;""Automóvel"";""RENAULT/SANDERO STW 16HP"";2013;""Testemunha"";""Não Informado"";NA;""Não Informado"";0;0;0;0;-29",09508333;-51,"54803395;""SR-RS"";""DEL9/6"";""UOP01/RS"""
"184720;407489;2019-01-12;""sábado"";""08:45:00"";""RS"";470;206","8;""BENTO GONCALVES"";""Não"";""Ultrapassagem Indevida"";2;""Colisão lateral"";""Com Vítimas Feridas"";""Pleno dia"";""Crescente"";""Céu Claro"";""Simples"";""Reta"";""Não"";328482;""Automóvel"";""RENAULT/SANDERO STW 16HP"";2013;""Testemunha"";""Não Informado"";NA;""Não Informado"";0;0;0;0;-29",09508333;-51,"54803395;""SR-RS"";""DEL9/6"";""UOP01/RS"""
"184720;407489;2019-01-12;""sábado"";""08:45:00"";""RS"";470;206","8;""BENTO GONCALVES"";""Sim"";""Ingestão de Álcool"";1;""Colisão frontal"";""Com Vítimas Feridas"";""Pleno dia"";""Crescente"";""Céu Claro"";""Simples"";""Reta"";""Não"";328482;""Automóvel"";""RENAULT/SANDERO STW 16HP"";2013;""Testemunha"";""Não Informado"";NA;""Não Informado"";0;0;0;0;-29",09508333;-51,"54803395;""SR-RS"";""DEL9/6"";""UOP01/RS"""
"184720;407489;2019-01-12;""sábado"";""08:45:00"";""RS"";470;206","8;""BENTO GONCALVES"";""Não"";""Ultrapassagem Indevida"";1;""Colisão frontal"";""Com Vítimas Feridas"";""Pleno dia"";""Crescente"";""Céu Claro"";""Simples"";""Reta"";""Não"";328482;""Automóvel"";""RENAULT/SANDERO STW 16HP"";2013;""Testemunha"";""Não Informado"";NA;""Não Informado"";0;0;0;0;-29",09508333;-51,"54803395;""SR-RS"";""DEL9/6"";""UOP01/RS"""
"184720;407489;2019-01-12;""sábado"";""08:45:00"";""RS"";470;206","8;""BENTO GONCALVES"";""Sim"";""Ingestão de Álcool"";3;""Colisão traseira"";""Com Vítimas Feridas"";""Pleno dia"";""Crescente"";""Céu Claro"";""Simples"";""Reta"";""Não"";328495;""Caminhão-trator"";""SCANIA/P 360 A6X2"";2014;""Testemunha"";""Não Informado"";NA;""Não Informado"";0;0;0;0;-29",09508333;-51,"54803395;""SR-RS"";""DEL9/6"";""UOP01/RS"""
"184720;407489;2019-01-12;""sábado"";""08:45:00"";""RS"";470;206","8;""BENTO GONCALVES"";""Não"";""Ultrapassagem Indevida"";3;""Colisão traseira"";""Com Vítimas Feridas"";""Pleno dia"";""Crescente"";""Céu Claro"";""Simples"";""Reta"";""Não"";328495;""Caminhão-trator"";""SCANIA/P 360 A6X2"";2014;""Testemunha"";""Não Informado"";NA;""Não Informado"";0;0;0;0;-29",09508333;-51,"54803395;""SR-RS"";""DEL9/6"";""UOP01/RS"""
"184720;407489;2019-01-12;""sábado"";""08:45:00"";""RS"";470;206","8;""BENTO GONCALVES"";""Sim"";""Ingestão de Álcool"";2;""Colisão lateral"";""Com Vítimas Feridas"";""Pleno dia"";""Crescente"";""Céu Claro"";""Simples"";""Reta"";""Não"";328495;""Caminhão-trator"";""SCANIA/P 360 A6X2"";2014;""Testemunha"";""Não Informado"";NA;""Não Informado"";0;0;0;0;-29",09508333;-51,"54803395;""SR-RS"";""DEL9/6"";""UOP01/RS"""
"184720;407489;2019-01-12;""sábado"";""08:45:00"";""RS"";470;206","8;""BENTO GONCALVES"";""Não"";""Ultrapassagem Indevida"";2;""Colisão lateral"";""Com Vítimas Feridas"";""Pleno dia"";""Crescente"";""Céu Claro"";""Simples"";""Reta"";""Não"";328495;""Caminhão-trator"";""SCANIA/P 360 A6X2"";2014;""Testemunha"";""Não Informado"";NA;""Não Informado"";0;0;0;0;-29",09508333;-51,"54803395;""SR-RS"";""DEL9/6"";""UOP01/RS"""
"184720;407489;2019-01-12;""sábado"";""08:45:00"";""RS"";470;206","8;""BENTO GONCALVES"";""Sim"";""Ingestão de Álcool"";1;""Colisão frontal"";""Com Vítimas Feridas"";""Pleno dia"";""Crescente"";""Céu Claro"";""Simples"";""Reta"";""Não"";328495;""Caminhão-trator"";""SCANIA/P 360 A6X2"";2014;""Testemunha"";""Não Informado"";NA;""Não Informado"";0;0;0;0;-29",09508333;-51,"54803395;""SR-RS"";""DEL9/6"";""UOP01/RS"""
"184720;407489;2019-01-12;""sábado"";""08:45:00"";""RS"";470;206","8;""BENTO GONCALVES"";""Não"";""Ultrapassagem Indevida"";1;""Colisão frontal"";""Com Vítimas Feridas"";""Pleno dia"";""Crescente"";""Céu Claro"";""Simples"";""Reta"";""Não"";328495;""Caminhão-trator"";""SCANIA/P 360 A6X2"";2014;""Testemunha"";""Não Informado"";NA;""Não Informado"";0;0;0;0;-29",09508333;-51,"54803395;""SR-RS"";""DEL9/6"";""UOP01/RS"""
"184720;407489;2019-01-12;""sábado"";""08:45:00"";""RS"";470;206","8;""BENTO GONCALVES"";""Sim"";""Ingestão de Álcool"";3;""Colisão traseira"";""Com Vítimas Feridas"";""Pleno dia"";""Crescente"";""Céu Claro"";""Simples"";""Reta"";""Não"";328497;""Caminhonete"";""VW/SAVEIRO 1.6 CE"";2009;""Testemunha"";""Não Informado"";NA;""Não Informado"";0;0;0;0;-29",09508333;-51,"54803395;""SR-RS"";""DEL9/6"";""UOP01/RS"""
"184720;407489;2019-01-12;""sábado"";""08:45:00"";""RS"";470;206","8;""BENTO GONCALVES"";""Não"";""Ultrapassagem Indevida"";3;""Colisão traseira"";""Com Vítimas Feridas"";""Pleno dia"";""Crescente"";""Céu Claro"";""Simples"";""Reta"";""Não"";328497;""Caminhonete"";""VW/SAVEIRO 1.6 CE"";2009;""Testemunha"";""Não Informado"";NA;""Não Informado"";0;0;0;0;-29",09508333;-51,"54803395;""SR-RS"";""DEL9/6"";""UOP01/RS"""
"184720;407489;2019-01-12;""sábado"";""08:45:00"";""RS"";470;206","8;""BENTO GONCALVES"";""Sim"";""Ingestão de Álcool"";2;""Colisão lateral"";""Com Vítimas Feridas"";""Pleno dia"";""Crescente"";""Céu Claro"";""Simples"";""Reta"";""Não"";328497;""Caminhonete"";""VW/SAVEIRO 1.6 CE"";2009;""Testemunha"";""Não Informado"";NA;""Não Informado"";0;0;0;0;-29",09508333;-51,"54803395;""SR-RS"";""DEL9/6"";""UOP01/RS"""
"184720;407489;2019-01-12;""sábado"";""08:45:00"";""RS"";470;206","8;""BENTO GONCALVES"";""Não"";""Ultrapassagem Indevida"";2;""Colisão lateral"";""Com Vítimas Feridas"";""Pleno dia"";""Crescente"";""Céu Claro"";""Simples"";""Reta"";""Não"";328497;""Caminhonete"";""VW/SAVEIRO 1.6 CE"";2009;""Testemunha"";""Não Informado"";NA;""Não Informado"";0;0;0;0;-29",09508333;-51,"54803395;""SR-RS"";""DEL9/6"";""UOP01/RS"""
"184720;407489;2019-01-12;""sábado"";""08:45:00"";""RS"";470;206","8;""BENTO GONCALVES"";""Sim"";""Ingestão de Álcool"";1;""Colisão frontal"";""Com Vítimas Feridas"";""Pleno dia"";""Crescente"";""Céu Claro"";""Simples"";""Reta"";""Não"";328497;""Caminhonete"";""VW/SAVEIRO 1.6 CE"";2009;""Testemunha"";""Não Informado"";NA;""Não Informado"";0;0;0;0;-29",09508333;-51,"54803395;""SR-RS"";""DEL9/6"";""UOP01/RS"""
"184720;407489;2019-01-12;""sábado"";""08:45:00"";""RS"";470;206","8;""BENTO GONCALVES"";""Não"";""Ultrapassagem Indevida"";1;""Colisão frontal"";""Com Vítimas Feridas"";""Pleno dia"";""Crescente"";""Céu Claro"";""Simples"";""Reta"";""Não"";328497;""Caminhonete"";""VW/SAVEIRO 1.6 CE"";2009;""Testemunha"";""Não Informado"";NA;""Não Informado"";0;0;0;0;-29",09508333;-51,"54803395;""SR-RS"";""DEL9/6"";""UOP01/RS"""
"184720;407489;2019-01-12;""sábado"";""08:45:00"";""RS"";470;206","8;""BENTO GONCALVES"";""Sim"";""Ingestão de Álcool"";3;""Colisão traseira"";""Com Vítimas Feridas"";""Pleno dia"";""Crescente"";""Céu Claro"";""Simples"";""Reta"";""Não"";328502;""Automóvel"";""HONDA/CITY LX FLEX"";2012;""Testemunha"";""Não Informado"";NA;""Não Informado"";0;0;0;0;-29",09508333;-51,"54803395;""SR-RS"";""DEL9/6"";""UOP01/RS"""
"184720;407489;2019-01-12;""sábado"";""08:45:00"";""RS"";470;206","8;""BENTO GONCALVES"";""Não"";""Ultrapassagem Indevida"";3;""Colisão traseira"";""Com Vítimas Feridas"";""Pleno dia"";""Crescente"";""Céu Claro"";""Simples"";""Reta"";""Não"";328502;""Automóvel"";""HONDA/CITY LX FLEX"";2012;""Testemunha"";""Não Informado"";NA;""Não Informado"";0;0;0;0;-29",09508333;-51,"54803395;""SR-RS"";""DEL9/6"";""UOP01/RS"""