"id;""pesid"";""data_inversa"";""dia_semana"";""horario"";""uf"";""br"";""km"";""municipio"";""causa_principal"";""causa_acidente"";""ordem_tipo_acidente"";""tipo_acidente"";""classificacao_acidente"";""fase_dia"";""sentido_via"";""condicao_metereologica"";""tipo_pista"";""tracado_via"";""uso_solo"";""id_veiculo"";""tipo_veiculo"";""marca"";""ano_fabricacao_veiculo"";""tipo_envolvido"";""estado_fisico"";""idade"";""sexo"";""ilesos"";""feridos_leves"";""feridos_graves"";""mortos"";""latitude"";""longitude"";""regional"";""delegacia"";""uop""",,,
"184720;407489;2019-01-12;""sábado"";""08:45:00"";""RS"";470;206","8;""BENTO GONCALVES"";""Sim"";""Ingestão de Álcool"";2;""Colisão lateral"";""Com Vítimas Feridas"";""Pleno dia"";""Crescente"";""Céu Claro"";""Simples"";""Reta"";""Não"";328502;""Automóvel"";""HONDA/CITY LX FLEX"";2012;""Testemunha"";""Não Informado"";NA;""Não Informado"";0;0;0;0;-29",09508333;-51,"54803395;""SR-RS"";""DEL9/6"";""UOP01/RS"""
"184720;407489;2019-01-12;""sábado"";""08:45:00"";""RS"";470;206","8;""BENTO GONCALVES"";""Não"";""Ultrapassagem Indevida"";2;""Colisão lateral"";""Com Vítimas Feridas"";""Pleno dia"";""Crescente"";""Céu Claro"";""Simples"";""Reta"";""Não"";328502;""Automóvel"";""HONDA/CITY LX FLEX"";2012;""Testemunha"";""Não Informado"";NA;""Não Informado"";0;0;0;0;-29",09508333;-51,"54803395;""SR-RS"";""DEL9/6"";""UOP01/RS"""
"184720;407489;2019-01-12;""sábado"";""08:45:00"";""RS"";470;206","8;""BENTO GONCALVES"";""Sim"";""Ingestão de Álcool"";1;""Colisão frontal"";""Com Vítimas Feridas"";""Pleno dia"";""Crescente"";""Céu Claro"";""Simples"";""Reta"";""Não"";328502;""Automóvel"";""HONDA/CITY LX FLEX"";2012;""Testemunha"";""Não Informado"";NA;""Não Informado"";0;0;0;0;-29",09508333;-51,"54803395;""SR-RS"";""DEL9/6"";""UOP01/RS"""
"184720;407489;2019-01-12;""sábado"";""08:45:00"";""RS"";470;206","8;""BENTO GONCALVES"";""Não"";""Ultrapassagem Indevida"";1;""Colisão frontal"";""Com Vítimas Feridas"";""Pleno dia"";""Crescente"";""Céu Claro"";""Simples"";""Reta"";""Não"";328502;""Automóvel"";""HONDA/CITY LX FLEX"";2012;""Testemunha"";""Não Informado"";NA;""Não Informado"";0;0;0;0;-29",09508333;-51,"54803395;""SR-RS"";""DEL9/6"";""UOP01/RS"""
"184720;407489;2019-01-12;""sábado"";""08:45:00"";""RS"";470;206","8;""BENTO GONCALVES"";""Sim"";""Ingestão de Álcool"";3;""Colisão traseira"";""Com Vítimas Feridas"";""Pleno dia"";""Crescente"";""Céu Claro"";""Simples"";""Reta"";""Não"";328505;""Utilitário"";""I/LR DISCOVERY 4 2.7 SE"";2010;""Testemunha"";""Não Informado"";NA;""Não Informado"";0;0;0;0;-29",09508333;-51,"54803395;""SR-RS"";""DEL9/6"";""UOP01/RS"""
"184720;407489;2019-01-12;""sábado"";""08:45:00"";""RS"";470;206","8;""BENTO GONCALVES"";""Não"";""Ultrapassagem Indevida"";3;""Colisão traseira"";""Com Vítimas Feridas"";""Pleno dia"";""Crescente"";""Céu Claro"";""Simples"";""Reta"";""Não"";328505;""Utilitário"";""I/LR DISCOVERY 4 2.7 SE"";2010;""Testemunha"";""Não Informado"";NA;""Não Informado"";0;0;0;0;-29",09508333;-51,"54803395;""SR-RS"";""DEL9/6"";""UOP01/RS"""
"184720;407489;2019-01-12;""sábado"";""08:45:00"";""RS"";470;206","8;""BENTO GONCALVES"";""Sim"";""Ingestão de Álcool"";2;""Colisão lateral"";""Com Vítimas Feridas"";""Pleno dia"";""Crescente"";""Céu Claro"";""Simples"";""Reta"";""Não"";328505;""Utilitário"";""I/LR DISCOVERY 4 2.7 SE"";2010;""Testemunha"";""Não Informado"";NA;""Não Informado"";0;0;0;0;-29",09508333;-51,"54803395;""SR-RS"";""DEL9/6"";""UOP01/RS"""
"184720;407489;2019-01-12;""sábado"";""08:45:00"";""RS"";470;206","8;""BENTO GONCALVES"";""Não"";""Ultrapassagem Indevida"";2;""Colisão lateral"";""Com Vítimas Feridas"";""Pleno dia"";""Crescente"";""Céu Claro"";""Simples"";""Reta"";""Não"";328505;""Utilitário"";""I/LR DISCOVERY 4 2.7 SE"";2010;""Testemunha"";""Não Informado"";NA;""Não Informado"";0;0;0;0;-29",09508333;-51,"54803395;""SR-RS"";""DEL9/6"";""UOP01/RS"""
"184720;407489;2019-01-12;""sábado"";""08:45:00"";""RS"";470;206","8;""BENTO GONCALVES"";""Sim"";""Ingestão de Álcool"";1;""Colisão frontal"";""Com Vítimas Feridas"";""Pleno dia"";""Crescente"";""Céu Claro"";""Simples"";""Reta"";""Não"";328505;""Utilitário"";""I/LR DISCOVERY 4 2.7 SE"";2010;""Testemunha"";""Não Informado"";NA;""Não Informado"";0;0;0;0;-29",09508333;-51,"54803395;""SR-RS"";""DEL9/6"";""UOP01/RS"""
"184720;407489;2019-01-12;""sábado"";""08:45:00"";""RS"";470;206","8;""BENTO GONCALVES"";""Não"";""Ultrapassagem Indevida"";1;""Colisão frontal"";""Com Vítimas Feridas"";""Pleno dia"";""Crescente"";""Céu Claro"";""Simples"";""Reta"";""Não"";328505;""Utilitário"";""I/LR DISCOVERY 4 2.7 SE"";2010;""Testemunha"";""Não Informado"";NA;""Não Informado"";0;0;0;0;-29",09508333;-51,"54803395;""SR-RS"";""DEL9/6"";""UOP01/RS"""
"184720;407447;2019-01-12;""sábado"";""08:45:00"";""RS"";470;206","8;""BENTO GONCALVES"";""Sim"";""Ingestão de Álcool"";3;""Colisão traseira"";""Com Vítimas Feridas"";""Pleno dia"";""Crescente"";""Céu Claro"";""Simples"";""Reta"";""Não"";328505;""Utilitário"";""I/LR DISCOVERY 4 2.7 SE"";2010;""Condutor"";""Lesões Leves"";75;""Masculino"";0;1;0;0;-29",09508333;-51,"54803395;""SR-RS"";""DEL9/6"";""UOP01/RS"""
"184720;407447;2019-01-12;""sábado"";""08:45:00"";""RS"";470;206","8;""BENTO GONCALVES"";""Não"";""Ultrapassagem Indevida"";3;""Colisão traseira"";""Com Vítimas Feridas"";""Pleno dia"";""Crescente"";""Céu Claro"";""Simples"";""Reta"";""Não"";328505;""Utilitário"";""I/LR DISCOVERY 4 2.7 SE"";2010;""Condutor"";""Lesões Leves"";75;""Masculino"";0;1;0;0;-29",09508333;-51,"54803395;""SR-RS"";""DEL9/6"";""UOP01/RS"""
"184720;407447;2019-01-12;""sábado"";""08:45:00"";""RS"";470;206","8;""BENTO GONCALVES"";""Sim"";""Ingestão de Álcool"";2;""Colisão lateral"";""Com Vítimas Feridas"";""Pleno dia"";""Crescente"";""Céu Claro"";""Simples"";""Reta"";""Não"";328505;""Utilitário"";""I/LR DISCOVERY 4 2.7 SE"";2010;""Condutor"";""Lesões Leves"";75;""Masculino"";0;1;0;0;-29",09508333;-51,"54803395;""SR-RS"";""DEL9/6"";""UOP01/RS"""
"184720;407447;2019-01-12;""sábado"";""08:45:00"";""RS"";470;206","8;""BENTO GONCALVES"";""Não"";""Ultrapassagem Indevida"";2;""Colisão lateral"";""Com Vítimas Feridas"";""Pleno dia"";""Crescente"";""Céu Claro"";""Simples"";""Reta"";""Não"";328505;""Utilitário"";""I/LR DISCOVERY 4 2.7 SE"";2010;""Condutor"";""Lesões Leves"";75;""Masculino"";0;1;0;0;-29",09508333;-51,"54803395;""SR-RS"";""DEL9/6"";""UOP01/RS"""
"184720;407447;2019-01-12;""sábado"";""08:45:00"";""RS"";470;206","8;""BENTO GONCALVES"";""Sim"";""Ingestão de Álcool"";1;""Colisão frontal"";""Com Vítimas Feridas"";""Pleno dia"";""Crescente"";""Céu Claro"";""Simples"";""Reta"";""Não"";328505;""Utilitário"";""I/LR DISCOVERY 4 2.7 SE"";2010;""Condutor"";""Lesões Leves"";75;""Masculino"";0;1;0;0;-29",09508333;-51,"54803395;""SR-RS"";""DEL9/6"";""UOP01/RS"""
"184720;407447;2019-01-12;""sábado"";""08:45:00"";""RS"";470;206","8;""BENTO GONCALVES"";""Não"";""Ultrapassagem Indevida"";1;""Colisão frontal"";""Com Vítimas Feridas"";""Pleno dia"";""Crescente"";""Céu Claro"";""Simples"";""Reta"";""Não"";328505;""Utilitário"";""I/LR DISCOVERY 4 2.7 SE"";2010;""Condutor"";""Lesões Leves"";75;""Masculino"";0;1;0;0;-29",09508333;-51,"54803395;""SR-RS"";""DEL9/6"";""UOP01/RS"""
"184720;407443;2019-01-12;""sábado"";""08:45:00"";""RS"";470;206","8;""BENTO GONCALVES"";""Sim"";""Ingestão de Álcool"";3;""Colisão traseira"";""Com Vítimas Feridas"";""Pleno dia"";""Crescente"";""Céu Claro"";""Simples"";""Reta"";""Não"";328502;""Automóvel"";""HONDA/CITY LX FLEX"";2012;""Passageiro"";""Ileso"";55;""Feminino"";1;0;0;0;-29",09508333;-51,"54803395;""SR-RS"";""DEL9/6"";""UOP01/RS"""
"184720;407443;2019-01-12;""sábado"";""08:45:00"";""RS"";470;206","8;""BENTO GONCALVES"";""Não"";""Ultrapassagem Indevida"";3;""Colisão traseira"";""Com Vítimas Feridas"";""Pleno dia"";""Crescente"";""Céu Claro"";""Simples"";""Reta"";""Não"";328502;""Automóvel"";""HONDA/CITY LX FLEX"";2012;""Passageiro"";""Ileso"";55;""Feminino"";1;0;0;0;-29",09508333;-51,"54803395;""SR-RS"";""DEL9/6"";""UOP01/RS"""
"184720;407443;2019-01-12;""sábado"";""08:45:00"";""RS"";470;206","8;""BENTO GONCALVES"";""Sim"";""Ingestão de Álcool"";2;""Colisão lateral"";""Com Vítimas Feridas"";""Pleno dia"";""Crescente"";""Céu Claro"";""Simples"";""Reta"";""Não"";328502;""Automóvel"";""HONDA/CITY LX FLEX"";2012;""Passageiro"";""Ileso"";55;""Feminino"";1;0;0;0;-29",09508333;-51,"54803395;""SR-RS"";""DEL9/6"";""UOP01/RS"""
"184720;407443;2019-01-12;""sábado"";""08:45:00"";""RS"";470;206","8;""BENTO GONCALVES"";""Não"";""Ultrapassagem Indevida"";2;""Colisão lateral"";""Com Vítimas Feridas"";""Pleno dia"";""Crescente"";""Céu Claro"";""Simples"";""Reta"";""Não"";328502;""Automóvel"";""HONDA/CITY LX FLEX"";2012;""Passageiro"";""Ileso"";55;""Feminino"";1;0;0;0;-29",09508333;-51,"54803395;""SR-RS"";""DEL9/6"";""UOP01/RS"""
"184720;407443;2019-01-12;""sábado"";""08:45:00"";""RS"";470;206","8;""BENTO GONCALVES"";""Sim"";""Ingestão de Álcool"";1;""Colisão frontal"";""Com Vítimas Feridas"";""Pleno dia"";""Crescente"";""Céu Claro"";""Simples"";""Reta"";""Não"";328502;""Automóvel"";""HONDA/CITY LX FLEX"";2012;""Passageiro"";""Ileso"";55;""Feminino"";1;0;0;0;-29",09508333;-51,"54803395;""SR-RS"";""DEL9/6"";""UOP01/RS"""
"184720;407443;2019-01-12;""sábado"";""08:45:00"";""RS"";470;206","8;""BENTO GONCALVES"";""Não"";""Ultrapassagem Indevida"";1;""Colisão frontal"";""Com Vítimas Feridas"";""Pleno dia"";""Crescente"";""Céu Claro"";""Simples"";""Reta"";""Não"";328502;""Automóvel"";""HONDA/CITY LX FLEX"";2012;""Passageiro"";""Ileso"";55;""Feminino"";1;0;0;0;-29",09508333;-51,"54803395;""SR-RS"";""DEL9/6"";""UOP01/RS"""
"184720;407445;2019-01-12;""sábado"";""08:45:00"";""RS"";470;206","8;""BENTO GONCALVES"";""Sim"";""Ingestão de Álcool"";3;""Colisão traseira"";""Com Vítimas Feridas"";""Pleno dia"";""Crescente"";""Céu Claro"";""Simples"";""Reta"";""Não"";328502;""Automóvel"";""HONDA/CITY LX FLEX"";2012;""Passageiro"";""Ileso"";17;""Feminino"";1;0;0;0;-29",09508333;-51,"54803395;""SR-RS"";""DEL9/6"";""UOP01/RS"""
"184720;407445;2019-01-12;""sábado"";""08:45:00"";""RS"";470;206","8;""BENTO GONCALVES"";""Não"";""Ultrapassagem Indevida"";3;""Colisão traseira"";""Com Vítimas Feridas"";""Pleno dia"";""Crescente"";""Céu Claro"";""Simples"";""Reta"";""Não"";328502;""Automóvel"";""HONDA/CITY LX FLEX"";2012;""Passageiro"";""Ileso"";17;""Feminino"";1;0;0;0;-29",09508333;-51,"54803395;""SR-RS"";""DEL9/6"";""UOP01/RS"""
"184720;407445;2019-01-12;""sábado"";""08:45:00"";""RS"";470;206","8;""BENTO GONCALVES"";""Sim"";""Ingestão de Álcool"";2;""Colisão lateral"";""Com Vítimas Feridas"";""Pleno dia"";""Crescente"";""Céu Claro"";""Simples"";""Reta"";""Não"";328502;""Automóvel"";""HONDA/CITY LX FLEX"";2012;""Passageiro"";""Ileso"";17;""Feminino"";1;0;0;0;-29",09508333;-51,"54803395;""SR-RS"";""DEL9/6"";""UOP01/RS"""
"184720;407445;2019-01-12;""sábado"";""08:45:00"";""RS"";470;206","8;""BENTO GONCALVES"";""Não"";""Ultrapassagem Indevida"";2;""Colisão lateral"";""Com Vítimas Feridas"";""Pleno dia"";""Crescente"";""Céu Claro"";""Simples"";""Reta"";""Não"";328502;""Automóvel"";""HONDA/CITY LX FLEX"";2012;""Passageiro"";""Ileso"";17;""Feminino"";1;0;0;0;-29",09508333;-51,"54803395;""SR-RS"";""DEL9/6"";""UOP01/RS"""
"184720;407445;2019-01-12;""sábado"";""08:45:00"";""RS"";470;206","8;""BENTO GONCALVES"";""Sim"";""Ingestão de Álcool"";1;""Colisão frontal"";""Com Vítimas Feridas"";""Pleno dia"";""Crescente"";""Céu Claro"";""Simples"";""Reta"";""Não"";328502;""Automóvel"";""HONDA/CITY LX FLEX"";2012;""Passageiro"";""Ileso"";17;""Feminino"";1;0;0;0;-29",09508333;-51,"54803395;""SR-RS"";""DEL9/6"";""UOP01/RS"""
"184720;407445;2019-01-12;""sábado"";""08:45:00"";""RS"";470;206","8;""BENTO GONCALVES"";""Não"";""Ultrapassagem Indevida"";1;""Colisão frontal"";""Com Vítimas Feridas"";""Pleno dia"";""Crescente"";""Céu Claro"";""Simples"";""Reta"";""Não"";328502;""Automóvel"";""HONDA/CITY LX FLEX"";2012;""Passageiro"";""Ileso"";17;""Feminino"";1;0;0;0;-29",09508333;-51,"54803395;""SR-RS"";""DEL9/6"";""UOP01/RS"""
"184720;407444;2019-01-12;""sábado"";""08:45:00"";""RS"";470;206","8;""BENTO GONCALVES"";""Sim"";""Ingestão de Álcool"";3;""Colisão traseira"";""Com Vítimas Feridas"";""Pleno dia"";""Crescente"";""Céu Claro"";""Simples"";""Reta"";""Não"";328502;""Automóvel"";""HONDA/CITY LX FLEX"";2012;""Passageiro"";""Ileso"";26;""Masculino"";1;0;0;0;-29",09508333;-51,"54803395;""SR-RS"";""DEL9/6"";""UOP01/RS"""
"184720;407444;2019-01-12;""sábado"";""08:45:00"";""RS"";470;206","8;""BENTO GONCALVES"";""Não"";""Ultrapassagem Indevida"";3;""Colisão traseira"";""Com Vítimas Feridas"";""Pleno dia"";""Crescente"";""Céu Claro"";""Simples"";""Reta"";""Não"";328502;""Automóvel"";""HONDA/CITY LX FLEX"";2012;""Passageiro"";""Ileso"";26;""Masculino"";1;0;0;0;-29",09508333;-51,"54803395;""SR-RS"";""DEL9/6"";""UOP01/RS"""
"184720;407444;2019-01-12;""sábado"";""08:45:00"";""RS"";470;206","8;""BENTO GONCALVES"";""Sim"";""Ingestão de Álcool"";2;""Colisão lateral"";""Com Vítimas Feridas"";""Pleno dia"";""Crescente"";""Céu Claro"";""Simples"";""Reta"";""Não"";328502;""Automóvel"";""HONDA/CITY LX FLEX"";2012;""Passageiro"";""Ileso"";26;""Masculino"";1;0;0;0;-29",09508333;-51,"54803395;""SR-RS"";""DEL9/6"";""UOP01/RS"""
"184720;407444;2019-01-12;""sábado"";""08:45:00"";""RS"";470;206","8;""BENTO GONCALVES"";""Não"";""Ultrapassagem Indevida"";2;""Colisão lateral"";""Com Vítimas Feridas"";""Pleno dia"";""Crescente"";""Céu Claro"";""Simples"";""Reta"";""Não"";328502;""Automóvel"";""HONDA/CITY LX FLEX"";2012;""Passageiro"";""Ileso"";26;""Masculino"";1;0;0;0;-29",09508333;-51,"54803395;""SR-RS"";""DEL9/6"";""UOP01/RS"""
"184720;407444;2019-01-12;""sábado"";""08:45:00"";""RS"";470;206","8;""BENTO GONCALVES"";""Sim"";""Ingestão de Álcool"";1;""Colisão frontal"";""Com Vítimas Feridas"";""Pleno dia"";""Crescente"";""Céu Claro"";""Simples"";""Reta"";""Não"";328502;""Automóvel"";""HONDA/CITY LX FLEX"";2012;""Passageiro"";""Ileso"";26;""Masculino"";1;0;0;0;-29",09508333;-51,"54803395;""SR-RS"";""DEL9/6"";""UOP01/RS"""
"184720;407444;2019-01-12;""sábado"";""08:45:00"";""RS"";470;206","8;""BENTO GONCALVES"";""Não"";""Ultrapassagem Indevida"";1;""Colisão frontal"";""Com Vítimas Feridas"";""Pleno dia"";""Crescente"";""Céu Claro"";""Simples"";""Reta"";""Não"";328502;""Automóvel"";""HONDA/CITY LX FLEX"";2012;""Passageiro"";""Ileso"";26;""Masculino"";1;0;0;0;-29",09508333;-51,"54803395;""SR-RS"";""DEL9/6"";""UOP01/RS"""
"184720;407442;2019-01-12;""sábado"";""08:45:00"";""RS"";470;206","8;""BENTO GONCALVES"";""Sim"";""Ingestão de Álcool"";3;""Colisão traseira"";""Com Vítimas Feridas"";""Pleno dia"";""Crescente"";""Céu Claro"";""Simples"";""Reta"";""Não"";328502;""Automóvel"";""HONDA/CITY LX FLEX"";2012;""Condutor"";""Ileso"";60;""Masculino"";1;0;0;0;-29",09508333;-51,"54803395;""SR-RS"";""DEL9/6"";""UOP01/RS"""
"184720;407442;2019-01-12;""sábado"";""08:45:00"";""RS"";470;206","8;""BENTO GONCALVES"";""Não"";""Ultrapassagem Indevida"";3;""Colisão traseira"";""Com Vítimas Feridas"";""Pleno dia"";""Crescente"";""Céu Claro"";""Simples"";""Reta"";""Não"";328502;""Automóvel"";""HONDA/CITY LX FLEX"";2012;""Condutor"";""Ileso"";60;""Masculino"";1;0;0;0;-29",09508333;-51,"54803395;""SR-RS"";""DEL9/6"";""UOP01/RS"""
"184720;407442;2019-01-12;""sábado"";""08:45:00"";""RS"";470;206","8;""BENTO GONCALVES"";""Sim"";""Ingestão de Álcool"";2;""Colisão lateral"";""Com Vítimas Feridas"";""Pleno dia"";""Crescente"";""Céu Claro"";""Simples"";""Reta"";""Não"";328502;""Automóvel"";""HONDA/CITY LX FLEX"";2012;""Condutor"";""Ileso"";60;""Masculino"";1;0;0;0;-29",09508333;-51,"54803395;""SR-RS"";""DEL9/6"";""UOP01/RS"""
"184720;407442;2019-01-12;""sábado"";""08:45:00"";""RS"";470;206","8;""BENTO GONCALVES"";""Não"";""Ultrapassagem Indevida"";2;""Colisão lateral"";""Com Vítimas Feridas"";""Pleno dia"";""Crescente"";""Céu Claro"";""Simples"";""Reta"";""Não"";328502;""Automóvel"";""HONDA/CITY LX FLEX"";2012;""Condutor"";""Ileso"";60;""Masculino"";1;0;0;0;-29",09508333;-51,"54803395;""SR-RS"";""DEL9/6"";""UOP01/RS"""
"184720;407442;2019-01-12;""sábado"";""08:45:00"";""RS"";470;206","8;""BENTO GONCALVES"";""Sim"";""Ingestão de Álcool"";1;""Colisão frontal"";""Com Vítimas Feridas"";""Pleno dia"";""Crescente"";""Céu Claro"";""Simples"";""Reta"";""Não"";328502;""Automóvel"";""HONDA/CITY LX FLEX"";2012;""Condutor"";""Ileso"";60;""Masculino"";1;0;0;0;-29",09508333;-51,"54803395;""SR-RS"";""DEL9/6"";""UOP01/RS"""
"184720;407442;2019-01-12;""sábado"";""08:45:00"";""RS"";470;206","8;""BENTO GONCALVES"";""Não"";""Ultrapassagem Indevida"";1;""Colisão frontal"";""Com Vítimas Feridas"";""Pleno dia"";""Crescente"";""Céu Claro"";""Simples"";""Reta"";""Não"";328502;""Automóvel"";""HONDA/CITY LX FLEX"";2012;""Condutor"";""Ileso"";60;""Masculino"";1;0;0;0;-29",09508333;-51,"54803395;""SR-RS"";""DEL9/6"";""UOP01/RS"""
"184720;407440;2019-01-12;""sábado"";""08:45:00"";""RS"";470;206","8;""BENTO GONCALVES"";""Sim"";""Ingestão de Álcool"";3;""Colisão traseira"";""Com Vítimas Feridas"";""Pleno dia"";""Crescente"";""Céu Claro"";""Simples"";""Reta"";""Não"";328497;""Caminhonete"";""VW/SAVEIRO 1.6 CE"";2009;""Condutor"";""Ileso"";73;""Masculino"";1;0;0;0;-29",09508333;-51,"54803395;""SR-RS"";""DEL9/6"";""UOP01/RS"""
"184720;407440;2019-01-12;""sábado"";""08:45:00"";""RS"";470;206","8;""BENTO GONCALVES"";""Não"";""Ultrapassagem Indevida"";3;""Colisão traseira"";""Com Vítimas Feridas"";""Pleno dia"";""Crescente"";""Céu Claro"";""Simples"";""Reta"";""Não"";328497;""Caminhonete"";""VW/SAVEIRO 1.6 CE"";2009;""Condutor"";""Ileso"";73;""Masculino"";1;0;0;0;-29",09508333;-51,"54803395;""SR-RS"";""DEL9/6"";""UOP01/RS"""
"184720;407440;2019-01-12;""sábado"";""08:45:00"";""RS"";470;206","8;""BENTO GONCALVES"";""Sim"";""Ingestão de Álcool"";2;""Colisão lateral"";""Com Vítimas Feridas"";""Pleno dia"";""Crescente"";""Céu Claro"";""Simples"";""Reta"";""Não"";328497;""Caminhonete"";""VW/SAVEIRO 1.6 CE"";2009;""Condutor"";""Ileso"";73;""Masculino"";1;0;0;0;-29",09508333;-51,"54803395;""SR-RS"";""DEL9/6"";""UOP01/RS"""
"184720;407440;2019-01-12;""sábado"";""08:45:00"";""RS"";470;206","8;""BENTO GONCALVES"";""Não"";""Ultrapassagem Indevida"";2;""Colisão lateral"";""Com Vítimas Feridas"";""Pleno dia"";""Crescente"";""Céu Claro"";""Simples"";""Reta"";""Não"";328497;""Caminhonete"";""VW/SAVEIRO 1.6 CE"";2009;""Condutor"";""Ileso"";73;""Masculino"";1;0;0;0;-29",09508333;-51,"54803395;""SR-RS"";""DEL9/6"";""UOP01/RS"""
"184720;407440;2019-01-12;""sábado"";""08:45:00"";""RS"";470;206","8;""BENTO GONCALVES"";""Sim"";""Ingestão de Álcool"";1;""Colisão frontal"";""Com Vítimas Feridas"";""Pleno dia"";""Crescente"";""Céu Claro"";""Simples"";""Reta"";""Não"";328497;""Caminhonete"";""VW/SAVEIRO 1.6 CE"";2009;""Condutor"";""Ileso"";73;""Masculino"";1;0;0;0;-29",09508333;-51,"54803395;""SR-RS"";""DEL9/6"";""UOP01/RS"""
"184720;407440;2019-01-12;""sábado"";""08:45:00"";""RS"";470;206","8;""BENTO GONCALVES"";""Não"";""Ultrapassagem Indevida"";1;""Colisão frontal"";""Com Vítimas Feridas"";""Pleno dia"";""Crescente"";""Céu Claro"";""Simples"";""Reta"";""Não"";328497;""Caminhonete"";""VW/SAVEIRO 1.6 CE"";2009;""Condutor"";""Ileso"";73;""Masculino"";1;0;0;0;-29",09508333;-51,"54803395;""SR-RS"";""DEL9/6"";""UOP01/RS"""
"184720;407438;2019-01-12;""sábado"";""08:45:00"";""RS"";470;206","8;""BENTO GONCALVES"";""Sim"";""Ingestão de Álcool"";3;""Colisão traseira"";""Com Vítimas Feridas"";""Pleno dia"";""Crescente"";""Céu Claro"";""Simples"";""Reta"";""Não"";328495;""Caminhão-trator"";""SCANIA/P 360 A6X2"";2014;""Condutor"";""Ileso"";32;""Masculino"";1;0;0;0;-29",09508333;-51,"54803395;""SR-RS"";""DEL9/6"";""UOP01/RS"""
"184720;407438;2019-01-12;""sábado"";""08:45:00"";""RS"";470;206","8;""BENTO GONCALVES"";""Não"";""Ultrapassagem Indevida"";3;""Colisão traseira"";""Com Vítimas Feridas"";""Pleno dia"";""Crescente"";""Céu Claro"";""Simples"";""Reta"";""Não"";328495;""Caminhão-trator"";""SCANIA/P 360 A6X2"";2014;""Condutor"";""Ileso"";32;""Masculino"";1;0;0;0;-29",09508333;-51,"54803395;""SR-RS"";""DEL9/6"";""UOP01/RS"""
"184720;407438;2019-01-12;""sábado"";""08:45:00"";""RS"";470;206","8;""BENTO GONCALVES"";""Sim"";""Ingestão de Álcool"";2;""Colisão lateral"";""Com Vítimas Feridas"";""Pleno dia"";""Crescente"";""Céu Claro"";""Simples"";""Reta"";""Não"";328495;""Caminhão-trator"";""SCANIA/P 360 A6X2"";2014;""Condutor"";""Ileso"";32;""Masculino"";1;0;0;0;-29",09508333;-51,"54803395;""SR-RS"";""DEL9/6"";""UOP01/RS"""
"184720;407438;2019-01-12;""sábado"";""08:45:00"";""RS"";470;206","8;""BENTO GONCALVES"";""Não"";""Ultrapassagem Indevida"";2;""Colisão lateral"";""Com Vítimas Feridas"";""Pleno dia"";""Crescente"";""Céu Claro"";""Simples"";""Reta"";""Não"";328495;""Caminhão-trator"";""SCANIA/P 360 A6X2"";2014;""Condutor"";""Ileso"";32;""Masculino"";1;0;0;0;-29",09508333;-51,"54803395;""SR-RS"";""DEL9/6"";""UOP01/RS"""
"184720;407438;2019-01-12;""sábado"";""08:45:00"";""RS"";470;206","8;""BENTO GONCALVES"";""Sim"";""Ingestão de Álcool"";1;""Colisão frontal"";""Com Vítimas Feridas"";""Pleno dia"";""Crescente"";""Céu Claro"";""Simples"";""Reta"";""Não"";328495;""Caminhão-trator"";""SCANIA/P 360 A6X2"";2014;""Condutor"";""Ileso"";32;""Masculino"";1;0;0;0;-29",09508333;-51,"54803395;""SR-RS"";""DEL9/6"";""UOP01/RS"""
"184720;407438;2019-01-12;""sábado"";""08:45:00"";""RS"";470;206","8;""BENTO GONCALVES"";""Não"";""Ultrapassagem Indevida"";1;""Colisão frontal"";""Com Vítimas Feridas"";""Pleno dia"";""Crescente"";""Céu Claro"";""Simples"";""Reta"";""Não"";328495;""Caminhão-trator"";""SCANIA/P 360 A6X2"";2014;""Condutor"";""Ileso"";32;""Masculino"";1;0;0;0;-29",09508333;-51,"54803395;""SR-RS"";""DEL9/6"";""UOP01/RS"""
"184720;407435;2019-01-12;""sábado"";""08:45:00"";""RS"";470;206","8;""BENTO GONCALVES"";""Sim"";""Ingestão de Álcool"";3;""Colisão traseira"";""Com Vítimas Feridas"";""Pleno dia"";""Crescente"";""Céu Claro"";""Simples"";""Reta"";""Não"";328482;""Automóvel"";""RENAULT/SANDERO STW 16HP"";2013;""Condutor"";""Ileso"";25;""Masculino"";1;0;0;0;-29",09508333;-51,"54803395;""SR-RS"";""DEL9/6"";""UOP01/RS"""
"184720;407435;2019-01-12;""sábado"";""08:45:00"";""RS"";470;206","8;""BENTO GONCALVES"";""Não"";""Ultrapassagem Indevida"";3;""Colisão traseira"";""Com Vítimas Feridas"";""Pleno dia"";""Crescente"";""Céu Claro"";""Simples"";""Reta"";""Não"";328482;""Automóvel"";""RENAULT/SANDERO STW 16HP"";2013;""Condutor"";""Ileso"";25;""Masculino"";1;0;0;0;-29",09508333;-51,"54803395;""SR-RS"";""DEL9/6"";""UOP01/RS"""
"184720;407435;2019-01-12;""sábado"";""08:45:00"";""RS"";470;206","8;""BENTO GONCALVES"";""Sim"";""Ingestão de Álcool"";2;""Colisão lateral"";""Com Vítimas Feridas"";""Pleno dia"";""Crescente"";""Céu Claro"";""Simples"";""Reta"";""Não"";328482;""Automóvel"";""RENAULT/SANDERO STW 16HP"";2013;""Condutor"";""Ileso"";25;""Masculino"";1;0;0;0;-29",09508333;-51,"54803395;""SR-RS"";""DEL9/6"";""UOP01/RS"""
"184720;407435;2019-01-12;""sábado"";""08:45:00"";""RS"";470;206","8;""BENTO GONCALVES"";""Não"";""Ultrapassagem Indevida"";2;""Colisão lateral"";""Com Vítimas Feridas"";""Pleno dia"";""Crescente"";""Céu Claro"";""Simples"";""Reta"";""Não"";328482;""Automóvel"";""RENAULT/SANDERO STW 16HP"";2013;""Condutor"";""Ileso"";25;""Masculino"";1;0;0;0;-29",09508333;-51,"54803395;""SR-RS"";""DEL9/6"";""UOP01/RS"""