"id;""pesid"";""data_inversa"";""dia_semana"";""horario"";""uf"";""br"";""km"";""municipio"";""causa_principal"";""causa_acidente"";""ordem_tipo_acidente"";""tipo_acidente"";""classificacao_acidente"";""fase_dia"";""sentido_via"";""condicao_metereologica"";""tipo_pista"";""tracado_via"";""uso_solo"";""id_veiculo"";""tipo_veiculo"";""marca"";""ano_fabricacao_veiculo"";""tipo_envolvido"";""estado_fisico"";""idade"";""sexo"";""ilesos"";""feridos_leves"";""feridos_graves"";""mortos"";""latitude"";""longitude"";""regional"";""delegacia"";""uop""",,,
"184720;407435;2019-01-12;""sábado"";""08:45:00"";""RS"";470;206","8;""BENTO GONCALVES"";""Sim"";""Ingestão de Álcool"";1;""Colisão frontal"";""Com Vítimas Feridas"";""Pleno dia"";""Crescente"";""Céu Claro"";""Simples"";""Reta"";""Não"";328482;""Automóvel"";""RENAULT/SANDERO STW 16HP"";2013;""Condutor"";""Ileso"";25;""Masculino"";1;0;0;0;-29",09508333;-51,"54803395;""SR-RS"";""DEL9/6"";""UOP01/RS"""
"184720;407435;2019-01-12;""sábado"";""08:45:00"";""RS"";470;206","8;""BENTO GONCALVES"";""Não"";""Ultrapassagem Indevida"";1;""Colisão frontal"";""Com Vítimas Feridas"";""Pleno dia"";""Crescente"";""Céu Claro"";""Simples"";""Reta"";""Não"";328482;""Automóvel"";""RENAULT/SANDERO STW 16HP"";2013;""Condutor"";""Ileso"";25;""Masculino"";1;0;0;0;-29",09508333;-51,"54803395;""SR-RS"";""DEL9/6"";""UOP01/RS"""
"184721;407582;2019-01-12;""sábado"";""09:14:00"";""PR"";116;95","2;""SAO JOSE DOS PINHAIS"";""Sim"";""Velocidade Incompatível"";2;""Capotamento"";""Com Vítimas Feridas"";""Pleno dia"";""Decrescente"";""Sol"";""Dupla"";""Reta"";""Não"";328491;""Automóvel"";""FIAT/UNO MILLE FIRE"";2004;""Passageiro"";""Lesões Leves"";25;""Feminino"";0;1;0;0;-25",497253;-49,"117657;""SR-PR"";""DEL7/1"";""UOP01/PR"""
"184721;407582;2019-01-12;""sábado"";""09:14:00"";""PR"";116;95","2;""SAO JOSE DOS PINHAIS"";""Sim"";""Velocidade Incompatível"";1;""Saída de leito carroçável"";""Com Vítimas Feridas"";""Pleno dia"";""Decrescente"";""Sol"";""Dupla"";""Reta"";""Não"";328491;""Automóvel"";""FIAT/UNO MILLE FIRE"";2004;""Passageiro"";""Lesões Leves"";25;""Feminino"";0;1;0;0;-25",497253;-49,"117657;""SR-PR"";""DEL7/1"";""UOP01/PR"""
"184721;407565;2019-01-12;""sábado"";""09:14:00"";""PR"";116;95","2;""SAO JOSE DOS PINHAIS"";""Sim"";""Velocidade Incompatível"";2;""Capotamento"";""Com Vítimas Feridas"";""Pleno dia"";""Decrescente"";""Sol"";""Dupla"";""Reta"";""Não"";328491;""Automóvel"";""FIAT/UNO MILLE FIRE"";2004;""Condutor"";""Ileso"";30;""Masculino"";1;0;0;0;-25",497253;-49,"117657;""SR-PR"";""DEL7/1"";""UOP01/PR"""
"184721;407565;2019-01-12;""sábado"";""09:14:00"";""PR"";116;95","2;""SAO JOSE DOS PINHAIS"";""Sim"";""Velocidade Incompatível"";1;""Saída de leito carroçável"";""Com Vítimas Feridas"";""Pleno dia"";""Decrescente"";""Sol"";""Dupla"";""Reta"";""Não"";328491;""Automóvel"";""FIAT/UNO MILLE FIRE"";2004;""Condutor"";""Ileso"";30;""Masculino"";1;0;0;0;-25",497253;-49,"117657;""SR-PR"";""DEL7/1"";""UOP01/PR"""
"184723;407578;2019-01-12;""sábado"";""08:30:00"";""MG"";50;64","1;""UBERLANDIA"";""Sim"";""Ultrapassagem Indevida"";1;""Colisão traseira"";""Com Vítimas Feridas"";""Pleno dia"";""Decrescente"";""Sol"";""Dupla"";""Não Informado"";""Não"";328483;""Automóvel"";""VW/NOVO GOL TL MCV"";2017;""Passageiro"";""Lesões Leves"";28;""Feminino"";0;1;0;0;-18",8551;-48,"2537;""SR-MG"";""DEL4/15"";""UOP02/MG"""
"184723;407575;2019-01-12;""sábado"";""08:30:00"";""MG"";50;64","1;""UBERLANDIA"";""Sim"";""Ultrapassagem Indevida"";1;""Colisão traseira"";""Com Vítimas Feridas"";""Pleno dia"";""Decrescente"";""Sol"";""Dupla"";""Não Informado"";""Não"";328483;""Automóvel"";""VW/NOVO GOL TL MCV"";2017;""Passageiro"";""Lesões Leves"";54;""Feminino"";0;1;0;0;-18",8551;-48,"2537;""SR-MG"";""DEL4/15"";""UOP02/MG"""
"184723;407579;2019-01-12;""sábado"";""08:30:00"";""MG"";50;64","1;""UBERLANDIA"";""Sim"";""Ultrapassagem Indevida"";1;""Colisão traseira"";""Com Vítimas Feridas"";""Pleno dia"";""Decrescente"";""Sol"";""Dupla"";""Não Informado"";""Não"";328484;""Caminhão"";""FORD/CARGO 712"";2011;""Condutor"";""Ileso"";45;""Masculino"";1;0;0;0;-18",8551;-48,"2537;""SR-MG"";""DEL4/15"";""UOP02/MG"""
"184723;407573;2019-01-12;""sábado"";""08:30:00"";""MG"";50;64","1;""UBERLANDIA"";""Sim"";""Ultrapassagem Indevida"";1;""Colisão traseira"";""Com Vítimas Feridas"";""Pleno dia"";""Decrescente"";""Sol"";""Dupla"";""Não Informado"";""Não"";328483;""Automóvel"";""VW/NOVO GOL TL MCV"";2017;""Condutor"";""Ileso"";42;""Masculino"";1;0;0;0;-18",8551;-48,"2537;""SR-MG"";""DEL4/15"";""UOP02/MG"""
"184724;407386;2019-01-11;""sexta-feira"";""20:10:00"";""PI"";135;505;""MONTE ALEGRE DO PIAUI"";""Sim"";""Ingestão de Álcool"";1;""Colisão com objeto em movimento"";""Com Vítimas Fatais"";""Plena Noite"";""Decrescente"";""Céu Claro"";""Simples"";""Reta"";""Não"";328449;""Caminhonete"";""FIAT/STRADA FIRE"";2003;""Condutor"";""Ileso"";48;""Masculino"";1;0;0;0;-9",753529;-45,"307346;""SR-PI"";""DEL17/3"";""UOP02/PI""",
"184724;407357;2019-01-11;""sexta-feira"";""20:10:00"";""PI"";135;505;""MONTE ALEGRE DO PIAUI"";""Sim"";""Ingestão de Álcool"";1;""Colisão com objeto em movimento"";""Com Vítimas Fatais"";""Plena Noite"";""Decrescente"";""Céu Claro"";""Simples"";""Reta"";""Não"";328448;""Bicicleta"";"""";NA;""Condutor"";""Óbito"";68;""Masculino"";0;0;0;1;-9",753529;-45,"307346;""SR-PI"";""DEL17/3"";""UOP02/PI""",
"184725;409054;2019-01-12;""sábado"";""07:30:00"";""SC"";282;644","5;""SAO MIGUEL DO OESTE"";""Sim"";""Desobediência às normas de trânsito pelo condutor"";1;""Colisão transversal"";""Com Vítimas Feridas"";""Pleno dia"";""Decrescente"";""Céu Claro"";""Simples"";""Desvio Temporário"";""Não"";329712;""Motocicleta"";""HONDA/CG 125 TITAN"";1995;""Passageiro"";""Ileso"";69;""Feminino"";1;0;0;0;-26",769157;-53,"479385;""SR-SC"";""DEL7"";""UOP03/SC"""
"184725;409053;2019-01-12;""sábado"";""07:30:00"";""SC"";282;644","5;""SAO MIGUEL DO OESTE"";""Sim"";""Desobediência às normas de trânsito pelo condutor"";1;""Colisão transversal"";""Com Vítimas Feridas"";""Pleno dia"";""Decrescente"";""Céu Claro"";""Simples"";""Desvio Temporário"";""Não"";329712;""Motocicleta"";""HONDA/CG 125 TITAN"";1995;""Condutor"";""Lesões Leves"";56;""Masculino"";0;1;0;0;-26",769157;-53,"479385;""SR-SC"";""DEL7"";""UOP03/SC"""
"184725;409051;2019-01-12;""sábado"";""07:30:00"";""SC"";282;644","5;""SAO MIGUEL DO OESTE"";""Sim"";""Desobediência às normas de trânsito pelo condutor"";1;""Colisão transversal"";""Com Vítimas Feridas"";""Pleno dia"";""Decrescente"";""Céu Claro"";""Simples"";""Desvio Temporário"";""Não"";328489;""Automóvel"";""FIAT/UNO ELECTRONIC"";1995;""Condutor"";""Ileso"";48;""Masculino"";1;0;0;0;-26",769157;-53,"479385;""SR-SC"";""DEL7"";""UOP03/SC"""
"184725;409057;2019-01-12;""sábado"";""07:30:00"";""SC"";282;644","5;""SAO MIGUEL DO OESTE"";""Sim"";""Desobediência às normas de trânsito pelo condutor"";1;""Colisão transversal"";""Com Vítimas Feridas"";""Pleno dia"";""Decrescente"";""Céu Claro"";""Simples"";""Desvio Temporário"";""Não"";328489;""Automóvel"";""FIAT/UNO ELECTRONIC"";1995;""Testemunha"";""Não Informado"";NA;""Não Informado"";0;0;0;0;-26",769157;-53,"479385;""SR-SC"";""DEL7"";""UOP03/SC"""
"184725;409057;2019-01-12;""sábado"";""07:30:00"";""SC"";282;644","5;""SAO MIGUEL DO OESTE"";""Sim"";""Desobediência às normas de trânsito pelo condutor"";1;""Colisão transversal"";""Com Vítimas Feridas"";""Pleno dia"";""Decrescente"";""Céu Claro"";""Simples"";""Desvio Temporário"";""Não"";329712;""Motocicleta"";""HONDA/CG 125 TITAN"";1995;""Testemunha"";""Não Informado"";NA;""Não Informado"";0;0;0;0;-26",769157;-53,"479385;""SR-SC"";""DEL7"";""UOP03/SC"""
"184725;409059;2019-01-12;""sábado"";""07:30:00"";""SC"";282;644","5;""SAO MIGUEL DO OESTE"";""Sim"";""Desobediência às normas de trânsito pelo condutor"";1;""Colisão transversal"";""Com Vítimas Feridas"";""Pleno dia"";""Decrescente"";""Céu Claro"";""Simples"";""Desvio Temporário"";""Não"";328489;""Automóvel"";""FIAT/UNO ELECTRONIC"";1995;""Testemunha"";""Não Informado"";NA;""Não Informado"";0;0;0;0;-26",769157;-53,"479385;""SR-SC"";""DEL7"";""UOP03/SC"""
"184725;409059;2019-01-12;""sábado"";""07:30:00"";""SC"";282;644","5;""SAO MIGUEL DO OESTE"";""Sim"";""Desobediência às normas de trânsito pelo condutor"";1;""Colisão transversal"";""Com Vítimas Feridas"";""Pleno dia"";""Decrescente"";""Céu Claro"";""Simples"";""Desvio Temporário"";""Não"";329712;""Motocicleta"";""HONDA/CG 125 TITAN"";1995;""Testemunha"";""Não Informado"";NA;""Não Informado"";0;0;0;0;-26",769157;-53,"479385;""SR-SC"";""DEL7"";""UOP03/SC"""
"184725;409060;2019-01-12;""sábado"";""07:30:00"";""SC"";282;644","5;""SAO MIGUEL DO OESTE"";""Sim"";""Desobediência às normas de trânsito pelo condutor"";1;""Colisão transversal"";""Com Vítimas Feridas"";""Pleno dia"";""Decrescente"";""Céu Claro"";""Simples"";""Desvio Temporário"";""Não"";328489;""Automóvel"";""FIAT/UNO ELECTRONIC"";1995;""Testemunha"";""Não Informado"";NA;""Não Informado"";0;0;0;0;-26",769157;-53,"479385;""SR-SC"";""DEL7"";""UOP03/SC"""
"184725;409060;2019-01-12;""sábado"";""07:30:00"";""SC"";282;644","5;""SAO MIGUEL DO OESTE"";""Sim"";""Desobediência às normas de trânsito pelo condutor"";1;""Colisão transversal"";""Com Vítimas Feridas"";""Pleno dia"";""Decrescente"";""Céu Claro"";""Simples"";""Desvio Temporário"";""Não"";329712;""Motocicleta"";""HONDA/CG 125 TITAN"";1995;""Testemunha"";""Não Informado"";NA;""Não Informado"";0;0;0;0;-26",769157;-53,"479385;""SR-SC"";""DEL7"";""UOP03/SC"""
"184727;NA;2019-01-12;""sábado"";""07:30:00"";""MG"";354;732","3;""POUSO ALTO"";""Sim"";""Velocidade Incompatível"";2;""Colisão com objeto estático"";""Com Vítimas Feridas"";""Pleno dia"";""Decrescente"";""Céu Claro"";""Simples"";""Curva"";""Não"";330047;""Semireboque"";""SR/SAO PEDRO SRFB 3E"";2005;""Não Informado"";""Não Informado"";NA;""Não Informado"";0;0;0;0;-22",1736551;-44,"96438026;""SR-MG"";""DEL09"";""UOP02/MG"""
"184727;NA;2019-01-12;""sábado"";""07:30:00"";""MG"";354;732","3;""POUSO ALTO"";""Sim"";""Velocidade Incompatível"";1;""Tombamento"";""Com Vítimas Feridas"";""Pleno dia"";""Decrescente"";""Céu Claro"";""Simples"";""Curva"";""Não"";330047;""Semireboque"";""SR/SAO PEDRO SRFB 3E"";2005;""Não Informado"";""Não Informado"";NA;""Não Informado"";0;0;0;0;-22",1736551;-44,"96438026;""SR-MG"";""DEL09"";""UOP02/MG"""
"184727;407613;2019-01-12;""sábado"";""07:30:00"";""MG"";354;732","3;""POUSO ALTO"";""Sim"";""Velocidade Incompatível"";2;""Colisão com objeto estático"";""Com Vítimas Feridas"";""Pleno dia"";""Decrescente"";""Céu Claro"";""Simples"";""Curva"";""Não"";328617;""Caminhão-trator"";""SCANIA/P 360 A4X2"";2013;""Condutor"";""Lesões Leves"";55;""Masculino"";0;1;0;0;-22",1736551;-44,"96438026;""SR-MG"";""DEL09"";""UOP02/MG"""
"184727;407613;2019-01-12;""sábado"";""07:30:00"";""MG"";354;732","3;""POUSO ALTO"";""Sim"";""Velocidade Incompatível"";1;""Tombamento"";""Com Vítimas Feridas"";""Pleno dia"";""Decrescente"";""Céu Claro"";""Simples"";""Curva"";""Não"";328617;""Caminhão-trator"";""SCANIA/P 360 A4X2"";2013;""Condutor"";""Lesões Leves"";55;""Masculino"";0;1;0;0;-22",1736551;-44,"96438026;""SR-MG"";""DEL09"";""UOP02/MG"""
"184728;NA;2019-01-07;""segunda-feira"";""15:30:00"";""MS"";163;486","3;""CAMPO GRANDE"";""Não"";""Restrição de Visibilidade"";1;""Colisão traseira"";""Com Vítimas Feridas"";""Pleno dia"";""Crescente"";""Chuva"";""Simples"";""Desvio Temporário"";""Sim"";328476;""Semireboque"";""SR/FACCHINI SRF CA"";2004;""Não Informado"";""Não Informado"";NA;""Não Informado"";0;0;0;0;-20",430339;-54,"544306;""SR-MS"";""DEL3/1"";""UOP02/MS"""
"184728;NA;2019-01-07;""segunda-feira"";""15:30:00"";""MS"";163;486","3;""CAMPO GRANDE"";""Não"";""Pista Escorregadia"";1;""Colisão traseira"";""Com Vítimas Feridas"";""Pleno dia"";""Crescente"";""Chuva"";""Simples"";""Desvio Temporário"";""Sim"";328476;""Semireboque"";""SR/FACCHINI SRF CA"";2004;""Não Informado"";""Não Informado"";NA;""Não Informado"";0;0;0;0;-20",430339;-54,"544306;""SR-MS"";""DEL3/1"";""UOP02/MS"""
"184728;NA;2019-01-07;""segunda-feira"";""15:30:00"";""MS"";163;486","3;""CAMPO GRANDE"";""Sim"";""Desobediência às normas de trânsito pelo condutor"";1;""Colisão traseira"";""Com Vítimas Feridas"";""Pleno dia"";""Crescente"";""Chuva"";""Simples"";""Desvio Temporário"";""Sim"";328476;""Semireboque"";""SR/FACCHINI SRF CA"";2004;""Não Informado"";""Não Informado"";NA;""Não Informado"";0;0;0;0;-20",430339;-54,"544306;""SR-MS"";""DEL3/1"";""UOP02/MS"""
"184728;NA;2019-01-07;""segunda-feira"";""15:30:00"";""MS"";163;486","3;""CAMPO GRANDE"";""Não"";""Restrição de Visibilidade"";1;""Colisão traseira"";""Com Vítimas Feridas"";""Pleno dia"";""Crescente"";""Chuva"";""Simples"";""Desvio Temporário"";""Sim"";328478;""Semireboque"";""SR/GUERRA AG GR"";2003;""Não Informado"";""Não Informado"";NA;""Não Informado"";0;0;0;0;-20",430339;-54,"544306;""SR-MS"";""DEL3/1"";""UOP02/MS"""
"184728;NA;2019-01-07;""segunda-feira"";""15:30:00"";""MS"";163;486","3;""CAMPO GRANDE"";""Não"";""Pista Escorregadia"";1;""Colisão traseira"";""Com Vítimas Feridas"";""Pleno dia"";""Crescente"";""Chuva"";""Simples"";""Desvio Temporário"";""Sim"";328478;""Semireboque"";""SR/GUERRA AG GR"";2003;""Não Informado"";""Não Informado"";NA;""Não Informado"";0;0;0;0;-20",430339;-54,"544306;""SR-MS"";""DEL3/1"";""UOP02/MS"""
"184728;NA;2019-01-07;""segunda-feira"";""15:30:00"";""MS"";163;486","3;""CAMPO GRANDE"";""Sim"";""Desobediência às normas de trânsito pelo condutor"";1;""Colisão traseira"";""Com Vítimas Feridas"";""Pleno dia"";""Crescente"";""Chuva"";""Simples"";""Desvio Temporário"";""Sim"";328478;""Semireboque"";""SR/GUERRA AG GR"";2003;""Não Informado"";""Não Informado"";NA;""Não Informado"";0;0;0;0;-20",430339;-54,"544306;""SR-MS"";""DEL3/1"";""UOP02/MS"""
"184728;407390;2019-01-07;""segunda-feira"";""15:30:00"";""MS"";163;486","3;""CAMPO GRANDE"";""Não"";""Restrição de Visibilidade"";1;""Colisão traseira"";""Com Vítimas Feridas"";""Pleno dia"";""Crescente"";""Chuva"";""Simples"";""Desvio Temporário"";""Sim"";328461;""Caminhonete"";""I/TOYOTA HILUX CD4X4 SRV"";2014;""Condutor"";""Lesões Leves"";63;""Masculino"";0;1;0;0;-20",430339;-54,"544306;""SR-MS"";""DEL3/1"";""UOP02/MS"""
"184728;407390;2019-01-07;""segunda-feira"";""15:30:00"";""MS"";163;486","3;""CAMPO GRANDE"";""Não"";""Pista Escorregadia"";1;""Colisão traseira"";""Com Vítimas Feridas"";""Pleno dia"";""Crescente"";""Chuva"";""Simples"";""Desvio Temporário"";""Sim"";328461;""Caminhonete"";""I/TOYOTA HILUX CD4X4 SRV"";2014;""Condutor"";""Lesões Leves"";63;""Masculino"";0;1;0;0;-20",430339;-54,"544306;""SR-MS"";""DEL3/1"";""UOP02/MS"""
"184728;407390;2019-01-07;""segunda-feira"";""15:30:00"";""MS"";163;486","3;""CAMPO GRANDE"";""Sim"";""Desobediência às normas de trânsito pelo condutor"";1;""Colisão traseira"";""Com Vítimas Feridas"";""Pleno dia"";""Crescente"";""Chuva"";""Simples"";""Desvio Temporário"";""Sim"";328461;""Caminhonete"";""I/TOYOTA HILUX CD4X4 SRV"";2014;""Condutor"";""Lesões Leves"";63;""Masculino"";0;1;0;0;-20",430339;-54,"544306;""SR-MS"";""DEL3/1"";""UOP02/MS"""
"184728;407400;2019-01-07;""segunda-feira"";""15:30:00"";""MS"";163;486","3;""CAMPO GRANDE"";""Não"";""Restrição de Visibilidade"";1;""Colisão traseira"";""Com Vítimas Feridas"";""Pleno dia"";""Crescente"";""Chuva"";""Simples"";""Desvio Temporário"";""Sim"";328462;""Caminhão-trator"";""VOLVO/FH12 380 4X2T"";2003;""Passageiro"";""Ileso"";21;""Masculino"";1;0;0;0;-20",430339;-54,"544306;""SR-MS"";""DEL3/1"";""UOP02/MS"""
"184728;407400;2019-01-07;""segunda-feira"";""15:30:00"";""MS"";163;486","3;""CAMPO GRANDE"";""Não"";""Pista Escorregadia"";1;""Colisão traseira"";""Com Vítimas Feridas"";""Pleno dia"";""Crescente"";""Chuva"";""Simples"";""Desvio Temporário"";""Sim"";328462;""Caminhão-trator"";""VOLVO/FH12 380 4X2T"";2003;""Passageiro"";""Ileso"";21;""Masculino"";1;0;0;0;-20",430339;-54,"544306;""SR-MS"";""DEL3/1"";""UOP02/MS"""
"184728;407400;2019-01-07;""segunda-feira"";""15:30:00"";""MS"";163;486","3;""CAMPO GRANDE"";""Sim"";""Desobediência às normas de trânsito pelo condutor"";1;""Colisão traseira"";""Com Vítimas Feridas"";""Pleno dia"";""Crescente"";""Chuva"";""Simples"";""Desvio Temporário"";""Sim"";328462;""Caminhão-trator"";""VOLVO/FH12 380 4X2T"";2003;""Passageiro"";""Ileso"";21;""Masculino"";1;0;0;0;-20",430339;-54,"544306;""SR-MS"";""DEL3/1"";""UOP02/MS"""
"184728;407399;2019-01-07;""segunda-feira"";""15:30:00"";""MS"";163;486","3;""CAMPO GRANDE"";""Não"";""Restrição de Visibilidade"";1;""Colisão traseira"";""Com Vítimas Feridas"";""Pleno dia"";""Crescente"";""Chuva"";""Simples"";""Desvio Temporário"";""Sim"";328462;""Caminhão-trator"";""VOLVO/FH12 380 4X2T"";2003;""Condutor"";""Ileso"";42;""Masculino"";1;0;0;0;-20",430339;-54,"544306;""SR-MS"";""DEL3/1"";""UOP02/MS"""
"184728;407399;2019-01-07;""segunda-feira"";""15:30:00"";""MS"";163;486","3;""CAMPO GRANDE"";""Não"";""Pista Escorregadia"";1;""Colisão traseira"";""Com Vítimas Feridas"";""Pleno dia"";""Crescente"";""Chuva"";""Simples"";""Desvio Temporário"";""Sim"";328462;""Caminhão-trator"";""VOLVO/FH12 380 4X2T"";2003;""Condutor"";""Ileso"";42;""Masculino"";1;0;0;0;-20",430339;-54,"544306;""SR-MS"";""DEL3/1"";""UOP02/MS"""
"184728;407399;2019-01-07;""segunda-feira"";""15:30:00"";""MS"";163;486","3;""CAMPO GRANDE"";""Sim"";""Desobediência às normas de trânsito pelo condutor"";1;""Colisão traseira"";""Com Vítimas Feridas"";""Pleno dia"";""Crescente"";""Chuva"";""Simples"";""Desvio Temporário"";""Sim"";328462;""Caminhão-trator"";""VOLVO/FH12 380 4X2T"";2003;""Condutor"";""Ileso"";42;""Masculino"";1;0;0;0;-20",430339;-54,"544306;""SR-MS"";""DEL3/1"";""UOP02/MS"""
"184729;407449;2019-01-12;""sábado"";""09:15:00"";""MG"";381;789","1;""SAO GONCALO DO SAPUCAI"";""Sim"";""Condutor Dormindo"";2;""Colisão com objeto estático"";""Com Vítimas Feridas"";""Pleno dia"";""Decrescente"";""Céu Claro"";""Dupla"";""Reta"";""Não"";328510;""Automóvel"";""CHEVROLET/CELTA 1.0L LT"";2011;""Passageiro"";""Lesões Graves"";43;""Feminino"";0;0;1;0;-21",8793;-45,"5429;""SR-MG"";""DEL09"";""UOP02/MG"""
"184729;407449;2019-01-12;""sábado"";""09:15:00"";""MG"";381;789","1;""SAO GONCALO DO SAPUCAI"";""Sim"";""Condutor Dormindo"";1;""Saída de leito carroçável"";""Com Vítimas Feridas"";""Pleno dia"";""Decrescente"";""Céu Claro"";""Dupla"";""Reta"";""Não"";328510;""Automóvel"";""CHEVROLET/CELTA 1.0L LT"";2011;""Passageiro"";""Lesões Graves"";43;""Feminino"";0;0;1;0;-21",8793;-45,"5429;""SR-MG"";""DEL09"";""UOP02/MG"""
"184729;407450;2019-01-12;""sábado"";""09:15:00"";""MG"";381;789","1;""SAO GONCALO DO SAPUCAI"";""Sim"";""Condutor Dormindo"";2;""Colisão com objeto estático"";""Com Vítimas Feridas"";""Pleno dia"";""Decrescente"";""Céu Claro"";""Dupla"";""Reta"";""Não"";328510;""Automóvel"";""CHEVROLET/CELTA 1.0L LT"";2011;""Passageiro"";""Lesões Leves"";20;""Masculino"";0;1;0;0;-21",8793;-45,"5429;""SR-MG"";""DEL09"";""UOP02/MG"""
"184729;407450;2019-01-12;""sábado"";""09:15:00"";""MG"";381;789","1;""SAO GONCALO DO SAPUCAI"";""Sim"";""Condutor Dormindo"";1;""Saída de leito carroçável"";""Com Vítimas Feridas"";""Pleno dia"";""Decrescente"";""Céu Claro"";""Dupla"";""Reta"";""Não"";328510;""Automóvel"";""CHEVROLET/CELTA 1.0L LT"";2011;""Passageiro"";""Lesões Leves"";20;""Masculino"";0;1;0;0;-21",8793;-45,"5429;""SR-MG"";""DEL09"";""UOP02/MG"""
"184729;407448;2019-01-12;""sábado"";""09:15:00"";""MG"";381;789","1;""SAO GONCALO DO SAPUCAI"";""Sim"";""Condutor Dormindo"";2;""Colisão com objeto estático"";""Com Vítimas Feridas"";""Pleno dia"";""Decrescente"";""Céu Claro"";""Dupla"";""Reta"";""Não"";328510;""Automóvel"";""CHEVROLET/CELTA 1.0L LT"";2011;""Condutor"";""Lesões Graves"";45;""Masculino"";0;0;1;0;-21",8793;-45,"5429;""SR-MG"";""DEL09"";""UOP02/MG"""
"184729;407448;2019-01-12;""sábado"";""09:15:00"";""MG"";381;789","1;""SAO GONCALO DO SAPUCAI"";""Sim"";""Condutor Dormindo"";1;""Saída de leito carroçável"";""Com Vítimas Feridas"";""Pleno dia"";""Decrescente"";""Céu Claro"";""Dupla"";""Reta"";""Não"";328510;""Automóvel"";""CHEVROLET/CELTA 1.0L LT"";2011;""Condutor"";""Lesões Graves"";45;""Masculino"";0;0;1;0;-21",8793;-45,"5429;""SR-MG"";""DEL09"";""UOP02/MG"""
"184731;407692;2019-01-12;""sábado"";""09:20:00"";""SP"";116;272;""TABOAO DA SERRA"";""Sim"";""Falta de Atenção à Condução"";1;""Atropelamento de Animal"";""Com Vítimas Feridas"";""Pleno dia"";""Decrescente"";""Sol"";""Dupla"";""Reta"";""Sim"";328697;""Motocicleta"";""YAMAHA/FACTOR YBR125 ED"";2012;""Condutor"";""Lesões Leves"";33;""Masculino"";0;1;0;0;-23",61638805;-46,"77984416;""SR-SP"";""DEL6/4"";""UOP01/SP""",
"184732;407479;2019-01-12;""sábado"";""09:12:00"";""PE"";101;75;""RECIFE"";""Sim"";""Falta de Atenção à Condução"";2;""Tombamento"";""Com Vítimas Feridas"";""Pleno dia"";""Decrescente"";""Chuva"";""Simples"";""Reta"";""Sim"";328527;""Motocicleta"";""HONDA/CG 150 TITAN EX"";2011;""Condutor"";""Lesões Leves"";50;""Masculino"";0;1;0;0;-8",1194;-34,"9429;""SR-PE"";""DEL11/1"";""UOP01/PE""",
"184732;407479;2019-01-12;""sábado"";""09:12:00"";""PE"";101;75;""RECIFE"";""Sim"";""Falta de Atenção à Condução"";1;""Colisão lateral"";""Com Vítimas Feridas"";""Pleno dia"";""Decrescente"";""Chuva"";""Simples"";""Reta"";""Sim"";328527;""Motocicleta"";""HONDA/CG 150 TITAN EX"";2011;""Condutor"";""Lesões Leves"";50;""Masculino"";0;1;0;0;-8",1194;-34,"9429;""SR-PE"";""DEL11/1"";""UOP01/PE""",
"184732;407483;2019-01-12;""sábado"";""09:12:00"";""PE"";101;75;""RECIFE"";""Sim"";""Falta de Atenção à Condução"";2;""Tombamento"";""Com Vítimas Feridas"";""Pleno dia"";""Decrescente"";""Chuva"";""Simples"";""Reta"";""Sim"";328534;""Caminhão"";"""";NA;""Condutor"";""Não Informado"";NA;""Não Informado"";0;0;0;0;-8",1194;-34,"9429;""SR-PE"";""DEL11/1"";""UOP01/PE""",
"184732;407483;2019-01-12;""sábado"";""09:12:00"";""PE"";101;75;""RECIFE"";""Sim"";""Falta de Atenção à Condução"";1;""Colisão lateral"";""Com Vítimas Feridas"";""Pleno dia"";""Decrescente"";""Chuva"";""Simples"";""Reta"";""Sim"";328534;""Caminhão"";"""";NA;""Condutor"";""Não Informado"";NA;""Não Informado"";0;0;0;0;-8",1194;-34,"9429;""SR-PE"";""DEL11/1"";""UOP01/PE""",
"184733;411013;2019-01-12;""sábado"";""07:50:00"";""PR"";376;639","9;""TIJUCAS DO SUL"";""Sim"";""Condutor Dormindo"";1;""Saída de leito carroçável"";""Com Vítimas Feridas"";""Pleno dia"";""Decrescente"";""Céu Claro"";""Dupla"";""Reta"";""Não"";328562;""Caminhonete"";""CHEVROLET/MONTANA LS"";2013;""Passageiro"";""Lesões Graves"";19;""Masculino"";0;0;1;0;-25",75183085;-49,"12759781;""SR-PR"";""DEL7/1"";""UOP08/PR"""
"184733;411011;2019-01-12;""sábado"";""07:50:00"";""PR"";376;639","9;""TIJUCAS DO SUL"";""Sim"";""Condutor Dormindo"";1;""Saída de leito carroçável"";""Com Vítimas Feridas"";""Pleno dia"";""Decrescente"";""Céu Claro"";""Dupla"";""Reta"";""Não"";328562;""Caminhonete"";""CHEVROLET/MONTANA LS"";2013;""Condutor"";""Lesões Graves"";21;""Masculino"";0;0;1;0;-25",75183085;-49,"12759781;""SR-PR"";""DEL7/1"";""UOP08/PR"""