"id;""pesid"";""data_inversa"";""dia_semana"";""horario"";""uf"";""br"";""km"";""municipio"";""causa_principal"";""causa_acidente"";""ordem_tipo_acidente"";""tipo_acidente"";""classificacao_acidente"";""fase_dia"";""sentido_via"";""condicao_metereologica"";""tipo_pista"";""tracado_via"";""uso_solo"";""id_veiculo"";""tipo_veiculo"";""marca"";""ano_fabricacao_veiculo"";""tipo_envolvido"";""estado_fisico"";""idade"";""sexo"";""ilesos"";""feridos_leves"";""feridos_graves"";""mortos"";""latitude"";""longitude"";""regional"";""delegacia"";""uop""",,,
"184734;409195;2019-01-12;""sábado"";""08:00:00"";""PA"";230;117","1;""MARABA"";""Sim"";""Falta de Atenção à Condução"";1;""Colisão traseira"";""Com Vítimas Feridas"";""Pleno dia"";""Decrescente"";""Céu Claro"";""Dupla"";""Reta"";""Sim"";329803;""Automóvel"";"""";NA;""Condutor"";""Não Informado"";NA;""Não Informado"";0;0;0;0;-5",35537519;-49,"09151858;""SR-PA"";""DEL19/3"";""UOP01/PA"""
"184734;409188;2019-01-12;""sábado"";""08:00:00"";""PA"";230;117","1;""MARABA"";""Sim"";""Falta de Atenção à Condução"";1;""Colisão traseira"";""Com Vítimas Feridas"";""Pleno dia"";""Decrescente"";""Céu Claro"";""Dupla"";""Reta"";""Sim"";328493;""Motocicleta"";""HONDA/CG 125 FAN ES"";2013;""Condutor"";""Lesões Leves"";30;""Feminino"";0;1;0;0;-5",35537519;-49,"09151858;""SR-PA"";""DEL19/3"";""UOP01/PA"""
"184735;NA;2019-01-12;""sábado"";""10:00:00"";""MG"";40;224","3;""JOAO PINHEIRO"";""Sim"";""Velocidade Incompatível"";1;""Tombamento"";""Com Vítimas Feridas"";""Pleno dia"";""Crescente"";""Céu Claro"";""Simples"";""Rotatória"";""Não"";328524;""Semireboque"";""SR/RANDON SRFG CG"";2007;""Não Informado"";""Não Informado"";NA;""Não Informado"";0;0;0;0;-17",979826;-45,"617336;""SR-MG"";""DEL4/14"";""UOP02/MG"""
"184735;407476;2019-01-12;""sábado"";""10:00:00"";""MG"";40;224","3;""JOAO PINHEIRO"";""Sim"";""Velocidade Incompatível"";1;""Tombamento"";""Com Vítimas Feridas"";""Pleno dia"";""Crescente"";""Céu Claro"";""Simples"";""Rotatória"";""Não"";328521;""Caminhão-trator"";""SCANIA/R114GA4X2NZ 380"";2007;""Passageiro"";""Lesões Leves"";34;""Masculino"";0;1;0;0;-17",979826;-45,"617336;""SR-MG"";""DEL4/14"";""UOP02/MG"""
"184735;407473;2019-01-12;""sábado"";""10:00:00"";""MG"";40;224","3;""JOAO PINHEIRO"";""Sim"";""Velocidade Incompatível"";1;""Tombamento"";""Com Vítimas Feridas"";""Pleno dia"";""Crescente"";""Céu Claro"";""Simples"";""Rotatória"";""Não"";328521;""Caminhão-trator"";""SCANIA/R114GA4X2NZ 380"";2007;""Condutor"";""Lesões Leves"";37;""Masculino"";0;1;0;0;-17",979826;-45,"617336;""SR-MG"";""DEL4/14"";""UOP02/MG"""
"184736;407401;2019-01-12;""sábado"";""03:00:00"";""PR"";NA;NA;""FAZENDA RIO GRANDE"";""Sim"";""Falta de Atenção à Condução"";1;""Capotamento"";""Sem Vítimas"";""Plena Noite"";""Não Informado"";""Chuva"";""Simples"";""Reta"";""Não"";328472;""Caminhonete"";""I/FORD RANGER XLT 13D"";1999;""Condutor"";""Ileso"";NA;""Ignorado"";1;0;0;0;-25",71329112;-49,"31824197;""SR-PR"";""DEL7/1"";""UOP03/PR""",
"184737;NA;2019-01-12;""sábado"";""07:00:00"";""BA"";110;371;""POJUCA"";""Sim"";""Falta de Atenção à Condução"";1;""Tombamento"";""Sem Vítimas"";""Pleno dia"";""Crescente"";""Céu Claro"";""Simples"";""Curva"";""Não"";330111;""Semireboque"";""SR/RODOTEC 3E BS"";2015;""Não Informado"";""Não Informado"";NA;""Não Informado"";0;0;0;0;-12",4;-38,"3765;""SR-BA"";""DEL10/1"";""UOP04/BA""",
"184737;NA;2019-01-12;""sábado"";""07:00:00"";""BA"";110;371;""POJUCA"";""Sim"";""Falta de Atenção à Condução"";1;""Tombamento"";""Sem Vítimas"";""Pleno dia"";""Crescente"";""Céu Claro"";""Simples"";""Curva"";""Não"";330114;""Semireboque"";""SR/RODOTEC 3E BS"";2015;""Não Informado"";""Não Informado"";NA;""Não Informado"";0;0;0;0;-12",4;-38,"3765;""SR-BA"";""DEL10/1"";""UOP04/BA""",
"184737;407589;2019-01-12;""sábado"";""07:00:00"";""BA"";110;371;""POJUCA"";""Sim"";""Falta de Atenção à Condução"";1;""Tombamento"";""Sem Vítimas"";""Pleno dia"";""Crescente"";""Céu Claro"";""Simples"";""Curva"";""Não"";328609;""Caminhão-trator"";""IVECO/STRALIS 800S44TZ"";2016;""Condutor"";""Ileso"";34;""Masculino"";1;0;0;0;-12",4;-38,"3765;""SR-BA"";""DEL10/1"";""UOP04/BA""",
"184738;407742;2019-01-12;""sábado"";""10:30:00"";""PR"";376;448","9;""TIBAGI"";""Sim"";""Condutor Dormindo"";3;""Tombamento"";""Com Vítimas Feridas"";""Pleno dia"";""Decrescente"";""Céu Claro"";""Dupla"";""Curva"";""Não"";328607;""Automóvel"";""GM/CORSA WIND"";2000;""Passageiro"";""Lesões Leves"";24;""Feminino"";0;1;0;0;-24",87731762;-50,"44162642;""SR-PR"";""DEL7/3"";""UOP05/PR"""
"184738;407742;2019-01-12;""sábado"";""10:30:00"";""PR"";376;448","9;""TIBAGI"";""Sim"";""Condutor Dormindo"";2;""Colisão com objeto estático"";""Com Vítimas Feridas"";""Pleno dia"";""Decrescente"";""Céu Claro"";""Dupla"";""Curva"";""Não"";328607;""Automóvel"";""GM/CORSA WIND"";2000;""Passageiro"";""Lesões Leves"";24;""Feminino"";0;1;0;0;-24",87731762;-50,"44162642;""SR-PR"";""DEL7/3"";""UOP05/PR"""
"184738;407742;2019-01-12;""sábado"";""10:30:00"";""PR"";376;448","9;""TIBAGI"";""Sim"";""Condutor Dormindo"";1;""Saída de leito carroçável"";""Com Vítimas Feridas"";""Pleno dia"";""Decrescente"";""Céu Claro"";""Dupla"";""Curva"";""Não"";328607;""Automóvel"";""GM/CORSA WIND"";2000;""Passageiro"";""Lesões Leves"";24;""Feminino"";0;1;0;0;-24",87731762;-50,"44162642;""SR-PR"";""DEL7/3"";""UOP05/PR"""
"184738;407741;2019-01-12;""sábado"";""10:30:00"";""PR"";376;448","9;""TIBAGI"";""Sim"";""Condutor Dormindo"";3;""Tombamento"";""Com Vítimas Feridas"";""Pleno dia"";""Decrescente"";""Céu Claro"";""Dupla"";""Curva"";""Não"";328607;""Automóvel"";""GM/CORSA WIND"";2000;""Condutor"";""Ileso"";32;""Masculino"";1;0;0;0;-24",87731762;-50,"44162642;""SR-PR"";""DEL7/3"";""UOP05/PR"""
"184738;407741;2019-01-12;""sábado"";""10:30:00"";""PR"";376;448","9;""TIBAGI"";""Sim"";""Condutor Dormindo"";2;""Colisão com objeto estático"";""Com Vítimas Feridas"";""Pleno dia"";""Decrescente"";""Céu Claro"";""Dupla"";""Curva"";""Não"";328607;""Automóvel"";""GM/CORSA WIND"";2000;""Condutor"";""Ileso"";32;""Masculino"";1;0;0;0;-24",87731762;-50,"44162642;""SR-PR"";""DEL7/3"";""UOP05/PR"""
"184738;407741;2019-01-12;""sábado"";""10:30:00"";""PR"";376;448","9;""TIBAGI"";""Sim"";""Condutor Dormindo"";1;""Saída de leito carroçável"";""Com Vítimas Feridas"";""Pleno dia"";""Decrescente"";""Céu Claro"";""Dupla"";""Curva"";""Não"";328607;""Automóvel"";""GM/CORSA WIND"";2000;""Condutor"";""Ileso"";32;""Masculino"";1;0;0;0;-24",87731762;-50,"44162642;""SR-PR"";""DEL7/3"";""UOP05/PR"""
"184739;409617;2019-01-10;""quinta-feira"";""21:30:00"";""AM"";174;985;""PRESIDENTE FIGUEIREDO"";""Sim"";""Defeito Mecânico no Veículo"";1;""Saída de leito carroçável"";""Sem Vítimas"";""Plena Noite"";""Crescente"";""Ignorado"";""Simples"";""Não Informado"";""Não"";328625;""Caminhão"";""VW/24.250 CNC 6X2"";2009;""Condutor"";""Ileso"";58;""Masculino"";1;0;0;0;-2",10855557;-59,"99333382;""SR-AM"";""UOP02/AM"";""""",
"184740;407531;2019-01-12;""sábado"";""09:50:00"";""PI"";316;19","8;""TERESINA"";""Sim"";""Não guardar distância de segurança"";3;""Saída de leito carroçável"";""Com Vítimas Feridas"";""Pleno dia"";""Crescente"";""Nublado"";""Simples"";""Reta"";""Não"";328501;""Automóvel"";""CHEVROLET/ONIX 1.0MT LT"";2015;""Passageiro"";""Lesões Leves"";40;""Feminino"";0;1;0;0;-5",25780286;-42,"7291131;""SR-PI"";""DEL17/1"";""UOP02/PI"""
"184740;407531;2019-01-12;""sábado"";""09:50:00"";""PI"";316;19","8;""TERESINA"";""Sim"";""Não guardar distância de segurança"";2;""Capotamento"";""Com Vítimas Feridas"";""Pleno dia"";""Crescente"";""Nublado"";""Simples"";""Reta"";""Não"";328501;""Automóvel"";""CHEVROLET/ONIX 1.0MT LT"";2015;""Passageiro"";""Lesões Leves"";40;""Feminino"";0;1;0;0;-5",25780286;-42,"7291131;""SR-PI"";""DEL17/1"";""UOP02/PI"""
"184740;407531;2019-01-12;""sábado"";""09:50:00"";""PI"";316;19","8;""TERESINA"";""Sim"";""Não guardar distância de segurança"";1;""Colisão transversal"";""Com Vítimas Feridas"";""Pleno dia"";""Crescente"";""Nublado"";""Simples"";""Reta"";""Não"";328501;""Automóvel"";""CHEVROLET/ONIX 1.0MT LT"";2015;""Passageiro"";""Lesões Leves"";40;""Feminino"";0;1;0;0;-5",25780286;-42,"7291131;""SR-PI"";""DEL17/1"";""UOP02/PI"""
"184740;407529;2019-01-12;""sábado"";""09:50:00"";""PI"";316;19","8;""TERESINA"";""Sim"";""Não guardar distância de segurança"";3;""Saída de leito carroçável"";""Com Vítimas Feridas"";""Pleno dia"";""Crescente"";""Nublado"";""Simples"";""Reta"";""Não"";328501;""Automóvel"";""CHEVROLET/ONIX 1.0MT LT"";2015;""Condutor"";""Lesões Leves"";38;""Masculino"";0;1;0;0;-5",25780286;-42,"7291131;""SR-PI"";""DEL17/1"";""UOP02/PI"""
"184740;407529;2019-01-12;""sábado"";""09:50:00"";""PI"";316;19","8;""TERESINA"";""Sim"";""Não guardar distância de segurança"";2;""Capotamento"";""Com Vítimas Feridas"";""Pleno dia"";""Crescente"";""Nublado"";""Simples"";""Reta"";""Não"";328501;""Automóvel"";""CHEVROLET/ONIX 1.0MT LT"";2015;""Condutor"";""Lesões Leves"";38;""Masculino"";0;1;0;0;-5",25780286;-42,"7291131;""SR-PI"";""DEL17/1"";""UOP02/PI"""
"184740;407529;2019-01-12;""sábado"";""09:50:00"";""PI"";316;19","8;""TERESINA"";""Sim"";""Não guardar distância de segurança"";1;""Colisão transversal"";""Com Vítimas Feridas"";""Pleno dia"";""Crescente"";""Nublado"";""Simples"";""Reta"";""Não"";328501;""Automóvel"";""CHEVROLET/ONIX 1.0MT LT"";2015;""Condutor"";""Lesões Leves"";38;""Masculino"";0;1;0;0;-5",25780286;-42,"7291131;""SR-PI"";""DEL17/1"";""UOP02/PI"""
"184740;407526;2019-01-12;""sábado"";""09:50:00"";""PI"";316;19","8;""TERESINA"";""Sim"";""Não guardar distância de segurança"";3;""Saída de leito carroçável"";""Com Vítimas Feridas"";""Pleno dia"";""Crescente"";""Nublado"";""Simples"";""Reta"";""Não"";328500;""Automóvel"";""FIAT/PALIO FIRE ECONOMY"";2011;""Condutor"";""Lesões Leves"";22;""Masculino"";0;1;0;0;-5",25780286;-42,"7291131;""SR-PI"";""DEL17/1"";""UOP02/PI"""
"184740;407526;2019-01-12;""sábado"";""09:50:00"";""PI"";316;19","8;""TERESINA"";""Sim"";""Não guardar distância de segurança"";2;""Capotamento"";""Com Vítimas Feridas"";""Pleno dia"";""Crescente"";""Nublado"";""Simples"";""Reta"";""Não"";328500;""Automóvel"";""FIAT/PALIO FIRE ECONOMY"";2011;""Condutor"";""Lesões Leves"";22;""Masculino"";0;1;0;0;-5",25780286;-42,"7291131;""SR-PI"";""DEL17/1"";""UOP02/PI"""
"184740;407526;2019-01-12;""sábado"";""09:50:00"";""PI"";316;19","8;""TERESINA"";""Sim"";""Não guardar distância de segurança"";1;""Colisão transversal"";""Com Vítimas Feridas"";""Pleno dia"";""Crescente"";""Nublado"";""Simples"";""Reta"";""Não"";328500;""Automóvel"";""FIAT/PALIO FIRE ECONOMY"";2011;""Condutor"";""Lesões Leves"";22;""Masculino"";0;1;0;0;-5",25780286;-42,"7291131;""SR-PI"";""DEL17/1"";""UOP02/PI"""
"184741;407766;2019-01-12;""sábado"";""10:25:00"";""SE"";235;9;""NOSSA SENHORA DO SOCORRO"";""Sim"";""Ultrapassagem Indevida"";1;""Colisão frontal"";""Com Vítimas Fatais"";""Pleno dia"";""Crescente"";""Céu Claro"";""Simples"";""Reta"";""Não"";328745;""Automóvel"";""CHEVROLET/CELTA 1.0L LT"";2011;""Condutor"";""Óbito"";53;""Masculino"";0;0;0;1;-10",883585;-37,"13908;""SR-SE"";""DEL20/1"";""UOP01/SE""",
"184741;409416;2019-01-12;""sábado"";""10:25:00"";""SE"";235;9;""NOSSA SENHORA DO SOCORRO"";""Sim"";""Ultrapassagem Indevida"";1;""Colisão frontal"";""Com Vítimas Fatais"";""Pleno dia"";""Crescente"";""Céu Claro"";""Simples"";""Reta"";""Não"";328761;""Automóvel"";""CHEVROLET/CLASSIC LS"";2013;""Condutor"";""Lesões Graves"";48;""Masculino"";0;0;1;0;-10",883585;-37,"13908;""SR-SE"";""DEL20/1"";""UOP01/SE""",
"184741;419614;2019-01-12;""sábado"";""10:25:00"";""SE"";235;9;""NOSSA SENHORA DO SOCORRO"";""Sim"";""Ultrapassagem Indevida"";1;""Colisão frontal"";""Com Vítimas Fatais"";""Pleno dia"";""Crescente"";""Céu Claro"";""Simples"";""Reta"";""Não"";330008;""Ônibus"";""MARCOPOLO/VOLARE W9 ON"";2011;""Passageiro"";""Lesões Leves"";47;""Feminino"";0;1;0;0;-10",883585;-37,"13908;""SR-SE"";""DEL20/1"";""UOP01/SE""",
"184741;419616;2019-01-12;""sábado"";""10:25:00"";""SE"";235;9;""NOSSA SENHORA DO SOCORRO"";""Sim"";""Ultrapassagem Indevida"";1;""Colisão frontal"";""Com Vítimas Fatais"";""Pleno dia"";""Crescente"";""Céu Claro"";""Simples"";""Reta"";""Não"";330008;""Ônibus"";""MARCOPOLO/VOLARE W9 ON"";2011;""Passageiro"";""Lesões Leves"";29;""Feminino"";0;1;0;0;-10",883585;-37,"13908;""SR-SE"";""DEL20/1"";""UOP01/SE""",
"184741;409420;2019-01-12;""sábado"";""10:25:00"";""SE"";235;9;""NOSSA SENHORA DO SOCORRO"";""Sim"";""Ultrapassagem Indevida"";1;""Colisão frontal"";""Com Vítimas Fatais"";""Pleno dia"";""Crescente"";""Céu Claro"";""Simples"";""Reta"";""Não"";330008;""Ônibus"";""MARCOPOLO/VOLARE W9 ON"";2011;""Condutor"";""Ileso"";28;""Masculino"";1;0;0;0;-10",883585;-37,"13908;""SR-SE"";""DEL20/1"";""UOP01/SE""",
"184742;407757;2019-01-12;""sábado"";""11:45:00"";""RJ"";101;504","6;""ANGRA DOS REIS"";""Sim"";""Não guardar distância de segurança"";1;""Colisão transversal"";""Com Vítimas Feridas"";""Pleno dia"";""Decrescente"";""Céu Claro"";""Simples"";""Reta"";""Sim"";328654;""Automóvel"";""RENAULT/SANDERO STEP 16"";2016;""Condutor"";""Lesões Leves"";45;""Feminino"";0;1;0;0;-22",93539848;-44,"39602202;""SR-RJ"";""DEL5/3"";""UOP03/RJ"""
"184742;407754;2019-01-12;""sábado"";""11:45:00"";""RJ"";101;504","6;""ANGRA DOS REIS"";""Sim"";""Não guardar distância de segurança"";1;""Colisão transversal"";""Com Vítimas Feridas"";""Pleno dia"";""Decrescente"";""Céu Claro"";""Simples"";""Reta"";""Sim"";328653;""Motocicleta"";""HONDA/NXR160 BROS ESD"";2014;""Condutor"";""Lesões Leves"";35;""Masculino"";0;1;0;0;-22",93539848;-44,"39602202;""SR-RJ"";""DEL5/3"";""UOP03/RJ"""
"184742;407756;2019-01-12;""sábado"";""11:45:00"";""RJ"";101;504","6;""ANGRA DOS REIS"";""Sim"";""Não guardar distância de segurança"";1;""Colisão transversal"";""Com Vítimas Feridas"";""Pleno dia"";""Decrescente"";""Céu Claro"";""Simples"";""Reta"";""Sim"";328653;""Motocicleta"";""HONDA/NXR160 BROS ESD"";2014;""Passageiro"";""Lesões Leves"";38;""Masculino"";0;1;0;0;-22",93539848;-44,"39602202;""SR-RJ"";""DEL5/3"";""UOP03/RJ"""
"184743;407652;2019-01-12;""sábado"";""08:45:00"";""MG"";116;511","4;""UBAPORANGA"";""Sim"";""Velocidade Incompatível"";1;""Colisão traseira"";""Com Vítimas Feridas"";""Pleno dia"";""Crescente"";""Céu Claro"";""Simples"";""Reta"";""Não"";328504;""Automóvel"";""VW/CROSSFOX GII"";2010;""Passageiro"";""Lesões Leves"";36;""Feminino"";0;1;0;0;-19",64276436;-42,"10619152;""SR-MG"";""DEL4/6"";""UOP02/MG"""
"184743;407470;2019-01-12;""sábado"";""08:45:00"";""MG"";116;511","4;""UBAPORANGA"";""Sim"";""Velocidade Incompatível"";1;""Colisão traseira"";""Com Vítimas Feridas"";""Pleno dia"";""Crescente"";""Céu Claro"";""Simples"";""Reta"";""Não"";328504;""Automóvel"";""VW/CROSSFOX GII"";2010;""Condutor"";""Ileso"";36;""Masculino"";1;0;0;0;-19",64276436;-42,"10619152;""SR-MG"";""DEL4/6"";""UOP02/MG"""
"184743;407467;2019-01-12;""sábado"";""08:45:00"";""MG"";116;511","4;""UBAPORANGA"";""Sim"";""Velocidade Incompatível"";1;""Colisão traseira"";""Com Vítimas Feridas"";""Pleno dia"";""Crescente"";""Céu Claro"";""Simples"";""Reta"";""Não"";328503;""Caminhonete"";""I/TOYOTA HILUX CD4X4 SRV"";2005;""Condutor"";""Ileso"";83;""Masculino"";1;0;0;0;-19",64276436;-42,"10619152;""SR-MG"";""DEL4/6"";""UOP02/MG"""
"184744;407461;2019-01-12;""sábado"";""10:45:00"";""BA"";116;9","4;""VITORIA DA CONQUISTA"";""Sim"";""Falta de Atenção à Condução"";1;""Colisão transversal"";""Com Vítimas Feridas"";""Pleno dia"";""Crescente"";""Céu Claro"";""Simples"";""Reta"";""Não"";328516;""Ônibus"";""M.BENZ/O 400 RSD PL"";1996;""Passageiro"";""Lesões Leves"";15;""Masculino"";0;1;0;0;-14",856592;-40,"878629;""SR-BA"";""DEL10/8"";""UOP01/BA"""
"184744;407460;2019-01-12;""sábado"";""10:45:00"";""BA"";116;9","4;""VITORIA DA CONQUISTA"";""Sim"";""Falta de Atenção à Condução"";1;""Colisão transversal"";""Com Vítimas Feridas"";""Pleno dia"";""Crescente"";""Céu Claro"";""Simples"";""Reta"";""Não"";328516;""Ônibus"";""M.BENZ/O 400 RSD PL"";1996;""Condutor"";""Ileso"";35;""Masculino"";1;0;0;0;-14",856592;-40,"878629;""SR-BA"";""DEL10/8"";""UOP01/BA"""
"184744;407458;2019-01-12;""sábado"";""10:45:00"";""BA"";116;9","4;""VITORIA DA CONQUISTA"";""Sim"";""Falta de Atenção à Condução"";1;""Colisão transversal"";""Com Vítimas Feridas"";""Pleno dia"";""Crescente"";""Céu Claro"";""Simples"";""Reta"";""Não"";328492;""Automóvel"";""FIAT/PALIO FIRE ECONOMY"";2009;""Condutor"";""Lesões Leves"";32;""Masculino"";0;1;0;0;-14",856592;-40,"878629;""SR-BA"";""DEL10/8"";""UOP01/BA"""
"184745;407453;2019-01-12;""sábado"";""10:40:00"";""PB"";230;66;""SOBRADO"";""Sim"";""Velocidade Incompatível"";2;""Saída de leito carroçável"";""Com Vítimas Feridas"";""Pleno dia"";""Crescente"";""Chuva"";""Dupla"";""Curva"";""Não"";328508;""Automóvel"";""GM/CORSA SEDAN PREMIUM"";2011;""Passageiro"";""Lesões Leves"";53;""Feminino"";0;1;0;0;-7",1874;-35,"1889;""SR-PB"";""DEL14/1"";""UOP02/PB""",
"184745;407453;2019-01-12;""sábado"";""10:40:00"";""PB"";230;66;""SOBRADO"";""Sim"";""Velocidade Incompatível"";1;""Capotamento"";""Com Vítimas Feridas"";""Pleno dia"";""Crescente"";""Chuva"";""Dupla"";""Curva"";""Não"";328508;""Automóvel"";""GM/CORSA SEDAN PREMIUM"";2011;""Passageiro"";""Lesões Leves"";53;""Feminino"";0;1;0;0;-7",1874;-35,"1889;""SR-PB"";""DEL14/1"";""UOP02/PB""",
"184745;407452;2019-01-12;""sábado"";""10:40:00"";""PB"";230;66;""SOBRADO"";""Sim"";""Velocidade Incompatível"";2;""Saída de leito carroçável"";""Com Vítimas Feridas"";""Pleno dia"";""Crescente"";""Chuva"";""Dupla"";""Curva"";""Não"";328508;""Automóvel"";""GM/CORSA SEDAN PREMIUM"";2011;""Passageiro"";""Lesões Leves"";36;""Feminino"";0;1;0;0;-7",1874;-35,"1889;""SR-PB"";""DEL14/1"";""UOP02/PB""",
"184745;407452;2019-01-12;""sábado"";""10:40:00"";""PB"";230;66;""SOBRADO"";""Sim"";""Velocidade Incompatível"";1;""Capotamento"";""Com Vítimas Feridas"";""Pleno dia"";""Crescente"";""Chuva"";""Dupla"";""Curva"";""Não"";328508;""Automóvel"";""GM/CORSA SEDAN PREMIUM"";2011;""Passageiro"";""Lesões Leves"";36;""Feminino"";0;1;0;0;-7",1874;-35,"1889;""SR-PB"";""DEL14/1"";""UOP02/PB""",
"184745;407451;2019-01-12;""sábado"";""10:40:00"";""PB"";230;66;""SOBRADO"";""Sim"";""Velocidade Incompatível"";2;""Saída de leito carroçável"";""Com Vítimas Feridas"";""Pleno dia"";""Crescente"";""Chuva"";""Dupla"";""Curva"";""Não"";328508;""Automóvel"";""GM/CORSA SEDAN PREMIUM"";2011;""Condutor"";""Ileso"";57;""Masculino"";1;0;0;0;-7",1874;-35,"1889;""SR-PB"";""DEL14/1"";""UOP02/PB""",
"184745;407451;2019-01-12;""sábado"";""10:40:00"";""PB"";230;66;""SOBRADO"";""Sim"";""Velocidade Incompatível"";1;""Capotamento"";""Com Vítimas Feridas"";""Pleno dia"";""Crescente"";""Chuva"";""Dupla"";""Curva"";""Não"";328508;""Automóvel"";""GM/CORSA SEDAN PREMIUM"";2011;""Condutor"";""Ileso"";57;""Masculino"";1;0;0;0;-7",1874;-35,"1889;""SR-PB"";""DEL14/1"";""UOP02/PB""",
"184747;409096;2019-01-12;""sábado"";""12:30:00"";""SC"";101;195;""BIGUACU"";""Não"";""Falta de Atenção à Condução"";2;""Queda de ocupante de veículo"";""Com Vítimas Feridas"";""Pleno dia"";""Crescente"";""Sol"";""Múltipla"";""Reta"";""Sim"";329730;""Caminhonete"";""I/FORD RANGER LTDCD4A32C"";2018;""Condutor"";""Ileso"";44;""Masculino"";1;0;0;0;-27",511;-48,"643;""SR-SC"";""DEL8/1"";""UOP01/SC""",
"184747;409096;2019-01-12;""sábado"";""12:30:00"";""SC"";101;195;""BIGUACU"";""Sim"";""Desobediência às normas de trânsito pelo condutor"";2;""Queda de ocupante de veículo"";""Com Vítimas Feridas"";""Pleno dia"";""Crescente"";""Sol"";""Múltipla"";""Reta"";""Sim"";329730;""Caminhonete"";""I/FORD RANGER LTDCD4A32C"";2018;""Condutor"";""Ileso"";44;""Masculino"";1;0;0;0;-27",511;-48,"643;""SR-SC"";""DEL8/1"";""UOP01/SC""",
"184747;409096;2019-01-12;""sábado"";""12:30:00"";""SC"";101;195;""BIGUACU"";""Não"";""Falta de Atenção à Condução"";1;""Colisão lateral"";""Com Vítimas Feridas"";""Pleno dia"";""Crescente"";""Sol"";""Múltipla"";""Reta"";""Sim"";329730;""Caminhonete"";""I/FORD RANGER LTDCD4A32C"";2018;""Condutor"";""Ileso"";44;""Masculino"";1;0;0;0;-27",511;-48,"643;""SR-SC"";""DEL8/1"";""UOP01/SC""",
"184747;409096;2019-01-12;""sábado"";""12:30:00"";""SC"";101;195;""BIGUACU"";""Sim"";""Desobediência às normas de trânsito pelo condutor"";1;""Colisão lateral"";""Com Vítimas Feridas"";""Pleno dia"";""Crescente"";""Sol"";""Múltipla"";""Reta"";""Sim"";329730;""Caminhonete"";""I/FORD RANGER LTDCD4A32C"";2018;""Condutor"";""Ileso"";44;""Masculino"";1;0;0;0;-27",511;-48,"643;""SR-SC"";""DEL8/1"";""UOP01/SC""",
"184747;409093;2019-01-12;""sábado"";""12:30:00"";""SC"";101;195;""BIGUACU"";""Não"";""Falta de Atenção à Condução"";2;""Queda de ocupante de veículo"";""Com Vítimas Feridas"";""Pleno dia"";""Crescente"";""Sol"";""Múltipla"";""Reta"";""Sim"";329729;""Motocicleta"";""HONDA/CB 250F TWISTER"";2018;""Condutor"";""Lesões Graves"";28;""Masculino"";0;0;1;0;-27",511;-48,"643;""SR-SC"";""DEL8/1"";""UOP01/SC""",
"184747;409093;2019-01-12;""sábado"";""12:30:00"";""SC"";101;195;""BIGUACU"";""Sim"";""Desobediência às normas de trânsito pelo condutor"";2;""Queda de ocupante de veículo"";""Com Vítimas Feridas"";""Pleno dia"";""Crescente"";""Sol"";""Múltipla"";""Reta"";""Sim"";329729;""Motocicleta"";""HONDA/CB 250F TWISTER"";2018;""Condutor"";""Lesões Graves"";28;""Masculino"";0;0;1;0;-27",511;-48,"643;""SR-SC"";""DEL8/1"";""UOP01/SC""",
"184747;409093;2019-01-12;""sábado"";""12:30:00"";""SC"";101;195;""BIGUACU"";""Não"";""Falta de Atenção à Condução"";1;""Colisão lateral"";""Com Vítimas Feridas"";""Pleno dia"";""Crescente"";""Sol"";""Múltipla"";""Reta"";""Sim"";329729;""Motocicleta"";""HONDA/CB 250F TWISTER"";2018;""Condutor"";""Lesões Graves"";28;""Masculino"";0;0;1;0;-27",511;-48,"643;""SR-SC"";""DEL8/1"";""UOP01/SC""",
"184747;409093;2019-01-12;""sábado"";""12:30:00"";""SC"";101;195;""BIGUACU"";""Sim"";""Desobediência às normas de trânsito pelo condutor"";1;""Colisão lateral"";""Com Vítimas Feridas"";""Pleno dia"";""Crescente"";""Sol"";""Múltipla"";""Reta"";""Sim"";329729;""Motocicleta"";""HONDA/CB 250F TWISTER"";2018;""Condutor"";""Lesões Graves"";28;""Masculino"";0;0;1;0;-27",511;-48,"643;""SR-SC"";""DEL8/1"";""UOP01/SC""",
"184747;409091;2019-01-12;""sábado"";""12:30:00"";""SC"";101;195;""BIGUACU"";""Não"";""Falta de Atenção à Condução"";2;""Queda de ocupante de veículo"";""Com Vítimas Feridas"";""Pleno dia"";""Crescente"";""Sol"";""Múltipla"";""Reta"";""Sim"";329729;""Motocicleta"";""HONDA/CB 250F TWISTER"";2018;""Passageiro"";""Lesões Graves"";47;""Feminino"";0;0;1;0;-27",511;-48,"643;""SR-SC"";""DEL8/1"";""UOP01/SC""",
"184747;409091;2019-01-12;""sábado"";""12:30:00"";""SC"";101;195;""BIGUACU"";""Sim"";""Desobediência às normas de trânsito pelo condutor"";2;""Queda de ocupante de veículo"";""Com Vítimas Feridas"";""Pleno dia"";""Crescente"";""Sol"";""Múltipla"";""Reta"";""Sim"";329729;""Motocicleta"";""HONDA/CB 250F TWISTER"";2018;""Passageiro"";""Lesões Graves"";47;""Feminino"";0;0;1;0;-27",511;-48,"643;""SR-SC"";""DEL8/1"";""UOP01/SC""",
"184747;409091;2019-01-12;""sábado"";""12:30:00"";""SC"";101;195;""BIGUACU"";""Não"";""Falta de Atenção à Condução"";1;""Colisão lateral"";""Com Vítimas Feridas"";""Pleno dia"";""Crescente"";""Sol"";""Múltipla"";""Reta"";""Sim"";329729;""Motocicleta"";""HONDA/CB 250F TWISTER"";2018;""Passageiro"";""Lesões Graves"";47;""Feminino"";0;0;1;0;-27",511;-48,"643;""SR-SC"";""DEL8/1"";""UOP01/SC""",