"id;""pesid"";""data_inversa"";""dia_semana"";""horario"";""uf"";""br"";""km"";""municipio"";""causa_principal"";""causa_acidente"";""ordem_tipo_acidente"";""tipo_acidente"";""classificacao_acidente"";""fase_dia"";""sentido_via"";""condicao_metereologica"";""tipo_pista"";""tracado_via"";""uso_solo"";""id_veiculo"";""tipo_veiculo"";""marca"";""ano_fabricacao_veiculo"";""tipo_envolvido"";""estado_fisico"";""idade"";""sexo"";""ilesos"";""feridos_leves"";""feridos_graves"";""mortos"";""latitude"";""longitude"";""regional"";""delegacia"";""uop""",,,
"184761;407510;2019-01-12;""sábado"";""13:30:00"";""TO"";153;630","6;""ALIANCA DO TOCANTINS"";""Sim"";""Falta de Atenção à Condução"";1;""Engavetamento"";""Com Vítimas Feridas"";""Pleno dia"";""Crescente"";""Céu Claro"";""Simples"";""Não Informado"";""Não"";328531;""Ônibus"";""M.BENZ/O 400 RSD"";1995;""Passageiro"";""Ileso"";24;""Masculino"";1;0;0;0;-11",361217;-48,"960964;""SR-TO"";""UOP01/TO"";"""""
"184761;407510;2019-01-12;""sábado"";""13:30:00"";""TO"";153;630","6;""ALIANCA DO TOCANTINS"";""Não"";""Não guardar distância de segurança"";1;""Engavetamento"";""Com Vítimas Feridas"";""Pleno dia"";""Crescente"";""Céu Claro"";""Simples"";""Não Informado"";""Não"";328531;""Ônibus"";""M.BENZ/O 400 RSD"";1995;""Passageiro"";""Ileso"";24;""Masculino"";1;0;0;0;-11",361217;-48,"960964;""SR-TO"";""UOP01/TO"";"""""
"184761;407506;2019-01-12;""sábado"";""13:30:00"";""TO"";153;630","6;""ALIANCA DO TOCANTINS"";""Sim"";""Falta de Atenção à Condução"";1;""Engavetamento"";""Com Vítimas Feridas"";""Pleno dia"";""Crescente"";""Céu Claro"";""Simples"";""Não Informado"";""Não"";328530;""Caminhonete"";""I/TOYOTA HILUX CD4X4 SRV"";2014;""Passageiro"";""Ileso"";82;""Masculino"";1;0;0;0;-11",361217;-48,"960964;""SR-TO"";""UOP01/TO"";"""""
"184761;407506;2019-01-12;""sábado"";""13:30:00"";""TO"";153;630","6;""ALIANCA DO TOCANTINS"";""Não"";""Não guardar distância de segurança"";1;""Engavetamento"";""Com Vítimas Feridas"";""Pleno dia"";""Crescente"";""Céu Claro"";""Simples"";""Não Informado"";""Não"";328530;""Caminhonete"";""I/TOYOTA HILUX CD4X4 SRV"";2014;""Passageiro"";""Ileso"";82;""Masculino"";1;0;0;0;-11",361217;-48,"960964;""SR-TO"";""UOP01/TO"";"""""
"184761;407503;2019-01-12;""sábado"";""13:30:00"";""TO"";153;630","6;""ALIANCA DO TOCANTINS"";""Sim"";""Falta de Atenção à Condução"";1;""Engavetamento"";""Com Vítimas Feridas"";""Pleno dia"";""Crescente"";""Céu Claro"";""Simples"";""Não Informado"";""Não"";328529;""Caminhonete"";""FIAT/STRADA WORKING"";2014;""Passageiro"";""Ileso"";53;""Masculino"";1;0;0;0;-11",361217;-48,"960964;""SR-TO"";""UOP01/TO"";"""""
"184761;407503;2019-01-12;""sábado"";""13:30:00"";""TO"";153;630","6;""ALIANCA DO TOCANTINS"";""Não"";""Não guardar distância de segurança"";1;""Engavetamento"";""Com Vítimas Feridas"";""Pleno dia"";""Crescente"";""Céu Claro"";""Simples"";""Não Informado"";""Não"";328529;""Caminhonete"";""FIAT/STRADA WORKING"";2014;""Passageiro"";""Ileso"";53;""Masculino"";1;0;0;0;-11",361217;-48,"960964;""SR-TO"";""UOP01/TO"";"""""
"184761;407499;2019-01-12;""sábado"";""13:30:00"";""TO"";153;630","6;""ALIANCA DO TOCANTINS"";""Sim"";""Falta de Atenção à Condução"";1;""Engavetamento"";""Com Vítimas Feridas"";""Pleno dia"";""Crescente"";""Céu Claro"";""Simples"";""Não Informado"";""Não"";328529;""Caminhonete"";""FIAT/STRADA WORKING"";2014;""Condutor"";""Ileso"";25;""Masculino"";1;0;0;0;-11",361217;-48,"960964;""SR-TO"";""UOP01/TO"";"""""
"184761;407499;2019-01-12;""sábado"";""13:30:00"";""TO"";153;630","6;""ALIANCA DO TOCANTINS"";""Não"";""Não guardar distância de segurança"";1;""Engavetamento"";""Com Vítimas Feridas"";""Pleno dia"";""Crescente"";""Céu Claro"";""Simples"";""Não Informado"";""Não"";328529;""Caminhonete"";""FIAT/STRADA WORKING"";2014;""Condutor"";""Ileso"";25;""Masculino"";1;0;0;0;-11",361217;-48,"960964;""SR-TO"";""UOP01/TO"";"""""
"184761;407494;2019-01-12;""sábado"";""13:30:00"";""TO"";153;630","6;""ALIANCA DO TOCANTINS"";""Sim"";""Falta de Atenção à Condução"";1;""Engavetamento"";""Com Vítimas Feridas"";""Pleno dia"";""Crescente"";""Céu Claro"";""Simples"";""Não Informado"";""Não"";328528;""Ônibus"";""MBENZ/MPOLO PARADISO R"";2000;""Passageiro"";""Ileso"";31;""Masculino"";1;0;0;0;-11",361217;-48,"960964;""SR-TO"";""UOP01/TO"";"""""
"184761;407494;2019-01-12;""sábado"";""13:30:00"";""TO"";153;630","6;""ALIANCA DO TOCANTINS"";""Não"";""Não guardar distância de segurança"";1;""Engavetamento"";""Com Vítimas Feridas"";""Pleno dia"";""Crescente"";""Céu Claro"";""Simples"";""Não Informado"";""Não"";328528;""Ônibus"";""MBENZ/MPOLO PARADISO R"";2000;""Passageiro"";""Ileso"";31;""Masculino"";1;0;0;0;-11",361217;-48,"960964;""SR-TO"";""UOP01/TO"";"""""
"184762;NA;2019-01-12;""sábado"";""12:40:00"";""RJ"";101;248","2;""SILVA JARDIM"";""Sim"";""Falta de Atenção à Condução"";2;""Capotamento"";""Com Vítimas Feridas"";""Pleno dia"";""Crescente"";""Céu Claro"";""Dupla"";""Reta"";""Não"";329734;""Semireboque"";""SR/LIDER SRTQ 3E"";2002;""Não Informado"";""Não Informado"";NA;""Não Informado"";0;0;0;0;-22",661955;-42,"502647;""SR-RJ"";""DEL5/2"";""UOP02/RJ"""
"184762;NA;2019-01-12;""sábado"";""12:40:00"";""RJ"";101;248","2;""SILVA JARDIM"";""Sim"";""Falta de Atenção à Condução"";1;""Colisão traseira"";""Com Vítimas Feridas"";""Pleno dia"";""Crescente"";""Céu Claro"";""Dupla"";""Reta"";""Não"";329734;""Semireboque"";""SR/LIDER SRTQ 3E"";2002;""Não Informado"";""Não Informado"";NA;""Não Informado"";0;0;0;0;-22",661955;-42,"502647;""SR-RJ"";""DEL5/2"";""UOP02/RJ"""
"184762;407646;2019-01-12;""sábado"";""12:40:00"";""RJ"";101;248","2;""SILVA JARDIM"";""Sim"";""Falta de Atenção à Condução"";2;""Capotamento"";""Com Vítimas Feridas"";""Pleno dia"";""Crescente"";""Céu Claro"";""Dupla"";""Reta"";""Não"";328582;""Automóvel"";""GM/CELTA 2P SPIRIT"";2004;""Passageiro"";""Lesões Graves"";20;""Feminino"";0;0;1;0;-22",661955;-42,"502647;""SR-RJ"";""DEL5/2"";""UOP02/RJ"""
"184762;407646;2019-01-12;""sábado"";""12:40:00"";""RJ"";101;248","2;""SILVA JARDIM"";""Sim"";""Falta de Atenção à Condução"";1;""Colisão traseira"";""Com Vítimas Feridas"";""Pleno dia"";""Crescente"";""Céu Claro"";""Dupla"";""Reta"";""Não"";328582;""Automóvel"";""GM/CELTA 2P SPIRIT"";2004;""Passageiro"";""Lesões Graves"";20;""Feminino"";0;0;1;0;-22",661955;-42,"502647;""SR-RJ"";""DEL5/2"";""UOP02/RJ"""
"184762;407647;2019-01-12;""sábado"";""12:40:00"";""RJ"";101;248","2;""SILVA JARDIM"";""Sim"";""Falta de Atenção à Condução"";2;""Capotamento"";""Com Vítimas Feridas"";""Pleno dia"";""Crescente"";""Céu Claro"";""Dupla"";""Reta"";""Não"";328582;""Automóvel"";""GM/CELTA 2P SPIRIT"";2004;""Passageiro"";""Lesões Graves"";32;""Feminino"";0;0;1;0;-22",661955;-42,"502647;""SR-RJ"";""DEL5/2"";""UOP02/RJ"""
"184762;407647;2019-01-12;""sábado"";""12:40:00"";""RJ"";101;248","2;""SILVA JARDIM"";""Sim"";""Falta de Atenção à Condução"";1;""Colisão traseira"";""Com Vítimas Feridas"";""Pleno dia"";""Crescente"";""Céu Claro"";""Dupla"";""Reta"";""Não"";328582;""Automóvel"";""GM/CELTA 2P SPIRIT"";2004;""Passageiro"";""Lesões Graves"";32;""Feminino"";0;0;1;0;-22",661955;-42,"502647;""SR-RJ"";""DEL5/2"";""UOP02/RJ"""
"184762;407643;2019-01-12;""sábado"";""12:40:00"";""RJ"";101;248","2;""SILVA JARDIM"";""Sim"";""Falta de Atenção à Condução"";2;""Capotamento"";""Com Vítimas Feridas"";""Pleno dia"";""Crescente"";""Céu Claro"";""Dupla"";""Reta"";""Não"";328582;""Automóvel"";""GM/CELTA 2P SPIRIT"";2004;""Passageiro"";""Lesões Graves"";33;""Feminino"";0;0;1;0;-22",661955;-42,"502647;""SR-RJ"";""DEL5/2"";""UOP02/RJ"""
"184762;407643;2019-01-12;""sábado"";""12:40:00"";""RJ"";101;248","2;""SILVA JARDIM"";""Sim"";""Falta de Atenção à Condução"";1;""Colisão traseira"";""Com Vítimas Feridas"";""Pleno dia"";""Crescente"";""Céu Claro"";""Dupla"";""Reta"";""Não"";328582;""Automóvel"";""GM/CELTA 2P SPIRIT"";2004;""Passageiro"";""Lesões Graves"";33;""Feminino"";0;0;1;0;-22",661955;-42,"502647;""SR-RJ"";""DEL5/2"";""UOP02/RJ"""
"184762;407639;2019-01-12;""sábado"";""12:40:00"";""RJ"";101;248","2;""SILVA JARDIM"";""Sim"";""Falta de Atenção à Condução"";2;""Capotamento"";""Com Vítimas Feridas"";""Pleno dia"";""Crescente"";""Céu Claro"";""Dupla"";""Reta"";""Não"";328582;""Automóvel"";""GM/CELTA 2P SPIRIT"";2004;""Condutor"";""Lesões Leves"";28;""Masculino"";0;1;0;0;-22",661955;-42,"502647;""SR-RJ"";""DEL5/2"";""UOP02/RJ"""
"184762;407639;2019-01-12;""sábado"";""12:40:00"";""RJ"";101;248","2;""SILVA JARDIM"";""Sim"";""Falta de Atenção à Condução"";1;""Colisão traseira"";""Com Vítimas Feridas"";""Pleno dia"";""Crescente"";""Céu Claro"";""Dupla"";""Reta"";""Não"";328582;""Automóvel"";""GM/CELTA 2P SPIRIT"";2004;""Condutor"";""Lesões Leves"";28;""Masculino"";0;1;0;0;-22",661955;-42,"502647;""SR-RJ"";""DEL5/2"";""UOP02/RJ"""
"184762;407648;2019-01-12;""sábado"";""12:40:00"";""RJ"";101;248","2;""SILVA JARDIM"";""Sim"";""Falta de Atenção à Condução"";2;""Capotamento"";""Com Vítimas Feridas"";""Pleno dia"";""Crescente"";""Céu Claro"";""Dupla"";""Reta"";""Não"";328582;""Automóvel"";""GM/CELTA 2P SPIRIT"";2004;""Passageiro"";""Lesões Graves"";1;""Feminino"";0;0;1;0;-22",661955;-42,"502647;""SR-RJ"";""DEL5/2"";""UOP02/RJ"""
"184762;407648;2019-01-12;""sábado"";""12:40:00"";""RJ"";101;248","2;""SILVA JARDIM"";""Sim"";""Falta de Atenção à Condução"";1;""Colisão traseira"";""Com Vítimas Feridas"";""Pleno dia"";""Crescente"";""Céu Claro"";""Dupla"";""Reta"";""Não"";328582;""Automóvel"";""GM/CELTA 2P SPIRIT"";2004;""Passageiro"";""Lesões Graves"";1;""Feminino"";0;0;1;0;-22",661955;-42,"502647;""SR-RJ"";""DEL5/2"";""UOP02/RJ"""
"184762;407649;2019-01-12;""sábado"";""12:40:00"";""RJ"";101;248","2;""SILVA JARDIM"";""Sim"";""Falta de Atenção à Condução"";2;""Capotamento"";""Com Vítimas Feridas"";""Pleno dia"";""Crescente"";""Céu Claro"";""Dupla"";""Reta"";""Não"";328583;""Camioneta"";""FORD/ECOSPORT FSL1.6FLEX"";2012;""Condutor"";""Lesões Leves"";56;""Masculino"";0;1;0;0;-22",661955;-42,"502647;""SR-RJ"";""DEL5/2"";""UOP02/RJ"""
"184762;407649;2019-01-12;""sábado"";""12:40:00"";""RJ"";101;248","2;""SILVA JARDIM"";""Sim"";""Falta de Atenção à Condução"";1;""Colisão traseira"";""Com Vítimas Feridas"";""Pleno dia"";""Crescente"";""Céu Claro"";""Dupla"";""Reta"";""Não"";328583;""Camioneta"";""FORD/ECOSPORT FSL1.6FLEX"";2012;""Condutor"";""Lesões Leves"";56;""Masculino"";0;1;0;0;-22",661955;-42,"502647;""SR-RJ"";""DEL5/2"";""UOP02/RJ"""
"184762;409082;2019-01-12;""sábado"";""12:40:00"";""RJ"";101;248","2;""SILVA JARDIM"";""Sim"";""Falta de Atenção à Condução"";2;""Capotamento"";""Com Vítimas Feridas"";""Pleno dia"";""Crescente"";""Céu Claro"";""Dupla"";""Reta"";""Não"";329733;""Caminhão-trator"";""M.BENZ/LS 1634"";2004;""Condutor"";""Ileso"";64;""Masculino"";1;0;0;0;-22",661955;-42,"502647;""SR-RJ"";""DEL5/2"";""UOP02/RJ"""
"184762;409082;2019-01-12;""sábado"";""12:40:00"";""RJ"";101;248","2;""SILVA JARDIM"";""Sim"";""Falta de Atenção à Condução"";1;""Colisão traseira"";""Com Vítimas Feridas"";""Pleno dia"";""Crescente"";""Céu Claro"";""Dupla"";""Reta"";""Não"";329733;""Caminhão-trator"";""M.BENZ/LS 1634"";2004;""Condutor"";""Ileso"";64;""Masculino"";1;0;0;0;-22",661955;-42,"502647;""SR-RJ"";""DEL5/2"";""UOP02/RJ"""
"184763;407534;2019-01-12;""sábado"";""13:08:00"";""MG"";40;525;""CONTAGEM"";""Sim"";""Velocidade Incompatível"";1;""Engavetamento"";""Com Vítimas Feridas"";""Pleno dia"";""Decrescente"";""Céu Claro"";""Dupla"";""Reta"";""Não"";328539;""Automóvel"";""GM/CELTA 2P SPIRIT"";2009;""Passageiro"";""Lesões Leves"";1;""Masculino"";0;1;0;0;-19",8971;-44,"0497;""SR-MG"";""DEL4/1"";""UOP03/MG""",
"184763;407505;2019-01-12;""sábado"";""13:08:00"";""MG"";40;525;""CONTAGEM"";""Sim"";""Velocidade Incompatível"";1;""Engavetamento"";""Com Vítimas Feridas"";""Pleno dia"";""Decrescente"";""Céu Claro"";""Dupla"";""Reta"";""Não"";328537;""Caminhão"";""M.BENZ/ATEGO 2426"";2014;""Condutor"";""Ileso"";34;""Masculino"";1;0;0;0;-19",8971;-44,"0497;""SR-MG"";""DEL4/1"";""UOP03/MG""",
"184763;407513;2019-01-12;""sábado"";""13:08:00"";""MG"";40;525;""CONTAGEM"";""Sim"";""Velocidade Incompatível"";1;""Engavetamento"";""Com Vítimas Feridas"";""Pleno dia"";""Decrescente"";""Céu Claro"";""Dupla"";""Reta"";""Não"";328545;""Caminhonete"";""RENAULT/MASTER FUR L3H2"";2017;""Condutor"";""Ileso"";47;""Masculino"";1;0;0;0;-19",8971;-44,"0497;""SR-MG"";""DEL4/1"";""UOP03/MG""",
"184763;407511;2019-01-12;""sábado"";""13:08:00"";""MG"";40;525;""CONTAGEM"";""Sim"";""Velocidade Incompatível"";1;""Engavetamento"";""Com Vítimas Feridas"";""Pleno dia"";""Decrescente"";""Céu Claro"";""Dupla"";""Reta"";""Não"";328539;""Automóvel"";""GM/CELTA 2P SPIRIT"";2009;""Condutor"";""Ileso"";38;""Feminino"";1;0;0;0;-19",8971;-44,"0497;""SR-MG"";""DEL4/1"";""UOP03/MG""",
"184764;409103;2019-01-12;""sábado"";""13:30:00"";""MG"";40;511","9;""RIBEIRAO DAS NEVES"";""Sim"";""Falta de Atenção à Condução"";1;""Tombamento"";""Com Vítimas Feridas"";""Pleno dia"";""Crescente"";""Céu Claro"";""Dupla"";""Não Informado"";""Sim"";328540;""Motocicleta"";""HONDA/CBX 250 TWISTER"";2007;""Condutor"";""Lesões Leves"";35;""Masculino"";0;1;0;0;-19",7926;-44,"1112;""SR-MG"";""DEL4/1"";""UOP03/MG"""
"184767;407533;2019-01-12;""sábado"";""13:25:00"";""RS"";101;34","8;""TRES CACHOEIRAS"";""Sim"";""Falta de Atenção à Condução"";1;""Colisão traseira"";""Com Vítimas Feridas"";""Pleno dia"";""Decrescente"";""Chuva"";""Dupla"";""Reta"";""Não"";328560;""Caminhonete"";""GM/CORSA GL"";1997;""Condutor"";""Lesões Graves"";83;""Masculino"";0;0;1;0;-29",50881;-49,"986858;""SR-RS"";""DEL9/3"";""UOP03/RS"""
"184767;407536;2019-01-12;""sábado"";""13:25:00"";""RS"";101;34","8;""TRES CACHOEIRAS"";""Sim"";""Falta de Atenção à Condução"";1;""Colisão traseira"";""Com Vítimas Feridas"";""Pleno dia"";""Decrescente"";""Chuva"";""Dupla"";""Reta"";""Não"";328561;""Caminhão"";""FORD/CARGO 2423 L"";2012;""Condutor"";""Ileso"";40;""Masculino"";1;0;0;0;-29",50881;-49,"986858;""SR-RS"";""DEL9/3"";""UOP03/RS"""
"184768;407576;2019-01-12;""sábado"";""14:00:00"";""RS"";116;231","8;""ESTANCIA VELHA"";""Sim"";""Falta de Atenção à Condução"";1;""Colisão frontal"";""Com Vítimas Fatais"";""Pleno dia"";""Decrescente"";""Céu Claro"";""Simples"";""Curva"";""Não"";328599;""Automóvel"";""GM/CORSA HATCH MAXX"";2012;""Condutor"";""Óbito"";28;""Masculino"";0;0;0;1;-29",627432;-51,"138584;""SR-RS"";""DEL9/1"";""UOP02/RS"""
"184768;407625;2019-01-12;""sábado"";""14:00:00"";""RS"";116;231","8;""ESTANCIA VELHA"";""Sim"";""Falta de Atenção à Condução"";1;""Colisão frontal"";""Com Vítimas Fatais"";""Pleno dia"";""Decrescente"";""Céu Claro"";""Simples"";""Curva"";""Não"";328600;""Camioneta"";""I/HYUNDAI TUCSON GLS 27L"";2010;""Passageiro"";""Lesões Graves"";80;""Masculino"";0;0;1;0;-29",627432;-51,"138584;""SR-RS"";""DEL9/1"";""UOP02/RS"""
"184768;407622;2019-01-12;""sábado"";""14:00:00"";""RS"";116;231","8;""ESTANCIA VELHA"";""Sim"";""Falta de Atenção à Condução"";1;""Colisão frontal"";""Com Vítimas Fatais"";""Pleno dia"";""Decrescente"";""Céu Claro"";""Simples"";""Curva"";""Não"";328600;""Camioneta"";""I/HYUNDAI TUCSON GLS 27L"";2010;""Passageiro"";""Lesões Graves"";77;""Feminino"";0;0;1;0;-29",627432;-51,"138584;""SR-RS"";""DEL9/1"";""UOP02/RS"""
"184768;407624;2019-01-12;""sábado"";""14:00:00"";""RS"";116;231","8;""ESTANCIA VELHA"";""Sim"";""Falta de Atenção à Condução"";1;""Colisão frontal"";""Com Vítimas Fatais"";""Pleno dia"";""Decrescente"";""Céu Claro"";""Simples"";""Curva"";""Não"";328600;""Camioneta"";""I/HYUNDAI TUCSON GLS 27L"";2010;""Condutor"";""Lesões Graves"";56;""Feminino"";0;0;1;0;-29",627432;-51,"138584;""SR-RS"";""DEL9/1"";""UOP02/RS"""
"184769;407537;2019-01-12;""sábado"";""14:24:00"";""SC"";470;31","2;""GASPAR"";""Sim"";""Falta de Atenção à Condução"";1;""Queda de ocupante de veículo"";""Com Vítimas Feridas"";""Pleno dia"";""Decrescente"";""Sol"";""Simples"";""Reta"";""Sim"";328553;""Motocicleta"";""HONDA/CG150 FAN ESDI"";2014;""Passageiro"";""Lesões Leves"";24;""Feminino"";0;1;0;0;-26",897331;-48,"923069;""SR-SC"";""DEL8/4"";""UOP01/SC"""
"184769;407535;2019-01-12;""sábado"";""14:24:00"";""SC"";470;31","2;""GASPAR"";""Sim"";""Falta de Atenção à Condução"";1;""Queda de ocupante de veículo"";""Com Vítimas Feridas"";""Pleno dia"";""Decrescente"";""Sol"";""Simples"";""Reta"";""Sim"";328553;""Motocicleta"";""HONDA/CG150 FAN ESDI"";2014;""Condutor"";""Lesões Leves"";23;""Feminino"";0;1;0;0;-26",897331;-48,"923069;""SR-SC"";""DEL8/4"";""UOP01/SC"""
"184770;407553;2019-01-12;""sábado"";""13:00:00"";""MT"";174;385","8;""CONQUISTA DOESTE"";""Sim"";""Falta de Atenção à Condução"";2;""Capotamento"";""Com Vítimas Feridas"";""Pleno dia"";""Crescente"";""Nublado"";""Simples"";""Curva"";""Não"";328576;""Caminhonete"";""VW/SAVEIRO 1.6 CE"";2011;""Condutor"";""Lesões Graves"";48;""Masculino"";0;0;1;0;-14",502687;-59,"567448;""SR-MT"";""DEL2/7"";""UOP01/MT"""
"184770;407553;2019-01-12;""sábado"";""13:00:00"";""MT"";174;385","8;""CONQUISTA DOESTE"";""Sim"";""Falta de Atenção à Condução"";1;""Saída de leito carroçável"";""Com Vítimas Feridas"";""Pleno dia"";""Crescente"";""Nublado"";""Simples"";""Curva"";""Não"";328576;""Caminhonete"";""VW/SAVEIRO 1.6 CE"";2011;""Condutor"";""Lesões Graves"";48;""Masculino"";0;0;1;0;-14",502687;-59,"567448;""SR-MT"";""DEL2/7"";""UOP01/MT"""
"184772;407564;2019-01-12;""sábado"";""14:00:00"";""RS"";290;103;""PORTO ALEGRE"";""Sim"";""Falta de Atenção à Condução"";1;""Colisão lateral"";""Com Vítimas Feridas"";""Pleno dia"";""Crescente"";""Céu Claro"";""Dupla"";""Ponte"";""Sim"";328588;""Motocicleta"";""HONDA/XRE 300"";2012;""Condutor"";""Lesões Leves"";40;""Masculino"";0;1;0;0;-29",99017;-51,"265766;""SR-RS"";""DEL9/1"";""UOP01/RS""",
"184772;407563;2019-01-12;""sábado"";""14:00:00"";""RS"";290;103;""PORTO ALEGRE"";""Sim"";""Falta de Atenção à Condução"";1;""Colisão lateral"";""Com Vítimas Feridas"";""Pleno dia"";""Crescente"";""Céu Claro"";""Dupla"";""Ponte"";""Sim"";328587;""Automóvel"";""GM/KADETT SL EFI"";1993;""Condutor"";""Ileso"";51;""Masculino"";1;0;0;0;-29",99017;-51,"265766;""SR-RS"";""DEL9/1"";""UOP01/RS""",
"184773;407484;2019-01-12;""sábado"";""14:45:00"";""SP"";101;28","4;""UBATUBA"";""Sim"";""Falta de Atenção à Condução"";1;""Colisão transversal"";""Com Vítimas Feridas"";""Pleno dia"";""Decrescente"";""Nublado"";""Simples"";""Curva"";""Não"";328526;""Motocicleta"";""HONDA/NXR160 BROS ESDD"";2015;""Condutor"";""Lesões Leves"";54;""Masculino"";0;1;0;0;-23",372696;-44,"952877;""SR-SP"";""DEL6"";""UOP03/SP"""
"184773;407478;2019-01-12;""sábado"";""14:45:00"";""SP"";101;28","4;""UBATUBA"";""Sim"";""Falta de Atenção à Condução"";1;""Colisão transversal"";""Com Vítimas Feridas"";""Pleno dia"";""Decrescente"";""Nublado"";""Simples"";""Curva"";""Não"";328525;""Automóvel"";""RENAULT/SANDERO AUTH 10"";2018;""Condutor"";""Ileso"";34;""Masculino"";1;0;0;0;-23",372696;-44,"952877;""SR-SP"";""DEL6"";""UOP03/SP"""
"184773;407481;2019-01-12;""sábado"";""14:45:00"";""SP"";101;28","4;""UBATUBA"";""Sim"";""Falta de Atenção à Condução"";1;""Colisão transversal"";""Com Vítimas Feridas"";""Pleno dia"";""Decrescente"";""Nublado"";""Simples"";""Curva"";""Não"";328525;""Automóvel"";""RENAULT/SANDERO AUTH 10"";2018;""Passageiro"";""Ileso"";27;""Feminino"";1;0;0;0;-23",372696;-44,"952877;""SR-SP"";""DEL6"";""UOP03/SP"""
"184774;407580;2019-01-12;""sábado"";""13:10:00"";""MG"";146;511","2;""POCOS DE CALDAS"";""Sim"";""Velocidade Incompatível"";1;""Saída de leito carroçável"";""Com Vítimas Feridas"";""Pleno dia"";""Crescente"";""Nublado"";""Simples"";""Curva"";""Não"";328544;""Motocicleta"";""HONDA/NXR150 BROS KS"";2006;""Condutor"";""Lesões Graves"";38;""Masculino"";0;0;1;0;-21",77618101;-46,"43283606;""SR-MG"";""DEL13"";""UOP01/MG"""
"184774;407581;2019-01-12;""sábado"";""13:10:00"";""MG"";146;511","2;""POCOS DE CALDAS"";""Sim"";""Velocidade Incompatível"";1;""Saída de leito carroçável"";""Com Vítimas Feridas"";""Pleno dia"";""Crescente"";""Nublado"";""Simples"";""Curva"";""Não"";328544;""Motocicleta"";""HONDA/NXR150 BROS KS"";2006;""Testemunha"";""Não Informado"";NA;""Não Informado"";0;0;0;0;-21",77618101;-46,"43283606;""SR-MG"";""DEL13"";""UOP01/MG"""
"184775;408876;2019-01-12;""sábado"";""14:30:00"";""SP"";381;84;""SAO PAULO"";""Sim"";""Pista Escorregadia"";1;""Queda de ocupante de veículo"";""Com Vítimas Feridas"";""Pleno dia"";""Crescente"";""Nublado"";""Dupla"";""Reta"";""Sim"";328674;""Motocicleta"";""YAMAHA/YBR 125E"";2008;""Condutor"";""Lesões Leves"";58;""Masculino"";0;1;0;0;-23",45130688;-46,"57014468;""SR-SP"";""DEL6/3"";""UOP02/SP""",
"184776;NA;2019-01-12;""sábado"";""12:30:00"";""SC"";282;516;""XAXIM"";""Sim"";""Condutor Dormindo"";1;""Tombamento"";""Com Vítimas Feridas"";""Pleno dia"";""Crescente"";""Sol"";""Simples"";""Curva"";""Não"";328536;""Semireboque"";""REB/LINSHALM SRF3ECL"";2001;""Não Informado"";""Não Informado"";NA;""Não Informado"";0;0;0;0;-26",930862;-52,"499157;""SR-SC"";""DEL7"";""UOP01/SC""",
"184776;407463;2019-01-12;""sábado"";""12:30:00"";""SC"";282;516;""XAXIM"";""Sim"";""Condutor Dormindo"";1;""Tombamento"";""Com Vítimas Feridas"";""Pleno dia"";""Crescente"";""Sol"";""Simples"";""Curva"";""Não"";328522;""Caminhão-trator"";""SCANIA/G 380 A4X2"";2008;""Condutor"";""Lesões Leves"";39;""Masculino"";0;1;0;0;-26",930862;-52,"499157;""SR-SC"";""DEL7"";""UOP01/SC""",
"184778;407544;2019-01-12;""sábado"";""14:55:00"";""SP"";116;414;""JUQUIA"";""Sim"";""Ingestão de Álcool"";1;""Tombamento"";""Com Vítimas Feridas"";""Pleno dia"";""Crescente"";""Céu Claro"";""Simples"";""Viaduto"";""Não"";328566;""Motocicleta"";""JTA/SUZUKI EN125 YES"";2008;""Condutor"";""Lesões Leves"";48;""Masculino"";0;1;0;0;-24",33262488;-47,"6352722;""SR-SP"";""DEL6/5"";""UOP01/SP""",
"184779;408856;2019-01-12;""sábado"";""13:00:00"";""PA"";10;243","7;""AURORA DO PARA"";""Sim"";""Falta de Atenção à Condução"";3;""Queda de ocupante de veículo"";""Com Vítimas Fatais"";""Pleno dia"";""Decrescente"";""Céu Claro"";""Simples"";""Reta"";""Não"";328546;""Caminhonete"";""I/TOYOTA HILUX CD4X4 SRV"";2011;""Condutor"";""Ileso"";51;""Masculino"";1;0;0;0;-2",30644136;-47,"5639987;""SR-PA"";""DEL19/2"";""UOP02/PA"""
"184779;408856;2019-01-12;""sábado"";""13:00:00"";""PA"";10;243","7;""AURORA DO PARA"";""Não"";""Desobediência às normas de trânsito pelo condutor"";3;""Queda de ocupante de veículo"";""Com Vítimas Fatais"";""Pleno dia"";""Decrescente"";""Céu Claro"";""Simples"";""Reta"";""Não"";328546;""Caminhonete"";""I/TOYOTA HILUX CD4X4 SRV"";2011;""Condutor"";""Ileso"";51;""Masculino"";1;0;0;0;-2",30644136;-47,"5639987;""SR-PA"";""DEL19/2"";""UOP02/PA"""
"184779;408856;2019-01-12;""sábado"";""13:00:00"";""PA"";10;243","7;""AURORA DO PARA"";""Sim"";""Falta de Atenção à Condução"";2;""Saída de leito carroçável"";""Com Vítimas Fatais"";""Pleno dia"";""Decrescente"";""Céu Claro"";""Simples"";""Reta"";""Não"";328546;""Caminhonete"";""I/TOYOTA HILUX CD4X4 SRV"";2011;""Condutor"";""Ileso"";51;""Masculino"";1;0;0;0;-2",30644136;-47,"5639987;""SR-PA"";""DEL19/2"";""UOP02/PA"""