"id;""pesid"";""data_inversa"";""dia_semana"";""horario"";""uf"";""br"";""km"";""municipio"";""causa_principal"";""causa_acidente"";""ordem_tipo_acidente"";""tipo_acidente"";""classificacao_acidente"";""fase_dia"";""sentido_via"";""condicao_metereologica"";""tipo_pista"";""tracado_via"";""uso_solo"";""id_veiculo"";""tipo_veiculo"";""marca"";""ano_fabricacao_veiculo"";""tipo_envolvido"";""estado_fisico"";""idade"";""sexo"";""ilesos"";""feridos_leves"";""feridos_graves"";""mortos"";""latitude"";""longitude"";""regional"";""delegacia"";""uop""",,,
"184779;408856;2019-01-12;""sábado"";""13:00:00"";""PA"";10;243","7;""AURORA DO PARA"";""Não"";""Desobediência às normas de trânsito pelo condutor"";2;""Saída de leito carroçável"";""Com Vítimas Fatais"";""Pleno dia"";""Decrescente"";""Céu Claro"";""Simples"";""Reta"";""Não"";328546;""Caminhonete"";""I/TOYOTA HILUX CD4X4 SRV"";2011;""Condutor"";""Ileso"";51;""Masculino"";1;0;0;0;-2",30644136;-47,"5639987;""SR-PA"";""DEL19/2"";""UOP02/PA"""
"184779;408856;2019-01-12;""sábado"";""13:00:00"";""PA"";10;243","7;""AURORA DO PARA"";""Sim"";""Falta de Atenção à Condução"";1;""Colisão traseira"";""Com Vítimas Fatais"";""Pleno dia"";""Decrescente"";""Céu Claro"";""Simples"";""Reta"";""Não"";328546;""Caminhonete"";""I/TOYOTA HILUX CD4X4 SRV"";2011;""Condutor"";""Ileso"";51;""Masculino"";1;0;0;0;-2",30644136;-47,"5639987;""SR-PA"";""DEL19/2"";""UOP02/PA"""
"184779;408856;2019-01-12;""sábado"";""13:00:00"";""PA"";10;243","7;""AURORA DO PARA"";""Não"";""Desobediência às normas de trânsito pelo condutor"";1;""Colisão traseira"";""Com Vítimas Fatais"";""Pleno dia"";""Decrescente"";""Céu Claro"";""Simples"";""Reta"";""Não"";328546;""Caminhonete"";""I/TOYOTA HILUX CD4X4 SRV"";2011;""Condutor"";""Ileso"";51;""Masculino"";1;0;0;0;-2",30644136;-47,"5639987;""SR-PA"";""DEL19/2"";""UOP02/PA"""
"184779;408874;2019-01-12;""sábado"";""13:00:00"";""PA"";10;243","7;""AURORA DO PARA"";""Sim"";""Falta de Atenção à Condução"";3;""Queda de ocupante de veículo"";""Com Vítimas Fatais"";""Pleno dia"";""Decrescente"";""Céu Claro"";""Simples"";""Reta"";""Não"";329562;""Bicicleta"";""CALOI/MONDO"";NA;""Condutor"";""Óbito"";20;""Masculino"";0;0;0;1;-2",30644136;-47,"5639987;""SR-PA"";""DEL19/2"";""UOP02/PA"""
"184779;408874;2019-01-12;""sábado"";""13:00:00"";""PA"";10;243","7;""AURORA DO PARA"";""Não"";""Desobediência às normas de trânsito pelo condutor"";3;""Queda de ocupante de veículo"";""Com Vítimas Fatais"";""Pleno dia"";""Decrescente"";""Céu Claro"";""Simples"";""Reta"";""Não"";329562;""Bicicleta"";""CALOI/MONDO"";NA;""Condutor"";""Óbito"";20;""Masculino"";0;0;0;1;-2",30644136;-47,"5639987;""SR-PA"";""DEL19/2"";""UOP02/PA"""
"184779;408874;2019-01-12;""sábado"";""13:00:00"";""PA"";10;243","7;""AURORA DO PARA"";""Sim"";""Falta de Atenção à Condução"";2;""Saída de leito carroçável"";""Com Vítimas Fatais"";""Pleno dia"";""Decrescente"";""Céu Claro"";""Simples"";""Reta"";""Não"";329562;""Bicicleta"";""CALOI/MONDO"";NA;""Condutor"";""Óbito"";20;""Masculino"";0;0;0;1;-2",30644136;-47,"5639987;""SR-PA"";""DEL19/2"";""UOP02/PA"""
"184779;408874;2019-01-12;""sábado"";""13:00:00"";""PA"";10;243","7;""AURORA DO PARA"";""Não"";""Desobediência às normas de trânsito pelo condutor"";2;""Saída de leito carroçável"";""Com Vítimas Fatais"";""Pleno dia"";""Decrescente"";""Céu Claro"";""Simples"";""Reta"";""Não"";329562;""Bicicleta"";""CALOI/MONDO"";NA;""Condutor"";""Óbito"";20;""Masculino"";0;0;0;1;-2",30644136;-47,"5639987;""SR-PA"";""DEL19/2"";""UOP02/PA"""
"184779;408874;2019-01-12;""sábado"";""13:00:00"";""PA"";10;243","7;""AURORA DO PARA"";""Sim"";""Falta de Atenção à Condução"";1;""Colisão traseira"";""Com Vítimas Fatais"";""Pleno dia"";""Decrescente"";""Céu Claro"";""Simples"";""Reta"";""Não"";329562;""Bicicleta"";""CALOI/MONDO"";NA;""Condutor"";""Óbito"";20;""Masculino"";0;0;0;1;-2",30644136;-47,"5639987;""SR-PA"";""DEL19/2"";""UOP02/PA"""
"184779;408874;2019-01-12;""sábado"";""13:00:00"";""PA"";10;243","7;""AURORA DO PARA"";""Não"";""Desobediência às normas de trânsito pelo condutor"";1;""Colisão traseira"";""Com Vítimas Fatais"";""Pleno dia"";""Decrescente"";""Céu Claro"";""Simples"";""Reta"";""Não"";329562;""Bicicleta"";""CALOI/MONDO"";NA;""Condutor"";""Óbito"";20;""Masculino"";0;0;0;1;-2",30644136;-47,"5639987;""SR-PA"";""DEL19/2"";""UOP02/PA"""
"184780;407574;2019-01-12;""sábado"";""15:15:00"";""PR"";373;185;""PONTA GROSSA"";""Sim"";""Falta de Atenção à Condução"";1;""Colisão transversal"";""Com Vítimas Feridas"";""Pleno dia"";""Crescente"";""Nublado"";""Simples"";""Reta"";""Não"";328573;""Automóvel"";""CHEVROLET/COBALT 1.8 LTZ"";2014;""Passageiro"";""Lesões Leves"";53;""Feminino"";0;1;0;0;-25",04703943;-50,"28950963;""SR-PR"";""DEL7/3"";""UOP01/PR""",
"184780;407571;2019-01-12;""sábado"";""15:15:00"";""PR"";373;185;""PONTA GROSSA"";""Sim"";""Falta de Atenção à Condução"";1;""Colisão transversal"";""Com Vítimas Feridas"";""Pleno dia"";""Crescente"";""Nublado"";""Simples"";""Reta"";""Não"";328573;""Automóvel"";""CHEVROLET/COBALT 1.8 LTZ"";2014;""Condutor"";""Ileso"";60;""Masculino"";1;0;0;0;-25",04703943;-50,"28950963;""SR-PR"";""DEL7/3"";""UOP01/PR""",
"184780;407569;2019-01-12;""sábado"";""15:15:00"";""PR"";373;185;""PONTA GROSSA"";""Sim"";""Falta de Atenção à Condução"";1;""Colisão transversal"";""Com Vítimas Feridas"";""Pleno dia"";""Crescente"";""Nublado"";""Simples"";""Reta"";""Não"";328572;""Automóvel"";""FIAT/PALIO WK ATTRAC 1.4"";2011;""Condutor"";""Ileso"";20;""Masculino"";1;0;0;0;-25",04703943;-50,"28950963;""SR-PR"";""DEL7/3"";""UOP01/PR""",
"184781;407522;2019-01-12;""sábado"";""15:20:00"";""MG"";381;484","4;""BETIM"";""Sim"";""Defeito Mecânico no Veículo"";1;""Tombamento"";""Com Vítimas Feridas"";""Pleno dia"";""Decrescente"";""Céu Claro"";""Dupla"";""Reta"";""Sim"";328555;""Motocicleta"";""HONDA/CG 125 FAN"";2006;""Passageiro"";""Lesões Leves"";36;""Feminino"";0;1;0;0;-19",9557;-44,"0964;""SR-MG"";""DEL4/1"";""UOP03/MG"""
"184781;407521;2019-01-12;""sábado"";""15:20:00"";""MG"";381;484","4;""BETIM"";""Sim"";""Defeito Mecânico no Veículo"";1;""Tombamento"";""Com Vítimas Feridas"";""Pleno dia"";""Decrescente"";""Céu Claro"";""Dupla"";""Reta"";""Sim"";328555;""Motocicleta"";""HONDA/CG 125 FAN"";2006;""Condutor"";""Lesões Leves"";39;""Masculino"";0;1;0;0;-19",9557;-44,"0964;""SR-MG"";""DEL4/1"";""UOP03/MG"""
"184782;407542;2019-01-12;""sábado"";""14:20:00"";""RS"";287;339","5;""SAO VICENTE DO SUL"";""Sim"";""Falta de Atenção à Condução"";1;""Colisão frontal"";""Com Vítimas Feridas"";""Pleno dia"";""Crescente"";""Nublado"";""Simples"";""Curva"";""Não"";328568;""Automóvel"";""GM/CELTA"";2001;""Passageiro"";""Lesões Leves"";25;""Feminino"";0;1;0;0;-29",604765;-54,"688496;""SR-RS"";""DEL9/12"";""UOP02/RS"""
"184782;407541;2019-01-12;""sábado"";""14:20:00"";""RS"";287;339","5;""SAO VICENTE DO SUL"";""Sim"";""Falta de Atenção à Condução"";1;""Colisão frontal"";""Com Vítimas Feridas"";""Pleno dia"";""Crescente"";""Nublado"";""Simples"";""Curva"";""Não"";328568;""Automóvel"";""GM/CELTA"";2001;""Condutor"";""Lesões Leves"";22;""Masculino"";0;1;0;0;-29",604765;-54,"688496;""SR-RS"";""DEL9/12"";""UOP02/RS"""
"184782;407540;2019-01-12;""sábado"";""14:20:00"";""RS"";287;339","5;""SAO VICENTE DO SUL"";""Sim"";""Falta de Atenção à Condução"";1;""Colisão frontal"";""Com Vítimas Feridas"";""Pleno dia"";""Crescente"";""Nublado"";""Simples"";""Curva"";""Não"";328567;""Automóvel"";""CHEVROLET/ONIX 1.4MT LTZ"";2016;""Passageiro"";""Ileso"";47;""Masculino"";1;0;0;0;-29",604765;-54,"688496;""SR-RS"";""DEL9/12"";""UOP02/RS"""
"184782;407539;2019-01-12;""sábado"";""14:20:00"";""RS"";287;339","5;""SAO VICENTE DO SUL"";""Sim"";""Falta de Atenção à Condução"";1;""Colisão frontal"";""Com Vítimas Feridas"";""Pleno dia"";""Crescente"";""Nublado"";""Simples"";""Curva"";""Não"";328567;""Automóvel"";""CHEVROLET/ONIX 1.4MT LTZ"";2016;""Condutor"";""Ileso"";40;""Feminino"";1;0;0;0;-29",604765;-54,"688496;""SR-RS"";""DEL9/12"";""UOP02/RS"""
"184783;407493;2019-01-12;""sábado"";""14:15:00"";""SC"";282;18;""PALHOCA"";""Sim"";""Falta de Atenção à Condução"";1;""Colisão lateral"";""Sem Vítimas"";""Pleno dia"";""Decrescente"";""Céu Claro"";""Simples"";""Reta"";""Sim"";328543;""Automóvel"";""FIAT/ARGO DRIVE 1.0"";NA;""Condutor"";""Ileso"";NA;""Masculino"";1;0;0;0;-27",672798;-48,"694286;""SR-SC"";""DEL8/1"";""UOP02/SC""",
"184783;407492;2019-01-12;""sábado"";""14:15:00"";""SC"";282;18;""PALHOCA"";""Sim"";""Falta de Atenção à Condução"";1;""Colisão lateral"";""Sem Vítimas"";""Pleno dia"";""Decrescente"";""Céu Claro"";""Simples"";""Reta"";""Sim"";328541;""Automóvel"";""FORD/KA SE 1.0 SD B"";2017;""Condutor"";""Ileso"";45;""Masculino"";1;0;0;0;-27",672798;-48,"694286;""SR-SC"";""DEL8/1"";""UOP02/SC""",
"184784;407627;2019-01-12;""sábado"";""15:00:00"";""RS"";116;254;""SAPUCAIA DO SUL"";""Sim"";""Avarias e/ou desgaste excessivo no pneu"";1;""Tombamento"";""Com Vítimas Feridas"";""Pleno dia"";""Decrescente"";""Nublado"";""Dupla"";""Reta"";""Sim"";328628;""Motoneta"";""HONDA/BIZ 125 ES"";2014;""Condutor"";""Lesões Leves"";26;""Masculino"";0;1;0;0;-29",826548;-51,"172413;""SR-RS"";""DEL9/1"";""UOP02/RS""",
"184784;407628;2019-01-12;""sábado"";""15:00:00"";""RS"";116;254;""SAPUCAIA DO SUL"";""Sim"";""Avarias e/ou desgaste excessivo no pneu"";1;""Tombamento"";""Com Vítimas Feridas"";""Pleno dia"";""Decrescente"";""Nublado"";""Dupla"";""Reta"";""Sim"";328628;""Motoneta"";""HONDA/BIZ 125 ES"";2014;""Passageiro"";""Lesões Leves"";22;""Feminino"";0;1;0;0;-29",826548;-51,"172413;""SR-RS"";""DEL9/1"";""UOP02/RS""",
"184785;407507;2019-01-12;""sábado"";""14:45:00"";""AL"";104;38","5;""BRANQUINHA"";""Sim"";""Avarias e/ou desgaste excessivo no pneu"";2;""Capotamento"";""Com Vítimas Feridas"";""Pleno dia"";""Decrescente"";""Chuva"";""Simples"";""Curva"";""Não"";328549;""Automóvel"";""FIAT/UNO MILLE SMART"";2001;""Condutor"";""Lesões Leves"";28;""Masculino"";0;1;0;0;-9",20124034;-36,"03275299;""SR-AL"";""DEL13/1"";""UOP02/AL"""
"184785;407507;2019-01-12;""sábado"";""14:45:00"";""AL"";104;38","5;""BRANQUINHA"";""Não"";""Pista Escorregadia"";2;""Capotamento"";""Com Vítimas Feridas"";""Pleno dia"";""Decrescente"";""Chuva"";""Simples"";""Curva"";""Não"";328549;""Automóvel"";""FIAT/UNO MILLE SMART"";2001;""Condutor"";""Lesões Leves"";28;""Masculino"";0;1;0;0;-9",20124034;-36,"03275299;""SR-AL"";""DEL13/1"";""UOP02/AL"""
"184785;407507;2019-01-12;""sábado"";""14:45:00"";""AL"";104;38","5;""BRANQUINHA"";""Sim"";""Avarias e/ou desgaste excessivo no pneu"";1;""Colisão com objeto estático"";""Com Vítimas Feridas"";""Pleno dia"";""Decrescente"";""Chuva"";""Simples"";""Curva"";""Não"";328549;""Automóvel"";""FIAT/UNO MILLE SMART"";2001;""Condutor"";""Lesões Leves"";28;""Masculino"";0;1;0;0;-9",20124034;-36,"03275299;""SR-AL"";""DEL13/1"";""UOP02/AL"""
"184785;407507;2019-01-12;""sábado"";""14:45:00"";""AL"";104;38","5;""BRANQUINHA"";""Não"";""Pista Escorregadia"";1;""Colisão com objeto estático"";""Com Vítimas Feridas"";""Pleno dia"";""Decrescente"";""Chuva"";""Simples"";""Curva"";""Não"";328549;""Automóvel"";""FIAT/UNO MILLE SMART"";2001;""Condutor"";""Lesões Leves"";28;""Masculino"";0;1;0;0;-9",20124034;-36,"03275299;""SR-AL"";""DEL13/1"";""UOP02/AL"""
"184787;407621;2019-01-12;""sábado"";""16:00:00"";""RS"";116;232","5;""ESTANCIA VELHA"";""Sim"";""Desobediência às normas de trânsito pelo condutor"";1;""Colisão transversal"";""Com Vítimas Feridas"";""Pleno dia"";""Decrescente"";""Céu Claro"";""Dupla"";""Reta"";""Sim"";328623;""Motocicleta"";""HONDA/CG150 TITAN MIX KS"";2010;""Condutor"";""Lesões Graves"";22;""Masculino"";0;0;1;0;-29",63275;-51,"143333;""SR-RS"";""DEL9/1"";""UOP02/RS"""
"184787;407626;2019-01-12;""sábado"";""16:00:00"";""RS"";116;232","5;""ESTANCIA VELHA"";""Sim"";""Desobediência às normas de trânsito pelo condutor"";1;""Colisão transversal"";""Com Vítimas Feridas"";""Pleno dia"";""Decrescente"";""Céu Claro"";""Dupla"";""Reta"";""Sim"";328623;""Motocicleta"";""HONDA/CG150 TITAN MIX KS"";2010;""Passageiro"";""Lesões Graves"";39;""Masculino"";0;0;1;0;-29",63275;-51,"143333;""SR-RS"";""DEL9/1"";""UOP02/RS"""
"184787;407619;2019-01-12;""sábado"";""16:00:00"";""RS"";116;232","5;""ESTANCIA VELHA"";""Sim"";""Desobediência às normas de trânsito pelo condutor"";1;""Colisão transversal"";""Com Vítimas Feridas"";""Pleno dia"";""Decrescente"";""Céu Claro"";""Dupla"";""Reta"";""Sim"";328622;""Automóvel"";""I/RENAULT CLIO AUT 10H3P"";2013;""Condutor"";""Ileso"";42;""Masculino"";1;0;0;0;-29",63275;-51,"143333;""SR-RS"";""DEL9/1"";""UOP02/RS"""
"184788;407515;2019-01-07;""segunda-feira"";""13:10:00"";""CE"";222;10","2;""CAUCAIA"";""Sim"";""Falta de Atenção à Condução"";2;""Tombamento"";""Com Vítimas Feridas"";""Pleno dia"";""Decrescente"";""Céu Claro"";""Dupla"";""Reta"";""Sim"";328551;""Motocicleta"";""HONDA/CG150 FAN ESDI"";2014;""Condutor"";""Lesões Leves"";22;""Masculino"";0;1;0;0;-3",761872;-38,"654144;""SR-CE"";""DEL16/1"";""UOP01/CE"""
"184788;407515;2019-01-07;""segunda-feira"";""13:10:00"";""CE"";222;10","2;""CAUCAIA"";""Sim"";""Falta de Atenção à Condução"";1;""Colisão transversal"";""Com Vítimas Feridas"";""Pleno dia"";""Decrescente"";""Céu Claro"";""Dupla"";""Reta"";""Sim"";328551;""Motocicleta"";""HONDA/CG150 FAN ESDI"";2014;""Condutor"";""Lesões Leves"";22;""Masculino"";0;1;0;0;-3",761872;-38,"654144;""SR-CE"";""DEL16/1"";""UOP01/CE"""
"184788;407517;2019-01-07;""segunda-feira"";""13:10:00"";""CE"";222;10","2;""CAUCAIA"";""Sim"";""Falta de Atenção à Condução"";2;""Tombamento"";""Com Vítimas Feridas"";""Pleno dia"";""Decrescente"";""Céu Claro"";""Dupla"";""Reta"";""Sim"";328552;""Bicicleta"";"""";NA;""Condutor"";""Lesões Leves"";18;""Masculino"";0;1;0;0;-3",761872;-38,"654144;""SR-CE"";""DEL16/1"";""UOP01/CE"""
"184788;407517;2019-01-07;""segunda-feira"";""13:10:00"";""CE"";222;10","2;""CAUCAIA"";""Sim"";""Falta de Atenção à Condução"";1;""Colisão transversal"";""Com Vítimas Feridas"";""Pleno dia"";""Decrescente"";""Céu Claro"";""Dupla"";""Reta"";""Sim"";328552;""Bicicleta"";"""";NA;""Condutor"";""Lesões Leves"";18;""Masculino"";0;1;0;0;-3",761872;-38,"654144;""SR-CE"";""DEL16/1"";""UOP01/CE"""
"184789;409133;2019-01-12;""sábado"";""15:30:00"";""AP"";210;1;""MACAPA"";""Sim"";""Falta de Atenção à Condução"";1;""Colisão lateral"";""Com Vítimas Feridas"";""Pleno dia"";""Crescente"";""Céu Claro"";""Dupla"";""Reta"";""Sim"";328730;""Motocicleta"";""HONDA/CG 160 FAN ESDI"";2016;""Passageiro"";""Lesões Leves"";15;""Masculino"";0;1;0;0;0",078212;-51,"070091;""SR-AP"";""UOP01/AP"";""""",
"184789;409137;2019-01-12;""sábado"";""15:30:00"";""AP"";210;1;""MACAPA"";""Sim"";""Falta de Atenção à Condução"";1;""Colisão lateral"";""Com Vítimas Feridas"";""Pleno dia"";""Crescente"";""Céu Claro"";""Dupla"";""Reta"";""Sim"";328730;""Motocicleta"";""HONDA/CG 160 FAN ESDI"";2016;""Testemunha"";""Não Informado"";NA;""Não Informado"";0;0;0;0;0",078212;-51,"070091;""SR-AP"";""UOP01/AP"";""""",
"184789;409126;2019-01-12;""sábado"";""15:30:00"";""AP"";210;1;""MACAPA"";""Sim"";""Falta de Atenção à Condução"";1;""Colisão lateral"";""Com Vítimas Feridas"";""Pleno dia"";""Crescente"";""Céu Claro"";""Dupla"";""Reta"";""Sim"";328730;""Motocicleta"";""HONDA/CG 160 FAN ESDI"";2016;""Condutor"";""Lesões Leves"";42;""Masculino"";0;1;0;0;0",078212;-51,"070091;""SR-AP"";""UOP01/AP"";""""",
"184790;410870;2019-01-12;""sábado"";""07:00:00"";""BA"";116;610;""IRAJUBA"";""Sim"";""Defeito Mecânico no Veículo"";1;""Incêndio"";""Sem Vítimas"";""Pleno dia"";""Crescente"";""Céu Claro"";""Simples"";""Reta"";""Não"";328554;""Automóvel"";""FIAT/PUNTO ATTRACTIVE"";2013;""Condutor"";""Não Informado"";NA;""Não Informado"";0;0;0;0;-13",3268212;-40,"0171262;""SR-BA"";""DEL10/3"";""UOP01/BA""",
"184791;407550;2019-01-12;""sábado"";""16:00:00"";""RJ"";116;293;""PORTO REAL"";""Sim"";""Objeto estático sobre o leito carroçável"";1;""Colisão traseira"";""Sem Vítimas"";""Pleno dia"";""Crescente"";""Céu Claro"";""Dupla"";""Reta"";""Não"";328577;""Camioneta"";""I/HONDA CR-V EXL"";2012;""Passageiro"";""Ileso"";31;""Masculino"";1;0;0;0;-22",449371;-44,"321712;""SR-RJ"";""DEL5/7"";""UOP03/RJ""",
"184791;407547;2019-01-12;""sábado"";""16:00:00"";""RJ"";116;293;""PORTO REAL"";""Sim"";""Objeto estático sobre o leito carroçável"";1;""Colisão traseira"";""Sem Vítimas"";""Pleno dia"";""Crescente"";""Céu Claro"";""Dupla"";""Reta"";""Não"";328577;""Camioneta"";""I/HONDA CR-V EXL"";2012;""Condutor"";""Ileso"";27;""Masculino"";1;0;0;0;-22",449371;-44,"321712;""SR-RJ"";""DEL5/7"";""UOP03/RJ""",
"184791;407548;2019-01-12;""sábado"";""16:00:00"";""RJ"";116;293;""PORTO REAL"";""Sim"";""Objeto estático sobre o leito carroçável"";1;""Colisão traseira"";""Sem Vítimas"";""Pleno dia"";""Crescente"";""Céu Claro"";""Dupla"";""Reta"";""Não"";328578;""Automóvel"";""FIAT/PALIO YOUNG"";2002;""Condutor"";""Ileso"";36;""Masculino"";1;0;0;0;-22",449371;-44,"321712;""SR-RJ"";""DEL5/7"";""UOP03/RJ""",
"184792;407587;2019-01-12;""sábado"";""14:50:00"";""RN"";101;58;""CEARA-MIRIM"";""Sim"";""Falta de Atenção à Condução"";1;""Colisão transversal"";""Com Vítimas Feridas"";""Pleno dia"";""Decrescente"";""Nublado"";""Simples"";""Reta"";""Não"";328595;""Motocicleta"";""HONDA/NXR150 BROS ESD"";2013;""Passageiro"";""Lesões Leves"";22;""Masculino"";0;1;0;0;-5",587615;-35,"276676;""SR-RN"";""DEL15/2"";""UOP01/RN""",
"184792;407568;2019-01-12;""sábado"";""14:50:00"";""RN"";101;58;""CEARA-MIRIM"";""Sim"";""Falta de Atenção à Condução"";1;""Colisão transversal"";""Com Vítimas Feridas"";""Pleno dia"";""Decrescente"";""Nublado"";""Simples"";""Reta"";""Não"";328595;""Motocicleta"";""HONDA/NXR150 BROS ESD"";2013;""Condutor"";""Lesões Leves"";25;""Masculino"";0;1;0;0;-5",587615;-35,"276676;""SR-RN"";""DEL15/2"";""UOP01/RN""",
"184792;407572;2019-01-12;""sábado"";""14:50:00"";""RN"";101;58;""CEARA-MIRIM"";""Sim"";""Falta de Atenção à Condução"";1;""Colisão transversal"";""Com Vítimas Feridas"";""Pleno dia"";""Decrescente"";""Nublado"";""Simples"";""Reta"";""Não"";328598;""Automóvel"";""FORD/KA SE 1.0 SD B"";2017;""Condutor"";""Lesões Leves"";55;""Masculino"";0;1;0;0;-5",587615;-35,"276676;""SR-RN"";""DEL15/2"";""UOP01/RN""",
"184793;407598;2019-01-12;""sábado"";""15:50:00"";""PE"";408;95;""SAO LOURENCO DA MATA"";""Não"";""Velocidade Incompatível"";3;""Queda de ocupante de veículo"";""Com Vítimas Fatais"";""Pleno dia"";""Decrescente"";""Garoa/Chuvisco"";""Dupla"";""Reta"";""Não"";328619;""Motocicleta"";""HONDA/CG 150 FAN ESI"";2012;""Condutor"";""Óbito"";32;""Masculino"";0;0;0;1;-8",014987;-35,"041951;""SR-PE"";""DEL11/1"";""UOP01/PE""",
"184793;407598;2019-01-12;""sábado"";""15:50:00"";""PE"";408;95;""SAO LOURENCO DA MATA"";""Sim"";""Falta de Atenção à Condução"";3;""Queda de ocupante de veículo"";""Com Vítimas Fatais"";""Pleno dia"";""Decrescente"";""Garoa/Chuvisco"";""Dupla"";""Reta"";""Não"";328619;""Motocicleta"";""HONDA/CG 150 FAN ESI"";2012;""Condutor"";""Óbito"";32;""Masculino"";0;0;0;1;-8",014987;-35,"041951;""SR-PE"";""DEL11/1"";""UOP01/PE""",
"184793;407598;2019-01-12;""sábado"";""15:50:00"";""PE"";408;95;""SAO LOURENCO DA MATA"";""Não"";""Velocidade Incompatível"";2;""Colisão com objeto estático"";""Com Vítimas Fatais"";""Pleno dia"";""Decrescente"";""Garoa/Chuvisco"";""Dupla"";""Reta"";""Não"";328619;""Motocicleta"";""HONDA/CG 150 FAN ESI"";2012;""Condutor"";""Óbito"";32;""Masculino"";0;0;0;1;-8",014987;-35,"041951;""SR-PE"";""DEL11/1"";""UOP01/PE""",
"184793;407598;2019-01-12;""sábado"";""15:50:00"";""PE"";408;95;""SAO LOURENCO DA MATA"";""Sim"";""Falta de Atenção à Condução"";2;""Colisão com objeto estático"";""Com Vítimas Fatais"";""Pleno dia"";""Decrescente"";""Garoa/Chuvisco"";""Dupla"";""Reta"";""Não"";328619;""Motocicleta"";""HONDA/CG 150 FAN ESI"";2012;""Condutor"";""Óbito"";32;""Masculino"";0;0;0;1;-8",014987;-35,"041951;""SR-PE"";""DEL11/1"";""UOP01/PE""",
"184793;407598;2019-01-12;""sábado"";""15:50:00"";""PE"";408;95;""SAO LOURENCO DA MATA"";""Não"";""Velocidade Incompatível"";1;""Saída de leito carroçável"";""Com Vítimas Fatais"";""Pleno dia"";""Decrescente"";""Garoa/Chuvisco"";""Dupla"";""Reta"";""Não"";328619;""Motocicleta"";""HONDA/CG 150 FAN ESI"";2012;""Condutor"";""Óbito"";32;""Masculino"";0;0;0;1;-8",014987;-35,"041951;""SR-PE"";""DEL11/1"";""UOP01/PE""",
"184793;407598;2019-01-12;""sábado"";""15:50:00"";""PE"";408;95;""SAO LOURENCO DA MATA"";""Sim"";""Falta de Atenção à Condução"";1;""Saída de leito carroçável"";""Com Vítimas Fatais"";""Pleno dia"";""Decrescente"";""Garoa/Chuvisco"";""Dupla"";""Reta"";""Não"";328619;""Motocicleta"";""HONDA/CG 150 FAN ESI"";2012;""Condutor"";""Óbito"";32;""Masculino"";0;0;0;1;-8",014987;-35,"041951;""SR-PE"";""DEL11/1"";""UOP01/PE""",
"184793;407725;2019-01-12;""sábado"";""15:50:00"";""PE"";408;95;""SAO LOURENCO DA MATA"";""Não"";""Velocidade Incompatível"";3;""Queda de ocupante de veículo"";""Com Vítimas Fatais"";""Pleno dia"";""Decrescente"";""Garoa/Chuvisco"";""Dupla"";""Reta"";""Não"";328619;""Motocicleta"";""HONDA/CG 150 FAN ESI"";2012;""Testemunha"";""Não Informado"";NA;""Não Informado"";0;0;0;0;-8",014987;-35,"041951;""SR-PE"";""DEL11/1"";""UOP01/PE""",
"184793;407725;2019-01-12;""sábado"";""15:50:00"";""PE"";408;95;""SAO LOURENCO DA MATA"";""Sim"";""Falta de Atenção à Condução"";3;""Queda de ocupante de veículo"";""Com Vítimas Fatais"";""Pleno dia"";""Decrescente"";""Garoa/Chuvisco"";""Dupla"";""Reta"";""Não"";328619;""Motocicleta"";""HONDA/CG 150 FAN ESI"";2012;""Testemunha"";""Não Informado"";NA;""Não Informado"";0;0;0;0;-8",014987;-35,"041951;""SR-PE"";""DEL11/1"";""UOP01/PE""",
"184793;407725;2019-01-12;""sábado"";""15:50:00"";""PE"";408;95;""SAO LOURENCO DA MATA"";""Não"";""Velocidade Incompatível"";2;""Colisão com objeto estático"";""Com Vítimas Fatais"";""Pleno dia"";""Decrescente"";""Garoa/Chuvisco"";""Dupla"";""Reta"";""Não"";328619;""Motocicleta"";""HONDA/CG 150 FAN ESI"";2012;""Testemunha"";""Não Informado"";NA;""Não Informado"";0;0;0;0;-8",014987;-35,"041951;""SR-PE"";""DEL11/1"";""UOP01/PE""",
"184793;407725;2019-01-12;""sábado"";""15:50:00"";""PE"";408;95;""SAO LOURENCO DA MATA"";""Sim"";""Falta de Atenção à Condução"";2;""Colisão com objeto estático"";""Com Vítimas Fatais"";""Pleno dia"";""Decrescente"";""Garoa/Chuvisco"";""Dupla"";""Reta"";""Não"";328619;""Motocicleta"";""HONDA/CG 150 FAN ESI"";2012;""Testemunha"";""Não Informado"";NA;""Não Informado"";0;0;0;0;-8",014987;-35,"041951;""SR-PE"";""DEL11/1"";""UOP01/PE""",
"184793;407725;2019-01-12;""sábado"";""15:50:00"";""PE"";408;95;""SAO LOURENCO DA MATA"";""Não"";""Velocidade Incompatível"";1;""Saída de leito carroçável"";""Com Vítimas Fatais"";""Pleno dia"";""Decrescente"";""Garoa/Chuvisco"";""Dupla"";""Reta"";""Não"";328619;""Motocicleta"";""HONDA/CG 150 FAN ESI"";2012;""Testemunha"";""Não Informado"";NA;""Não Informado"";0;0;0;0;-8",014987;-35,"041951;""SR-PE"";""DEL11/1"";""UOP01/PE""",
"184793;407725;2019-01-12;""sábado"";""15:50:00"";""PE"";408;95;""SAO LOURENCO DA MATA"";""Sim"";""Falta de Atenção à Condução"";1;""Saída de leito carroçável"";""Com Vítimas Fatais"";""Pleno dia"";""Decrescente"";""Garoa/Chuvisco"";""Dupla"";""Reta"";""Não"";328619;""Motocicleta"";""HONDA/CG 150 FAN ESI"";2012;""Testemunha"";""Não Informado"";NA;""Não Informado"";0;0;0;0;-8",014987;-35,"041951;""SR-PE"";""DEL11/1"";""UOP01/PE""",