"id;""pesid"";""data_inversa"";""dia_semana"";""horario"";""uf"";""br"";""km"";""municipio"";""causa_principal"";""causa_acidente"";""ordem_tipo_acidente"";""tipo_acidente"";""classificacao_acidente"";""fase_dia"";""sentido_via"";""condicao_metereologica"";""tipo_pista"";""tracado_via"";""uso_solo"";""id_veiculo"";""tipo_veiculo"";""marca"";""ano_fabricacao_veiculo"";""tipo_envolvido"";""estado_fisico"";""idade"";""sexo"";""ilesos"";""feridos_leves"";""feridos_graves"";""mortos"";""latitude"";""longitude"";""regional"";""delegacia"";""uop""",,,
"184794;408858;2019-01-12;""sábado"";""17:10:00"";""SP"";381;76","3;""SAO PAULO"";""Sim"";""Avarias e/ou desgaste excessivo no pneu"";1;""Saída de leito carroçável"";""Sem Vítimas"";""Pleno dia"";""Crescente"";""Garoa/Chuvisco"";""Múltipla"";""Curva"";""Não"";328684;""Automóvel"";""I/FORD FOCUS 1.6L HA"";2004;""Condutor"";""Ileso"";19;""Masculino"";1;0;0;0;-23",39890513;-46,"57670975;""SR-SP"";""DEL6/3"";""UOP02/SP"""
"184794;408858;2019-01-12;""sábado"";""17:10:00"";""SP"";381;76","3;""SAO PAULO"";""Não"";""Pista Escorregadia"";1;""Saída de leito carroçável"";""Sem Vítimas"";""Pleno dia"";""Crescente"";""Garoa/Chuvisco"";""Múltipla"";""Curva"";""Não"";328684;""Automóvel"";""I/FORD FOCUS 1.6L HA"";2004;""Condutor"";""Ileso"";19;""Masculino"";1;0;0;0;-23",39890513;-46,"57670975;""SR-SP"";""DEL6/3"";""UOP02/SP"""
"184794;408858;2019-01-12;""sábado"";""17:10:00"";""SP"";381;76","3;""SAO PAULO"";""Não"";""Falta de Atenção à Condução"";1;""Saída de leito carroçável"";""Sem Vítimas"";""Pleno dia"";""Crescente"";""Garoa/Chuvisco"";""Múltipla"";""Curva"";""Não"";328684;""Automóvel"";""I/FORD FOCUS 1.6L HA"";2004;""Condutor"";""Ileso"";19;""Masculino"";1;0;0;0;-23",39890513;-46,"57670975;""SR-SP"";""DEL6/3"";""UOP02/SP"""
"184795;NA;2019-01-12;""sábado"";""14:00:00"";""BA"";101;751;""ITABELA"";""Sim"";""Velocidade Incompatível"";3;""Colisão com objeto em movimento"";""Com Vítimas Feridas"";""Pleno dia"";""Decrescente"";""Céu Claro"";""Simples"";""Curva"";""Não"";328638;""Semireboque"";""REB/RANDON SR BS PP"";1996;""Não Informado"";""Não Informado"";NA;""Não Informado"";0;0;0;0;-16",6091;-39,"5458;""SR-BA"";""DEL10/9"";""UOP01/BA""",
"184795;NA;2019-01-12;""sábado"";""14:00:00"";""BA"";101;751;""ITABELA"";""Sim"";""Velocidade Incompatível"";2;""Derramamento de carga"";""Com Vítimas Feridas"";""Pleno dia"";""Decrescente"";""Céu Claro"";""Simples"";""Curva"";""Não"";328638;""Semireboque"";""REB/RANDON SR BS PP"";1996;""Não Informado"";""Não Informado"";NA;""Não Informado"";0;0;0;0;-16",6091;-39,"5458;""SR-BA"";""DEL10/9"";""UOP01/BA""",
"184795;NA;2019-01-12;""sábado"";""14:00:00"";""BA"";101;751;""ITABELA"";""Sim"";""Velocidade Incompatível"";1;""Tombamento"";""Com Vítimas Feridas"";""Pleno dia"";""Decrescente"";""Céu Claro"";""Simples"";""Curva"";""Não"";328638;""Semireboque"";""REB/RANDON SR BS PP"";1996;""Não Informado"";""Não Informado"";NA;""Não Informado"";0;0;0;0;-16",6091;-39,"5458;""SR-BA"";""DEL10/9"";""UOP01/BA""",
"184795;407641;2019-01-12;""sábado"";""14:00:00"";""BA"";101;751;""ITABELA"";""Sim"";""Velocidade Incompatível"";3;""Colisão com objeto em movimento"";""Com Vítimas Feridas"";""Pleno dia"";""Decrescente"";""Céu Claro"";""Simples"";""Curva"";""Não"";328590;""Camioneta"";""RENAULT/DUSTER 16 D 4X2"";2012;""Condutor"";""Ileso"";44;""Masculino"";1;0;0;0;-16",6091;-39,"5458;""SR-BA"";""DEL10/9"";""UOP01/BA""",
"184795;407641;2019-01-12;""sábado"";""14:00:00"";""BA"";101;751;""ITABELA"";""Sim"";""Velocidade Incompatível"";2;""Derramamento de carga"";""Com Vítimas Feridas"";""Pleno dia"";""Decrescente"";""Céu Claro"";""Simples"";""Curva"";""Não"";328590;""Camioneta"";""RENAULT/DUSTER 16 D 4X2"";2012;""Condutor"";""Ileso"";44;""Masculino"";1;0;0;0;-16",6091;-39,"5458;""SR-BA"";""DEL10/9"";""UOP01/BA""",
"184795;407641;2019-01-12;""sábado"";""14:00:00"";""BA"";101;751;""ITABELA"";""Sim"";""Velocidade Incompatível"";1;""Tombamento"";""Com Vítimas Feridas"";""Pleno dia"";""Decrescente"";""Céu Claro"";""Simples"";""Curva"";""Não"";328590;""Camioneta"";""RENAULT/DUSTER 16 D 4X2"";2012;""Condutor"";""Ileso"";44;""Masculino"";1;0;0;0;-16",6091;-39,"5458;""SR-BA"";""DEL10/9"";""UOP01/BA""",
"184795;407637;2019-01-12;""sábado"";""14:00:00"";""BA"";101;751;""ITABELA"";""Sim"";""Velocidade Incompatível"";3;""Colisão com objeto em movimento"";""Com Vítimas Feridas"";""Pleno dia"";""Decrescente"";""Céu Claro"";""Simples"";""Curva"";""Não"";328589;""Caminhão-trator"";""VW/19.320 CLC TT"";2009;""Condutor"";""Lesões Leves"";58;""Masculino"";0;1;0;0;-16",6091;-39,"5458;""SR-BA"";""DEL10/9"";""UOP01/BA""",
"184795;407637;2019-01-12;""sábado"";""14:00:00"";""BA"";101;751;""ITABELA"";""Sim"";""Velocidade Incompatível"";2;""Derramamento de carga"";""Com Vítimas Feridas"";""Pleno dia"";""Decrescente"";""Céu Claro"";""Simples"";""Curva"";""Não"";328589;""Caminhão-trator"";""VW/19.320 CLC TT"";2009;""Condutor"";""Lesões Leves"";58;""Masculino"";0;1;0;0;-16",6091;-39,"5458;""SR-BA"";""DEL10/9"";""UOP01/BA""",
"184795;407637;2019-01-12;""sábado"";""14:00:00"";""BA"";101;751;""ITABELA"";""Sim"";""Velocidade Incompatível"";1;""Tombamento"";""Com Vítimas Feridas"";""Pleno dia"";""Decrescente"";""Céu Claro"";""Simples"";""Curva"";""Não"";328589;""Caminhão-trator"";""VW/19.320 CLC TT"";2009;""Condutor"";""Lesões Leves"";58;""Masculino"";0;1;0;0;-16",6091;-39,"5458;""SR-BA"";""DEL10/9"";""UOP01/BA""",
"184795;407645;2019-01-12;""sábado"";""14:00:00"";""BA"";101;751;""ITABELA"";""Sim"";""Velocidade Incompatível"";3;""Colisão com objeto em movimento"";""Com Vítimas Feridas"";""Pleno dia"";""Decrescente"";""Céu Claro"";""Simples"";""Curva"";""Não"";328590;""Camioneta"";""RENAULT/DUSTER 16 D 4X2"";2012;""Passageiro"";""Ileso"";38;""Feminino"";1;0;0;0;-16",6091;-39,"5458;""SR-BA"";""DEL10/9"";""UOP01/BA""",
"184795;407645;2019-01-12;""sábado"";""14:00:00"";""BA"";101;751;""ITABELA"";""Sim"";""Velocidade Incompatível"";2;""Derramamento de carga"";""Com Vítimas Feridas"";""Pleno dia"";""Decrescente"";""Céu Claro"";""Simples"";""Curva"";""Não"";328590;""Camioneta"";""RENAULT/DUSTER 16 D 4X2"";2012;""Passageiro"";""Ileso"";38;""Feminino"";1;0;0;0;-16",6091;-39,"5458;""SR-BA"";""DEL10/9"";""UOP01/BA""",
"184795;407645;2019-01-12;""sábado"";""14:00:00"";""BA"";101;751;""ITABELA"";""Sim"";""Velocidade Incompatível"";1;""Tombamento"";""Com Vítimas Feridas"";""Pleno dia"";""Decrescente"";""Céu Claro"";""Simples"";""Curva"";""Não"";328590;""Camioneta"";""RENAULT/DUSTER 16 D 4X2"";2012;""Passageiro"";""Ileso"";38;""Feminino"";1;0;0;0;-16",6091;-39,"5458;""SR-BA"";""DEL10/9"";""UOP01/BA""",
"184795;407644;2019-01-12;""sábado"";""14:00:00"";""BA"";101;751;""ITABELA"";""Sim"";""Velocidade Incompatível"";3;""Colisão com objeto em movimento"";""Com Vítimas Feridas"";""Pleno dia"";""Decrescente"";""Céu Claro"";""Simples"";""Curva"";""Não"";328590;""Camioneta"";""RENAULT/DUSTER 16 D 4X2"";2012;""Passageiro"";""Lesões Leves"";66;""Feminino"";0;1;0;0;-16",6091;-39,"5458;""SR-BA"";""DEL10/9"";""UOP01/BA""",
"184795;407644;2019-01-12;""sábado"";""14:00:00"";""BA"";101;751;""ITABELA"";""Sim"";""Velocidade Incompatível"";2;""Derramamento de carga"";""Com Vítimas Feridas"";""Pleno dia"";""Decrescente"";""Céu Claro"";""Simples"";""Curva"";""Não"";328590;""Camioneta"";""RENAULT/DUSTER 16 D 4X2"";2012;""Passageiro"";""Lesões Leves"";66;""Feminino"";0;1;0;0;-16",6091;-39,"5458;""SR-BA"";""DEL10/9"";""UOP01/BA""",
"184795;407644;2019-01-12;""sábado"";""14:00:00"";""BA"";101;751;""ITABELA"";""Sim"";""Velocidade Incompatível"";1;""Tombamento"";""Com Vítimas Feridas"";""Pleno dia"";""Decrescente"";""Céu Claro"";""Simples"";""Curva"";""Não"";328590;""Camioneta"";""RENAULT/DUSTER 16 D 4X2"";2012;""Passageiro"";""Lesões Leves"";66;""Feminino"";0;1;0;0;-16",6091;-39,"5458;""SR-BA"";""DEL10/9"";""UOP01/BA""",
"184795;407642;2019-01-12;""sábado"";""14:00:00"";""BA"";101;751;""ITABELA"";""Sim"";""Velocidade Incompatível"";3;""Colisão com objeto em movimento"";""Com Vítimas Feridas"";""Pleno dia"";""Decrescente"";""Céu Claro"";""Simples"";""Curva"";""Não"";328590;""Camioneta"";""RENAULT/DUSTER 16 D 4X2"";2012;""Passageiro"";""Lesões Leves"";75;""Masculino"";0;1;0;0;-16",6091;-39,"5458;""SR-BA"";""DEL10/9"";""UOP01/BA""",
"184795;407642;2019-01-12;""sábado"";""14:00:00"";""BA"";101;751;""ITABELA"";""Sim"";""Velocidade Incompatível"";2;""Derramamento de carga"";""Com Vítimas Feridas"";""Pleno dia"";""Decrescente"";""Céu Claro"";""Simples"";""Curva"";""Não"";328590;""Camioneta"";""RENAULT/DUSTER 16 D 4X2"";2012;""Passageiro"";""Lesões Leves"";75;""Masculino"";0;1;0;0;-16",6091;-39,"5458;""SR-BA"";""DEL10/9"";""UOP01/BA""",
"184795;407642;2019-01-12;""sábado"";""14:00:00"";""BA"";101;751;""ITABELA"";""Sim"";""Velocidade Incompatível"";1;""Tombamento"";""Com Vítimas Feridas"";""Pleno dia"";""Decrescente"";""Céu Claro"";""Simples"";""Curva"";""Não"";328590;""Camioneta"";""RENAULT/DUSTER 16 D 4X2"";2012;""Passageiro"";""Lesões Leves"";75;""Masculino"";0;1;0;0;-16",6091;-39,"5458;""SR-BA"";""DEL10/9"";""UOP01/BA""",
"184796;407710;2019-01-12;""sábado"";""15:30:00"";""SE"";101;25;""MALHADA DOS BOIS"";""Sim"";""Ingestão de Álcool"";1;""Capotamento"";""Sem Vítimas"";""Pleno dia"";""Crescente"";""Céu Claro"";""Dupla"";""Reta"";""Não"";328700;""Automóvel"";""GM/CORSA SEDAN"";2003;""Condutor"";""Ileso"";43;""Masculino"";1;0;0;0;-10",295593;-36,"883125;""SR-SE"";""DEL20/2"";""UOP02/SE""",
"184797;408323;2019-01-12;""sábado"";""17:30:00"";""GO"";40;4;""VALPARAISO DE GOIAS"";""Sim"";""Falta de Atenção à Condução"";1;""Colisão traseira"";""Sem Vítimas"";""Pleno dia"";""Decrescente"";""Chuva"";""Dupla"";""Reta"";""Sim"";328699;""Caminhonete"";""FIAT/TORO FREEDOM AT"";2016;""Condutor"";""Ileso"";36;""Masculino"";1;0;0;0;-16",085241;-47,"986752;""SR-DF"";""UOP01/DF"";""""",
"184797;408320;2019-01-12;""sábado"";""17:30:00"";""GO"";40;4;""VALPARAISO DE GOIAS"";""Sim"";""Falta de Atenção à Condução"";1;""Colisão traseira"";""Sem Vítimas"";""Pleno dia"";""Decrescente"";""Chuva"";""Dupla"";""Reta"";""Sim"";328698;""Automóvel"";""FORD/FIESTA GL"";2000;""Condutor"";""Ileso"";35;""Masculino"";1;0;0;0;-16",085241;-47,"986752;""SR-DF"";""UOP01/DF"";""""",
"184798;407595;2019-01-12;""sábado"";""17:35:00"";""MG"";262;442","5;""NOVA SERRANA"";""Sim"";""Falta de Atenção à Condução"";1;""Colisão transversal"";""Com Vítimas Feridas"";""Pleno dia"";""Crescente"";""Céu Claro"";""Dupla"";""Reta"";""Sim"";328604;""Motocicleta"";""HONDA/CG 150 TITAN ESD"";2008;""Condutor"";""Lesões Leves"";47;""Masculino"";0;1;0;0;-19",880623;-44,"912323;""SR-MG"";""DEL4/8"";""UOP03/MG"""
"184798;407596;2019-01-12;""sábado"";""17:35:00"";""MG"";262;442","5;""NOVA SERRANA"";""Sim"";""Falta de Atenção à Condução"";1;""Colisão transversal"";""Com Vítimas Feridas"";""Pleno dia"";""Crescente"";""Céu Claro"";""Dupla"";""Reta"";""Sim"";328605;""Motocicleta"";""HONDA/CG 160 TITAN EX"";2017;""Condutor"";""Lesões Leves"";NA;""Masculino"";0;1;0;0;-19",880623;-44,"912323;""SR-MG"";""DEL4/8"";""UOP03/MG"""
"184799;409092;2019-01-12;""sábado"";""16:40:00"";""PR"";116;138;""MANDIRITUBA"";""Sim"";""Defeito Mecânico no Veículo"";1;""Incêndio"";""Sem Vítimas"";""Pleno dia"";""Decrescente"";""Nublado"";""Dupla"";""Reta"";""Sim"";328668;""Automóvel"";""VW/GOL 1.0"";2012;""Condutor"";""Ileso"";27;""Masculino"";1;0;0;0;-25",772902;-49,"323254;""SR-PR"";""DEL7/1"";""UOP03/PR""",
"184800;407604;2019-01-12;""sábado"";""17:15:00"";""PR"";369;108","9;""URAI"";""Sim"";""Agressão Externa"";2;""Queda de ocupante de veículo"";""Com Vítimas Feridas"";""Pleno dia"";""Decrescente"";""Sol"";""Simples"";""Não Informado"";""Não"";328610;""Motocicleta"";""HARLEY DAVIDSON/FXSTI"";2005;""Condutor"";""Lesões Leves"";54;""Masculino"";0;1;0;0;-23",26645257;-50,"79674721;""SR-PR"";""DEL7/7"";""UOP06/PR"""
"184800;407604;2019-01-12;""sábado"";""17:15:00"";""PR"";369;108","9;""URAI"";""Sim"";""Agressão Externa"";1;""Tombamento"";""Com Vítimas Feridas"";""Pleno dia"";""Decrescente"";""Sol"";""Simples"";""Não Informado"";""Não"";328610;""Motocicleta"";""HARLEY DAVIDSON/FXSTI"";2005;""Condutor"";""Lesões Leves"";54;""Masculino"";0;1;0;0;-23",26645257;-50,"79674721;""SR-PR"";""DEL7/7"";""UOP06/PR"""
"184800;407607;2019-01-12;""sábado"";""17:15:00"";""PR"";369;108","9;""URAI"";""Sim"";""Agressão Externa"";2;""Queda de ocupante de veículo"";""Com Vítimas Feridas"";""Pleno dia"";""Decrescente"";""Sol"";""Simples"";""Não Informado"";""Não"";328610;""Motocicleta"";""HARLEY DAVIDSON/FXSTI"";2005;""Passageiro"";""Lesões Leves"";55;""Feminino"";0;1;0;0;-23",26645257;-50,"79674721;""SR-PR"";""DEL7/7"";""UOP06/PR"""
"184800;407607;2019-01-12;""sábado"";""17:15:00"";""PR"";369;108","9;""URAI"";""Sim"";""Agressão Externa"";1;""Tombamento"";""Com Vítimas Feridas"";""Pleno dia"";""Decrescente"";""Sol"";""Simples"";""Não Informado"";""Não"";328610;""Motocicleta"";""HARLEY DAVIDSON/FXSTI"";2005;""Passageiro"";""Lesões Leves"";55;""Feminino"";0;1;0;0;-23",26645257;-50,"79674721;""SR-PR"";""DEL7/7"";""UOP06/PR"""
"184801;407549;2019-01-12;""sábado"";""14:50:00"";""PE"";232;46","1;""VITORIA DE SANTO ANTAO"";""Sim"";""Pista Escorregadia"";1;""Saída de leito carroçável"";""Com Vítimas Feridas"";""Pleno dia"";""Decrescente"";""Chuva"";""Dupla"";""Reta"";""Sim"";328571;""Automóvel"";""HYUNDAI/HB20 1.6A PREM"";2013;""Condutor"";""Lesões Leves"";40;""Feminino"";0;1;0;0;-8",128181;-35,"281677;""SR-PE"";""DEL11/1"";""UOP04/PE"""
"184802;407567;2019-01-12;""sábado"";""14:00:00"";""MA"";222;285","6;""SANTA INES"";""Sim"";""Falta de Atenção à Condução"";2;""Queda de ocupante de veículo"";""Com Vítimas Feridas"";""Pleno dia"";""Crescente"";""Céu Claro"";""Simples"";""Reta"";""Sim"";328574;""Motocicleta"";""HONDA/NXR150 BROS ES"";2011;""Condutor"";""Lesões Graves"";45;""Masculino"";0;0;1;0;-3",85087636;-45,"52618544;""SR-MA"";""DEL18/2"";""UOP01/MA"""
"184802;407567;2019-01-12;""sábado"";""14:00:00"";""MA"";222;285","6;""SANTA INES"";""Sim"";""Falta de Atenção à Condução"";1;""Colisão transversal"";""Com Vítimas Feridas"";""Pleno dia"";""Crescente"";""Céu Claro"";""Simples"";""Reta"";""Sim"";328574;""Motocicleta"";""HONDA/NXR150 BROS ES"";2011;""Condutor"";""Lesões Graves"";45;""Masculino"";0;0;1;0;-3",85087636;-45,"52618544;""SR-MA"";""DEL18/2"";""UOP01/MA"""
"184802;407650;2019-01-12;""sábado"";""14:00:00"";""MA"";222;285","6;""SANTA INES"";""Sim"";""Falta de Atenção à Condução"";2;""Queda de ocupante de veículo"";""Com Vítimas Feridas"";""Pleno dia"";""Crescente"";""Céu Claro"";""Simples"";""Reta"";""Sim"";328575;""Caminhonete"";""VW/SAVEIRO CD CROSS MA"";2014;""Passageiro"";""Ileso"";38;""Feminino"";1;0;0;0;-3",85087636;-45,"52618544;""SR-MA"";""DEL18/2"";""UOP01/MA"""
"184802;407650;2019-01-12;""sábado"";""14:00:00"";""MA"";222;285","6;""SANTA INES"";""Sim"";""Falta de Atenção à Condução"";1;""Colisão transversal"";""Com Vítimas Feridas"";""Pleno dia"";""Crescente"";""Céu Claro"";""Simples"";""Reta"";""Sim"";328575;""Caminhonete"";""VW/SAVEIRO CD CROSS MA"";2014;""Passageiro"";""Ileso"";38;""Feminino"";1;0;0;0;-3",85087636;-45,"52618544;""SR-MA"";""DEL18/2"";""UOP01/MA"""
"184802;407577;2019-01-12;""sábado"";""14:00:00"";""MA"";222;285","6;""SANTA INES"";""Sim"";""Falta de Atenção à Condução"";2;""Queda de ocupante de veículo"";""Com Vítimas Feridas"";""Pleno dia"";""Crescente"";""Céu Claro"";""Simples"";""Reta"";""Sim"";328575;""Caminhonete"";""VW/SAVEIRO CD CROSS MA"";2014;""Condutor"";""Ileso"";27;""Masculino"";1;0;0;0;-3",85087636;-45,"52618544;""SR-MA"";""DEL18/2"";""UOP01/MA"""
"184802;407577;2019-01-12;""sábado"";""14:00:00"";""MA"";222;285","6;""SANTA INES"";""Sim"";""Falta de Atenção à Condução"";1;""Colisão transversal"";""Com Vítimas Feridas"";""Pleno dia"";""Crescente"";""Céu Claro"";""Simples"";""Reta"";""Sim"";328575;""Caminhonete"";""VW/SAVEIRO CD CROSS MA"";2014;""Condutor"";""Ileso"";27;""Masculino"";1;0;0;0;-3",85087636;-45,"52618544;""SR-MA"";""DEL18/2"";""UOP01/MA"""
"184804;407677;2019-01-12;""sábado"";""18:00:00"";""GO"";50;265;""CATALAO"";""Sim"";""Defeito Mecânico no Veículo"";1;""Queda de ocupante de veículo"";""Com Vítimas Feridas"";""Pleno dia"";""Crescente"";""Céu Claro"";""Simples"";""Não Informado"";""Não"";328685;""Ônibus"";""SCANIA/K113 TL 6X2 360"";1995;""Passageiro"";""Lesões Leves"";41;""Feminino"";0;1;0;0;-18",0702;-47,"8644;""SR-GO"";""DEL1/6"";""UOP01/GO""",
"184804;407675;2019-01-12;""sábado"";""18:00:00"";""GO"";50;265;""CATALAO"";""Sim"";""Defeito Mecânico no Veículo"";1;""Queda de ocupante de veículo"";""Com Vítimas Feridas"";""Pleno dia"";""Crescente"";""Céu Claro"";""Simples"";""Não Informado"";""Não"";328685;""Ônibus"";""SCANIA/K113 TL 6X2 360"";1995;""Condutor"";""Ileso"";34;""Masculino"";1;0;0;0;-18",0702;-47,"8644;""SR-GO"";""DEL1/6"";""UOP01/GO""",
"184805;407728;2019-01-12;""sábado"";""18:25:00"";""RS"";116;242","7;""SAO LEOPOLDO"";""Sim"";""Defeito Mecânico no Veículo"";1;""Incêndio"";""Sem Vítimas"";""Pleno dia"";""Crescente"";""Céu Claro"";""Dupla"";""Reta"";""Sim"";328629;""Automóvel"";""RENAULT/CLIO PRI 10 16VS"";2004;""Condutor"";""Ileso"";66;""Masculino"";1;0;0;0;-29",722971;-51,"148586;""SR-RS"";""DEL9/1"";""UOP02/RS"""
"184806;409796;2019-01-12;""sábado"";""17:14:00"";""SP"";116;17","5;""LAVRINHAS"";""Sim"";""Ingestão de Álcool"";1;""Colisão lateral"";""Sem Vítimas"";""Pleno dia"";""Crescente"";""Céu Claro"";""Dupla"";""Curva"";""Não"";328701;""Caminhão"";""M.BENZ/L 1620"";2009;""Condutor"";""Ileso"";51;""Masculino"";1;0;0;0;-22",55709094;-44,"85269487;""SR-SP"";""DEL6/8"";""UOP01/SP"""
"184806;409801;2019-01-12;""sábado"";""17:14:00"";""SP"";116;17","5;""LAVRINHAS"";""Sim"";""Ingestão de Álcool"";1;""Colisão lateral"";""Sem Vítimas"";""Pleno dia"";""Crescente"";""Céu Claro"";""Dupla"";""Curva"";""Não"";328702;""Automóvel"";""FORD/KA SE 1.0 HA B"";2016;""Condutor"";""Ileso"";35;""Masculino"";1;0;0;0;-22",55709094;-44,"85269487;""SR-SP"";""DEL6/8"";""UOP01/SP"""
"184807;409099;2019-01-12;""sábado"";""17:45:00"";""PR"";376;653","7;""TIJUCAS DO SUL"";""Sim"";""Velocidade Incompatível"";1;""Colisão traseira"";""Sem Vítimas"";""Pleno dia"";""Decrescente"";""Garoa/Chuvisco"";""Dupla"";""Não Informado"";""Não"";328602;""Automóvel"";""CITROEN/C3 GLX 14 FLEX"";2009;""Condutor"";""Ileso"";39;""Feminino"";1;0;0;0;-25",8394494;-49,"03884888;""SR-PR"";""DEL7/1"";""UOP08/PR"""
"184807;409100;2019-01-12;""sábado"";""17:45:00"";""PR"";376;653","7;""TIJUCAS DO SUL"";""Sim"";""Velocidade Incompatível"";1;""Colisão traseira"";""Sem Vítimas"";""Pleno dia"";""Decrescente"";""Garoa/Chuvisco"";""Dupla"";""Não Informado"";""Não"";328603;""Camioneta"";""I/LIFAN X60 1.8L VVT"";2014;""Condutor"";""Ileso"";55;""Masculino"";1;0;0;0;-25",8394494;-49,"03884888;""SR-PR"";""DEL7/1"";""UOP08/PR"""
"184808;407684;2019-01-12;""sábado"";""17:55:00"";""SP"";153;55","9;""SAO JOSE DO RIO PRETO"";""Sim"";""Falta de Atenção à Condução"";1;""Colisão lateral"";""Sem Vítimas"";""Pleno dia"";""Crescente"";""Chuva"";""Simples"";""Rotatória"";""Sim"";328680;""Automóvel"";""GM/CHEVETTE SL"";1989;""Passageiro"";""Ileso"";18;""Feminino"";1;0;0;0;-20",753166;-49,"342579;""SR-SP"";""DEL6/9"";""UOP01/SP"""
"184808;407683;2019-01-12;""sábado"";""17:55:00"";""SP"";153;55","9;""SAO JOSE DO RIO PRETO"";""Sim"";""Falta de Atenção à Condução"";1;""Colisão lateral"";""Sem Vítimas"";""Pleno dia"";""Crescente"";""Chuva"";""Simples"";""Rotatória"";""Sim"";328681;""Caminhão"";""VOLVO/VM 270 4X2R"";2016;""Condutor"";""Ileso"";57;""Masculino"";1;0;0;0;-20",753166;-49,"342579;""SR-SP"";""DEL6/9"";""UOP01/SP"""
"184808;407681;2019-01-12;""sábado"";""17:55:00"";""SP"";153;55","9;""SAO JOSE DO RIO PRETO"";""Sim"";""Falta de Atenção à Condução"";1;""Colisão lateral"";""Sem Vítimas"";""Pleno dia"";""Crescente"";""Chuva"";""Simples"";""Rotatória"";""Sim"";328680;""Automóvel"";""GM/CHEVETTE SL"";1989;""Condutor"";""Ileso"";19;""Masculino"";1;0;0;0;-20",753166;-49,"342579;""SR-SP"";""DEL6/9"";""UOP01/SP"""
"184810;409440;2019-01-12;""sábado"";""17:35:00"";""PR"";476;126","2;""CURITIBA"";""Sim"";""Falta de Atenção à Condução"";2;""Tombamento"";""Com Vítimas Feridas"";""Pleno dia"";""Decrescente"";""Céu Claro"";""Múltipla"";""Reta"";""Sim"";328636;""Camioneta"";""JEEP/RENEGADE SPORT AT"";2018;""Condutor"";""Ileso"";64;""Feminino"";1;0;0;0;-25",416758;-49,"223446;""SR-PR"";""DEL7/1"";""UOP06/PR"""
"184810;409440;2019-01-12;""sábado"";""17:35:00"";""PR"";476;126","2;""CURITIBA"";""Sim"";""Falta de Atenção à Condução"";1;""Colisão lateral"";""Com Vítimas Feridas"";""Pleno dia"";""Decrescente"";""Céu Claro"";""Múltipla"";""Reta"";""Sim"";328636;""Camioneta"";""JEEP/RENEGADE SPORT AT"";2018;""Condutor"";""Ileso"";64;""Feminino"";1;0;0;0;-25",416758;-49,"223446;""SR-PR"";""DEL7/1"";""UOP06/PR"""
"184810;409443;2019-01-12;""sábado"";""17:35:00"";""PR"";476;126","2;""CURITIBA"";""Sim"";""Falta de Atenção à Condução"";2;""Tombamento"";""Com Vítimas Feridas"";""Pleno dia"";""Decrescente"";""Céu Claro"";""Múltipla"";""Reta"";""Sim"";329778;""Motoneta"";""HONDA/BIZ 125 ES"";2015;""Condutor"";""Lesões Leves"";39;""Feminino"";0;1;0;0;-25",416758;-49,"223446;""SR-PR"";""DEL7/1"";""UOP06/PR"""
"184810;409443;2019-01-12;""sábado"";""17:35:00"";""PR"";476;126","2;""CURITIBA"";""Sim"";""Falta de Atenção à Condução"";1;""Colisão lateral"";""Com Vítimas Feridas"";""Pleno dia"";""Decrescente"";""Céu Claro"";""Múltipla"";""Reta"";""Sim"";329778;""Motoneta"";""HONDA/BIZ 125 ES"";2015;""Condutor"";""Lesões Leves"";39;""Feminino"";0;1;0;0;-25",416758;-49,"223446;""SR-PR"";""DEL7/1"";""UOP06/PR"""
"184811;409089;2019-01-12;""sábado"";""19:15:00"";""PR"";369;153","4;""LONDRINA"";""Sim"";""Defeito na Via"";1;""Colisão com objeto estático"";""Com Vítimas Feridas"";""Anoitecer"";""Decrescente"";""Nublado"";""Dupla"";""Não Informado"";""Sim"";328640;""Automóvel"";""HONDA/CIVIC LXS FLEX"";2008;""Condutor"";""Lesões Leves"";23;""Masculino"";0;1;0;0;-23",29811008;-51,"19411916;""SR-PR"";""DEL7/7"";""UOP01/PR"""
"184812;407708;2019-01-12;""sábado"";""19:05:00"";""PR"";376;650","8;""TIJUCAS DO SUL"";""Sim"";""Velocidade Incompatível"";2;""Capotamento"";""Sem Vítimas"";""Pleno dia"";""Crescente"";""Nublado"";""Dupla"";""Curva"";""Não"";328593;""Automóvel"";""VW/FOX 1.6 GII"";2012;""Condutor"";""Ileso"";40;""Masculino"";1;0;0;0;-25",84640163;-49,"08313751;""SR-PR"";""DEL7/1"";""UOP08/PR"""
"184812;407708;2019-01-12;""sábado"";""19:05:00"";""PR"";376;650","8;""TIJUCAS DO SUL"";""Sim"";""Velocidade Incompatível"";1;""Saída de leito carroçável"";""Sem Vítimas"";""Pleno dia"";""Crescente"";""Nublado"";""Dupla"";""Curva"";""Não"";328593;""Automóvel"";""VW/FOX 1.6 GII"";2012;""Condutor"";""Ileso"";40;""Masculino"";1;0;0;0;-25",84640163;-49,"08313751;""SR-PR"";""DEL7/1"";""UOP08/PR"""
"184813;407610;2019-01-12;""sábado"";""19:00:00"";""ES"";101;436;""MIMOSO DO SUL"";""Sim"";""Velocidade Incompatível"";2;""Capotamento"";""Com Vítimas Feridas"";""Anoitecer"";""Crescente"";""Céu Claro"";""Simples"";""Reta"";""Não"";328611;""Automóvel"";""VW/PARATI 1.6"";2010;""Condutor"";""Lesões Leves"";27;""Masculino"";0;1;0;0;-21",05834796;-41,"20083424;""SR-ES"";""DEL12/3"";""UOP02/ES""",