"id;""pesid"";""data_inversa"";""dia_semana"";""horario"";""uf"";""br"";""km"";""municipio"";""causa_principal"";""causa_acidente"";""ordem_tipo_acidente"";""tipo_acidente"";""classificacao_acidente"";""fase_dia"";""sentido_via"";""condicao_metereologica"";""tipo_pista"";""tracado_via"";""uso_solo"";""id_veiculo"";""tipo_veiculo"";""marca"";""ano_fabricacao_veiculo"";""tipo_envolvido"";""estado_fisico"";""idade"";""sexo"";""ilesos"";""feridos_leves"";""feridos_graves"";""mortos"";""latitude"";""longitude"";""regional"";""delegacia"";""uop""",,,
"184813;407610;2019-01-12;""sábado"";""19:00:00"";""ES"";101;436;""MIMOSO DO SUL"";""Sim"";""Velocidade Incompatível"";1;""Saída de leito carroçável"";""Com Vítimas Feridas"";""Anoitecer"";""Crescente"";""Céu Claro"";""Simples"";""Reta"";""Não"";328611;""Automóvel"";""VW/PARATI 1.6"";2010;""Condutor"";""Lesões Leves"";27;""Masculino"";0;1;0;0;-21",05834796;-41,"20083424;""SR-ES"";""DEL12/3"";""UOP02/ES""",
"184814;407706;2019-01-12;""sábado"";""19:10:00"";""PR"";376;650","8;""TIJUCAS DO SUL"";""Sim"";""Velocidade Incompatível"";3;""Atropelamento de Pedestre"";""Com Vítimas Feridas"";""Pleno dia"";""Crescente"";""Nublado"";""Dupla"";""Curva"";""Não"";328596;""Automóvel"";""CITROEN/C3 90M TENDANCE"";2014;""Passageiro"";""Lesões Leves"";10;""Feminino"";0;1;0;0;-25",84501122;-49,"07343864;""SR-PR"";""DEL7/1"";""UOP08/PR"""
"184814;407706;2019-01-12;""sábado"";""19:10:00"";""PR"";376;650","8;""TIJUCAS DO SUL"";""Sim"";""Velocidade Incompatível"";2;""Colisão com objeto estático"";""Com Vítimas Feridas"";""Pleno dia"";""Crescente"";""Nublado"";""Dupla"";""Curva"";""Não"";328596;""Automóvel"";""CITROEN/C3 90M TENDANCE"";2014;""Passageiro"";""Lesões Leves"";10;""Feminino"";0;1;0;0;-25",84501122;-49,"07343864;""SR-PR"";""DEL7/1"";""UOP08/PR"""
"184814;407706;2019-01-12;""sábado"";""19:10:00"";""PR"";376;650","8;""TIJUCAS DO SUL"";""Sim"";""Velocidade Incompatível"";1;""Saída de leito carroçável"";""Com Vítimas Feridas"";""Pleno dia"";""Crescente"";""Nublado"";""Dupla"";""Curva"";""Não"";328596;""Automóvel"";""CITROEN/C3 90M TENDANCE"";2014;""Passageiro"";""Lesões Leves"";10;""Feminino"";0;1;0;0;-25",84501122;-49,"07343864;""SR-PR"";""DEL7/1"";""UOP08/PR"""
"184814;407704;2019-01-12;""sábado"";""19:10:00"";""PR"";376;650","8;""TIJUCAS DO SUL"";""Sim"";""Velocidade Incompatível"";3;""Atropelamento de Pedestre"";""Com Vítimas Feridas"";""Pleno dia"";""Crescente"";""Nublado"";""Dupla"";""Curva"";""Não"";328597;""Automóvel"";""VW/FOX 1.6 GII"";2012;""Condutor"";""Lesões Leves"";40;""Masculino"";0;1;0;0;-25",84501122;-49,"07343864;""SR-PR"";""DEL7/1"";""UOP08/PR"""
"184814;407704;2019-01-12;""sábado"";""19:10:00"";""PR"";376;650","8;""TIJUCAS DO SUL"";""Sim"";""Velocidade Incompatível"";2;""Colisão com objeto estático"";""Com Vítimas Feridas"";""Pleno dia"";""Crescente"";""Nublado"";""Dupla"";""Curva"";""Não"";328597;""Automóvel"";""VW/FOX 1.6 GII"";2012;""Condutor"";""Lesões Leves"";40;""Masculino"";0;1;0;0;-25",84501122;-49,"07343864;""SR-PR"";""DEL7/1"";""UOP08/PR"""
"184814;407704;2019-01-12;""sábado"";""19:10:00"";""PR"";376;650","8;""TIJUCAS DO SUL"";""Sim"";""Velocidade Incompatível"";1;""Saída de leito carroçável"";""Com Vítimas Feridas"";""Pleno dia"";""Crescente"";""Nublado"";""Dupla"";""Curva"";""Não"";328597;""Automóvel"";""VW/FOX 1.6 GII"";2012;""Condutor"";""Lesões Leves"";40;""Masculino"";0;1;0;0;-25",84501122;-49,"07343864;""SR-PR"";""DEL7/1"";""UOP08/PR"""
"184814;409227;2019-01-12;""sábado"";""19:10:00"";""PR"";376;650","8;""TIJUCAS DO SUL"";""Sim"";""Velocidade Incompatível"";3;""Atropelamento de Pedestre"";""Com Vítimas Feridas"";""Pleno dia"";""Crescente"";""Nublado"";""Dupla"";""Curva"";""Não"";328596;""Automóvel"";""CITROEN/C3 90M TENDANCE"";2014;""Pedestre"";""Lesões Graves"";43;""Feminino"";0;0;1;0;-25",84501122;-49,"07343864;""SR-PR"";""DEL7/1"";""UOP08/PR"""
"184814;409227;2019-01-12;""sábado"";""19:10:00"";""PR"";376;650","8;""TIJUCAS DO SUL"";""Sim"";""Velocidade Incompatível"";2;""Colisão com objeto estático"";""Com Vítimas Feridas"";""Pleno dia"";""Crescente"";""Nublado"";""Dupla"";""Curva"";""Não"";328596;""Automóvel"";""CITROEN/C3 90M TENDANCE"";2014;""Pedestre"";""Lesões Graves"";43;""Feminino"";0;0;1;0;-25",84501122;-49,"07343864;""SR-PR"";""DEL7/1"";""UOP08/PR"""
"184814;409227;2019-01-12;""sábado"";""19:10:00"";""PR"";376;650","8;""TIJUCAS DO SUL"";""Sim"";""Velocidade Incompatível"";1;""Saída de leito carroçável"";""Com Vítimas Feridas"";""Pleno dia"";""Crescente"";""Nublado"";""Dupla"";""Curva"";""Não"";328596;""Automóvel"";""CITROEN/C3 90M TENDANCE"";2014;""Pedestre"";""Lesões Graves"";43;""Feminino"";0;0;1;0;-25",84501122;-49,"07343864;""SR-PR"";""DEL7/1"";""UOP08/PR"""
"184814;409227;2019-01-12;""sábado"";""19:10:00"";""PR"";376;650","8;""TIJUCAS DO SUL"";""Sim"";""Velocidade Incompatível"";3;""Atropelamento de Pedestre"";""Com Vítimas Feridas"";""Pleno dia"";""Crescente"";""Nublado"";""Dupla"";""Curva"";""Não"";328597;""Automóvel"";""VW/FOX 1.6 GII"";2012;""Pedestre"";""Lesões Graves"";43;""Feminino"";0;0;1;0;-25",84501122;-49,"07343864;""SR-PR"";""DEL7/1"";""UOP08/PR"""
"184814;409227;2019-01-12;""sábado"";""19:10:00"";""PR"";376;650","8;""TIJUCAS DO SUL"";""Sim"";""Velocidade Incompatível"";2;""Colisão com objeto estático"";""Com Vítimas Feridas"";""Pleno dia"";""Crescente"";""Nublado"";""Dupla"";""Curva"";""Não"";328597;""Automóvel"";""VW/FOX 1.6 GII"";2012;""Pedestre"";""Lesões Graves"";43;""Feminino"";0;0;1;0;-25",84501122;-49,"07343864;""SR-PR"";""DEL7/1"";""UOP08/PR"""
"184814;409227;2019-01-12;""sábado"";""19:10:00"";""PR"";376;650","8;""TIJUCAS DO SUL"";""Sim"";""Velocidade Incompatível"";1;""Saída de leito carroçável"";""Com Vítimas Feridas"";""Pleno dia"";""Crescente"";""Nublado"";""Dupla"";""Curva"";""Não"";328597;""Automóvel"";""VW/FOX 1.6 GII"";2012;""Pedestre"";""Lesões Graves"";43;""Feminino"";0;0;1;0;-25",84501122;-49,"07343864;""SR-PR"";""DEL7/1"";""UOP08/PR"""
"184814;407705;2019-01-12;""sábado"";""19:10:00"";""PR"";376;650","8;""TIJUCAS DO SUL"";""Sim"";""Velocidade Incompatível"";3;""Atropelamento de Pedestre"";""Com Vítimas Feridas"";""Pleno dia"";""Crescente"";""Nublado"";""Dupla"";""Curva"";""Não"";328597;""Automóvel"";""VW/FOX 1.6 GII"";2012;""Passageiro"";""Lesões Graves"";14;""Masculino"";0;0;1;0;-25",84501122;-49,"07343864;""SR-PR"";""DEL7/1"";""UOP08/PR"""
"184814;407705;2019-01-12;""sábado"";""19:10:00"";""PR"";376;650","8;""TIJUCAS DO SUL"";""Sim"";""Velocidade Incompatível"";2;""Colisão com objeto estático"";""Com Vítimas Feridas"";""Pleno dia"";""Crescente"";""Nublado"";""Dupla"";""Curva"";""Não"";328597;""Automóvel"";""VW/FOX 1.6 GII"";2012;""Passageiro"";""Lesões Graves"";14;""Masculino"";0;0;1;0;-25",84501122;-49,"07343864;""SR-PR"";""DEL7/1"";""UOP08/PR"""
"184814;407705;2019-01-12;""sábado"";""19:10:00"";""PR"";376;650","8;""TIJUCAS DO SUL"";""Sim"";""Velocidade Incompatível"";1;""Saída de leito carroçável"";""Com Vítimas Feridas"";""Pleno dia"";""Crescente"";""Nublado"";""Dupla"";""Curva"";""Não"";328597;""Automóvel"";""VW/FOX 1.6 GII"";2012;""Passageiro"";""Lesões Graves"";14;""Masculino"";0;0;1;0;-25",84501122;-49,"07343864;""SR-PR"";""DEL7/1"";""UOP08/PR"""
"184814;407707;2019-01-12;""sábado"";""19:10:00"";""PR"";376;650","8;""TIJUCAS DO SUL"";""Sim"";""Velocidade Incompatível"";3;""Atropelamento de Pedestre"";""Com Vítimas Feridas"";""Pleno dia"";""Crescente"";""Nublado"";""Dupla"";""Curva"";""Não"";328596;""Automóvel"";""CITROEN/C3 90M TENDANCE"";2014;""Condutor"";""Ileso"";42;""Masculino"";1;0;0;0;-25",84501122;-49,"07343864;""SR-PR"";""DEL7/1"";""UOP08/PR"""
"184814;407707;2019-01-12;""sábado"";""19:10:00"";""PR"";376;650","8;""TIJUCAS DO SUL"";""Sim"";""Velocidade Incompatível"";2;""Colisão com objeto estático"";""Com Vítimas Feridas"";""Pleno dia"";""Crescente"";""Nublado"";""Dupla"";""Curva"";""Não"";328596;""Automóvel"";""CITROEN/C3 90M TENDANCE"";2014;""Condutor"";""Ileso"";42;""Masculino"";1;0;0;0;-25",84501122;-49,"07343864;""SR-PR"";""DEL7/1"";""UOP08/PR"""
"184814;407707;2019-01-12;""sábado"";""19:10:00"";""PR"";376;650","8;""TIJUCAS DO SUL"";""Sim"";""Velocidade Incompatível"";1;""Saída de leito carroçável"";""Com Vítimas Feridas"";""Pleno dia"";""Crescente"";""Nublado"";""Dupla"";""Curva"";""Não"";328596;""Automóvel"";""CITROEN/C3 90M TENDANCE"";2014;""Condutor"";""Ileso"";42;""Masculino"";1;0;0;0;-25",84501122;-49,"07343864;""SR-PR"";""DEL7/1"";""UOP08/PR"""
"184815;411443;2019-01-12;""sábado"";""17:50:00"";""SC"";280;24","8;""ARAQUARI"";""Sim"";""Falta de Atenção à Condução"";1;""Queda de ocupante de veículo"";""Com Vítimas Feridas"";""Pleno dia"";""Decrescente"";""Céu Claro"";""Simples"";""Reta"";""Não"";328584;""Motocicleta"";""HONDA/CG 125 CARGO KS"";2010;""Condutor"";""Lesões Leves"";NA;""Masculino"";0;1;0;0;-26",38243166;-48,"72553468;""SR-SC"";""DEL8/3"";""UOP03/SC"""
"184815;411442;2019-01-12;""sábado"";""17:50:00"";""SC"";280;24","8;""ARAQUARI"";""Sim"";""Falta de Atenção à Condução"";1;""Queda de ocupante de veículo"";""Com Vítimas Feridas"";""Pleno dia"";""Decrescente"";""Céu Claro"";""Simples"";""Reta"";""Não"";328585;""Motocicleta"";""HONDA/CB600F HORNET"";2009;""Condutor"";""Ileso"";22;""Masculino"";1;0;0;0;-26",38243166;-48,"72553468;""SR-SC"";""DEL8/3"";""UOP03/SC"""
"184816;407688;2019-01-12;""sábado"";""17:15:00"";""RS"";386;218","7;""TIO HUGO"";""Sim"";""Velocidade Incompatível"";1;""Colisão traseira"";""Com Vítimas Feridas"";""Pleno dia"";""Decrescente"";""Nublado"";""Simples"";""Reta"";""Não"";328691;""Automóvel"";""GM/CORSA WIND"";1997;""Passageiro"";""Lesões Leves"";54;""Feminino"";0;1;0;0;-28",601351;-52,"606323;""SR-RS"";""DEL9/4"";""UOP04/RS"""
"184816;407690;2019-01-12;""sábado"";""17:15:00"";""RS"";386;218","7;""TIO HUGO"";""Sim"";""Velocidade Incompatível"";1;""Colisão traseira"";""Com Vítimas Feridas"";""Pleno dia"";""Decrescente"";""Nublado"";""Simples"";""Reta"";""Não"";328691;""Automóvel"";""GM/CORSA WIND"";1997;""Passageiro"";""Lesões Graves"";59;""Feminino"";0;0;1;0;-28",601351;-52,"606323;""SR-RS"";""DEL9/4"";""UOP04/RS"""
"184816;407689;2019-01-12;""sábado"";""17:15:00"";""RS"";386;218","7;""TIO HUGO"";""Sim"";""Velocidade Incompatível"";1;""Colisão traseira"";""Com Vítimas Feridas"";""Pleno dia"";""Decrescente"";""Nublado"";""Simples"";""Reta"";""Não"";328691;""Automóvel"";""GM/CORSA WIND"";1997;""Passageiro"";""Lesões Graves"";36;""Feminino"";0;0;1;0;-28",601351;-52,"606323;""SR-RS"";""DEL9/4"";""UOP04/RS"""
"184816;407686;2019-01-12;""sábado"";""17:15:00"";""RS"";386;218","7;""TIO HUGO"";""Sim"";""Velocidade Incompatível"";1;""Colisão traseira"";""Com Vítimas Feridas"";""Pleno dia"";""Decrescente"";""Nublado"";""Simples"";""Reta"";""Não"";328690;""Automóvel"";""VW/GOLF GENERATION"";2004;""Condutor"";""Ileso"";32;""Masculino"";1;0;0;0;-28",601351;-52,"606323;""SR-RS"";""DEL9/4"";""UOP04/RS"""
"184816;407687;2019-01-12;""sábado"";""17:15:00"";""RS"";386;218","7;""TIO HUGO"";""Sim"";""Velocidade Incompatível"";1;""Colisão traseira"";""Com Vítimas Feridas"";""Pleno dia"";""Decrescente"";""Nublado"";""Simples"";""Reta"";""Não"";328691;""Automóvel"";""GM/CORSA WIND"";1997;""Condutor"";""Lesões Leves"";28;""Masculino"";0;1;0;0;-28",601351;-52,"606323;""SR-RS"";""DEL9/4"";""UOP04/RS"""
"184817;407655;2019-01-12;""sábado"";""19:00:00"";""PE"";101;124;""ESCADA"";""Sim"";""Falta de Atenção do Pedestre"";1;""Atropelamento de Pedestre"";""Com Vítimas Fatais"";""Plena Noite"";""Decrescente"";""Céu Claro"";""Dupla"";""Reta"";""Não"";328652;""Motocicleta"";""HONDA/CG 150 TITAN ESD"";2007;""Condutor"";""Óbito"";50;""Masculino"";0;0;0;1;-8",364;-35,"2189;""SR-PE"";""DEL11/1"";""UOP03/PE""",
"184817;407655;2019-01-12;""sábado"";""19:00:00"";""PE"";101;124;""ESCADA"";""Não"";""Restrição de Visibilidade"";1;""Atropelamento de Pedestre"";""Com Vítimas Fatais"";""Plena Noite"";""Decrescente"";""Céu Claro"";""Dupla"";""Reta"";""Não"";328652;""Motocicleta"";""HONDA/CG 150 TITAN ESD"";2007;""Condutor"";""Óbito"";50;""Masculino"";0;0;0;1;-8",364;-35,"2189;""SR-PE"";""DEL11/1"";""UOP03/PE""",
"184817;411146;2019-01-12;""sábado"";""19:00:00"";""PE"";101;124;""ESCADA"";""Sim"";""Falta de Atenção do Pedestre"";1;""Atropelamento de Pedestre"";""Com Vítimas Fatais"";""Plena Noite"";""Decrescente"";""Céu Claro"";""Dupla"";""Reta"";""Não"";328652;""Motocicleta"";""HONDA/CG 150 TITAN ESD"";2007;""Pedestre"";""Óbito"";NA;""Masculino"";0;0;0;1;-8",364;-35,"2189;""SR-PE"";""DEL11/1"";""UOP03/PE""",
"184817;411146;2019-01-12;""sábado"";""19:00:00"";""PE"";101;124;""ESCADA"";""Não"";""Restrição de Visibilidade"";1;""Atropelamento de Pedestre"";""Com Vítimas Fatais"";""Plena Noite"";""Decrescente"";""Céu Claro"";""Dupla"";""Reta"";""Não"";328652;""Motocicleta"";""HONDA/CG 150 TITAN ESD"";2007;""Pedestre"";""Óbito"";NA;""Masculino"";0;0;0;1;-8",364;-35,"2189;""SR-PE"";""DEL11/1"";""UOP03/PE""",
"184818;407651;2019-01-12;""sábado"";""19:50:00"";""RS"";116;115;""SAO MARCOS"";""Sim"";""Desobediência às normas de trânsito pelo condutor"";2;""Colisão com objeto estático"";""Com Vítimas Feridas"";""Anoitecer"";""Decrescente"";""Chuva"";""Simples"";""Rotatória"";""Sim"";328633;""Automóvel"";""VW/GOL CL"";1994;""Condutor"";""Lesões Leves"";20;""Masculino"";0;1;0;0;-28",97008653;-51,"07149493;""SR-RS"";""DEL9/5"";""UOP01/RS""",
"184818;407651;2019-01-12;""sábado"";""19:50:00"";""RS"";116;115;""SAO MARCOS"";""Sim"";""Desobediência às normas de trânsito pelo condutor"";1;""Colisão transversal"";""Com Vítimas Feridas"";""Anoitecer"";""Decrescente"";""Chuva"";""Simples"";""Rotatória"";""Sim"";328633;""Automóvel"";""VW/GOL CL"";1994;""Condutor"";""Lesões Leves"";20;""Masculino"";0;1;0;0;-28",97008653;-51,"07149493;""SR-RS"";""DEL9/5"";""UOP01/RS""",
"184818;407653;2019-01-12;""sábado"";""19:50:00"";""RS"";116;115;""SAO MARCOS"";""Sim"";""Desobediência às normas de trânsito pelo condutor"";2;""Colisão com objeto estático"";""Com Vítimas Feridas"";""Anoitecer"";""Decrescente"";""Chuva"";""Simples"";""Rotatória"";""Sim"";328634;""Utilitário"";""I/TOYOTA HILUXSW4 SRV4X4"";2012;""Condutor"";""Ileso"";39;""Masculino"";1;0;0;0;-28",97008653;-51,"07149493;""SR-RS"";""DEL9/5"";""UOP01/RS""",
"184818;407653;2019-01-12;""sábado"";""19:50:00"";""RS"";116;115;""SAO MARCOS"";""Sim"";""Desobediência às normas de trânsito pelo condutor"";1;""Colisão transversal"";""Com Vítimas Feridas"";""Anoitecer"";""Decrescente"";""Chuva"";""Simples"";""Rotatória"";""Sim"";328634;""Utilitário"";""I/TOYOTA HILUXSW4 SRV4X4"";2012;""Condutor"";""Ileso"";39;""Masculino"";1;0;0;0;-28",97008653;-51,"07149493;""SR-RS"";""DEL9/5"";""UOP01/RS""",
"184819;407615;2019-01-12;""sábado"";""18:55:00"";""BA"";324;609;""SIMOES FILHO"";""Sim"";""Defeito Mecânico no Veículo"";1;""Queda de ocupante de veículo"";""Com Vítimas Feridas"";""Plena Noite"";""Crescente"";""Céu Claro"";""Dupla"";""Reta"";""Não"";328620;""Motocicleta"";""YAMAHA/XTZ150 CROSSER E"";2017;""Passageiro"";""Lesões Leves"";34;""Masculino"";0;1;0;0;-12",829235;-38,"409416;""SR-BA"";""DEL10/1"";""UOP01/BA""",
"184819;407611;2019-01-12;""sábado"";""18:55:00"";""BA"";324;609;""SIMOES FILHO"";""Sim"";""Defeito Mecânico no Veículo"";1;""Queda de ocupante de veículo"";""Com Vítimas Feridas"";""Plena Noite"";""Crescente"";""Céu Claro"";""Dupla"";""Reta"";""Não"";328620;""Motocicleta"";""YAMAHA/XTZ150 CROSSER E"";2017;""Condutor"";""Lesões Leves"";32;""Masculino"";0;1;0;0;-12",829235;-38,"409416;""SR-BA"";""DEL10/1"";""UOP01/BA""",
"184820;409234;2019-01-12;""sábado"";""20:00:00"";""RJ"";101;183","6;""RIO DAS OSTRAS"";""Sim"";""Ultrapassagem Indevida"";2;""Colisão frontal"";""Com Vítimas Feridas"";""Plena Noite"";""Crescente"";""Ignorado"";""Simples"";""Curva"";""Não"";328676;""Automóvel"";""TOYOTA/ETIOS SD XPLUS MT"";2018;""Passageiro"";""Lesões Leves"";34;""Feminino"";0;1;0;0;-22",426775;-42,"016788;""SR-RJ"";""DEL5/2"";""UOP03/RJ"""
"184820;409234;2019-01-12;""sábado"";""20:00:00"";""RJ"";101;183","6;""RIO DAS OSTRAS"";""Sim"";""Ultrapassagem Indevida"";1;""Colisão lateral"";""Com Vítimas Feridas"";""Plena Noite"";""Crescente"";""Ignorado"";""Simples"";""Curva"";""Não"";328676;""Automóvel"";""TOYOTA/ETIOS SD XPLUS MT"";2018;""Passageiro"";""Lesões Leves"";34;""Feminino"";0;1;0;0;-22",426775;-42,"016788;""SR-RJ"";""DEL5/2"";""UOP03/RJ"""
"184820;409222;2019-01-12;""sábado"";""20:00:00"";""RJ"";101;183","6;""RIO DAS OSTRAS"";""Sim"";""Ultrapassagem Indevida"";2;""Colisão frontal"";""Com Vítimas Feridas"";""Plena Noite"";""Crescente"";""Ignorado"";""Simples"";""Curva"";""Não"";328675;""Automóvel"";""TOYOTA/COROLLA GLI18 CVT"";2015;""Condutor"";""Ileso"";42;""Masculino"";1;0;0;0;-22",426775;-42,"016788;""SR-RJ"";""DEL5/2"";""UOP03/RJ"""
"184820;409222;2019-01-12;""sábado"";""20:00:00"";""RJ"";101;183","6;""RIO DAS OSTRAS"";""Sim"";""Ultrapassagem Indevida"";1;""Colisão lateral"";""Com Vítimas Feridas"";""Plena Noite"";""Crescente"";""Ignorado"";""Simples"";""Curva"";""Não"";328675;""Automóvel"";""TOYOTA/COROLLA GLI18 CVT"";2015;""Condutor"";""Ileso"";42;""Masculino"";1;0;0;0;-22",426775;-42,"016788;""SR-RJ"";""DEL5/2"";""UOP03/RJ"""
"184820;409225;2019-01-12;""sábado"";""20:00:00"";""RJ"";101;183","6;""RIO DAS OSTRAS"";""Sim"";""Ultrapassagem Indevida"";2;""Colisão frontal"";""Com Vítimas Feridas"";""Plena Noite"";""Crescente"";""Ignorado"";""Simples"";""Curva"";""Não"";328676;""Automóvel"";""TOYOTA/ETIOS SD XPLUS MT"";2018;""Condutor"";""Ileso"";37;""Masculino"";1;0;0;0;-22",426775;-42,"016788;""SR-RJ"";""DEL5/2"";""UOP03/RJ"""
"184820;409225;2019-01-12;""sábado"";""20:00:00"";""RJ"";101;183","6;""RIO DAS OSTRAS"";""Sim"";""Ultrapassagem Indevida"";1;""Colisão lateral"";""Com Vítimas Feridas"";""Plena Noite"";""Crescente"";""Ignorado"";""Simples"";""Curva"";""Não"";328676;""Automóvel"";""TOYOTA/ETIOS SD XPLUS MT"";2018;""Condutor"";""Ileso"";37;""Masculino"";1;0;0;0;-22",426775;-42,"016788;""SR-RJ"";""DEL5/2"";""UOP03/RJ"""
"184820;409228;2019-01-12;""sábado"";""20:00:00"";""RJ"";101;183","6;""RIO DAS OSTRAS"";""Sim"";""Ultrapassagem Indevida"";2;""Colisão frontal"";""Com Vítimas Feridas"";""Plena Noite"";""Crescente"";""Ignorado"";""Simples"";""Curva"";""Não"";329746;""Caminhonete"";""VW/SAVEIRO 1.6 CS"";2011;""Condutor"";""Ileso"";62;""Masculino"";1;0;0;0;-22",426775;-42,"016788;""SR-RJ"";""DEL5/2"";""UOP03/RJ"""
"184820;409228;2019-01-12;""sábado"";""20:00:00"";""RJ"";101;183","6;""RIO DAS OSTRAS"";""Sim"";""Ultrapassagem Indevida"";1;""Colisão lateral"";""Com Vítimas Feridas"";""Plena Noite"";""Crescente"";""Ignorado"";""Simples"";""Curva"";""Não"";329746;""Caminhonete"";""VW/SAVEIRO 1.6 CS"";2011;""Condutor"";""Ileso"";62;""Masculino"";1;0;0;0;-22",426775;-42,"016788;""SR-RJ"";""DEL5/2"";""UOP03/RJ"""
"184821;407751;2019-01-12;""sábado"";""16:00:00"";""RJ"";465;19;""NOVA IGUACU"";""Sim"";""Falta de Atenção à Condução"";1;""Colisão transversal"";""Com Vítimas Feridas"";""Pleno dia"";""Decrescente"";""Céu Claro"";""Simples"";""Interseção de vias"";""Não"";328592;""Automóvel"";""CHEVROLET/CLASSIC LS"";2010;""Condutor"";""Lesões Leves"";76;""Masculino"";0;1;0;0;-22",839184;-43,"610451;""SR-RJ"";""DEL5/1"";""UOP03/RJ""",
"184821;407752;2019-01-12;""sábado"";""16:00:00"";""RJ"";465;19;""NOVA IGUACU"";""Sim"";""Falta de Atenção à Condução"";1;""Colisão transversal"";""Com Vítimas Feridas"";""Pleno dia"";""Decrescente"";""Céu Claro"";""Simples"";""Interseção de vias"";""Não"";328592;""Automóvel"";""CHEVROLET/CLASSIC LS"";2010;""Passageiro"";""Lesões Leves"";56;""Masculino"";0;1;0;0;-22",839184;-43,"610451;""SR-RJ"";""DEL5/1"";""UOP03/RJ""",
"184821;407750;2019-01-12;""sábado"";""16:00:00"";""RJ"";465;19;""NOVA IGUACU"";""Sim"";""Falta de Atenção à Condução"";1;""Colisão transversal"";""Com Vítimas Feridas"";""Pleno dia"";""Decrescente"";""Céu Claro"";""Simples"";""Interseção de vias"";""Não"";328591;""Ônibus"";""M.BENZ/INDUSCAR APACHE U"";2014;""Condutor"";""Ileso"";28;""Masculino"";1;0;0;0;-22",839184;-43,"610451;""SR-RJ"";""DEL5/1"";""UOP03/RJ""",
"184822;407606;2019-01-12;""sábado"";""19:20:00"";""PB"";230;36;""SANTA RITA"";""Sim"";""Defeito na Via"";1;""Queda de ocupante de veículo"";""Com Vítimas Feridas"";""Plena Noite"";""Decrescente"";""Céu Claro"";""Dupla"";""Desvio Temporário"";""Sim"";328616;""Motocicleta"";""HONDA/CG 160 FAN"";2017;""Passageiro"";""Lesões Leves"";20;""Masculino"";0;1;0;0;-7",1246;-34,"9473;""SR-PB"";""DEL14/1"";""UOP00/PB""",
"184822;407606;2019-01-12;""sábado"";""19:20:00"";""PB"";230;36;""SANTA RITA"";""Não"";""Sinalização da via insuficiente ou inadequada"";1;""Queda de ocupante de veículo"";""Com Vítimas Feridas"";""Plena Noite"";""Decrescente"";""Céu Claro"";""Dupla"";""Desvio Temporário"";""Sim"";328616;""Motocicleta"";""HONDA/CG 160 FAN"";2017;""Passageiro"";""Lesões Leves"";20;""Masculino"";0;1;0;0;-7",1246;-34,"9473;""SR-PB"";""DEL14/1"";""UOP00/PB""",
"184822;407605;2019-01-12;""sábado"";""19:20:00"";""PB"";230;36;""SANTA RITA"";""Sim"";""Defeito na Via"";1;""Queda de ocupante de veículo"";""Com Vítimas Feridas"";""Plena Noite"";""Decrescente"";""Céu Claro"";""Dupla"";""Desvio Temporário"";""Sim"";328616;""Motocicleta"";""HONDA/CG 160 FAN"";2017;""Condutor"";""Lesões Leves"";23;""Masculino"";0;1;0;0;-7",1246;-34,"9473;""SR-PB"";""DEL14/1"";""UOP00/PB""",
"184822;407605;2019-01-12;""sábado"";""19:20:00"";""PB"";230;36;""SANTA RITA"";""Não"";""Sinalização da via insuficiente ou inadequada"";1;""Queda de ocupante de veículo"";""Com Vítimas Feridas"";""Plena Noite"";""Decrescente"";""Céu Claro"";""Dupla"";""Desvio Temporário"";""Sim"";328616;""Motocicleta"";""HONDA/CG 160 FAN"";2017;""Condutor"";""Lesões Leves"";23;""Masculino"";0;1;0;0;-7",1246;-34,"9473;""SR-PB"";""DEL14/1"";""UOP00/PB""",
"184823;409145;2019-01-12;""sábado"";""20:00:00"";""GO"";60;61","8;""ABADIANIA"";""Sim"";""Falta de Atenção à Condução"";2;""Queda de ocupante de veículo"";""Com Vítimas Feridas"";""Plena Noite"";""Decrescente"";""Nublado"";""Dupla"";""Reta"";""Sim"";328624;""Motocicleta"";""HONDA/NXR150 BROS ESD"";2007;""Condutor"";""Lesões Leves"";38;""Masculino"";0;1;0;0;-16",1903;-48,"7114;""SR-GO"";""DEL1/2"";""UOP01/GO"""
"184823;409145;2019-01-12;""sábado"";""20:00:00"";""GO"";60;61","8;""ABADIANIA"";""Sim"";""Falta de Atenção à Condução"";1;""Colisão traseira"";""Com Vítimas Feridas"";""Plena Noite"";""Decrescente"";""Nublado"";""Dupla"";""Reta"";""Sim"";328624;""Motocicleta"";""HONDA/NXR150 BROS ESD"";2007;""Condutor"";""Lesões Leves"";38;""Masculino"";0;1;0;0;-16",1903;-48,"7114;""SR-GO"";""DEL1/2"";""UOP01/GO"""
"184824;NA;2019-01-12;""sábado"";""18:15:00"";""MS"";163;491","6;""CAMPO GRANDE"";""Sim"";""Animais na Pista"";2;""Capotamento"";""Com Vítimas Feridas"";""Pleno dia"";""Decrescente"";""Nublado"";""Múltipla"";""Reta"";""Sim"";328659;""Semireboque"";""SR/RANDON SR CA"";2012;""Não Informado"";""Não Informado"";NA;""Não Informado"";0;0;0;0;-20",38872173;-54,"54986572;""SR-MS"";""DEL3/1"";""UOP02/MS"""
"184824;NA;2019-01-12;""sábado"";""18:15:00"";""MS"";163;491","6;""CAMPO GRANDE"";""Sim"";""Animais na Pista"";1;""Colisão frontal"";""Com Vítimas Feridas"";""Pleno dia"";""Decrescente"";""Nublado"";""Múltipla"";""Reta"";""Sim"";328659;""Semireboque"";""SR/RANDON SR CA"";2012;""Não Informado"";""Não Informado"";NA;""Não Informado"";0;0;0;0;-20",38872173;-54,"54986572;""SR-MS"";""DEL3/1"";""UOP02/MS"""