"id;""pesid"";""data_inversa"";""dia_semana"";""horario"";""uf"";""br"";""km"";""municipio"";""causa_principal"";""causa_acidente"";""ordem_tipo_acidente"";""tipo_acidente"";""classificacao_acidente"";""fase_dia"";""sentido_via"";""condicao_metereologica"";""tipo_pista"";""tracado_via"";""uso_solo"";""id_veiculo"";""tipo_veiculo"";""marca"";""ano_fabricacao_veiculo"";""tipo_envolvido"";""estado_fisico"";""idade"";""sexo"";""ilesos"";""feridos_leves"";""feridos_graves"";""mortos"";""latitude"";""longitude"";""regional"";""delegacia"";""uop""",,,
"184824;NA;2019-01-12;""sábado"";""18:15:00"";""MS"";163;491","6;""CAMPO GRANDE"";""Sim"";""Animais na Pista"";2;""Capotamento"";""Com Vítimas Feridas"";""Pleno dia"";""Decrescente"";""Nublado"";""Múltipla"";""Reta"";""Sim"";328662;""Semireboque"";""SR/RANDON SR CA"";2012;""Não Informado"";""Não Informado"";NA;""Não Informado"";0;0;0;0;-20",38872173;-54,"54986572;""SR-MS"";""DEL3/1"";""UOP02/MS"""
"184824;NA;2019-01-12;""sábado"";""18:15:00"";""MS"";163;491","6;""CAMPO GRANDE"";""Sim"";""Animais na Pista"";1;""Colisão frontal"";""Com Vítimas Feridas"";""Pleno dia"";""Decrescente"";""Nublado"";""Múltipla"";""Reta"";""Sim"";328662;""Semireboque"";""SR/RANDON SR CA"";2012;""Não Informado"";""Não Informado"";NA;""Não Informado"";0;0;0;0;-20",38872173;-54,"54986572;""SR-MS"";""DEL3/1"";""UOP02/MS"""
"184824;407663;2019-01-12;""sábado"";""18:15:00"";""MS"";163;491","6;""CAMPO GRANDE"";""Sim"";""Animais na Pista"";2;""Capotamento"";""Com Vítimas Feridas"";""Pleno dia"";""Decrescente"";""Nublado"";""Múltipla"";""Reta"";""Sim"";328646;""Caminhonete"";""GM/S10 EXECUTIVE D"";2009;""Condutor"";""Lesões Graves"";41;""Masculino"";0;0;1;0;-20",38872173;-54,"54986572;""SR-MS"";""DEL3/1"";""UOP02/MS"""
"184824;407663;2019-01-12;""sábado"";""18:15:00"";""MS"";163;491","6;""CAMPO GRANDE"";""Sim"";""Animais na Pista"";1;""Colisão frontal"";""Com Vítimas Feridas"";""Pleno dia"";""Decrescente"";""Nublado"";""Múltipla"";""Reta"";""Sim"";328646;""Caminhonete"";""GM/S10 EXECUTIVE D"";2009;""Condutor"";""Lesões Graves"";41;""Masculino"";0;0;1;0;-20",38872173;-54,"54986572;""SR-MS"";""DEL3/1"";""UOP02/MS"""
"184824;407664;2019-01-12;""sábado"";""18:15:00"";""MS"";163;491","6;""CAMPO GRANDE"";""Sim"";""Animais na Pista"";2;""Capotamento"";""Com Vítimas Feridas"";""Pleno dia"";""Decrescente"";""Nublado"";""Múltipla"";""Reta"";""Sim"";328647;""Caminhão-trator"";""VOLVO/FH 460 6X4T"";2014;""Condutor"";""Ileso"";36;""Masculino"";1;0;0;0;-20",38872173;-54,"54986572;""SR-MS"";""DEL3/1"";""UOP02/MS"""
"184824;407664;2019-01-12;""sábado"";""18:15:00"";""MS"";163;491","6;""CAMPO GRANDE"";""Sim"";""Animais na Pista"";1;""Colisão frontal"";""Com Vítimas Feridas"";""Pleno dia"";""Decrescente"";""Nublado"";""Múltipla"";""Reta"";""Sim"";328647;""Caminhão-trator"";""VOLVO/FH 460 6X4T"";2014;""Condutor"";""Ileso"";36;""Masculino"";1;0;0;0;-20",38872173;-54,"54986572;""SR-MS"";""DEL3/1"";""UOP02/MS"""
"184825;NA;2019-01-12;""sábado"";""16:25:00"";""PI"";316;169","7;""ELESBAO VELOSO"";""Sim"";""Ingestão de Álcool"";2;""Derramamento de carga"";""Com Vítimas Feridas"";""Pleno dia"";""Crescente"";""Nublado"";""Simples"";""Reta"";""Não"";328722;""Semireboque"";""SR/FACCHINI SRF RT"";2014;""Não Informado"";""Não Informado"";NA;""Não Informado"";0;0;0;0;-6",23744748;-42,"04772472;""SR-PI"";""DEL17/4"";""UOP02/PI"""
"184825;NA;2019-01-12;""sábado"";""16:25:00"";""PI"";316;169","7;""ELESBAO VELOSO"";""Não"";""Condutor Dormindo"";2;""Derramamento de carga"";""Com Vítimas Feridas"";""Pleno dia"";""Crescente"";""Nublado"";""Simples"";""Reta"";""Não"";328722;""Semireboque"";""SR/FACCHINI SRF RT"";2014;""Não Informado"";""Não Informado"";NA;""Não Informado"";0;0;0;0;-6",23744748;-42,"04772472;""SR-PI"";""DEL17/4"";""UOP02/PI"""
"184825;NA;2019-01-12;""sábado"";""16:25:00"";""PI"";316;169","7;""ELESBAO VELOSO"";""Sim"";""Ingestão de Álcool"";1;""Saída de leito carroçável"";""Com Vítimas Feridas"";""Pleno dia"";""Crescente"";""Nublado"";""Simples"";""Reta"";""Não"";328722;""Semireboque"";""SR/FACCHINI SRF RT"";2014;""Não Informado"";""Não Informado"";NA;""Não Informado"";0;0;0;0;-6",23744748;-42,"04772472;""SR-PI"";""DEL17/4"";""UOP02/PI"""
"184825;NA;2019-01-12;""sábado"";""16:25:00"";""PI"";316;169","7;""ELESBAO VELOSO"";""Não"";""Condutor Dormindo"";1;""Saída de leito carroçável"";""Com Vítimas Feridas"";""Pleno dia"";""Crescente"";""Nublado"";""Simples"";""Reta"";""Não"";328722;""Semireboque"";""SR/FACCHINI SRF RT"";2014;""Não Informado"";""Não Informado"";NA;""Não Informado"";0;0;0;0;-6",23744748;-42,"04772472;""SR-PI"";""DEL17/4"";""UOP02/PI"""
"184825;NA;2019-01-12;""sábado"";""16:25:00"";""PI"";316;169","7;""ELESBAO VELOSO"";""Sim"";""Ingestão de Álcool"";2;""Derramamento de carga"";""Com Vítimas Feridas"";""Pleno dia"";""Crescente"";""Nublado"";""Simples"";""Reta"";""Não"";328724;""Semireboque"";""SR/FACCHINI SRF RT"";2014;""Não Informado"";""Não Informado"";NA;""Não Informado"";0;0;0;0;-6",23744748;-42,"04772472;""SR-PI"";""DEL17/4"";""UOP02/PI"""
"184825;NA;2019-01-12;""sábado"";""16:25:00"";""PI"";316;169","7;""ELESBAO VELOSO"";""Não"";""Condutor Dormindo"";2;""Derramamento de carga"";""Com Vítimas Feridas"";""Pleno dia"";""Crescente"";""Nublado"";""Simples"";""Reta"";""Não"";328724;""Semireboque"";""SR/FACCHINI SRF RT"";2014;""Não Informado"";""Não Informado"";NA;""Não Informado"";0;0;0;0;-6",23744748;-42,"04772472;""SR-PI"";""DEL17/4"";""UOP02/PI"""
"184825;NA;2019-01-12;""sábado"";""16:25:00"";""PI"";316;169","7;""ELESBAO VELOSO"";""Sim"";""Ingestão de Álcool"";1;""Saída de leito carroçável"";""Com Vítimas Feridas"";""Pleno dia"";""Crescente"";""Nublado"";""Simples"";""Reta"";""Não"";328724;""Semireboque"";""SR/FACCHINI SRF RT"";2014;""Não Informado"";""Não Informado"";NA;""Não Informado"";0;0;0;0;-6",23744748;-42,"04772472;""SR-PI"";""DEL17/4"";""UOP02/PI"""
"184825;NA;2019-01-12;""sábado"";""16:25:00"";""PI"";316;169","7;""ELESBAO VELOSO"";""Não"";""Condutor Dormindo"";1;""Saída de leito carroçável"";""Com Vítimas Feridas"";""Pleno dia"";""Crescente"";""Nublado"";""Simples"";""Reta"";""Não"";328724;""Semireboque"";""SR/FACCHINI SRF RT"";2014;""Não Informado"";""Não Informado"";NA;""Não Informado"";0;0;0;0;-6",23744748;-42,"04772472;""SR-PI"";""DEL17/4"";""UOP02/PI"""
"184825;409142;2019-01-12;""sábado"";""16:25:00"";""PI"";316;169","7;""ELESBAO VELOSO"";""Sim"";""Ingestão de Álcool"";2;""Derramamento de carga"";""Com Vítimas Feridas"";""Pleno dia"";""Crescente"";""Nublado"";""Simples"";""Reta"";""Não"";328621;""Caminhão-trator"";""MAN/TGX 29.440 6X4 T"";2012;""Passageiro"";""Lesões Leves"";36;""Feminino"";0;1;0;0;-6",23744748;-42,"04772472;""SR-PI"";""DEL17/4"";""UOP02/PI"""
"184825;409142;2019-01-12;""sábado"";""16:25:00"";""PI"";316;169","7;""ELESBAO VELOSO"";""Não"";""Condutor Dormindo"";2;""Derramamento de carga"";""Com Vítimas Feridas"";""Pleno dia"";""Crescente"";""Nublado"";""Simples"";""Reta"";""Não"";328621;""Caminhão-trator"";""MAN/TGX 29.440 6X4 T"";2012;""Passageiro"";""Lesões Leves"";36;""Feminino"";0;1;0;0;-6",23744748;-42,"04772472;""SR-PI"";""DEL17/4"";""UOP02/PI"""
"184825;409142;2019-01-12;""sábado"";""16:25:00"";""PI"";316;169","7;""ELESBAO VELOSO"";""Sim"";""Ingestão de Álcool"";1;""Saída de leito carroçável"";""Com Vítimas Feridas"";""Pleno dia"";""Crescente"";""Nublado"";""Simples"";""Reta"";""Não"";328621;""Caminhão-trator"";""MAN/TGX 29.440 6X4 T"";2012;""Passageiro"";""Lesões Leves"";36;""Feminino"";0;1;0;0;-6",23744748;-42,"04772472;""SR-PI"";""DEL17/4"";""UOP02/PI"""
"184825;409142;2019-01-12;""sábado"";""16:25:00"";""PI"";316;169","7;""ELESBAO VELOSO"";""Não"";""Condutor Dormindo"";1;""Saída de leito carroçável"";""Com Vítimas Feridas"";""Pleno dia"";""Crescente"";""Nublado"";""Simples"";""Reta"";""Não"";328621;""Caminhão-trator"";""MAN/TGX 29.440 6X4 T"";2012;""Passageiro"";""Lesões Leves"";36;""Feminino"";0;1;0;0;-6",23744748;-42,"04772472;""SR-PI"";""DEL17/4"";""UOP02/PI"""
"184825;407735;2019-01-12;""sábado"";""16:25:00"";""PI"";316;169","7;""ELESBAO VELOSO"";""Sim"";""Ingestão de Álcool"";2;""Derramamento de carga"";""Com Vítimas Feridas"";""Pleno dia"";""Crescente"";""Nublado"";""Simples"";""Reta"";""Não"";328621;""Caminhão-trator"";""MAN/TGX 29.440 6X4 T"";2012;""Condutor"";""Ileso"";41;""Masculino"";1;0;0;0;-6",23744748;-42,"04772472;""SR-PI"";""DEL17/4"";""UOP02/PI"""
"184825;407735;2019-01-12;""sábado"";""16:25:00"";""PI"";316;169","7;""ELESBAO VELOSO"";""Não"";""Condutor Dormindo"";2;""Derramamento de carga"";""Com Vítimas Feridas"";""Pleno dia"";""Crescente"";""Nublado"";""Simples"";""Reta"";""Não"";328621;""Caminhão-trator"";""MAN/TGX 29.440 6X4 T"";2012;""Condutor"";""Ileso"";41;""Masculino"";1;0;0;0;-6",23744748;-42,"04772472;""SR-PI"";""DEL17/4"";""UOP02/PI"""
"184825;407735;2019-01-12;""sábado"";""16:25:00"";""PI"";316;169","7;""ELESBAO VELOSO"";""Sim"";""Ingestão de Álcool"";1;""Saída de leito carroçável"";""Com Vítimas Feridas"";""Pleno dia"";""Crescente"";""Nublado"";""Simples"";""Reta"";""Não"";328621;""Caminhão-trator"";""MAN/TGX 29.440 6X4 T"";2012;""Condutor"";""Ileso"";41;""Masculino"";1;0;0;0;-6",23744748;-42,"04772472;""SR-PI"";""DEL17/4"";""UOP02/PI"""
"184825;407735;2019-01-12;""sábado"";""16:25:00"";""PI"";316;169","7;""ELESBAO VELOSO"";""Não"";""Condutor Dormindo"";1;""Saída de leito carroçável"";""Com Vítimas Feridas"";""Pleno dia"";""Crescente"";""Nublado"";""Simples"";""Reta"";""Não"";328621;""Caminhão-trator"";""MAN/TGX 29.440 6X4 T"";2012;""Condutor"";""Ileso"";41;""Masculino"";1;0;0;0;-6",23744748;-42,"04772472;""SR-PI"";""DEL17/4"";""UOP02/PI"""
"184826;407603;2019-01-12;""sábado"";""18:45:00"";""AP"";210;3;""MACAPA"";""Sim"";""Falta de Atenção à Condução"";1;""Colisão traseira"";""Com Vítimas Feridas"";""Anoitecer"";""Crescente"";""Céu Claro"";""Simples"";""Curva"";""Sim"";328613;""Caminhão"";""VW/15.180"";2003;""Condutor"";""Ileso"";42;""Masculino"";1;0;0;0;0",087255;-51,"085796;""SR-AP"";""UOP01/AP"";""""",
"184826;407601;2019-01-12;""sábado"";""18:45:00"";""AP"";210;3;""MACAPA"";""Sim"";""Falta de Atenção à Condução"";1;""Colisão traseira"";""Com Vítimas Feridas"";""Anoitecer"";""Crescente"";""Céu Claro"";""Simples"";""Curva"";""Sim"";328612;""Motoneta"";""HONDA/BIZ 125 ES"";2012;""Passageiro"";""Lesões Leves"";32;""Feminino"";0;1;0;0;0",087255;-51,"085796;""SR-AP"";""UOP01/AP"";""""",
"184826;407600;2019-01-12;""sábado"";""18:45:00"";""AP"";210;3;""MACAPA"";""Sim"";""Falta de Atenção à Condução"";1;""Colisão traseira"";""Com Vítimas Feridas"";""Anoitecer"";""Crescente"";""Céu Claro"";""Simples"";""Curva"";""Sim"";328612;""Motoneta"";""HONDA/BIZ 125 ES"";2012;""Condutor"";""Ileso"";35;""Masculino"";1;0;0;0;0",087255;-51,"085796;""SR-AP"";""UOP01/AP"";""""",
"184827;407586;2019-01-12;""sábado"";""19:15:00"";""MS"";163;605;""SAO GABRIEL DO OESTE"";""Sim"";""Defeito Mecânico no Veículo"";2;""Tombamento"";""Com Vítimas Feridas"";""Anoitecer"";""Crescente"";""Céu Claro"";""Dupla"";""Reta"";""Não"";328606;""Motoneta"";""HONDA/BIZ 125 EX"";2015;""Condutor"";""Lesões Leves"";30;""Masculino"";0;1;0;0;-19",462312;-54,"508304;""SR-MS"";""DEL3/6"";""UOP02/MS""",
"184827;407586;2019-01-12;""sábado"";""19:15:00"";""MS"";163;605;""SAO GABRIEL DO OESTE"";""Sim"";""Defeito Mecânico no Veículo"";1;""Queda de ocupante de veículo"";""Com Vítimas Feridas"";""Anoitecer"";""Crescente"";""Céu Claro"";""Dupla"";""Reta"";""Não"";328606;""Motoneta"";""HONDA/BIZ 125 EX"";2015;""Condutor"";""Lesões Leves"";30;""Masculino"";0;1;0;0;-19",462312;-54,"508304;""SR-MS"";""DEL3/6"";""UOP02/MS""",
"184827;407588;2019-01-12;""sábado"";""19:15:00"";""MS"";163;605;""SAO GABRIEL DO OESTE"";""Sim"";""Defeito Mecânico no Veículo"";2;""Tombamento"";""Com Vítimas Feridas"";""Anoitecer"";""Crescente"";""Céu Claro"";""Dupla"";""Reta"";""Não"";328606;""Motoneta"";""HONDA/BIZ 125 EX"";2015;""Passageiro"";""Lesões Leves"";40;""Feminino"";0;1;0;0;-19",462312;-54,"508304;""SR-MS"";""DEL3/6"";""UOP02/MS""",
"184827;407588;2019-01-12;""sábado"";""19:15:00"";""MS"";163;605;""SAO GABRIEL DO OESTE"";""Sim"";""Defeito Mecânico no Veículo"";1;""Queda de ocupante de veículo"";""Com Vítimas Feridas"";""Anoitecer"";""Crescente"";""Céu Claro"";""Dupla"";""Reta"";""Não"";328606;""Motoneta"";""HONDA/BIZ 125 EX"";2015;""Passageiro"";""Lesões Leves"";40;""Feminino"";0;1;0;0;-19",462312;-54,"508304;""SR-MS"";""DEL3/6"";""UOP02/MS""",
"184828;408209;2019-01-12;""sábado"";""20:35:00"";""MG"";356;279","2;""EUGENOPOLIS"";""Sim"";""Mal Súbito"";1;""Queda de ocupante de veículo"";""Com Vítimas Feridas"";""Plena Noite"";""Decrescente"";""Céu Claro"";""Simples"";""Reta"";""Não"";328641;""Motocicleta"";""HONDA/CG 125 FAN KS"";2009;""Passageiro"";""Lesões Leves"";20;""Masculino"";0;1;0;0;-21",12718441;-42,"25920266;""SR-MG"";""DEL4/7"";""UOP02/MG"""
"184828;408208;2019-01-12;""sábado"";""20:35:00"";""MG"";356;279","2;""EUGENOPOLIS"";""Sim"";""Mal Súbito"";1;""Queda de ocupante de veículo"";""Com Vítimas Feridas"";""Plena Noite"";""Decrescente"";""Céu Claro"";""Simples"";""Reta"";""Não"";328641;""Motocicleta"";""HONDA/CG 125 FAN KS"";2009;""Condutor"";""Lesões Leves"";35;""Masculino"";0;1;0;0;-21",12718441;-42,"25920266;""SR-MG"";""DEL4/7"";""UOP02/MG"""
"184829;407583;2019-01-12;""sábado"";""16:50:00"";""MG"";50;60;""UBERLANDIA"";""Sim"";""Falta de Atenção à Condução"";2;""Capotamento"";""Com Vítimas Feridas"";""Pleno dia"";""Crescente"";""Nublado"";""Dupla"";""Curva"";""Não"";328601;""Automóvel"";""HYUNDAI/HB20 1.0M COMFOR"";2017;""Condutor"";""Lesões Leves"";29;""Masculino"";0;1;0;0;-18",819;-48,"2497;""SR-MG"";""DEL4/15"";""UOP02/MG""",
"184829;407583;2019-01-12;""sábado"";""16:50:00"";""MG"";50;60;""UBERLANDIA"";""Sim"";""Falta de Atenção à Condução"";1;""Saída de leito carroçável"";""Com Vítimas Feridas"";""Pleno dia"";""Crescente"";""Nublado"";""Dupla"";""Curva"";""Não"";328601;""Automóvel"";""HYUNDAI/HB20 1.0M COMFOR"";2017;""Condutor"";""Lesões Leves"";29;""Masculino"";0;1;0;0;-18",819;-48,"2497;""SR-MG"";""DEL4/15"";""UOP02/MG""",
"184829;407593;2019-01-12;""sábado"";""16:50:00"";""MG"";50;60;""UBERLANDIA"";""Sim"";""Falta de Atenção à Condução"";2;""Capotamento"";""Com Vítimas Feridas"";""Pleno dia"";""Crescente"";""Nublado"";""Dupla"";""Curva"";""Não"";328601;""Automóvel"";""HYUNDAI/HB20 1.0M COMFOR"";2017;""Passageiro"";""Lesões Leves"";29;""Feminino"";0;1;0;0;-18",819;-48,"2497;""SR-MG"";""DEL4/15"";""UOP02/MG""",
"184829;407593;2019-01-12;""sábado"";""16:50:00"";""MG"";50;60;""UBERLANDIA"";""Sim"";""Falta de Atenção à Condução"";1;""Saída de leito carroçável"";""Com Vítimas Feridas"";""Pleno dia"";""Crescente"";""Nublado"";""Dupla"";""Curva"";""Não"";328601;""Automóvel"";""HYUNDAI/HB20 1.0M COMFOR"";2017;""Passageiro"";""Lesões Leves"";29;""Feminino"";0;1;0;0;-18",819;-48,"2497;""SR-MG"";""DEL4/15"";""UOP02/MG""",
"184829;407591;2019-01-12;""sábado"";""16:50:00"";""MG"";50;60;""UBERLANDIA"";""Sim"";""Falta de Atenção à Condução"";2;""Capotamento"";""Com Vítimas Feridas"";""Pleno dia"";""Crescente"";""Nublado"";""Dupla"";""Curva"";""Não"";328601;""Automóvel"";""HYUNDAI/HB20 1.0M COMFOR"";2017;""Passageiro"";""Lesões Leves"";9;""Feminino"";0;1;0;0;-18",819;-48,"2497;""SR-MG"";""DEL4/15"";""UOP02/MG""",
"184829;407591;2019-01-12;""sábado"";""16:50:00"";""MG"";50;60;""UBERLANDIA"";""Sim"";""Falta de Atenção à Condução"";1;""Saída de leito carroçável"";""Com Vítimas Feridas"";""Pleno dia"";""Crescente"";""Nublado"";""Dupla"";""Curva"";""Não"";328601;""Automóvel"";""HYUNDAI/HB20 1.0M COMFOR"";2017;""Passageiro"";""Lesões Leves"";9;""Feminino"";0;1;0;0;-18",819;-48,"2497;""SR-MG"";""DEL4/15"";""UOP02/MG""",
"184829;407584;2019-01-12;""sábado"";""16:50:00"";""MG"";50;60;""UBERLANDIA"";""Sim"";""Falta de Atenção à Condução"";2;""Capotamento"";""Com Vítimas Feridas"";""Pleno dia"";""Crescente"";""Nublado"";""Dupla"";""Curva"";""Não"";328601;""Automóvel"";""HYUNDAI/HB20 1.0M COMFOR"";2017;""Passageiro"";""Lesões Leves"";10;""Masculino"";0;1;0;0;-18",819;-48,"2497;""SR-MG"";""DEL4/15"";""UOP02/MG""",
"184829;407584;2019-01-12;""sábado"";""16:50:00"";""MG"";50;60;""UBERLANDIA"";""Sim"";""Falta de Atenção à Condução"";1;""Saída de leito carroçável"";""Com Vítimas Feridas"";""Pleno dia"";""Crescente"";""Nublado"";""Dupla"";""Curva"";""Não"";328601;""Automóvel"";""HYUNDAI/HB20 1.0M COMFOR"";2017;""Passageiro"";""Lesões Leves"";10;""Masculino"";0;1;0;0;-18",819;-48,"2497;""SR-MG"";""DEL4/15"";""UOP02/MG""",
"184830;407665;2019-01-12;""sábado"";""20:00:00"";""SP"";381;85;""SAO PAULO"";""Sim"";""Falta de Atenção à Condução"";1;""Colisão com objeto estático"";""Sem Vítimas"";""Plena Noite"";""Crescente"";""Nublado"";""Dupla"";""Reta"";""Sim"";328658;""Automóvel"";""VW/GOL FUN"";2001;""Testemunha"";""Não Informado"";NA;""Não Informado"";0;0;0;0;-23",4556615;-46,"57135953;""SR-SP"";""DEL6/3"";""UOP02/SP""",
"184830;407659;2019-01-12;""sábado"";""20:00:00"";""SP"";381;85;""SAO PAULO"";""Sim"";""Falta de Atenção à Condução"";1;""Colisão com objeto estático"";""Sem Vítimas"";""Plena Noite"";""Crescente"";""Nublado"";""Dupla"";""Reta"";""Sim"";328658;""Automóvel"";""VW/GOL FUN"";2001;""Passageiro"";""Não Informado"";NA;""Não Informado"";0;0;0;0;-23",4556615;-46,"57135953;""SR-SP"";""DEL6/3"";""UOP02/SP""",
"184830;407658;2019-01-12;""sábado"";""20:00:00"";""SP"";381;85;""SAO PAULO"";""Sim"";""Falta de Atenção à Condução"";1;""Colisão com objeto estático"";""Sem Vítimas"";""Plena Noite"";""Crescente"";""Nublado"";""Dupla"";""Reta"";""Sim"";328658;""Automóvel"";""VW/GOL FUN"";2001;""Condutor"";""Não Informado"";NA;""Não Informado"";0;0;0;0;-23",4556615;-46,"57135953;""SR-SP"";""DEL6/3"";""UOP02/SP""",
"184831;409452;2019-01-12;""sábado"";""21:15:00"";""MG"";381;502;""BETIM"";""Sim"";""Defeito na Via"";1;""Atropelamento de Pedestre"";""Com Vítimas Feridas"";""Plena Noite"";""Crescente"";""Céu Claro"";""Dupla"";""Reta"";""Sim"";328723;""Motocicleta"";""HONDA/NXR125 BROS ES"";2005;""Pedestre"";""Lesões Leves"";29;""Masculino"";0;1;0;0;-20",0236;-44,"2299;""SR-MG"";""DEL4/1"";""UOP03/MG""",
"184831;409451;2019-01-12;""sábado"";""21:15:00"";""MG"";381;502;""BETIM"";""Sim"";""Defeito na Via"";1;""Atropelamento de Pedestre"";""Com Vítimas Feridas"";""Plena Noite"";""Crescente"";""Céu Claro"";""Dupla"";""Reta"";""Sim"";328723;""Motocicleta"";""HONDA/NXR125 BROS ES"";2005;""Condutor"";""Lesões Leves"";38;""Masculino"";0;1;0;0;-20",0236;-44,"2299;""SR-MG"";""DEL4/1"";""UOP03/MG""",
"184832;408681;2019-01-12;""sábado"";""20:30:00"";""AL"";423;77;""AGUA BRANCA"";""Sim"";""Ingestão de Álcool"";1;""Colisão lateral"";""Sem Vítimas"";""Plena Noite"";""Decrescente"";""Céu Claro"";""Simples"";""Reta"";""Não"";328694;""Caminhão-trator"";"""";NA;""Condutor"";""Ileso"";NA;""Masculino"";1;0;0;0;-9",321755;-37,"96011;""SR-AL"";""DEL13/3"";""UOP02/AL""",
"184832;408677;2019-01-12;""sábado"";""20:30:00"";""AL"";423;77;""AGUA BRANCA"";""Sim"";""Ingestão de Álcool"";1;""Colisão lateral"";""Sem Vítimas"";""Plena Noite"";""Decrescente"";""Céu Claro"";""Simples"";""Reta"";""Não"";328693;""Camioneta"";""HYUNDAI/TUCSON GLSB"";2011;""Condutor"";""Ileso"";56;""Masculino"";1;0;0;0;-9",321755;-37,"96011;""SR-AL"";""DEL13/3"";""UOP02/AL""",
"184833;418075;2019-01-12;""sábado"";""20:30:00"";""PE"";232;526","2;""SALGUEIRO"";""Sim"";""Falta de Atenção à Condução"";1;""Queda de ocupante de veículo"";""Com Vítimas Feridas"";""Plena Noite"";""Crescente"";""Céu Claro"";""Simples"";""Reta"";""Não"";328637;""Motocicleta"";""HONDA/CG 125 FAN KS"";2014;""Pedestre"";""Lesões Leves"";28;""Feminino"";0;1;0;0;-8",070741;-39,"277275;""SR-PE"";""DEL11/5"";""UOP01/PE"""
"184833;418072;2019-01-12;""sábado"";""20:30:00"";""PE"";232;526","2;""SALGUEIRO"";""Sim"";""Falta de Atenção à Condução"";1;""Queda de ocupante de veículo"";""Com Vítimas Feridas"";""Plena Noite"";""Crescente"";""Céu Claro"";""Simples"";""Reta"";""Não"";328637;""Motocicleta"";""HONDA/CG 125 FAN KS"";2014;""Condutor"";""Lesões Leves"";29;""Feminino"";0;1;0;0;-8",070741;-39,"277275;""SR-PE"";""DEL11/5"";""UOP01/PE"""
"184833;418074;2019-01-12;""sábado"";""20:30:00"";""PE"";232;526","2;""SALGUEIRO"";""Sim"";""Falta de Atenção à Condução"";1;""Queda de ocupante de veículo"";""Com Vítimas Feridas"";""Plena Noite"";""Crescente"";""Céu Claro"";""Simples"";""Reta"";""Não"";328637;""Motocicleta"";""HONDA/CG 125 FAN KS"";2014;""Pedestre"";""Lesões Leves"";15;""Feminino"";0;1;0;0;-8",070741;-39,"277275;""SR-PE"";""DEL11/5"";""UOP01/PE"""
"184834;409465;2019-01-12;""sábado"";""18:00:00"";""MG"";381;496;""BETIM"";""Sim"";""Desobediência às normas de trânsito pelo condutor"";1;""Colisão traseira"";""Com Vítimas Feridas"";""Pleno dia"";""Crescente"";""Céu Claro"";""Dupla"";""Reta"";""Não"";328708;""Motocicleta"";""HONDA/CG 150 TITAN ES"";2007;""Passageiro"";""Lesões Leves"";22;""Feminino"";0;1;0;0;-19",9793;-44,"2002;""SR-MG"";""DEL4/1"";""UOP03/MG""",
"184834;409464;2019-01-12;""sábado"";""18:00:00"";""MG"";381;496;""BETIM"";""Sim"";""Desobediência às normas de trânsito pelo condutor"";1;""Colisão traseira"";""Com Vítimas Feridas"";""Pleno dia"";""Crescente"";""Céu Claro"";""Dupla"";""Reta"";""Não"";328708;""Motocicleta"";""HONDA/CG 150 TITAN ES"";2007;""Condutor"";""Lesões Leves"";30;""Masculino"";0;1;0;0;-19",9793;-44,"2002;""SR-MG"";""DEL4/1"";""UOP03/MG""",
"184834;409466;2019-01-12;""sábado"";""18:00:00"";""MG"";381;496;""BETIM"";""Sim"";""Desobediência às normas de trânsito pelo condutor"";1;""Colisão traseira"";""Com Vítimas Feridas"";""Pleno dia"";""Crescente"";""Céu Claro"";""Dupla"";""Reta"";""Não"";330049;""Automóvel"";""FIAT/PALIO ED"";1998;""Condutor"";""Ileso"";NA;""Masculino"";1;0;0;0;-19",9793;-44,"2002;""SR-MG"";""DEL4/1"";""UOP03/MG""",
"184836;407656;2019-01-12;""sábado"";""18:10:00"";""RS"";290;417","9;""SAO GABRIEL"";""Sim"";""Ingestão de Álcool"";1;""Colisão com objeto estático"";""Sem Vítimas"";""Pleno dia"";""Crescente"";""Nublado"";""Simples"";""Reta"";""Sim"";328651;""Automóvel"";""FIAT/PREMIO CS IE"";1993;""Condutor"";""Ileso"";44;""Masculino"";1;0;0;0;-30",35628643;-54,"32361603;""SR-RS"";""DEL9/9"";""UOP02/RS"""
"184837;408679;2019-01-12;""sábado"";""21:20:00"";""GO"";158;271","2;""JATAI"";""Sim"";""Ingestão de Álcool"";2;""Colisão com objeto estático"";""Sem Vítimas"";""Plena Noite"";""Decrescente"";""Céu Claro"";""Simples"";""Reta"";""Sim"";328671;""Caminhonete"";""I/FORD RANGER XLSCD4 22H"";2015;""Condutor"";""Ileso"";48;""Masculino"";1;0;0;0;-17",89022375;-51,"73767686;""SR-GO"";""DEL1/5"";""UOP01/GO"""
"184837;408679;2019-01-12;""sábado"";""21:20:00"";""GO"";158;271","2;""JATAI"";""Sim"";""Ingestão de Álcool"";1;""Colisão transversal"";""Sem Vítimas"";""Plena Noite"";""Decrescente"";""Céu Claro"";""Simples"";""Reta"";""Sim"";328671;""Caminhonete"";""I/FORD RANGER XLSCD4 22H"";2015;""Condutor"";""Ileso"";48;""Masculino"";1;0;0;0;-17",89022375;-51,"73767686;""SR-GO"";""DEL1/5"";""UOP01/GO"""
"184837;408672;2019-01-12;""sábado"";""21:20:00"";""GO"";158;271","2;""JATAI"";""Sim"";""Ingestão de Álcool"";2;""Colisão com objeto estático"";""Sem Vítimas"";""Plena Noite"";""Decrescente"";""Céu Claro"";""Simples"";""Reta"";""Sim"";328670;""Caminhonete"";""I/VW AMAROK CD 4X4 SE"";2018;""Passageiro"";""Ileso"";36;""Feminino"";1;0;0;0;-17",89022375;-51,"73767686;""SR-GO"";""DEL1/5"";""UOP01/GO"""