"id;""pesid"";""data_inversa"";""dia_semana"";""horario"";""uf"";""br"";""km"";""municipio"";""causa_principal"";""causa_acidente"";""ordem_tipo_acidente"";""tipo_acidente"";""classificacao_acidente"";""fase_dia"";""sentido_via"";""condicao_metereologica"";""tipo_pista"";""tracado_via"";""uso_solo"";""id_veiculo"";""tipo_veiculo"";""marca"";""ano_fabricacao_veiculo"";""tipo_envolvido"";""estado_fisico"";""idade"";""sexo"";""ilesos"";""feridos_leves"";""feridos_graves"";""mortos"";""latitude"";""longitude"";""regional"";""delegacia"";""uop""",,,
"184898;408842;2019-01-13;""domingo"";""07:09:00"";""GO"";70;1;""AGUAS LINDAS DE GOIAS"";""Sim"";""Falta de Atenção à Condução"";NA;"""";""Com Vítimas Feridas"";""Pleno dia"";""Crescente"";""Céu Claro"";""Dupla"";""Reta"";""Não"";329557;""Bicicleta"";"""";NA;""Condutor"";""Lesões Leves"";58;""Masculino"";0;1;0;0;-15",7481;-48,"2635;""SR-DF"";""UOP06/DF"";""""",
"184899;409151;2019-01-13;""domingo"";""01:00:00"";""PA"";163;1002;""SANTAREM"";""Sim"";""Ingestão de Álcool"";3;""Danos eventuais"";""Com Vítimas Feridas"";""Pleno dia"";""Decrescente"";""Nublado"";""Simples"";""Reta"";""Sim"";328735;""Motocicleta"";""HONDA/NX-4 FALCON"";2001;""Passageiro"";""Lesões Graves"";23;""Feminino"";0;0;1;0;-2",45096164;-54,"7296534;""SR-PA"";""DEL19/5"";""UOP01/PA""",
"184899;409151;2019-01-13;""domingo"";""01:00:00"";""PA"";163;1002;""SANTAREM"";""Não"";""Restrição de Visibilidade"";3;""Danos eventuais"";""Com Vítimas Feridas"";""Pleno dia"";""Decrescente"";""Nublado"";""Simples"";""Reta"";""Sim"";328735;""Motocicleta"";""HONDA/NX-4 FALCON"";2001;""Passageiro"";""Lesões Graves"";23;""Feminino"";0;0;1;0;-2",45096164;-54,"7296534;""SR-PA"";""DEL19/5"";""UOP01/PA""",
"184899;409151;2019-01-13;""domingo"";""01:00:00"";""PA"";163;1002;""SANTAREM"";""Sim"";""Ingestão de Álcool"";2;""Queda de ocupante de veículo"";""Com Vítimas Feridas"";""Pleno dia"";""Decrescente"";""Nublado"";""Simples"";""Reta"";""Sim"";328735;""Motocicleta"";""HONDA/NX-4 FALCON"";2001;""Passageiro"";""Lesões Graves"";23;""Feminino"";0;0;1;0;-2",45096164;-54,"7296534;""SR-PA"";""DEL19/5"";""UOP01/PA""",
"184899;409151;2019-01-13;""domingo"";""01:00:00"";""PA"";163;1002;""SANTAREM"";""Não"";""Restrição de Visibilidade"";2;""Queda de ocupante de veículo"";""Com Vítimas Feridas"";""Pleno dia"";""Decrescente"";""Nublado"";""Simples"";""Reta"";""Sim"";328735;""Motocicleta"";""HONDA/NX-4 FALCON"";2001;""Passageiro"";""Lesões Graves"";23;""Feminino"";0;0;1;0;-2",45096164;-54,"7296534;""SR-PA"";""DEL19/5"";""UOP01/PA""",
"184899;409151;2019-01-13;""domingo"";""01:00:00"";""PA"";163;1002;""SANTAREM"";""Sim"";""Ingestão de Álcool"";1;""Colisão transversal"";""Com Vítimas Feridas"";""Pleno dia"";""Decrescente"";""Nublado"";""Simples"";""Reta"";""Sim"";328735;""Motocicleta"";""HONDA/NX-4 FALCON"";2001;""Passageiro"";""Lesões Graves"";23;""Feminino"";0;0;1;0;-2",45096164;-54,"7296534;""SR-PA"";""DEL19/5"";""UOP01/PA""",
"184899;409151;2019-01-13;""domingo"";""01:00:00"";""PA"";163;1002;""SANTAREM"";""Não"";""Restrição de Visibilidade"";1;""Colisão transversal"";""Com Vítimas Feridas"";""Pleno dia"";""Decrescente"";""Nublado"";""Simples"";""Reta"";""Sim"";328735;""Motocicleta"";""HONDA/NX-4 FALCON"";2001;""Passageiro"";""Lesões Graves"";23;""Feminino"";0;0;1;0;-2",45096164;-54,"7296534;""SR-PA"";""DEL19/5"";""UOP01/PA""",
"184899;409182;2019-01-13;""domingo"";""01:00:00"";""PA"";163;1002;""SANTAREM"";""Sim"";""Ingestão de Álcool"";3;""Danos eventuais"";""Com Vítimas Feridas"";""Pleno dia"";""Decrescente"";""Nublado"";""Simples"";""Reta"";""Sim"";328737;""Automóvel"";""I/FIAT SIENA ELX FLEX"";2010;""Passageiro"";""Ileso"";NA;""Feminino"";1;0;0;0;-2",45096164;-54,"7296534;""SR-PA"";""DEL19/5"";""UOP01/PA""",
"184899;409182;2019-01-13;""domingo"";""01:00:00"";""PA"";163;1002;""SANTAREM"";""Não"";""Restrição de Visibilidade"";3;""Danos eventuais"";""Com Vítimas Feridas"";""Pleno dia"";""Decrescente"";""Nublado"";""Simples"";""Reta"";""Sim"";328737;""Automóvel"";""I/FIAT SIENA ELX FLEX"";2010;""Passageiro"";""Ileso"";NA;""Feminino"";1;0;0;0;-2",45096164;-54,"7296534;""SR-PA"";""DEL19/5"";""UOP01/PA""",
"184899;409182;2019-01-13;""domingo"";""01:00:00"";""PA"";163;1002;""SANTAREM"";""Sim"";""Ingestão de Álcool"";2;""Queda de ocupante de veículo"";""Com Vítimas Feridas"";""Pleno dia"";""Decrescente"";""Nublado"";""Simples"";""Reta"";""Sim"";328737;""Automóvel"";""I/FIAT SIENA ELX FLEX"";2010;""Passageiro"";""Ileso"";NA;""Feminino"";1;0;0;0;-2",45096164;-54,"7296534;""SR-PA"";""DEL19/5"";""UOP01/PA""",
"184899;409182;2019-01-13;""domingo"";""01:00:00"";""PA"";163;1002;""SANTAREM"";""Não"";""Restrição de Visibilidade"";2;""Queda de ocupante de veículo"";""Com Vítimas Feridas"";""Pleno dia"";""Decrescente"";""Nublado"";""Simples"";""Reta"";""Sim"";328737;""Automóvel"";""I/FIAT SIENA ELX FLEX"";2010;""Passageiro"";""Ileso"";NA;""Feminino"";1;0;0;0;-2",45096164;-54,"7296534;""SR-PA"";""DEL19/5"";""UOP01/PA""",
"184899;409182;2019-01-13;""domingo"";""01:00:00"";""PA"";163;1002;""SANTAREM"";""Sim"";""Ingestão de Álcool"";1;""Colisão transversal"";""Com Vítimas Feridas"";""Pleno dia"";""Decrescente"";""Nublado"";""Simples"";""Reta"";""Sim"";328737;""Automóvel"";""I/FIAT SIENA ELX FLEX"";2010;""Passageiro"";""Ileso"";NA;""Feminino"";1;0;0;0;-2",45096164;-54,"7296534;""SR-PA"";""DEL19/5"";""UOP01/PA""",
"184899;409182;2019-01-13;""domingo"";""01:00:00"";""PA"";163;1002;""SANTAREM"";""Não"";""Restrição de Visibilidade"";1;""Colisão transversal"";""Com Vítimas Feridas"";""Pleno dia"";""Decrescente"";""Nublado"";""Simples"";""Reta"";""Sim"";328737;""Automóvel"";""I/FIAT SIENA ELX FLEX"";2010;""Passageiro"";""Ileso"";NA;""Feminino"";1;0;0;0;-2",45096164;-54,"7296534;""SR-PA"";""DEL19/5"";""UOP01/PA""",
"184899;409179;2019-01-13;""domingo"";""01:00:00"";""PA"";163;1002;""SANTAREM"";""Sim"";""Ingestão de Álcool"";3;""Danos eventuais"";""Com Vítimas Feridas"";""Pleno dia"";""Decrescente"";""Nublado"";""Simples"";""Reta"";""Sim"";328737;""Automóvel"";""I/FIAT SIENA ELX FLEX"";2010;""Condutor"";""Ileso"";29;""Masculino"";1;0;0;0;-2",45096164;-54,"7296534;""SR-PA"";""DEL19/5"";""UOP01/PA""",
"184899;409179;2019-01-13;""domingo"";""01:00:00"";""PA"";163;1002;""SANTAREM"";""Não"";""Restrição de Visibilidade"";3;""Danos eventuais"";""Com Vítimas Feridas"";""Pleno dia"";""Decrescente"";""Nublado"";""Simples"";""Reta"";""Sim"";328737;""Automóvel"";""I/FIAT SIENA ELX FLEX"";2010;""Condutor"";""Ileso"";29;""Masculino"";1;0;0;0;-2",45096164;-54,"7296534;""SR-PA"";""DEL19/5"";""UOP01/PA""",
"184899;409179;2019-01-13;""domingo"";""01:00:00"";""PA"";163;1002;""SANTAREM"";""Sim"";""Ingestão de Álcool"";2;""Queda de ocupante de veículo"";""Com Vítimas Feridas"";""Pleno dia"";""Decrescente"";""Nublado"";""Simples"";""Reta"";""Sim"";328737;""Automóvel"";""I/FIAT SIENA ELX FLEX"";2010;""Condutor"";""Ileso"";29;""Masculino"";1;0;0;0;-2",45096164;-54,"7296534;""SR-PA"";""DEL19/5"";""UOP01/PA""",
"184899;409179;2019-01-13;""domingo"";""01:00:00"";""PA"";163;1002;""SANTAREM"";""Não"";""Restrição de Visibilidade"";2;""Queda de ocupante de veículo"";""Com Vítimas Feridas"";""Pleno dia"";""Decrescente"";""Nublado"";""Simples"";""Reta"";""Sim"";328737;""Automóvel"";""I/FIAT SIENA ELX FLEX"";2010;""Condutor"";""Ileso"";29;""Masculino"";1;0;0;0;-2",45096164;-54,"7296534;""SR-PA"";""DEL19/5"";""UOP01/PA""",
"184899;409179;2019-01-13;""domingo"";""01:00:00"";""PA"";163;1002;""SANTAREM"";""Sim"";""Ingestão de Álcool"";1;""Colisão transversal"";""Com Vítimas Feridas"";""Pleno dia"";""Decrescente"";""Nublado"";""Simples"";""Reta"";""Sim"";328737;""Automóvel"";""I/FIAT SIENA ELX FLEX"";2010;""Condutor"";""Ileso"";29;""Masculino"";1;0;0;0;-2",45096164;-54,"7296534;""SR-PA"";""DEL19/5"";""UOP01/PA""",
"184899;409179;2019-01-13;""domingo"";""01:00:00"";""PA"";163;1002;""SANTAREM"";""Não"";""Restrição de Visibilidade"";1;""Colisão transversal"";""Com Vítimas Feridas"";""Pleno dia"";""Decrescente"";""Nublado"";""Simples"";""Reta"";""Sim"";328737;""Automóvel"";""I/FIAT SIENA ELX FLEX"";2010;""Condutor"";""Ileso"";29;""Masculino"";1;0;0;0;-2",45096164;-54,"7296534;""SR-PA"";""DEL19/5"";""UOP01/PA""",
"184899;409146;2019-01-13;""domingo"";""01:00:00"";""PA"";163;1002;""SANTAREM"";""Sim"";""Ingestão de Álcool"";3;""Danos eventuais"";""Com Vítimas Feridas"";""Pleno dia"";""Decrescente"";""Nublado"";""Simples"";""Reta"";""Sim"";328735;""Motocicleta"";""HONDA/NX-4 FALCON"";2001;""Condutor"";""Ileso"";28;""Masculino"";1;0;0;0;-2",45096164;-54,"7296534;""SR-PA"";""DEL19/5"";""UOP01/PA""",
"184899;409146;2019-01-13;""domingo"";""01:00:00"";""PA"";163;1002;""SANTAREM"";""Não"";""Restrição de Visibilidade"";3;""Danos eventuais"";""Com Vítimas Feridas"";""Pleno dia"";""Decrescente"";""Nublado"";""Simples"";""Reta"";""Sim"";328735;""Motocicleta"";""HONDA/NX-4 FALCON"";2001;""Condutor"";""Ileso"";28;""Masculino"";1;0;0;0;-2",45096164;-54,"7296534;""SR-PA"";""DEL19/5"";""UOP01/PA""",
"184899;409146;2019-01-13;""domingo"";""01:00:00"";""PA"";163;1002;""SANTAREM"";""Sim"";""Ingestão de Álcool"";2;""Queda de ocupante de veículo"";""Com Vítimas Feridas"";""Pleno dia"";""Decrescente"";""Nublado"";""Simples"";""Reta"";""Sim"";328735;""Motocicleta"";""HONDA/NX-4 FALCON"";2001;""Condutor"";""Ileso"";28;""Masculino"";1;0;0;0;-2",45096164;-54,"7296534;""SR-PA"";""DEL19/5"";""UOP01/PA""",
"184899;409146;2019-01-13;""domingo"";""01:00:00"";""PA"";163;1002;""SANTAREM"";""Não"";""Restrição de Visibilidade"";2;""Queda de ocupante de veículo"";""Com Vítimas Feridas"";""Pleno dia"";""Decrescente"";""Nublado"";""Simples"";""Reta"";""Sim"";328735;""Motocicleta"";""HONDA/NX-4 FALCON"";2001;""Condutor"";""Ileso"";28;""Masculino"";1;0;0;0;-2",45096164;-54,"7296534;""SR-PA"";""DEL19/5"";""UOP01/PA""",
"184899;409146;2019-01-13;""domingo"";""01:00:00"";""PA"";163;1002;""SANTAREM"";""Sim"";""Ingestão de Álcool"";1;""Colisão transversal"";""Com Vítimas Feridas"";""Pleno dia"";""Decrescente"";""Nublado"";""Simples"";""Reta"";""Sim"";328735;""Motocicleta"";""HONDA/NX-4 FALCON"";2001;""Condutor"";""Ileso"";28;""Masculino"";1;0;0;0;-2",45096164;-54,"7296534;""SR-PA"";""DEL19/5"";""UOP01/PA""",
"184899;409146;2019-01-13;""domingo"";""01:00:00"";""PA"";163;1002;""SANTAREM"";""Não"";""Restrição de Visibilidade"";1;""Colisão transversal"";""Com Vítimas Feridas"";""Pleno dia"";""Decrescente"";""Nublado"";""Simples"";""Reta"";""Sim"";328735;""Motocicleta"";""HONDA/NX-4 FALCON"";2001;""Condutor"";""Ileso"";28;""Masculino"";1;0;0;0;-2",45096164;-54,"7296534;""SR-PA"";""DEL19/5"";""UOP01/PA""",
"184899;409167;2019-01-13;""domingo"";""01:00:00"";""PA"";163;1002;""SANTAREM"";""Sim"";""Ingestão de Álcool"";3;""Danos eventuais"";""Com Vítimas Feridas"";""Pleno dia"";""Decrescente"";""Nublado"";""Simples"";""Reta"";""Sim"";328736;""Motocicleta"";""HONDA/POP 110I"";2018;""Condutor"";""Lesões Leves"";28;""Masculino"";0;1;0;0;-2",45096164;-54,"7296534;""SR-PA"";""DEL19/5"";""UOP01/PA""",
"184899;409167;2019-01-13;""domingo"";""01:00:00"";""PA"";163;1002;""SANTAREM"";""Não"";""Restrição de Visibilidade"";3;""Danos eventuais"";""Com Vítimas Feridas"";""Pleno dia"";""Decrescente"";""Nublado"";""Simples"";""Reta"";""Sim"";328736;""Motocicleta"";""HONDA/POP 110I"";2018;""Condutor"";""Lesões Leves"";28;""Masculino"";0;1;0;0;-2",45096164;-54,"7296534;""SR-PA"";""DEL19/5"";""UOP01/PA""",
"184899;409167;2019-01-13;""domingo"";""01:00:00"";""PA"";163;1002;""SANTAREM"";""Sim"";""Ingestão de Álcool"";2;""Queda de ocupante de veículo"";""Com Vítimas Feridas"";""Pleno dia"";""Decrescente"";""Nublado"";""Simples"";""Reta"";""Sim"";328736;""Motocicleta"";""HONDA/POP 110I"";2018;""Condutor"";""Lesões Leves"";28;""Masculino"";0;1;0;0;-2",45096164;-54,"7296534;""SR-PA"";""DEL19/5"";""UOP01/PA""",
"184899;409167;2019-01-13;""domingo"";""01:00:00"";""PA"";163;1002;""SANTAREM"";""Não"";""Restrição de Visibilidade"";2;""Queda de ocupante de veículo"";""Com Vítimas Feridas"";""Pleno dia"";""Decrescente"";""Nublado"";""Simples"";""Reta"";""Sim"";328736;""Motocicleta"";""HONDA/POP 110I"";2018;""Condutor"";""Lesões Leves"";28;""Masculino"";0;1;0;0;-2",45096164;-54,"7296534;""SR-PA"";""DEL19/5"";""UOP01/PA""",
"184899;409167;2019-01-13;""domingo"";""01:00:00"";""PA"";163;1002;""SANTAREM"";""Sim"";""Ingestão de Álcool"";1;""Colisão transversal"";""Com Vítimas Feridas"";""Pleno dia"";""Decrescente"";""Nublado"";""Simples"";""Reta"";""Sim"";328736;""Motocicleta"";""HONDA/POP 110I"";2018;""Condutor"";""Lesões Leves"";28;""Masculino"";0;1;0;0;-2",45096164;-54,"7296534;""SR-PA"";""DEL19/5"";""UOP01/PA""",
"184899;409167;2019-01-13;""domingo"";""01:00:00"";""PA"";163;1002;""SANTAREM"";""Não"";""Restrição de Visibilidade"";1;""Colisão transversal"";""Com Vítimas Feridas"";""Pleno dia"";""Decrescente"";""Nublado"";""Simples"";""Reta"";""Sim"";328736;""Motocicleta"";""HONDA/POP 110I"";2018;""Condutor"";""Lesões Leves"";28;""Masculino"";0;1;0;0;-2",45096164;-54,"7296534;""SR-PA"";""DEL19/5"";""UOP01/PA""",
"184901;411316;2019-01-13;""domingo"";""06:20:00"";""PE"";101;56","3;""RECIFE"";""Sim"";""Falta de Atenção à Condução"";1;""Colisão lateral"";""Com Vítimas Feridas"";""Amanhecer"";""Decrescente"";""Céu Claro"";""Dupla"";""Reta"";""Sim"";328766;""Automóvel"";""FIAT/UNO VIVACE 1.0"";2010;""Condutor"";""Lesões Graves"";28;""Masculino"";0;0;1;0;-7",9641;-34,"9158;""SR-PE"";""DEL11/1"";""UOP02/PE"""
"184901;411316;2019-01-13;""domingo"";""06:20:00"";""PE"";101;56","3;""RECIFE"";""Não"";""Velocidade Incompatível"";1;""Colisão lateral"";""Com Vítimas Feridas"";""Amanhecer"";""Decrescente"";""Céu Claro"";""Dupla"";""Reta"";""Sim"";328766;""Automóvel"";""FIAT/UNO VIVACE 1.0"";2010;""Condutor"";""Lesões Graves"";28;""Masculino"";0;0;1;0;-7",9641;-34,"9158;""SR-PE"";""DEL11/1"";""UOP02/PE"""
"184901;411313;2019-01-13;""domingo"";""06:20:00"";""PE"";101;56","3;""RECIFE"";""Sim"";""Falta de Atenção à Condução"";1;""Colisão lateral"";""Com Vítimas Feridas"";""Amanhecer"";""Decrescente"";""Céu Claro"";""Dupla"";""Reta"";""Sim"";328765;""Caminhão-trator"";""VW/25.370 CLM T 6X2"";2007;""Condutor"";""Ileso"";31;""Masculino"";1;0;0;0;-7",9641;-34,"9158;""SR-PE"";""DEL11/1"";""UOP02/PE"""
"184901;411313;2019-01-13;""domingo"";""06:20:00"";""PE"";101;56","3;""RECIFE"";""Não"";""Velocidade Incompatível"";1;""Colisão lateral"";""Com Vítimas Feridas"";""Amanhecer"";""Decrescente"";""Céu Claro"";""Dupla"";""Reta"";""Sim"";328765;""Caminhão-trator"";""VW/25.370 CLM T 6X2"";2007;""Condutor"";""Ileso"";31;""Masculino"";1;0;0;0;-7",9641;-34,"9158;""SR-PE"";""DEL11/1"";""UOP02/PE"""
"184903;411640;2019-01-12;""sábado"";""19:30:00"";""AP"";210;104;""PORTO GRANDE"";""Sim"";""Ingestão de Álcool"";1;""Colisão com objeto em movimento"";""Com Vítimas Feridas"";""Plena Noite"";""Crescente"";""Garoa/Chuvisco"";""Simples"";""Reta"";""Sim"";331772;""Bicicleta"";"""";NA;""Condutor"";""Lesões Leves"";51;""Masculino"";0;1;0;0;0",69967438;-51,"40090942;""SR-AP"";""UOP01/AP"";""""",
"184903;411635;2019-01-12;""sábado"";""19:30:00"";""AP"";210;104;""PORTO GRANDE"";""Sim"";""Ingestão de Álcool"";1;""Colisão com objeto em movimento"";""Com Vítimas Feridas"";""Plena Noite"";""Crescente"";""Garoa/Chuvisco"";""Simples"";""Reta"";""Sim"";328738;""Motocicleta"";""HONDA/CG 160 TITAN"";2018;""Condutor"";""Lesões Leves"";42;""Masculino"";0;1;0;0;0",69967438;-51,"40090942;""SR-AP"";""UOP01/AP"";""""",
"184904;409189;2019-01-13;""domingo"";""06:40:00"";""RJ"";101;275","9;""ITABORAI"";""Sim"";""Falta de Atenção à Condução"";1;""Tombamento"";""Com Vítimas Feridas"";""Pleno dia"";""Decrescente"";""Céu Claro"";""Dupla"";""Reta"";""Não"";328759;""Automóvel"";""VW/GOL GL"";1989;""Passageiro"";""Lesões Leves"";41;""Masculino"";0;1;0;0;-22",73654;-42,"72913;""SR-RJ"";""DEL5/2"";""UOP02/RJ"""
"184904;409186;2019-01-13;""domingo"";""06:40:00"";""RJ"";101;275","9;""ITABORAI"";""Sim"";""Falta de Atenção à Condução"";1;""Tombamento"";""Com Vítimas Feridas"";""Pleno dia"";""Decrescente"";""Céu Claro"";""Dupla"";""Reta"";""Não"";328759;""Automóvel"";""VW/GOL GL"";1989;""Condutor"";""Lesões Leves"";49;""Masculino"";0;1;0;0;-22",73654;-42,"72913;""SR-RJ"";""DEL5/2"";""UOP02/RJ"""
"184905;407827;2019-01-13;""domingo"";""06:25:00"";""PR"";116;147;""MANDIRITUBA"";""Sim"";""Condutor Dormindo"";1;""Saída de leito carroçável"";""Com Vítimas Feridas"";""Pleno dia"";""Decrescente"";""Nublado"";""Simples"";""Curva"";""Não"";328741;""Automóvel"";""GM/CORSA HATCH PREMIUM"";2009;""Passageiro"";""Não Informado"";NA;""Não Informado"";0;0;0;0;-25",781727;-49,"325352;""SR-PR"";""DEL7/1"";""UOP03/PR""",
"184905;407826;2019-01-13;""domingo"";""06:25:00"";""PR"";116;147;""MANDIRITUBA"";""Sim"";""Condutor Dormindo"";1;""Saída de leito carroçável"";""Com Vítimas Feridas"";""Pleno dia"";""Decrescente"";""Nublado"";""Simples"";""Curva"";""Não"";328741;""Automóvel"";""GM/CORSA HATCH PREMIUM"";2009;""Condutor"";""Lesões Leves"";33;""Masculino"";0;1;0;0;-25",781727;-49,"325352;""SR-PR"";""DEL7/1"";""UOP03/PR""",
"184906;NA;2019-01-13;""domingo"";""05:50:00"";""MT"";364;261;""JUSCIMEIRA"";""Sim"";""Falta de Atenção à Condução"";1;""Colisão frontal"";""Com Vítimas Feridas"";""Pleno dia"";""Crescente"";""Ignorado"";""Simples"";""Desvio Temporário"";""Não"";328886;""Semireboque"";""SR/GUERRA AG BS"";2013;""Não Informado"";""Não Informado"";NA;""Não Informado"";0;0;0;0;-16",031467;-54,"894554;""SR-MT"";""DEL2/1"";""UOP02/MT""",
"184906;NA;2019-01-13;""domingo"";""05:50:00"";""MT"";364;261;""JUSCIMEIRA"";""Sim"";""Falta de Atenção à Condução"";1;""Colisão frontal"";""Com Vítimas Feridas"";""Pleno dia"";""Crescente"";""Ignorado"";""Simples"";""Desvio Temporário"";""Não"";328887;""Semireboque"";""SR/GUERRA AG BS"";2013;""Não Informado"";""Não Informado"";NA;""Não Informado"";0;0;0;0;-16",031467;-54,"894554;""SR-MT"";""DEL2/1"";""UOP02/MT""",
"184906;407947;2019-01-13;""domingo"";""05:50:00"";""MT"";364;261;""JUSCIMEIRA"";""Sim"";""Falta de Atenção à Condução"";1;""Colisão frontal"";""Com Vítimas Feridas"";""Pleno dia"";""Crescente"";""Ignorado"";""Simples"";""Desvio Temporário"";""Não"";328884;""Caminhão-trator"";""VOLVO/FH 460 6X2T"";2013;""Condutor"";""Ileso"";53;""Masculino"";1;0;0;0;-16",031467;-54,"894554;""SR-MT"";""DEL2/1"";""UOP02/MT""",
"184906;407944;2019-01-13;""domingo"";""05:50:00"";""MT"";364;261;""JUSCIMEIRA"";""Sim"";""Falta de Atenção à Condução"";1;""Colisão frontal"";""Com Vítimas Feridas"";""Pleno dia"";""Crescente"";""Ignorado"";""Simples"";""Desvio Temporário"";""Não"";328834;""Automóvel"";""VW/GOL CITY MB S"";2015;""Condutor"";""Lesões Leves"";25;""Masculino"";0;1;0;0;-16",031467;-54,"894554;""SR-MT"";""DEL2/1"";""UOP02/MT""",
"184907;409719;2019-01-13;""domingo"";""06:40:00"";""BA"";101;516","8;""ITABUNA"";""Sim"";""Condutor Dormindo"";2;""Saída de leito carroçável"";""Com Vítimas Feridas"";""Pleno dia"";""Crescente"";""Céu Claro"";""Simples"";""Reta"";""Não"";328755;""Motocicleta"";""HONDA/NXR150 BROS ES"";2010;""Passageiro"";""Lesões Graves"";52;""Feminino"";0;0;1;0;-14",8851;-39,"2832;""SR-BA"";""DEL10/5"";""UOP01/BA"""
"184907;409719;2019-01-13;""domingo"";""06:40:00"";""BA"";101;516","8;""ITABUNA"";""Sim"";""Condutor Dormindo"";1;""Colisão traseira"";""Com Vítimas Feridas"";""Pleno dia"";""Crescente"";""Céu Claro"";""Simples"";""Reta"";""Não"";328755;""Motocicleta"";""HONDA/NXR150 BROS ES"";2010;""Passageiro"";""Lesões Graves"";52;""Feminino"";0;0;1;0;-14",8851;-39,"2832;""SR-BA"";""DEL10/5"";""UOP01/BA"""
"184907;409717;2019-01-13;""domingo"";""06:40:00"";""BA"";101;516","8;""ITABUNA"";""Sim"";""Condutor Dormindo"";2;""Saída de leito carroçável"";""Com Vítimas Feridas"";""Pleno dia"";""Crescente"";""Céu Claro"";""Simples"";""Reta"";""Não"";328755;""Motocicleta"";""HONDA/NXR150 BROS ES"";2010;""Condutor"";""Lesões Graves"";57;""Masculino"";0;0;1;0;-14",8851;-39,"2832;""SR-BA"";""DEL10/5"";""UOP01/BA"""
"184907;409717;2019-01-13;""domingo"";""06:40:00"";""BA"";101;516","8;""ITABUNA"";""Sim"";""Condutor Dormindo"";1;""Colisão traseira"";""Com Vítimas Feridas"";""Pleno dia"";""Crescente"";""Céu Claro"";""Simples"";""Reta"";""Não"";328755;""Motocicleta"";""HONDA/NXR150 BROS ES"";2010;""Condutor"";""Lesões Graves"";57;""Masculino"";0;0;1;0;-14",8851;-39,"2832;""SR-BA"";""DEL10/5"";""UOP01/BA"""
"184907;409712;2019-01-13;""domingo"";""06:40:00"";""BA"";101;516","8;""ITABUNA"";""Sim"";""Condutor Dormindo"";2;""Saída de leito carroçável"";""Com Vítimas Feridas"";""Pleno dia"";""Crescente"";""Céu Claro"";""Simples"";""Reta"";""Não"";328754;""Automóvel"";""I/CHEVROLET CLASSIC LS"";2015;""Passageiro"";""Ileso"";20;""Feminino"";1;0;0;0;-14",8851;-39,"2832;""SR-BA"";""DEL10/5"";""UOP01/BA"""
"184907;409712;2019-01-13;""domingo"";""06:40:00"";""BA"";101;516","8;""ITABUNA"";""Sim"";""Condutor Dormindo"";1;""Colisão traseira"";""Com Vítimas Feridas"";""Pleno dia"";""Crescente"";""Céu Claro"";""Simples"";""Reta"";""Não"";328754;""Automóvel"";""I/CHEVROLET CLASSIC LS"";2015;""Passageiro"";""Ileso"";20;""Feminino"";1;0;0;0;-14",8851;-39,"2832;""SR-BA"";""DEL10/5"";""UOP01/BA"""
"184907;409709;2019-01-13;""domingo"";""06:40:00"";""BA"";101;516","8;""ITABUNA"";""Sim"";""Condutor Dormindo"";2;""Saída de leito carroçável"";""Com Vítimas Feridas"";""Pleno dia"";""Crescente"";""Céu Claro"";""Simples"";""Reta"";""Não"";328754;""Automóvel"";""I/CHEVROLET CLASSIC LS"";2015;""Condutor"";""Ileso"";22;""Masculino"";1;0;0;0;-14",8851;-39,"2832;""SR-BA"";""DEL10/5"";""UOP01/BA"""
"184907;409709;2019-01-13;""domingo"";""06:40:00"";""BA"";101;516","8;""ITABUNA"";""Sim"";""Condutor Dormindo"";1;""Colisão traseira"";""Com Vítimas Feridas"";""Pleno dia"";""Crescente"";""Céu Claro"";""Simples"";""Reta"";""Não"";328754;""Automóvel"";""I/CHEVROLET CLASSIC LS"";2015;""Condutor"";""Ileso"";22;""Masculino"";1;0;0;0;-14",8851;-39,"2832;""SR-BA"";""DEL10/5"";""UOP01/BA"""
"184908;407770;2019-01-13;""domingo"";""07:00:00"";""RJ"";116;311","1;""ITATIAIA"";""Sim"";""Falta de Atenção à Condução"";1;""Queda de ocupante de veículo"";""Com Vítimas Feridas"";""Amanhecer"";""Crescente"";""Céu Claro"";""Simples"";""Rotatória"";""Não"";328746;""Motocicleta"";""HONDA/CG 150 TITAN KS"";2007;""Condutor"";""Lesões Leves"";19;""Masculino"";0;1;0;0;-22",460867;-44,"442963;""SR-RJ"";""DEL5/7"";""UOP03/RJ"""
"184909;408303;2019-01-13;""domingo"";""07:50:00"";""RS"";290;566;""ALEGRETE"";""Sim"";""Defeito na Via"";1;""Saída de leito carroçável"";""Com Vítimas Feridas"";""Pleno dia"";""Decrescente"";""Nublado"";""Simples"";""Não Informado"";""Não"";328784;""Automóvel"";""CITROEN/C3 90M TENDANCE"";2012;""Condutor"";""Lesões Leves"";24;""Masculino"";0;1;0;0;-29",854132;-55,"645527;""SR-RS"";""DEL9/13"";""UOP02/RS""",
"184912;408236;2019-01-13;""domingo"";""07:30:00"";""RS"";287;408","8;""SANTIAGO"";""Não"";""Velocidade Incompatível"";2;""Colisão com objeto estático"";""Com Vítimas Fatais"";""Amanhecer"";""Decrescente"";""Nublado"";""Simples"";""Interseção de vias"";""Não"";328757;""Automóvel"";""FIAT/PALIO EDX"";1997;""Passageiro"";""Lesões Leves"";22;""Masculino"";0;1;0;0;-29",09710831;-54,"92159843;""SR-RS"";""DEL9/12"";""UOP02/RS"""